campaign_id,customer_id,campaign_name,channel,send_date,response_flag,spend_amount
CP000001,C02419,New Customer Welcome,Push,2025-06-29,1,7.3
CP000002,C02698,Festive Sale,Push,2025-09-20,0,0.88
CP000003,C04207,Win Back,Push,2025-04-27,0,1.95
CP000004,C01205,Fashion Days,SMS,2025-04-23,0,2.97
CP000005,C03606,VIP Exclusive,Social,2025-08-19,0,3.19
CP000006,C04582,Summer Savings,WhatsApp,2025-02-24,0,0.56
CP000007,C02506,Festive Sale,Email,2025-01-01,0,6.83
CP000008,C01399,VIP Exclusive,WhatsApp,2025-09-29,0,3.51
CP000009,C03745,Festive Sale,SMS,2025-06-18,0,6.82
CP000010,C01944,Summer Savings,Social,2025-09-15,0,3.98
CP000011,C01172,Summer Savings,SMS,2025-07-06,0,5.23
CP000012,C04910,Win Back,Email,2025-06-28,0,5.53
CP000013,C03742,Summer Savings,WhatsApp,2025-05-27,0,4.49
CP000014,C01401,VIP Exclusive,Push,2025-07-27,0,7.64
CP000015,C03147,Fashion Days,Push,2025-12-02,0,2.75
CP000016,C04812,New Customer Welcome,Email,2025-09-21,0,5.31
CP000017,C04233,Summer Savings,Push,2025-06-18,0,6.7
CP000018,C03928,Festive Sale,Social,2025-06-28,0,3.92
CP000019,C00821,VIP Exclusive,Push,2025-03-16,1,1.27
CP000020,C02829,Festive Sale,Social,2025-07-21,0,5.07
CP000021,C04916,Fashion Days,Email,2025-11-06,0,0.82
CP000022,C00421,New Customer Welcome,Email,2025-02-17,0,5.91
CP000023,C00934,Summer Savings,WhatsApp,2025-03-10,0,3.88
CP000024,C01737,Summer Savings,Push,2025-01-24,0,3.47
CP000025,C02057,Fashion Days,Social,2025-08-12,0,7.59
CP000026,C03273,Fashion Days,SMS,2025-04-29,0,1.17
CP000027,C01234,New Customer Welcome,Email,2025-01-19,0,2.17
CP000028,C03447,Fashion Days,WhatsApp,2025-08-13,1,5.63
CP000029,C01614,Festive Sale,WhatsApp,2025-10-06,0,5.59
CP000030,C02486,VIP Exclusive,Email,2025-04-27,0,2.41
CP000031,C02318,Electronics Week,Social,2025-12-12,1,3.7
CP000032,C04443,Summer Savings,SMS,2025-03-01,0,0.92
CP000033,C03083,Fashion Days,Email,2025-06-27,0,7.8
CP000034,C02158,Fashion Days,Email,2025-04-15,0,7.65
CP000035,C03364,VIP Exclusive,Push,2025-01-12,0,1.79
CP000036,C01080,New Customer Welcome,Push,2025-04-05,0,2.3
CP000037,C03062,Fashion Days,Push,2025-03-22,1,1.78
CP000038,C02325,Electronics Week,Push,2025-10-29,0,5.46
CP000039,C01843,Win Back,SMS,2025-02-11,0,2.56
CP000040,C04405,Win Back,Email,2025-11-08,0,3.19
CP000041,C02273,Summer Savings,Push,2025-08-06,0,1.83
CP000042,C03606,New Customer Welcome,Social,2025-02-24,0,3.16
CP000043,C03448,Festive Sale,WhatsApp,2025-01-06,0,6.73
CP000044,C01054,Win Back,WhatsApp,2025-04-01,0,1.77
CP000045,C01798,Festive Sale,WhatsApp,2025-06-18,0,2.77
CP000046,C02347,VIP Exclusive,WhatsApp,2025-12-03,1,7.0
CP000047,C01924,New Customer Welcome,SMS,2025-09-02,0,3.73
CP000048,C00884,Summer Savings,SMS,2025-03-03,0,1.6
CP000049,C02301,Win Back,WhatsApp,2025-07-30,0,1.11
CP000050,C04791,Win Back,SMS,2025-11-08,0,1.59
CP000051,C00799,New Customer Welcome,Email,2025-10-04,0,0.78
CP000052,C03505,Fashion Days,SMS,2025-06-08,1,5.88
CP000053,C02532,New Customer Welcome,WhatsApp,2025-09-23,0,3.71
CP000054,C00869,Fashion Days,SMS,2025-01-28,0,6.84
CP000055,C03301,Win Back,Email,2025-02-16,0,4.33
CP000056,C00152,Win Back,WhatsApp,2025-12-14,1,3.8
CP000057,C01045,VIP Exclusive,Email,2025-01-29,0,2.87
CP000058,C00993,Electronics Week,Email,2025-08-01,0,5.23
CP000059,C03490,Fashion Days,Email,2025-05-17,0,5.01
CP000060,C03577,VIP Exclusive,SMS,2025-06-07,0,6.1
CP000061,C04462,Win Back,Email,2025-08-10,0,7.02
CP000062,C02024,Fashion Days,Email,2025-07-09,0,1.54
CP000063,C00656,VIP Exclusive,Push,2025-08-04,0,7.56
CP000064,C00444,VIP Exclusive,Push,2025-12-08,0,1.4
CP000065,C04251,Festive Sale,WhatsApp,2025-11-04,0,5.06
CP000066,C04875,Festive Sale,Social,2025-05-24,0,6.68
CP000067,C03463,VIP Exclusive,Email,2025-10-13,0,7.67
CP000068,C00862,Fashion Days,SMS,2025-02-19,0,4.29
CP000069,C01451,Summer Savings,SMS,2025-06-24,0,4.36
CP000070,C02681,Summer Savings,WhatsApp,2025-09-14,0,5.33
CP000071,C01476,Fashion Days,WhatsApp,2025-05-19,1,6.86
CP000072,C00206,Festive Sale,Email,2025-09-27,0,5.77
CP000073,C00581,New Customer Welcome,Push,2025-08-12,0,5.47
CP000074,C03491,Summer Savings,WhatsApp,2025-08-21,0,7.5
CP000075,C04387,New Customer Welcome,Email,2025-12-06,1,6.92
CP000076,C03074,Electronics Week,Push,2025-09-11,0,3.88
CP000077,C03915,Festive Sale,SMS,2025-08-10,1,7.36
CP000078,C00016,Win Back,WhatsApp,2025-09-18,0,3.87
CP000079,C04388,Festive Sale,Email,2025-11-10,0,0.96
CP000080,C01663,New Customer Welcome,WhatsApp,2025-08-15,1,7.23
CP000081,C01423,Fashion Days,Email,2025-07-18,1,4.5
CP000082,C00295,VIP Exclusive,WhatsApp,2025-04-28,0,2.4
CP000083,C00167,Festive Sale,Social,2025-09-22,1,6.75
CP000084,C02228,VIP Exclusive,Email,2025-05-08,0,1.09
CP000085,C03830,Fashion Days,Push,2025-02-07,0,4.09
CP000086,C00473,Fashion Days,WhatsApp,2025-04-07,0,3.93
CP000087,C01309,VIP Exclusive,Social,2025-04-07,0,1.1
CP000088,C01812,Festive Sale,Email,2025-02-11,0,3.04
CP000089,C03462,Fashion Days,Email,2025-12-10,0,5.73
CP000090,C00646,Festive Sale,WhatsApp,2025-11-02,0,6.49
CP000091,C02500,Win Back,,2025-10-11,0,7.35
CP000092,C03367,VIP Exclusive,WhatsApp,2025-11-16,0,5.44
CP000093,C02893,New Customer Welcome,Push,2025-11-14,0,0.84
CP000094,C03786,Festive Sale,Push,2025-02-01,0,2.74
CP000095,C00481,Fashion Days,Push,2025-05-30,0,5.52
CP000096,C01313,VIP Exclusive,Email,2025-04-30,0,5.04
CP000097,C03646,Win Back,WhatsApp,2025-02-26,0,7.41
CP000098,C01909,Win Back,WhatsApp,2025-11-13,0,3.04
CP000099,C00469,Win Back,Email,2025-12-08,0,1.29
CP000100,C01246,Summer Savings,SMS,2025-11-24,0,7.17
CP000101,C02229,Festive Sale,Social,2025-06-30,0,6.55
CP000102,C02322,New Customer Welcome,WhatsApp,2025-03-05,0,5.78
CP000103,C00778,Fashion Days,WhatsApp,2025-03-31,0,3.01
CP000104,C00354,New Customer Welcome,Push,2025-06-23,0,5.44
CP000105,C02172,Electronics Week,Email,2025-03-25,0,6.36
CP000106,C01661,Fashion Days,WhatsApp,2025-07-29,1,4.91
CP000107,C01860,Fashion Days,SMS,2025-03-06,1,0.54
CP000108,C01124,VIP Exclusive,Email,2025-06-05,0,5.35
CP000109,C00020,Electronics Week,WhatsApp,2025-05-23,0,7.76
CP000110,C03722,Fashion Days,SMS,2025-04-29,0,6.72
CP000111,C03485,New Customer Welcome,WhatsApp,2025-09-28,1,0.97
CP000112,C03273,Festive Sale,SMS,2025-02-01,0,2.72
CP000113,C04672,New Customer Welcome,WhatsApp,2025-12-04,1,1.87
CP000114,C04437,Win Back,Email,2025-04-27,1,1.79
CP000115,C01961,New Customer Welcome,Push,2025-06-06,0,4.99
CP000116,C00371,Electronics Week,Email,2025-09-11,0,0.76
CP000117,C03234,Electronics Week,SMS,2025-04-30,1,3.35
CP000118,C02867,New Customer Welcome,Email,2025-10-11,0,7.48
CP000119,C04696,Fashion Days,WhatsApp,2025-04-21,1,4.49
CP000120,C04363,Electronics Week,Email,2025-10-24,0,7.7
CP000121,C02545,VIP Exclusive,WhatsApp,2025-08-20,0,3.98
CP000122,C01081,Festive Sale,Push,2025-10-16,0,5.6
CP000123,C04772,Electronics Week,Email,2025-03-15,0,3.37
CP000124,C03890,New Customer Welcome,SMS,2025-03-02,1,6.88
CP000125,C01468,Festive Sale,Email,2025-04-20,0,1.02
CP000126,C01116,Summer Savings,SMS,2025-12-09,0,3.88
CP000127,C01833,Electronics Week,WhatsApp,2025-01-07,0,0.54
CP000128,C03856,Festive Sale,Email,2025-02-20,0,5.37
CP000129,C04117,VIP Exclusive,Social,2025-03-20,0,1.84
CP000130,C01318,Festive Sale,Email,2025-01-30,0,2.68
CP000131,C01914,Festive Sale,Email,2025-04-14,0,2.21
CP000132,C03279,Fashion Days,Push,2025-05-08,1,2.58
CP000133,C02255,Summer Savings,Push,2025-11-22,0,4.98
CP000134,C03794,Summer Savings,Email,2025-04-21,1,7.08
CP000135,C03729,Fashion Days,Social,2025-02-02,1,1.07
CP000136,C00445,Summer Savings,Social,2025-03-29,1,4.97
CP000137,C03974,Win Back,WhatsApp,2025-05-17,0,6.9
CP000138,C04624,Fashion Days,WhatsApp,2025-06-01,0,6.79
CP000139,C04081,Win Back,Push,2025-01-07,1,1.8
CP000140,C01471,Electronics Week,Email,2025-05-30,0,3.57
CP000141,C04321,Fashion Days,Email,2025-09-18,1,5.07
CP000142,C04314,Festive Sale,Email,2025-10-20,0,2.12
CP000143,C02939,Win Back,Email,2025-05-27,1,3.81
CP000144,C04028,Electronics Week,Email,2025-05-02,0,6.24
CP000145,C00778,Festive Sale,Email,2025-12-13,0,6.95
CP000146,C03378,Win Back,Email,2025-04-26,1,7.92
CP000147,C04249,Win Back,WhatsApp,2025-10-06,0,1.57
CP000148,C02252,New Customer Welcome,Social,2025-02-23,0,0.65
CP000149,C02807,New Customer Welcome,Push,2025-07-29,1,1.44
CP000150,C01686,Fashion Days,WhatsApp,2025-09-21,0,2.05
CP000151,C00831,Electronics Week,WhatsApp,2025-11-25,0,7.09
CP000152,C04550,Festive Sale,Email,2025-06-07,0,1.44
CP000153,C02336,Festive Sale,Email,2025-03-18,0,1.82
CP000154,C00667,Summer Savings,Email,2025-09-16,0,5.68
CP000155,C04099,Electronics Week,Push,2025-12-10,0,4.67
CP000156,C04404,Fashion Days,SMS,2025-04-05,1,7.1
CP000157,C00086,Electronics Week,Push,2025-07-23,0,6.44
CP000158,C04204,Fashion Days,Push,2025-06-10,1,6.71
CP000159,C00309,VIP Exclusive,Email,2025-08-02,0,3.16
CP000160,C03990,VIP Exclusive,WhatsApp,2025-07-01,0,6.87
CP000161,C04327,Fashion Days,Email,2025-10-21,0,2.12
CP000162,C03453,Fashion Days,Push,2025-12-14,0,3.12
CP000163,C01217,Summer Savings,Email,2025-11-17,0,5.63
CP000164,C02262,Fashion Days,WhatsApp,2025-08-15,0,1.79
CP000165,C02568,Win Back,WhatsApp,2025-05-16,0,4.66
CP000166,C02360,Festive Sale,Email,2025-11-24,0,2.52
CP000167,C04459,New Customer Welcome,WhatsApp,2025-10-16,1,7.16
CP000168,C04519,Festive Sale,WhatsApp,2025-03-12,0,3.28
CP000169,C00498,Summer Savings,SMS,2025-08-04,0,3.96
CP000170,C00942,Electronics Week,Email,2025-05-16,0,1.21
CP000171,C03882,Electronics Week,Email,2025-07-10,0,4.77
CP000172,C00487,Summer Savings,SMS,2025-02-12,0,7.01
CP000173,C04896,New Customer Welcome,WhatsApp,2025-04-17,1,1.19
CP000174,C01337,Festive Sale,SMS,2025-12-11,0,7.1
CP000175,C02852,Fashion Days,Email,2025-02-26,1,7.01
CP000176,C02247,Win Back,SMS,2025-01-06,0,3.17
CP000177,C01987,New Customer Welcome,Email,2025-05-28,0,4.52
CP000178,C03081,Festive Sale,Email,2025-05-03,0,3.29
CP000179,C04567,Festive Sale,Email,2025-08-18,0,4.54
CP000180,C03454,VIP Exclusive,Social,2025-03-15,1,2.7
CP000181,C01593,Festive Sale,SMS,2025-11-04,1,4.62
CP000182,C00505,Fashion Days,Email,2025-11-02,0,7.33
CP000183,C01772,Win Back,WhatsApp,2025-02-21,0,5.18
CP000184,C01926,New Customer Welcome,WhatsApp,2025-04-25,0,0.66
CP000185,C01427,Summer Savings,WhatsApp,2025-05-11,0,3.19
CP000186,C01004,Summer Savings,SMS,2025-07-07,0,5.39
CP000187,C00088,Festive Sale,Email,2025-06-05,0,3.05
CP000188,C02585,Summer Savings,Email,2025-01-06,0,4.11
CP000189,C00664,Win Back,Social,2025-03-31,0,1.0
CP000190,C04021,Summer Savings,WhatsApp,2025-11-03,0,4.94
CP000191,C04628,VIP Exclusive,Push,2025-03-01,0,1.35
CP000192,C01006,Electronics Week,WhatsApp,2025-09-28,1,2.27
CP000193,C04547,Summer Savings,Push,2025-06-09,0,4.68
CP000194,C01763,Fashion Days,SMS,2025-06-23,0,6.47
CP000195,C01966,Fashion Days,Push,2025-08-03,0,2.54
CP000196,C02396,New Customer Welcome,Email,2025-02-09,0,2.26
CP000197,C01943,Fashion Days,Push,2025-01-20,0,2.44
CP000198,C04494,New Customer Welcome,Push,2025-12-08,0,1.44
CP000199,C01326,Fashion Days,Push,2025-04-30,1,0.95
CP000200,C02883,Summer Savings,Email,2025-06-25,0,3.77
CP000201,C03098,Win Back,Email,2025-02-11,0,1.81
CP000202,C04452,New Customer Welcome,WhatsApp,2025-03-10,0,4.46
CP000203,C02686,Summer Savings,WhatsApp,2025-06-07,1,1.14
CP000204,C00229,Win Back,Email,2025-10-28,0,7.4
CP000205,C00721,Electronics Week,SMS,2025-10-01,0,0.67
CP000206,C01323,Festive Sale,Social,2025-07-05,1,3.68
CP000207,C02287,Electronics Week,WhatsApp,2025-11-20,0,6.75
CP000208,C01500,Fashion Days,WhatsApp,2025-11-10,0,5.03
CP000209,C00063,Festive Sale,Push,2025-07-28,0,5.08
CP000210,C00716,New Customer Welcome,Email,2025-08-25,0,2.97
CP000211,C02639,VIP Exclusive,Push,2025-08-27,0,5.78
CP000212,C04913,Win Back,SMS,2025-05-09,0,1.38
CP000213,C03891,Festive Sale,Email,2025-03-29,0,5.26
CP000214,C02391,VIP Exclusive,SMS,2025-09-07,0,2.41
CP000215,C03291,Festive Sale,Push,2025-11-10,0,1.38
CP000216,C01620,Summer Savings,WhatsApp,2025-06-26,0,5.34
CP000217,C01933,Fashion Days,WhatsApp,2025-03-16,0,6.18
CP000218,C03283,Electronics Week,Email,2025-12-11,0,0.92
CP000219,C03468,New Customer Welcome,SMS,2025-06-01,0,7.44
CP000220,C01902,Summer Savings,SMS,2025-03-21,0,7.34
CP000221,C02619,VIP Exclusive,WhatsApp,2025-07-17,0,2.74
CP000222,C03142,Electronics Week,Push,2025-02-16,1,0.6
CP000223,C01163,New Customer Welcome,WhatsApp,2025-09-30,0,2.35
CP000224,C03287,Fashion Days,WhatsApp,2025-04-04,0,6.57
CP000225,C02723,Win Back,SMS,2025-05-06,0,2.72
CP000226,C04721,VIP Exclusive,Email,2025-07-16,0,2.37
CP000227,C03928,New Customer Welcome,Email,2025-09-30,0,2.62
CP000228,C00726,VIP Exclusive,Email,2025-05-07,0,0.55
CP000229,C02843,Fashion Days,WhatsApp,2025-05-19,1,3.48
CP000230,C04243,Electronics Week,Push,2025-08-13,0,2.18
CP000231,C00210,Summer Savings,SMS,2025-01-19,1,4.24
CP000232,C01606,VIP Exclusive,Social,2025-01-31,0,2.49
CP000233,C03301,Electronics Week,WhatsApp,2025-11-02,0,2.85
CP000234,C00610,Electronics Week,Push,2025-07-08,1,6.0
CP000235,C03153,New Customer Welcome,WhatsApp,2025-07-17,0,7.09
CP000236,C02796,Fashion Days,Social,2025-08-20,0,5.88
CP000237,C04403,New Customer Welcome,SMS,2025-08-29,0,4.34
CP000238,C00178,VIP Exclusive,Push,2025-02-12,1,0.65
CP000239,C02166,VIP Exclusive,WhatsApp,2025-04-19,0,5.47
CP000240,C02290,Electronics Week,Email,2025-11-16,0,7.91
CP000241,C04834,Win Back,SMS,2025-03-23,0,2.65
CP000242,C02732,Electronics Week,Email,2025-02-18,0,6.13
CP000243,C01789,Fashion Days,Email,2025-12-02,0,1.21
CP000244,C03337,Fashion Days,Email,2025-01-21,0,5.44
CP000245,C03594,Festive Sale,Email,2025-06-14,0,6.68
CP000246,C02050,Summer Savings,SMS,2025-08-27,0,3.9
CP000247,C02114,VIP Exclusive,Email,2025-06-19,0,4.49
CP000248,C04533,Fashion Days,Email,2025-12-04,0,7.72
CP000249,C01646,Festive Sale,Email,2025-01-22,0,2.58
CP000250,C01924,Electronics Week,Email,2025-10-09,0,7.37
CP000251,C03633,Win Back,SMS,2025-06-19,1,6.02
CP000252,C01075,Electronics Week,WhatsApp,2025-03-29,0,2.91
CP000253,C01307,New Customer Welcome,Email,2025-05-20,0,0.67
CP000254,C04834,Electronics Week,Email,2025-07-30,1,0.96
CP000255,C01445,Win Back,Push,2025-09-15,0,5.01
CP000256,C02004,Fashion Days,Push,2025-10-20,0,5.13
CP000257,C01381,Win Back,Email,2025-01-05,0,1.82
CP000258,C00445,Festive Sale,Email,2025-10-03,0,3.09
CP000259,C02327,Fashion Days,Social,2025-01-10,1,6.57
CP000260,C01962,Win Back,Email,2025-11-09,1,7.61
CP000261,C02324,Summer Savings,WhatsApp,2025-11-22,1,4.67
CP000262,C04860,Electronics Week,Social,2025-11-26,0,7.04
CP000263,C03257,Festive Sale,Push,2025-11-17,0,2.14
CP000264,C01920,Win Back,SMS,2025-11-24,0,3.98
CP000265,C04750,New Customer Welcome,WhatsApp,2025-09-28,0,1.17
CP000266,C03128,Electronics Week,WhatsApp,2025-12-06,0,1.37
CP000267,C02211,Festive Sale,WhatsApp,2025-06-21,0,5.67
CP000268,C00064,New Customer Welcome,Push,2025-02-04,0,0.96
CP000269,C00204,Summer Savings,Push,2025-06-02,0,5.9
CP000270,C01149,Summer Savings,Social,2025-11-23,0,5.86
CP000271,C03158,Win Back,Push,2025-06-12,0,6.38
CP000272,C04235,Fashion Days,Email,2025-02-07,0,1.83
CP000273,C00038,Fashion Days,WhatsApp,2025-01-26,0,1.65
CP000274,C00154,Win Back,WhatsApp,2025-05-17,1,2.78
CP000275,C01360,Summer Savings,WhatsApp,2025-07-24,0,6.57
CP000276,C03525,Fashion Days,Email,2025-04-19,1,2.93
CP000277,C03435,Festive Sale,Email,2025-06-29,0,7.67
CP000278,C03537,Festive Sale,Email,2025-10-16,0,2.84
CP000279,C01798,Festive Sale,Email,2025-02-25,1,5.31
CP000280,C03025,Summer Savings,Email,2025-10-27,1,4.3
CP000281,C00324,VIP Exclusive,WhatsApp,2025-06-24,0,6.13
CP000282,C02216,New Customer Welcome,Email,2025-08-15,1,6.99
CP000283,C00413,VIP Exclusive,SMS,2025-06-07,0,7.99
CP000284,C01182,New Customer Welcome,Email,2025-01-15,0,1.12
CP000285,C00332,Festive Sale,Push,2025-09-11,0,5.59
CP000286,C03534,Summer Savings,Push,2025-04-09,0,2.58
CP000287,C02214,Summer Savings,Email,2025-04-09,0,3.91
CP000288,C00504,VIP Exclusive,Email,2025-11-06,0,3.75
CP000289,C00140,Fashion Days,SMS,2025-09-02,0,7.61
CP000290,C02368,Summer Savings,Push,2025-05-09,0,4.17
CP000291,C00033,New Customer Welcome,WhatsApp,2025-02-05,0,2.53
CP000292,C02923,Electronics Week,Push,2025-04-07,1,1.08
CP000293,C02841,Win Back,Push,2025-09-16,1,6.42
CP000294,C03042,Summer Savings,Push,2025-04-01,0,6.45
CP000295,C00125,Win Back,Social,2025-04-02,0,3.71
CP000296,C02827,Summer Savings,SMS,2025-10-05,0,4.18
CP000297,C01511,Electronics Week,SMS,2025-08-14,0,6.4
CP000298,C00994,Electronics Week,Email,2025-01-04,0,1.65
CP000299,C00275,Win Back,Push,2025-09-23,0,2.8
CP000300,C03561,VIP Exclusive,WhatsApp,2025-02-11,0,2.24
CP000301,C02464,Win Back,Email,2025-05-09,0,6.36
CP000302,C02124,New Customer Welcome,Push,2025-10-28,1,4.55
CP000303,C00079,Win Back,Email,2025-06-17,0,2.91
CP000304,C01239,New Customer Welcome,WhatsApp,2025-05-25,0,1.82
CP000305,C03004,Electronics Week,WhatsApp,2025-11-13,0,2.16
CP000306,C00965,Fashion Days,SMS,2025-07-16,1,0.64
CP000307,C00153,VIP Exclusive,Email,2025-01-23,1,3.5
CP000308,C00934,New Customer Welcome,WhatsApp,2025-05-07,1,1.22
CP000309,C00962,Electronics Week,Email,2025-05-11,1,1.87
CP000310,C04412,Win Back,Push,2025-12-09,0,7.73
CP000311,C02183,VIP Exclusive,Social,2025-07-10,0,2.16
CP000312,C03483,Win Back,SMS,2025-03-03,0,3.65
CP000313,C03208,VIP Exclusive,Push,2025-03-13,0,5.44
CP000314,C03319,Festive Sale,SMS,2025-12-01,0,2.17
CP000315,C04830,New Customer Welcome,WhatsApp,2025-06-30,0,4.82
CP000316,C01537,Electronics Week,Email,2025-02-14,0,3.09
CP000317,C03136,New Customer Welcome,Email,2025-10-11,0,6.13
CP000318,C00689,Win Back,WhatsApp,2025-05-03,0,2.32
CP000319,C04366,Electronics Week,Push,2025-05-14,0,5.82
CP000320,C02827,Fashion Days,Email,2025-11-06,0,6.26
CP000321,C02400,Fashion Days,Push,2025-02-20,1,2.22
CP000322,C04698,Win Back,WhatsApp,2025-08-24,0,2.03
CP000323,C03893,Summer Savings,WhatsApp,2025-06-12,0,1.41
CP000324,C00435,VIP Exclusive,WhatsApp,2025-06-08,0,5.37
CP000325,C03526,Festive Sale,Social,2025-11-18,0,0.61
CP000326,C00258,Fashion Days,Push,2025-08-02,1,3.69
CP000327,C04161,Fashion Days,Social,2025-06-29,1,2.67
CP000328,C03946,Fashion Days,WhatsApp,2025-05-01,0,3.09
CP000329,C03335,Win Back,WhatsApp,2025-05-07,0,5.67
CP000330,C03297,VIP Exclusive,WhatsApp,2025-10-04,1,3.55
CP000331,C04734,Fashion Days,WhatsApp,2025-10-22,1,4.53
CP000332,C03626,Fashion Days,Email,2025-04-09,0,5.56
CP000333,C00157,Summer Savings,WhatsApp,2025-01-18,0,3.03
CP000334,C04056,Fashion Days,WhatsApp,2025-06-01,0,3.61
CP000335,C00070,Electronics Week,WhatsApp,2025-06-02,0,3.09
CP000336,C02052,VIP Exclusive,WhatsApp,2025-02-11,0,1.2
CP000337,C03025,Festive Sale,Social,2025-05-26,1,5.05
CP000338,C03072,Summer Savings,Email,2025-03-16,0,6.44
CP000339,C01456,VIP Exclusive,SMS,2025-06-03,0,4.37
CP000340,C02065,Fashion Days,Email,2025-07-04,0,3.37
CP000341,C01946,New Customer Welcome,Push,2025-03-22,0,3.84
CP000342,C02105,Summer Savings,Email,2025-09-08,0,0.77
CP000343,C02333,Festive Sale,Email,2025-05-10,0,6.0
CP000344,C04513,Fashion Days,WhatsApp,2025-04-30,0,4.76
CP000345,C01757,New Customer Welcome,Email,2025-07-21,0,5.13
CP000346,C02152,Win Back,Push,2025-02-15,0,1.98
CP000347,C01207,Summer Savings,SMS,2025-02-20,0,4.57
CP000348,C04415,VIP Exclusive,Email,2025-06-25,0,1.09
CP000349,C00780,Fashion Days,WhatsApp,2025-05-14,0,6.07
CP000350,C04383,VIP Exclusive,SMS,2025-01-14,0,3.41
CP000351,C00579,Electronics Week,WhatsApp,2025-10-14,0,7.09
CP000352,C02901,Summer Savings,Email,2025-04-01,0,5.87
CP000353,C04970,Win Back,Push,2025-03-09,1,4.66
CP000354,C02039,VIP Exclusive,WhatsApp,2025-11-30,0,4.59
CP000355,C01774,New Customer Welcome,SMS,2025-04-04,1,4.36
CP000356,C03629,New Customer Welcome,WhatsApp,2025-06-12,0,7.62
CP000357,C04119,Fashion Days,Email,2025-11-07,0,4.58
CP000358,C02892,Festive Sale,SMS,2025-07-04,0,2.22
CP000359,C03472,New Customer Welcome,SMS,2025-03-05,0,7.71
CP000360,C02801,Win Back,SMS,2025-05-22,0,7.96
CP000361,C01720,Electronics Week,WhatsApp,2025-07-25,0,3.36
CP000362,C01375,Win Back,WhatsApp,2025-02-01,0,1.03
CP000363,C04498,VIP Exclusive,Email,2025-02-03,0,2.93
CP000364,C00711,Festive Sale,Social,2025-10-03,0,3.53
CP000365,C02956,Win Back,WhatsApp,2025-11-26,0,0.67
CP000366,C00101,VIP Exclusive,WhatsApp,2025-11-01,0,1.6
CP000367,C02083,Festive Sale,WhatsApp,2025-09-11,0,4.95
CP000368,C00988,Win Back,Email,2025-02-20,0,5.87
CP000369,C04675,Summer Savings,WhatsApp,2025-03-21,0,2.54
CP000370,C00057,Festive Sale,Email,2025-05-06,0,5.76
CP000371,C01216,New Customer Welcome,SMS,2025-10-09,0,4.34
CP000372,C04610,New Customer Welcome,Push,2025-03-18,0,2.2
CP000373,C04662,Win Back,Push,2025-01-06,0,1.4
CP000374,C01986,Win Back,Email,2025-07-11,0,7.17
CP000375,C00171,VIP Exclusive,WhatsApp,2025-07-17,0,3.94
CP000376,C00583,Electronics Week,Push,2025-03-18,0,1.71
CP000377,C00883,Festive Sale,SMS,2025-02-12,0,2.24
CP000378,C01777,Festive Sale,SMS,2025-09-14,1,1.55
CP000379,C04982,Electronics Week,WhatsApp,2025-10-15,0,7.19
CP000380,C03243,Win Back,,2025-07-31,0,2.14
CP000381,C01216,Summer Savings,Email,2025-10-23,0,7.25
CP000382,C04468,Win Back,Social,2025-02-28,0,6.84
CP000383,C03269,VIP Exclusive,Email,2025-07-05,0,4.36
CP000384,C02933,New Customer Welcome,Email,2025-06-02,0,6.35
CP000385,C00235,VIP Exclusive,SMS,2025-12-05,1,3.27
CP000386,C04455,VIP Exclusive,Email,2025-08-15,0,4.7
CP000387,C03494,Festive Sale,Push,2025-07-03,0,1.93
CP000388,C04656,Win Back,Social,2025-06-26,0,5.74
CP000389,C03466,New Customer Welcome,Email,2025-06-27,0,4.57
CP000390,C04173,Summer Savings,WhatsApp,2025-10-17,1,1.72
CP000391,C04108,Win Back,Email,2025-04-05,0,2.16
CP000392,C04469,Summer Savings,WhatsApp,2025-01-30,0,5.86
CP000393,C00627,VIP Exclusive,Email,2025-03-13,0,5.62
CP000394,C03437,Win Back,WhatsApp,2025-11-19,0,4.05
CP000395,C04291,Fashion Days,Push,2025-08-20,0,3.99
CP000396,C03365,Fashion Days,Email,2025-07-03,0,0.59
CP000397,C03339,Summer Savings,Email,2025-08-30,0,1.84
CP000398,C01090,New Customer Welcome,WhatsApp,2025-06-18,0,4.81
CP000399,C02585,Win Back,Email,2025-03-31,1,4.47
CP000400,C03237,Win Back,SMS,2025-08-31,0,2.7
CP000401,C03999,VIP Exclusive,SMS,2025-05-27,0,7.56
CP000402,C00064,VIP Exclusive,Email,2025-11-17,0,2.49
CP000403,C02285,Summer Savings,Push,2025-04-16,0,3.92
CP000404,C01115,VIP Exclusive,SMS,2025-06-17,0,5.24
CP000405,C00269,New Customer Welcome,Push,2025-07-24,0,6.42
CP000406,C00767,New Customer Welcome,WhatsApp,2025-03-19,1,5.97
CP000407,C04635,Fashion Days,SMS,2025-03-11,0,7.27
CP000408,C03476,Festive Sale,Social,2025-07-06,0,6.37
CP000409,C03687,Win Back,Push,2025-04-27,0,4.88
CP000410,C01366,New Customer Welcome,Push,2025-01-15,0,7.25
CP000411,C04263,New Customer Welcome,SMS,2025-05-30,0,1.65
CP000412,C00536,Festive Sale,Email,2025-04-21,0,0.72
CP000413,C01529,VIP Exclusive,Push,2025-02-27,0,6.92
CP000414,C02416,New Customer Welcome,Push,2025-04-12,0,1.8
CP000415,C00498,New Customer Welcome,SMS,2025-04-29,0,4.97
CP000416,C01972,Festive Sale,WhatsApp,2025-01-29,0,7.82
CP000417,C02687,Electronics Week,Social,2025-08-12,0,1.42
CP000418,C03329,Electronics Week,Email,2025-04-04,0,3.06
CP000419,C00705,Fashion Days,Push,2025-12-09,0,1.29
CP000420,C01941,Fashion Days,SMS,2025-11-17,1,4.02
CP000421,C01350,VIP Exclusive,Email,2025-10-10,0,4.23
CP000422,C00843,Fashion Days,WhatsApp,2025-10-04,0,4.44
CP000423,C00397,New Customer Welcome,Email,2025-03-01,1,6.05
CP000424,C02668,Win Back,Email,2025-06-26,1,4.5
CP000425,C03925,VIP Exclusive,SMS,2025-03-26,1,3.53
CP000426,C02835,Festive Sale,SMS,2025-09-30,0,5.1
CP000427,C02218,Fashion Days,WhatsApp,2025-05-07,0,2.37
CP000428,C00343,Summer Savings,Push,2025-03-13,0,1.06
CP000429,C00975,Fashion Days,Email,2025-05-11,0,2.18
CP000430,C03229,Electronics Week,,2025-07-20,0,3.34
CP000431,C01756,Win Back,WhatsApp,2025-07-16,0,3.47
CP000432,C01919,Win Back,SMS,2025-09-06,0,6.62
CP000433,C03002,Fashion Days,Push,2025-09-16,1,3.49
CP000434,C03217,New Customer Welcome,Push,2025-12-10,0,6.71
CP000435,C03751,New Customer Welcome,SMS,2025-02-23,1,7.06
CP000436,C02352,Electronics Week,WhatsApp,2025-05-08,0,2.62
CP000437,C01329,New Customer Welcome,WhatsApp,2025-08-16,0,7.42
CP000438,C00934,Festive Sale,Social,2025-05-06,0,1.97
CP000439,C04290,Festive Sale,Push,2025-11-04,1,6.75
CP000440,C00665,New Customer Welcome,Email,2025-03-11,0,4.34
CP000441,C04618,Electronics Week,Push,2025-02-01,0,3.14
CP000442,C03143,Festive Sale,WhatsApp,2025-09-23,1,3.36
CP000443,C01753,Summer Savings,WhatsApp,2025-11-18,0,1.06
CP000444,C03364,New Customer Welcome,SMS,2025-06-21,1,2.78
CP000445,C00043,Festive Sale,Social,2025-11-30,0,3.31
CP000446,C01639,Festive Sale,Email,2025-07-13,0,1.31
CP000447,C00226,Festive Sale,SMS,2025-01-26,0,6.82
CP000448,C00975,Win Back,Push,2025-03-29,0,4.9
CP000449,C01992,New Customer Welcome,SMS,2025-09-25,0,6.64
CP000450,C03154,Electronics Week,Push,2025-01-19,0,3.41
CP000451,C03870,Electronics Week,Email,2025-06-24,0,2.03
CP000452,C00704,Fashion Days,Email,2025-05-15,0,5.38
CP000453,C01629,Win Back,Email,2025-07-20,0,6.27
CP000454,C02896,New Customer Welcome,Email,2025-07-04,0,5.04
CP000455,C04765,Fashion Days,Email,2025-11-22,0,3.2
CP000456,C01332,Fashion Days,WhatsApp,2025-05-21,0,7.65
CP000457,C03838,Win Back,WhatsApp,2025-07-06,0,6.98
CP000458,C04284,Electronics Week,Email,2025-04-18,0,7.54
CP000459,C02778,VIP Exclusive,WhatsApp,2025-08-27,1,4.88
CP000460,C03300,Electronics Week,Push,2025-02-05,0,6.66
CP000461,C04334,Fashion Days,WhatsApp,2025-07-21,1,5.96
CP000462,C00461,Fashion Days,Email,2025-10-24,1,7.5
CP000463,C01458,Electronics Week,Email,2025-10-26,0,1.52
CP000464,C01199,Festive Sale,WhatsApp,2025-11-27,0,2.99
CP000465,C02726,New Customer Welcome,SMS,2025-02-08,0,1.15
CP000466,C02360,VIP Exclusive,Email,2025-04-08,0,1.35
CP000467,C01901,Festive Sale,Push,2025-11-30,0,1.55
CP000468,C02058,Summer Savings,Email,2025-02-10,1,6.34
CP000469,C04578,New Customer Welcome,WhatsApp,2025-11-14,1,4.49
CP000470,C00130,VIP Exclusive,Push,2025-08-16,0,6.19
CP000471,C02862,New Customer Welcome,Email,2025-06-19,0,2.3
CP000472,C03691,Summer Savings,SMS,2025-08-15,1,4.37
CP000473,C01233,New Customer Welcome,Email,2025-12-14,0,4.1
CP000474,C00924,Fashion Days,WhatsApp,2025-09-04,0,2.66
CP000475,C03740,Summer Savings,SMS,2025-10-09,0,5.84
CP000476,C04876,VIP Exclusive,Push,2025-02-03,0,0.78
CP000477,C03477,Fashion Days,Email,2025-02-12,1,5.03
CP000478,C01388,Festive Sale,Social,2025-01-12,0,2.16
CP000479,C03838,Win Back,Email,2025-08-08,1,6.35
CP000480,C04968,VIP Exclusive,Email,2025-03-10,0,6.3
CP000481,C03765,Electronics Week,Social,2025-12-06,0,3.42
CP000482,C00100,VIP Exclusive,Email,2025-03-27,0,1.59
CP000483,C00773,New Customer Welcome,Push,2025-02-14,0,6.96
CP000484,C03883,Summer Savings,WhatsApp,2025-04-11,1,1.98
CP000485,C00500,New Customer Welcome,Email,2025-02-06,0,1.9
CP000486,C04683,Summer Savings,Social,2025-07-10,1,6.35
CP000487,C04169,Win Back,WhatsApp,2025-04-03,0,5.94
CP000488,C02068,New Customer Welcome,Email,2025-07-12,0,6.62
CP000489,C04111,Summer Savings,Push,2025-11-10,0,7.25
CP000490,C03395,VIP Exclusive,Push,2025-02-09,0,7.39
CP000491,C01060,New Customer Welcome,Push,2025-10-15,0,6.44
CP000492,C01209,VIP Exclusive,Push,2025-09-27,0,4.02
CP000493,C00746,Win Back,WhatsApp,2025-09-29,1,2.53
CP000494,C03104,Festive Sale,WhatsApp,2025-07-30,0,4.91
CP000495,C01539,Festive Sale,WhatsApp,2025-10-12,0,2.73
CP000496,C04636,Festive Sale,SMS,2025-08-30,0,5.01
CP000497,C01196,Electronics Week,Email,2025-04-10,0,6.36
CP000498,C02282,New Customer Welcome,Push,2025-01-08,0,4.46
CP000499,C04582,Festive Sale,Push,2025-11-03,0,7.08
CP000500,C04112,Summer Savings,Push,2025-06-18,1,7.48
CP000501,C02798,New Customer Welcome,Email,2025-12-01,1,5.93
CP000502,C00051,Fashion Days,Email,2025-10-08,0,3.85
CP000503,C04150,Summer Savings,Push,2025-11-13,1,6.85
CP000504,C04600,Electronics Week,WhatsApp,2025-02-21,0,3.71
CP000505,C02092,Summer Savings,SMS,2025-07-27,0,4.16
CP000506,C04632,Fashion Days,Email,2025-09-19,0,6.29
CP000507,C04526,Win Back,WhatsApp,2025-05-03,0,5.73
CP000508,C03147,Summer Savings,SMS,2025-12-13,0,4.47
CP000509,C04662,New Customer Welcome,WhatsApp,2025-10-31,0,2.0
CP000510,C00818,VIP Exclusive,Push,2025-05-31,0,3.82
CP000511,C02149,Win Back,,2025-07-15,1,0.85
CP000512,C00370,Electronics Week,Push,2025-08-28,0,4.02
CP000513,C04776,New Customer Welcome,Email,2025-04-03,0,4.4
CP000514,C04708,New Customer Welcome,SMS,2025-10-22,0,6.36
CP000515,C02980,Summer Savings,Email,2025-01-08,0,7.65
CP000516,C00562,VIP Exclusive,Push,2025-02-16,0,3.98
CP000517,C01089,Fashion Days,Email,2025-06-07,0,0.99
CP000518,C03376,New Customer Welcome,Email,2025-06-02,0,0.8
CP000519,C04798,Win Back,Push,2025-11-29,0,4.02
CP000520,C04880,Win Back,Push,2025-01-15,1,7.92
CP000521,C02600,New Customer Welcome,Email,2025-05-04,0,3.61
CP000522,C00156,VIP Exclusive,Push,2025-07-11,0,7.79
CP000523,C02915,Win Back,SMS,2025-10-08,0,1.93
CP000524,C02379,Electronics Week,SMS,2025-07-11,1,3.15
CP000525,C00262,VIP Exclusive,Social,2025-10-29,1,2.09
CP000526,C01044,New Customer Welcome,Email,2025-06-12,1,4.46
CP000527,C00012,Fashion Days,Social,2025-06-08,0,2.0
CP000528,C03304,Win Back,Social,2025-06-22,0,3.42
CP000529,C04203,Fashion Days,SMS,2025-02-18,0,2.9
CP000530,C04308,Fashion Days,Push,2025-06-14,1,7.06
CP000531,C00327,Fashion Days,Email,2025-03-18,0,3.33
CP000532,C01073,Fashion Days,SMS,2025-02-27,1,2.86
CP000533,C04222,Win Back,WhatsApp,2025-06-30,0,4.47
CP000534,C04123,Win Back,WhatsApp,2025-01-08,0,6.94
CP000535,C04801,Festive Sale,Social,2025-06-20,0,7.03
CP000536,C00195,VIP Exclusive,Social,2025-09-06,1,3.78
CP000537,C01822,New Customer Welcome,Email,2025-08-17,1,6.11
CP000538,C01484,Fashion Days,WhatsApp,2025-06-16,0,2.86
CP000539,C02144,Electronics Week,Push,2025-03-10,0,0.63
CP000540,C01174,Fashion Days,Email,2025-05-14,0,4.18
CP000541,C04146,Festive Sale,Email,2025-03-04,1,3.33
CP000542,C03458,New Customer Welcome,SMS,2025-03-26,1,6.52
CP000543,C02089,Electronics Week,Email,2025-06-07,0,7.63
CP000544,C00865,Summer Savings,SMS,2025-10-08,0,5.9
CP000545,C03938,Win Back,WhatsApp,2025-09-17,1,2.25
CP000546,C03526,Summer Savings,Push,2025-08-28,0,5.69
CP000547,C03670,Summer Savings,SMS,2025-08-01,0,2.99
CP000548,C03201,Electronics Week,Push,2025-11-24,0,3.65
CP000549,C04198,Win Back,WhatsApp,2025-02-08,1,5.92
CP000550,C04578,New Customer Welcome,WhatsApp,2025-03-06,0,2.1
CP000551,C00814,New Customer Welcome,Push,2025-10-14,1,3.68
CP000552,C03005,New Customer Welcome,Push,2025-10-03,0,1.88
CP000553,C03891,Fashion Days,Push,2025-04-02,0,4.01
CP000554,C02425,New Customer Welcome,WhatsApp,2025-07-07,0,7.05
CP000555,C02504,VIP Exclusive,SMS,2025-02-06,0,5.16
CP000556,C00513,VIP Exclusive,SMS,2025-07-28,0,3.36
CP000557,C03098,Electronics Week,WhatsApp,2025-07-18,1,2.35
CP000558,C02540,Win Back,SMS,2025-10-27,0,6.56
CP000559,C03278,Fashion Days,Email,2025-01-25,0,5.13
CP000560,C03964,Festive Sale,SMS,2025-11-19,0,4.47
CP000561,C02158,VIP Exclusive,SMS,2025-06-18,0,4.22
CP000562,C02365,Win Back,WhatsApp,2025-06-07,0,4.14
CP000563,C01884,Win Back,Email,2025-08-13,0,7.85
CP000564,C00700,Win Back,WhatsApp,2025-09-02,1,6.4
CP000565,C03198,VIP Exclusive,WhatsApp,2025-08-03,0,2.1
CP000566,C02320,Festive Sale,Social,2025-02-07,0,4.14
CP000567,C01344,Festive Sale,WhatsApp,2025-05-08,0,6.53
CP000568,C00178,Win Back,Social,2025-03-16,0,4.93
CP000569,C01959,Electronics Week,Push,2025-02-24,0,7.0
CP000570,C01342,Summer Savings,Push,2025-03-03,0,7.25
CP000571,C01866,Summer Savings,Email,2025-11-12,1,2.57
CP000572,C01249,Summer Savings,Push,2025-10-18,1,4.55
CP000573,C01717,Festive Sale,Social,2025-02-25,1,5.17
CP000574,C01633,Festive Sale,Push,2025-03-14,0,7.53
CP000575,C00041,Summer Savings,SMS,2025-12-05,0,5.63
CP000576,C03826,Electronics Week,Push,2025-06-01,1,2.21
CP000577,C02971,Win Back,Push,2025-05-04,0,7.54
CP000578,C00968,VIP Exclusive,Email,2025-01-25,0,2.15
CP000579,C03043,Win Back,Push,2025-04-27,0,1.47
CP000580,C02463,Fashion Days,SMS,2025-06-01,1,7.57
CP000581,C03607,Electronics Week,Email,2025-03-15,0,1.74
CP000582,C02861,New Customer Welcome,Email,2025-11-02,0,4.0
CP000583,C00329,VIP Exclusive,Email,2025-07-21,0,5.77
CP000584,C01732,Summer Savings,WhatsApp,2025-05-29,0,1.95
CP000585,C01283,Win Back,Email,2025-08-21,0,5.71
CP000586,C01119,Win Back,Social,2025-02-23,1,7.0
CP000587,C00308,Summer Savings,Push,2025-01-16,1,1.39
CP000588,C04565,VIP Exclusive,SMS,2025-02-09,1,3.79
CP000589,C00007,Summer Savings,Email,2025-02-27,0,3.52
CP000590,C00561,New Customer Welcome,Push,2025-03-03,0,3.24
CP000591,C03291,New Customer Welcome,SMS,2025-06-06,1,0.86
CP000592,C01905,Fashion Days,Push,2025-10-13,1,3.35
CP000593,C00011,Festive Sale,Push,2025-06-15,0,7.32
CP000594,C04292,Festive Sale,SMS,2025-01-30,0,0.68
CP000595,C02129,Electronics Week,Email,2025-12-10,0,3.72
CP000596,C01802,New Customer Welcome,Social,2025-10-25,0,4.73
CP000597,C03769,Fashion Days,WhatsApp,2025-07-18,0,1.75
CP000598,C03705,Fashion Days,SMS,2025-10-13,0,3.07
CP000599,C02281,VIP Exclusive,WhatsApp,2025-04-02,1,3.9
CP000600,C00832,New Customer Welcome,Push,2025-09-25,1,4.8
CP000601,C00769,Summer Savings,Email,2025-03-28,0,2.3
CP000602,C02157,VIP Exclusive,Email,2025-11-22,0,5.49
CP000603,C00548,New Customer Welcome,WhatsApp,2025-10-31,0,3.66
CP000604,C00080,Summer Savings,Social,2025-06-10,0,0.78
CP000605,C03132,VIP Exclusive,WhatsApp,2025-09-25,0,7.69
CP000606,C04733,VIP Exclusive,Email,2025-06-30,0,2.55
CP000607,C01384,Festive Sale,SMS,2025-12-15,0,4.99
CP000608,C02678,VIP Exclusive,WhatsApp,2025-08-16,0,2.99
CP000609,C00465,Electronics Week,SMS,2025-03-16,0,4.97
CP000610,C00915,New Customer Welcome,SMS,2025-02-12,0,6.87
CP000611,C01824,VIP Exclusive,WhatsApp,2025-12-01,0,0.78
CP000612,C01568,Summer Savings,Email,2025-12-04,0,5.99
CP000613,C03716,Fashion Days,WhatsApp,2025-07-17,0,6.76
CP000614,C02632,New Customer Welcome,Social,2025-11-01,0,5.59
CP000615,C01220,New Customer Welcome,WhatsApp,2025-08-14,1,1.33
CP000616,C03535,VIP Exclusive,SMS,2025-05-27,0,2.73
CP000617,C01186,Festive Sale,Social,2025-10-16,0,6.51
CP000618,C04638,New Customer Welcome,WhatsApp,2025-09-03,0,7.91
CP000619,C00863,Summer Savings,WhatsApp,2025-03-20,0,1.06
CP000620,C02325,Win Back,Email,2025-07-02,0,6.18
CP000621,C01774,Win Back,WhatsApp,2025-06-12,0,5.28
CP000622,C03294,VIP Exclusive,SMS,2025-01-09,0,2.75
CP000623,C03565,Electronics Week,Email,2025-10-15,0,7.19
CP000624,C04419,Electronics Week,Social,2025-09-12,0,3.99
CP000625,C04312,Win Back,Push,2025-05-31,0,7.2
CP000626,C03849,Electronics Week,Email,2025-03-25,0,0.67
CP000627,C00259,Win Back,SMS,2025-09-01,0,1.21
CP000628,C00104,Electronics Week,Email,2025-10-16,0,1.68
CP000629,C01311,Fashion Days,WhatsApp,2025-06-12,0,6.05
CP000630,C01506,Summer Savings,WhatsApp,2025-04-01,0,7.06
CP000631,C02814,Festive Sale,,2025-01-07,0,7.8
CP000632,C01576,VIP Exclusive,Push,2025-08-23,0,1.51
CP000633,C01421,Win Back,Email,2025-07-11,0,4.78
CP000634,C02420,Fashion Days,Push,2025-06-21,0,4.97
CP000635,C02129,Electronics Week,Email,2025-05-03,0,4.17
CP000636,C03993,New Customer Welcome,Social,2025-08-24,1,3.76
CP000637,C02233,Fashion Days,Email,2025-11-01,1,2.72
CP000638,C03274,VIP Exclusive,SMS,2025-10-27,0,0.93
CP000639,C03438,Win Back,Email,2025-04-30,0,5.18
CP000640,C01958,Win Back,Social,2025-12-06,0,6.52
CP000641,C01927,Festive Sale,WhatsApp,2025-01-21,0,0.84
CP000642,C01888,Festive Sale,Push,2025-03-26,0,1.4
CP000643,C04951,Fashion Days,WhatsApp,2025-04-15,0,7.19
CP000644,C02201,Win Back,Email,2025-12-10,0,6.52
CP000645,C00570,Fashion Days,Email,2025-08-21,0,1.38
CP000646,C02574,Fashion Days,Social,2025-07-16,0,2.95
CP000647,C04832,Fashion Days,Email,2025-05-30,1,7.98
CP000648,C03120,Summer Savings,Email,2025-01-16,1,2.72
CP000649,C00207,Win Back,SMS,2025-03-07,1,1.05
CP000650,C01311,Summer Savings,Social,2025-08-25,0,0.56
CP000651,C02351,VIP Exclusive,SMS,2025-04-01,0,3.19
CP000652,C03794,New Customer Welcome,Social,2025-02-22,1,6.25
CP000653,C00546,Summer Savings,Email,2025-06-27,0,1.3
CP000654,C03740,Summer Savings,SMS,2025-09-30,0,3.76
CP000655,C00742,Fashion Days,Email,2025-08-05,1,5.89
CP000656,C03666,Electronics Week,Social,2025-02-14,0,4.75
CP000657,C03747,Festive Sale,Email,2025-11-02,0,7.73
CP000658,C02651,Summer Savings,WhatsApp,2025-11-26,0,2.93
CP000659,C03558,Fashion Days,Email,2025-08-09,0,1.06
CP000660,C01048,Electronics Week,WhatsApp,2025-06-23,0,1.67
CP000661,C02777,Festive Sale,WhatsApp,2025-01-26,0,2.18
CP000662,C00732,VIP Exclusive,Email,2025-10-10,0,2.6
CP000663,C00360,VIP Exclusive,Social,2025-12-04,0,1.17
CP000664,C04881,New Customer Welcome,Email,2025-11-27,1,1.39
CP000665,C01937,Festive Sale,SMS,2025-08-24,0,2.07
CP000666,C00444,VIP Exclusive,Email,2025-10-16,0,3.8
CP000667,C02246,VIP Exclusive,Email,2025-06-08,0,5.62
CP000668,C03801,Festive Sale,SMS,2025-04-14,1,1.75
CP000669,C02597,Win Back,Social,2025-08-03,0,1.12
CP000670,C02420,New Customer Welcome,Email,2025-09-12,1,5.03
CP000671,C04933,Summer Savings,Push,2025-08-11,0,4.82
CP000672,C03709,Electronics Week,Email,2025-04-13,1,1.87
CP000673,C01019,VIP Exclusive,Email,2025-11-08,0,0.65
CP000674,C04876,Fashion Days,Push,2025-02-26,1,3.82
CP000675,C03181,Electronics Week,Push,2025-06-14,1,5.17
CP000676,C00508,Win Back,Email,2025-01-24,0,6.53
CP000677,C01023,New Customer Welcome,Email,2025-12-05,0,4.05
CP000678,C01175,Summer Savings,Push,2025-03-23,0,4.88
CP000679,C02255,New Customer Welcome,Push,2025-04-24,0,1.21
CP000680,C03259,Summer Savings,Push,2025-06-12,0,4.75
CP000681,C04359,Festive Sale,SMS,2025-03-15,0,7.14
CP000682,C04190,VIP Exclusive,Email,2025-11-28,0,3.28
CP000683,C00911,Fashion Days,Push,2025-08-29,0,3.11
CP000684,C02547,VIP Exclusive,WhatsApp,2025-01-20,0,3.2
CP000685,C01338,Festive Sale,Email,2025-05-20,0,6.68
CP000686,C03524,Win Back,Email,2025-06-26,0,6.31
CP000687,C04319,Summer Savings,Email,2025-10-07,1,3.44
CP000688,C03332,VIP Exclusive,Push,2025-11-05,0,6.51
CP000689,C01223,Win Back,Push,2025-03-30,0,7.27
CP000690,C03774,Fashion Days,Email,2025-09-30,0,0.85
CP000691,C02023,Win Back,Social,2025-05-09,0,5.51
CP000692,C00327,Win Back,Push,2025-07-11,0,7.65
CP000693,C00376,Win Back,Email,2025-07-23,0,7.56
CP000694,C03772,VIP Exclusive,Email,2025-05-08,0,7.83
CP000695,C01040,Electronics Week,Push,2025-09-23,0,4.16
CP000696,C02024,VIP Exclusive,Social,2025-01-21,1,0.82
CP000697,C02788,Electronics Week,WhatsApp,2025-10-07,0,1.79
CP000698,C03335,Summer Savings,Email,2025-09-17,0,4.65
CP000699,C03681,Summer Savings,Email,2025-03-29,0,0.76
CP000700,C03629,Electronics Week,SMS,2025-07-11,0,7.42
CP000701,C02429,New Customer Welcome,WhatsApp,2025-09-02,0,7.2
CP000702,C00319,Summer Savings,SMS,2025-02-21,0,3.46
CP000703,C04320,Electronics Week,Email,2025-07-12,1,7.87
CP000704,C03443,Festive Sale,Email,2025-08-12,1,2.31
CP000705,C00815,Win Back,WhatsApp,2025-09-20,1,6.07
CP000706,C02446,VIP Exclusive,WhatsApp,2025-08-25,1,7.73
CP000707,C01817,Fashion Days,Push,2025-12-05,0,1.23
CP000708,C03129,Festive Sale,Push,2025-07-08,1,6.09
CP000709,C01007,Summer Savings,Email,2025-11-11,0,6.5
CP000710,C01019,New Customer Welcome,SMS,2025-08-12,0,2.88
CP000711,C04059,Festive Sale,Push,2025-09-28,0,6.49
CP000712,C03906,Festive Sale,Email,2025-01-12,0,3.04
CP000713,C01481,Electronics Week,Push,2025-08-07,1,4.9
CP000714,C04708,VIP Exclusive,SMS,2025-11-01,1,3.79
CP000715,C04775,VIP Exclusive,SMS,2025-12-04,0,7.2
CP000716,C00177,VIP Exclusive,WhatsApp,2025-07-22,0,6.79
CP000717,C00897,Festive Sale,SMS,2025-04-30,0,5.79
CP000718,C00853,Fashion Days,WhatsApp,2025-03-11,0,5.97
CP000719,C03671,VIP Exclusive,Push,2025-05-05,0,2.29
CP000720,C03403,Fashion Days,Push,2025-03-06,0,0.95
CP000721,C03355,VIP Exclusive,Email,2025-09-08,0,5.66
CP000722,C04535,VIP Exclusive,Email,2025-11-04,0,2.56
CP000723,C00722,Festive Sale,WhatsApp,2025-11-26,0,6.04
CP000724,C04307,Summer Savings,SMS,2025-06-23,0,3.01
CP000725,C01301,Festive Sale,SMS,2025-06-04,1,6.74
CP000726,C04106,VIP Exclusive,Push,2025-02-22,0,7.49
CP000727,C02986,VIP Exclusive,Push,2025-12-08,1,2.82
CP000728,C03877,New Customer Welcome,Email,2025-10-29,0,5.5
CP000729,C02064,New Customer Welcome,Push,2025-11-08,0,3.32
CP000730,C00269,Electronics Week,SMS,2025-08-26,0,2.93
CP000731,C03136,Electronics Week,SMS,2025-07-18,0,6.53
CP000732,C04117,Electronics Week,WhatsApp,2025-01-31,0,4.87
CP000733,C00711,Electronics Week,Email,2025-02-14,0,3.37
CP000734,C01505,Festive Sale,WhatsApp,2025-10-29,0,5.58
CP000735,C04165,Win Back,Email,2025-07-13,1,8.0
CP000736,C02228,VIP Exclusive,Push,2025-07-19,0,5.32
CP000737,C02688,Summer Savings,Social,2025-12-02,0,3.07
CP000738,C02672,Fashion Days,Social,2025-02-02,0,3.79
CP000739,C04769,New Customer Welcome,Email,2025-12-01,0,3.38
CP000740,C01489,VIP Exclusive,WhatsApp,2025-05-05,0,7.64
CP000741,C01734,Electronics Week,Social,2025-06-02,0,1.35
CP000742,C00633,Electronics Week,WhatsApp,2025-01-31,0,2.75
CP000743,C02821,Electronics Week,WhatsApp,2025-01-20,0,1.1
CP000744,C04041,Summer Savings,Email,2025-05-24,0,6.5
CP000745,C03534,Festive Sale,Social,2025-06-25,0,1.67
CP000746,C01054,Summer Savings,Social,2025-03-15,0,5.44
CP000747,C04504,VIP Exclusive,WhatsApp,2025-02-26,0,7.06
CP000748,C00530,Win Back,Push,2025-11-22,0,7.4
CP000749,C03950,Fashion Days,WhatsApp,2025-08-29,0,1.05
CP000750,C02396,Festive Sale,SMS,2025-02-08,1,4.95
CP000751,C02916,VIP Exclusive,Email,2025-02-09,0,0.73
CP000752,C00256,Fashion Days,WhatsApp,2025-04-29,0,6.53
CP000753,C02431,New Customer Welcome,Email,2025-06-01,1,6.75
CP000754,C02129,VIP Exclusive,SMS,2025-08-12,0,5.81
CP000755,C03757,Festive Sale,Social,2025-11-28,0,2.1
CP000756,C04600,New Customer Welcome,WhatsApp,2025-07-25,0,4.14
CP000757,C02313,Win Back,SMS,2025-01-27,0,6.0
CP000758,C04413,New Customer Welcome,Email,2025-05-01,0,6.7
CP000759,C03757,Festive Sale,Social,2025-03-09,0,7.12
CP000760,C00895,New Customer Welcome,WhatsApp,2025-10-04,0,6.18
CP000761,C00700,VIP Exclusive,WhatsApp,2025-10-14,0,6.86
CP000762,C04332,Summer Savings,Email,2025-04-15,0,6.05
CP000763,C02029,Electronics Week,WhatsApp,2025-01-22,1,2.42
CP000764,C03646,VIP Exclusive,Push,2025-05-29,0,1.8
CP000765,C04016,Summer Savings,SMS,2025-11-19,0,0.7
CP000766,C02246,VIP Exclusive,WhatsApp,2025-08-21,0,3.7
CP000767,C04869,Win Back,WhatsApp,2025-09-09,1,1.37
CP000768,C00544,VIP Exclusive,Email,2025-12-10,0,6.91
CP000769,C03480,VIP Exclusive,SMS,2025-02-07,0,2.29
CP000770,C03750,New Customer Welcome,SMS,2025-11-09,0,6.34
CP000771,C00210,Fashion Days,Email,2025-01-30,1,4.3
CP000772,C01184,Fashion Days,Push,2025-05-12,0,4.68
CP000773,C03576,Win Back,WhatsApp,2025-03-15,0,0.61
CP000774,C00130,Fashion Days,SMS,2025-09-13,1,1.45
CP000775,C01680,Festive Sale,SMS,2025-07-29,0,1.88
CP000776,C04344,Summer Savings,Email,2025-08-09,0,1.91
CP000777,C03279,Fashion Days,Push,2025-11-23,1,7.05
CP000778,C00493,Win Back,WhatsApp,2025-03-29,1,2.43
CP000779,C02943,New Customer Welcome,WhatsApp,2025-04-05,1,3.85
CP000780,C00260,Fashion Days,Social,2025-07-26,0,3.87
CP000781,C03057,Electronics Week,Social,2025-10-10,0,4.15
CP000782,C01941,Win Back,Social,2025-08-06,1,7.45
CP000783,C00548,New Customer Welcome,Email,2025-07-31,1,2.05
CP000784,C02308,Summer Savings,Email,2025-05-08,0,7.85
CP000785,C01318,Fashion Days,WhatsApp,2025-02-24,0,7.71
CP000786,C00172,Summer Savings,WhatsApp,2025-06-06,1,3.04
CP000787,C00781,Electronics Week,Email,2025-01-23,0,0.58
CP000788,C03665,VIP Exclusive,Email,2025-07-25,0,0.58
CP000789,C00915,New Customer Welcome,WhatsApp,2025-01-27,0,7.73
CP000790,C04293,Festive Sale,SMS,2025-08-15,1,4.12
CP000791,C04255,Electronics Week,Push,2025-07-28,0,3.43
CP000792,C01637,Festive Sale,Push,2025-10-30,0,2.29
CP000793,C04807,Electronics Week,Email,2025-05-29,0,7.59
CP000794,C03045,VIP Exclusive,Email,2025-04-12,0,7.5
CP000795,C04744,VIP Exclusive,Email,2025-10-26,0,1.86
CP000796,C04724,VIP Exclusive,WhatsApp,2025-10-03,0,7.47
CP000797,C02674,Festive Sale,Push,2025-10-13,0,1.23
CP000798,C03256,Summer Savings,Push,2025-10-26,0,4.85
CP000799,C00374,Festive Sale,Email,2025-06-25,0,7.78
CP000800,C03683,Electronics Week,Email,2025-08-24,0,5.23
CP000801,C04989,New Customer Welcome,SMS,2025-09-02,0,7.9
CP000802,C03557,Summer Savings,SMS,2025-12-03,0,5.68
CP000803,C01024,Festive Sale,Email,2025-05-12,0,3.22
CP000804,C01209,Electronics Week,Push,2025-08-25,0,3.85
CP000805,C02821,Electronics Week,WhatsApp,2025-11-16,0,6.15
CP000806,C03037,VIP Exclusive,Email,2025-08-02,0,5.25
CP000807,C00527,New Customer Welcome,SMS,2025-07-23,0,3.71
CP000808,C03798,Fashion Days,Push,2025-01-25,0,4.46
CP000809,C01899,Fashion Days,SMS,2025-01-30,1,1.76
CP000810,C01423,Summer Savings,Email,2025-03-18,0,1.36
CP000811,C00822,VIP Exclusive,WhatsApp,2025-02-20,1,7.01
CP000812,C02853,Festive Sale,Email,2025-11-12,0,4.66
CP000813,C04239,New Customer Welcome,Push,2025-01-18,1,3.45
CP000814,C02323,Electronics Week,WhatsApp,2025-07-24,0,4.99
CP000815,C04776,Fashion Days,WhatsApp,2025-05-09,0,2.16
CP000816,C00999,Win Back,WhatsApp,2025-04-19,0,4.54
CP000817,C02629,Summer Savings,SMS,2025-10-30,0,4.82
CP000818,C00366,Win Back,Email,2025-10-27,0,2.23
CP000819,C00387,Festive Sale,Push,2025-06-07,0,1.58
CP000820,C03307,Win Back,SMS,2025-03-07,1,0.74
CP000821,C03863,Fashion Days,Push,2025-11-06,0,7.32
CP000822,C04131,Win Back,SMS,2025-08-03,0,2.23
CP000823,C02860,VIP Exclusive,Email,2025-03-19,0,3.11
CP000824,C03533,Fashion Days,SMS,2025-06-03,0,2.2
CP000825,C04311,New Customer Welcome,Push,2025-08-28,0,2.33
CP000826,C01025,Electronics Week,Push,2025-02-12,0,3.24
CP000827,C03664,Summer Savings,SMS,2025-01-20,1,2.95
CP000828,C02851,Electronics Week,Email,2025-08-25,0,7.52
CP000829,C04063,Electronics Week,Social,2025-08-07,0,2.8
CP000830,C02002,Summer Savings,Email,2025-06-24,0,2.67
CP000831,C04728,Summer Savings,Email,2025-12-09,1,6.99
CP000832,C02950,New Customer Welcome,WhatsApp,2025-03-22,0,6.91
CP000833,C04995,VIP Exclusive,WhatsApp,2025-06-02,1,2.8
CP000834,C03406,VIP Exclusive,WhatsApp,2025-11-28,0,7.32
CP000835,C01692,Win Back,WhatsApp,2025-11-19,0,6.23
CP000836,C03566,New Customer Welcome,WhatsApp,2025-01-02,0,1.14
CP000837,C02223,Electronics Week,Email,2025-08-02,0,5.58
CP000838,C02219,Fashion Days,Social,2025-07-29,0,7.43
CP000839,C00663,Fashion Days,Email,2025-07-07,0,3.05
CP000840,C03202,Festive Sale,Email,2025-11-25,1,0.98
CP000841,C02258,Fashion Days,Email,2025-05-23,1,4.73
CP000842,C03379,Summer Savings,,2025-11-14,0,6.75
CP000843,C01277,New Customer Welcome,Email,2025-06-24,0,4.32
CP000844,C04123,Festive Sale,WhatsApp,2025-02-25,0,1.99
CP000845,C01800,Summer Savings,SMS,2025-08-04,1,3.28
CP000846,C03278,New Customer Welcome,Push,2025-11-16,0,6.52
CP000847,C00523,VIP Exclusive,Email,2025-11-27,0,1.84
CP000848,C01981,New Customer Welcome,Email,2025-12-15,0,7.8
CP000849,C00859,Fashion Days,SMS,2025-08-31,0,6.71
CP000850,C00525,Electronics Week,Push,2025-08-25,0,5.06
CP000851,C03994,VIP Exclusive,Social,2025-05-01,0,1.96
CP000852,C01074,Fashion Days,Social,2025-10-19,1,1.92
CP000853,C04503,Festive Sale,SMS,2025-11-02,0,5.22
CP000854,C00541,VIP Exclusive,Push,2025-01-04,0,3.56
CP000855,C02241,Electronics Week,Email,2025-03-20,0,3.9
CP000856,C01083,Win Back,SMS,2025-02-16,0,6.55
CP000857,C02663,Festive Sale,Push,2025-12-11,1,3.58
CP000858,C03790,Summer Savings,Push,2025-05-28,1,4.83
CP000859,C04974,VIP Exclusive,Email,2025-11-03,0,7.11
CP000860,C02871,Fashion Days,Email,2025-10-31,0,0.76
CP000861,C03503,Win Back,SMS,2025-02-11,0,1.13
CP000862,C02012,Festive Sale,WhatsApp,2025-08-03,0,4.97
CP000863,C03671,Electronics Week,SMS,2025-01-23,0,4.95
CP000864,C01536,Win Back,SMS,2025-03-22,1,3.49
CP000865,C02976,New Customer Welcome,WhatsApp,2025-09-16,0,7.56
CP000866,C03382,Summer Savings,SMS,2025-03-14,0,3.86
CP000867,C00462,Win Back,SMS,2025-06-22,0,3.59
CP000868,C00712,VIP Exclusive,WhatsApp,2025-02-28,0,5.16
CP000869,C00966,Win Back,WhatsApp,2025-11-06,1,7.91
CP000870,C03484,Festive Sale,WhatsApp,2025-08-07,0,6.43
CP000871,C02341,Fashion Days,SMS,2025-09-01,0,5.03
CP000872,C02668,Summer Savings,Social,2025-06-14,1,1.29
CP000873,C02393,New Customer Welcome,WhatsApp,2025-05-30,0,1.48
CP000874,C01720,New Customer Welcome,SMS,2025-06-08,0,3.99
CP000875,C00902,Summer Savings,SMS,2025-06-23,0,1.06
CP000876,C02036,Fashion Days,SMS,2025-04-06,1,6.9
CP000877,C00736,Fashion Days,Email,2025-01-17,1,1.65
CP000878,C02127,New Customer Welcome,Social,2025-12-04,0,7.7
CP000879,C00217,Electronics Week,Social,2025-06-11,0,4.99
CP000880,C01669,Electronics Week,Email,2025-09-06,0,5.33
CP000881,C01169,Summer Savings,WhatsApp,2025-03-29,0,1.09
CP000882,C01222,Electronics Week,WhatsApp,2025-08-18,0,3.99
CP000883,C01904,New Customer Welcome,SMS,2025-02-11,1,2.01
CP000884,C04149,Electronics Week,WhatsApp,2025-08-02,0,1.13
CP000885,C01418,Fashion Days,Email,2025-11-06,0,2.12
CP000886,C04021,New Customer Welcome,SMS,2025-08-13,0,2.02
CP000887,C04910,Electronics Week,Push,2025-06-20,0,0.73
CP000888,C01917,Electronics Week,Push,2025-06-27,0,1.3
CP000889,C03974,VIP Exclusive,Push,2025-04-14,0,7.27
CP000890,C04094,VIP Exclusive,Email,2025-04-25,0,6.21
CP000891,C03599,Fashion Days,Email,2025-02-13,1,6.23
CP000892,C00061,New Customer Welcome,SMS,2025-03-20,0,4.56
CP000893,C00312,New Customer Welcome,SMS,2025-03-28,0,0.57
CP000894,C02829,VIP Exclusive,Email,2025-05-26,0,1.8
CP000895,C01751,Electronics Week,Email,2025-03-10,1,1.4
CP000896,C00564,Fashion Days,Email,2025-10-03,0,0.71
CP000897,C00664,New Customer Welcome,Email,2025-11-22,0,4.59
CP000898,C04785,Fashion Days,Email,2025-06-26,1,5.77
CP000899,C02196,Fashion Days,Push,2025-08-21,0,4.48
CP000900,C03446,Summer Savings,,2025-02-09,0,2.08
CP000901,C02256,Electronics Week,Push,2025-08-08,0,5.45
CP000902,C03841,Win Back,Push,2025-09-08,0,3.32
CP000903,C03189,Summer Savings,SMS,2025-08-24,0,6.76
CP000904,C04945,New Customer Welcome,SMS,2025-04-07,0,7.64
CP000905,C04746,Festive Sale,Email,2025-09-03,0,3.17
CP000906,C04209,Win Back,Push,2025-05-31,0,6.71
CP000907,C03546,Summer Savings,Social,2025-02-19,1,1.28
CP000908,C03633,Festive Sale,Email,2025-06-17,0,4.64
CP000909,C02727,Electronics Week,Email,2025-05-05,0,5.31
CP000910,C00012,Festive Sale,WhatsApp,2025-06-01,0,3.26
CP000911,C02261,Win Back,WhatsApp,2025-11-28,0,2.56
CP000912,C02561,Win Back,WhatsApp,2025-02-24,1,3.53
CP000913,C04832,VIP Exclusive,Email,2025-02-14,1,3.21
CP000914,C01366,New Customer Welcome,Social,2025-03-06,0,3.56
CP000915,C02442,Fashion Days,Push,2025-03-30,1,7.61
CP000916,C04735,VIP Exclusive,SMS,2025-04-09,0,3.45
CP000917,C04318,New Customer Welcome,WhatsApp,2025-07-03,0,4.4
CP000918,C01279,Electronics Week,WhatsApp,2025-04-22,1,6.9
CP000919,C00179,New Customer Welcome,WhatsApp,2025-06-18,0,4.62
CP000920,C03159,Festive Sale,WhatsApp,2025-08-08,0,1.76
CP000921,C02118,New Customer Welcome,SMS,2025-10-24,0,2.77
CP000922,C04574,Win Back,SMS,2025-04-10,1,5.53
CP000923,C03319,Electronics Week,SMS,2025-09-04,0,1.28
CP000924,C03380,VIP Exclusive,Email,2025-10-02,0,4.07
CP000925,C02661,VIP Exclusive,WhatsApp,2025-03-27,0,7.97
CP000926,C02555,New Customer Welcome,Email,2025-11-19,1,4.44
CP000927,C02933,Electronics Week,WhatsApp,2025-05-21,0,2.32
CP000928,C00894,Electronics Week,Push,2025-04-30,0,2.09
CP000929,C00452,Festive Sale,WhatsApp,2025-11-19,0,1.18
CP000930,C01613,New Customer Welcome,Push,2025-02-19,0,2.42
CP000931,C01908,Win Back,Push,2025-05-17,0,4.3
CP000932,C03695,Electronics Week,Email,2025-02-18,0,1.19
CP000933,C04966,Summer Savings,Push,2025-05-09,0,2.63
CP000934,C04983,Win Back,Email,2025-08-29,0,4.25
CP000935,C03164,Win Back,Social,2025-10-20,0,4.82
CP000936,C01192,Summer Savings,Push,2025-03-27,1,1.82
CP000937,C00185,Electronics Week,SMS,2025-11-27,0,2.5
CP000938,C01079,New Customer Welcome,SMS,2025-01-04,0,7.66
CP000939,C00637,Electronics Week,Push,2025-09-04,0,2.91
CP000940,C03053,VIP Exclusive,WhatsApp,2025-11-25,0,1.99
CP000941,C03213,Win Back,Email,2025-11-28,1,1.91
CP000942,C03120,Electronics Week,Email,2025-07-09,1,6.18
CP000943,C01524,Summer Savings,Push,2025-10-16,0,6.48
CP000944,C03387,Festive Sale,Email,2025-12-01,0,4.31
CP000945,C03400,Win Back,Social,2025-03-07,0,4.15
CP000946,C04972,VIP Exclusive,Email,2025-03-11,0,6.55
CP000947,C01409,Festive Sale,Social,2025-07-02,0,7.39
CP000948,C01810,Win Back,WhatsApp,2025-03-23,0,3.39
CP000949,C00519,Summer Savings,SMS,2025-07-31,0,2.23
CP000950,C03918,Festive Sale,WhatsApp,2025-04-01,0,3.02
CP000951,C03514,VIP Exclusive,SMS,2025-11-15,0,7.66
CP000952,C04788,Festive Sale,Email,2025-04-17,0,0.98
CP000953,C02651,VIP Exclusive,Email,2025-08-25,0,1.19
CP000954,C03526,New Customer Welcome,Push,2025-07-01,1,1.18
CP000955,C00915,Win Back,Social,2025-03-05,0,1.37
CP000956,C03866,Fashion Days,SMS,2025-02-25,1,1.8
CP000957,C04416,VIP Exclusive,WhatsApp,2025-12-02,0,4.35
CP000958,C03142,VIP Exclusive,SMS,2025-11-07,1,3.55
CP000959,C03425,Festive Sale,Email,2025-07-23,0,6.32
CP000960,C03439,Fashion Days,Push,2025-02-15,1,1.26
CP000961,C04373,New Customer Welcome,Push,2025-02-19,0,3.15
CP000962,C01896,Electronics Week,Push,2025-02-14,0,6.14
CP000963,C03230,New Customer Welcome,Email,2025-08-31,1,6.61
CP000964,C04351,Electronics Week,WhatsApp,2025-08-20,0,2.63
CP000965,C03744,New Customer Welcome,SMS,2025-01-01,0,3.13
CP000966,C03468,Electronics Week,Push,2025-02-13,0,5.28
CP000967,C02197,New Customer Welcome,SMS,2025-01-19,0,4.98
CP000968,C01939,Win Back,SMS,2025-05-23,0,3.74
CP000969,C04668,Fashion Days,WhatsApp,2025-01-30,1,5.64
CP000970,C04065,VIP Exclusive,Email,2025-06-01,0,6.58
CP000971,C02858,Electronics Week,Email,2025-06-19,0,4.74
CP000972,C00750,Electronics Week,Email,2025-08-08,1,2.12
CP000973,C03459,Festive Sale,SMS,2025-05-30,0,7.43
CP000974,C04912,Summer Savings,WhatsApp,2025-05-01,0,1.3
CP000975,C04656,Festive Sale,Email,2025-09-13,0,2.47
CP000976,C00282,New Customer Welcome,SMS,2025-08-07,0,6.68
CP000977,C01675,Festive Sale,SMS,2025-09-26,1,3.56
CP000978,C04104,Win Back,SMS,2025-12-14,0,7.41
CP000979,C01937,VIP Exclusive,Social,2025-04-06,0,2.2
CP000980,C04830,Fashion Days,Push,2025-12-01,0,5.67
CP000981,C03549,Electronics Week,Email,2025-02-25,0,0.83
CP000982,C04779,Win Back,Push,2025-12-09,0,7.34
CP000983,C02471,New Customer Welcome,WhatsApp,2025-06-13,0,5.41
CP000984,C01335,New Customer Welcome,Email,2025-06-23,1,5.43
CP000985,C00054,VIP Exclusive,WhatsApp,2025-04-07,0,1.66
CP000986,C02533,Summer Savings,Push,2025-09-04,0,1.39
CP000987,C04148,Fashion Days,Social,2025-03-27,0,3.14
CP000988,C04088,VIP Exclusive,Email,2025-03-09,1,2.78
CP000989,C00463,Win Back,SMS,2025-08-24,1,0.93
CP000990,C04630,Festive Sale,SMS,2025-06-07,1,7.09
CP000991,C03426,New Customer Welcome,Email,2025-03-02,0,5.15
CP000992,C01049,Summer Savings,Push,2025-02-24,0,1.5
CP000993,C04935,New Customer Welcome,SMS,2025-04-24,0,7.22
CP000994,C04224,New Customer Welcome,WhatsApp,2025-05-16,0,3.18
CP000995,C03691,Summer Savings,SMS,2025-08-12,0,1.81
CP000996,C01320,Fashion Days,Push,2025-07-23,0,7.37
CP000997,C02094,Win Back,Email,2025-05-17,1,6.25
CP000998,C01977,Fashion Days,Email,2025-05-17,0,7.62
CP000999,C01978,Summer Savings,SMS,2025-09-22,0,3.46
CP001000,C01759,Win Back,Email,2025-05-29,1,6.78
CP001001,C00351,Festive Sale,Social,2025-12-07,1,0.56
CP001002,C01222,Electronics Week,Email,2025-10-28,0,7.5
CP001003,C03743,Electronics Week,SMS,2025-08-07,0,3.5
CP001004,C04395,Festive Sale,Email,2025-02-05,1,2.62
CP001005,C01537,Win Back,Email,2025-06-24,0,5.48
CP001006,C03139,New Customer Welcome,Email,2025-05-07,1,5.22
CP001007,C02084,VIP Exclusive,Push,2025-04-06,0,4.54
CP001008,C00058,Win Back,Social,2025-07-12,0,6.05
CP001009,C01016,Win Back,Email,2025-04-10,0,2.49
CP001010,C01770,Win Back,Email,2025-09-06,0,4.09
CP001011,C02191,Electronics Week,Email,2025-11-30,0,2.34
CP001012,C02028,Win Back,Email,2025-04-20,1,2.36
CP001013,C01016,Festive Sale,SMS,2025-06-28,0,6.68
CP001014,C02203,New Customer Welcome,SMS,2025-04-23,0,0.63
CP001015,C01606,Festive Sale,Email,2025-03-17,0,4.27
CP001016,C03388,Win Back,WhatsApp,2025-02-27,1,1.65
CP001017,C02236,New Customer Welcome,Push,2025-01-19,1,3.08
CP001018,C03629,Summer Savings,SMS,2025-08-19,0,1.29
CP001019,C03673,Fashion Days,Email,2025-01-27,1,2.57
CP001020,C02152,Electronics Week,SMS,2025-12-02,1,3.54
CP001021,C02931,Fashion Days,Push,2025-03-13,0,7.52
CP001022,C03861,Win Back,Email,2025-08-26,0,4.81
CP001023,C04915,Festive Sale,Social,2025-09-05,0,0.58
CP001024,C01493,Fashion Days,Email,2025-08-12,1,2.18
CP001025,C00067,Festive Sale,Push,2025-01-02,0,7.5
CP001026,C04561,Festive Sale,Social,2025-06-07,0,6.33
CP001027,C03059,Win Back,Email,2025-06-20,0,6.37
CP001028,C02127,New Customer Welcome,Push,2025-05-18,0,2.29
CP001029,C02905,Electronics Week,Push,2025-02-20,1,2.93
CP001030,C01249,Festive Sale,Social,2025-07-12,0,2.39
CP001031,C03457,New Customer Welcome,Social,2025-06-02,0,4.09
CP001032,C00270,Electronics Week,Push,2025-07-23,0,6.1
CP001033,C00360,VIP Exclusive,Push,2025-11-06,0,2.85
CP001034,C00785,Festive Sale,WhatsApp,2025-12-11,0,5.69
CP001035,C03086,Festive Sale,Social,2025-07-07,1,3.37
CP001036,C00863,New Customer Welcome,WhatsApp,2025-09-28,0,7.89
CP001037,C01448,Summer Savings,Email,2025-09-21,0,3.54
CP001038,C04683,New Customer Welcome,Push,2025-06-07,0,6.98
CP001039,C04916,Festive Sale,Email,2025-02-27,0,6.45
CP001040,C00163,VIP Exclusive,WhatsApp,2025-09-12,1,2.59
CP001041,C01078,Electronics Week,Email,2025-02-20,0,2.24
CP001042,C00989,Summer Savings,WhatsApp,2025-08-12,0,2.04
CP001043,C02667,Summer Savings,Push,2025-10-25,0,4.19
CP001044,C01495,Electronics Week,Social,2025-07-26,0,1.39
CP001045,C01651,VIP Exclusive,SMS,2025-01-18,0,5.55
CP001046,C02915,Summer Savings,WhatsApp,2025-12-04,0,6.44
CP001047,C00943,Fashion Days,SMS,2025-06-11,0,3.84
CP001048,C04086,Festive Sale,Push,2025-09-07,0,7.31
CP001049,C01652,Fashion Days,Email,2025-02-11,1,3.51
CP001050,C03541,Win Back,Push,2025-05-04,0,0.83
CP001051,C02043,Electronics Week,Email,2025-10-18,0,3.04
CP001052,C00002,Win Back,Email,2025-09-11,1,6.77
CP001053,C01575,Win Back,Push,2025-01-14,0,2.24
CP001054,C04940,New Customer Welcome,SMS,2025-04-08,0,3.93
CP001055,C04758,Festive Sale,Email,2025-07-24,0,2.55
CP001056,C01960,Summer Savings,Email,2025-11-29,1,2.94
CP001057,C02308,Festive Sale,WhatsApp,2025-11-12,0,2.99
CP001058,C01092,Summer Savings,Email,2025-08-12,1,7.1
CP001059,C02724,Summer Savings,Push,2025-12-15,1,4.45
CP001060,C00755,Electronics Week,SMS,2025-06-18,0,6.36
CP001061,C02334,Fashion Days,Push,2025-11-20,0,7.61
CP001062,C01474,Electronics Week,Social,2025-12-04,0,5.52
CP001063,C04968,Win Back,Social,2025-03-11,0,4.31
CP001064,C02764,Electronics Week,Email,2025-08-25,0,2.19
CP001065,C04811,Electronics Week,Push,2025-10-03,1,3.68
CP001066,C03796,Summer Savings,WhatsApp,2025-07-14,1,6.07
CP001067,C00754,Win Back,Email,2025-04-04,0,7.53
CP001068,C01083,Electronics Week,Push,2025-08-26,1,2.83
CP001069,C00756,Win Back,Email,2025-07-29,0,2.2
CP001070,C00507,Win Back,Email,2025-12-13,0,3.46
CP001071,C02764,New Customer Welcome,WhatsApp,2025-03-04,0,1.68
CP001072,C00806,Festive Sale,SMS,2025-06-25,0,1.53
CP001073,C01104,Festive Sale,WhatsApp,2025-02-26,0,2.35
CP001074,C00533,Win Back,SMS,2025-06-07,1,3.23
CP001075,C03391,VIP Exclusive,SMS,2025-02-18,0,5.54
CP001076,C04849,Festive Sale,Social,2025-12-12,0,2.05
CP001077,C02765,Fashion Days,SMS,2025-06-12,0,1.78
CP001078,C00670,Fashion Days,Email,2025-05-07,0,2.74
CP001079,C01439,Fashion Days,Email,2025-04-07,0,3.11
CP001080,C00573,VIP Exclusive,Social,2025-03-07,0,6.42
CP001081,C02302,New Customer Welcome,SMS,2025-01-15,0,1.7
CP001082,C00242,Win Back,WhatsApp,2025-05-07,0,3.78
CP001083,C02941,New Customer Welcome,Email,2025-03-22,0,6.72
CP001084,C00071,New Customer Welcome,WhatsApp,2025-04-07,1,6.5
CP001085,C02972,Electronics Week,Email,2025-08-19,0,4.4
CP001086,C01131,Festive Sale,Push,2025-01-11,0,7.1
CP001087,C01214,New Customer Welcome,,2025-05-09,1,5.19
CP001088,C00575,New Customer Welcome,Social,2025-10-25,0,6.01
CP001089,C03294,New Customer Welcome,Social,2025-05-03,0,7.63
CP001090,C03480,New Customer Welcome,WhatsApp,2025-04-21,0,2.76
CP001091,C04818,VIP Exclusive,WhatsApp,2025-05-29,0,1.97
CP001092,C00917,Win Back,Email,2025-05-25,1,4.18
CP001093,C02159,Fashion Days,Email,2025-11-28,0,1.46
CP001094,C01555,Summer Savings,Email,2025-04-01,0,2.34
CP001095,C04787,Summer Savings,Push,2025-01-28,0,6.74
CP001096,C02437,VIP Exclusive,SMS,2025-11-23,0,1.6
CP001097,C04208,Electronics Week,Email,2025-02-16,0,6.17
CP001098,C01581,VIP Exclusive,SMS,2025-10-28,0,1.5
CP001099,C00071,New Customer Welcome,Email,2025-06-15,0,5.18
CP001100,C02262,Win Back,Push,2025-09-12,0,1.66
CP001101,C01474,New Customer Welcome,Push,2025-06-26,1,1.59
CP001102,C02226,Win Back,WhatsApp,2025-05-31,0,0.65
CP001103,C01952,Electronics Week,WhatsApp,2025-02-16,0,1.71
CP001104,C02066,New Customer Welcome,Push,2025-09-07,1,1.88
CP001105,C04768,Electronics Week,Email,2025-09-26,0,4.13
CP001106,C02973,Festive Sale,SMS,2025-11-12,0,7.89
CP001107,C00584,Fashion Days,Email,2025-06-10,0,0.66
CP001108,C03227,Summer Savings,SMS,2025-03-12,0,7.52
CP001109,C03604,Win Back,WhatsApp,2025-04-17,0,6.82
CP001110,C00245,Fashion Days,SMS,2025-04-24,1,2.69
CP001111,C02730,Summer Savings,Push,2025-08-03,1,3.31
CP001112,C02345,Festive Sale,SMS,2025-08-29,0,2.13
CP001113,C03860,Electronics Week,Email,2025-06-13,0,4.16
CP001114,C04510,Summer Savings,SMS,2025-08-27,0,1.24
CP001115,C02935,VIP Exclusive,Push,2025-09-06,0,5.93
CP001116,C01649,New Customer Welcome,Social,2025-06-02,0,1.44
CP001117,C04009,Win Back,Social,2025-12-10,0,0.92
CP001118,C04597,Electronics Week,Email,2025-09-12,0,3.06
CP001119,C03998,Festive Sale,Email,2025-11-14,0,5.59
CP001120,C01545,Fashion Days,Push,2025-10-31,0,3.92
CP001121,C00365,Electronics Week,WhatsApp,2025-07-03,0,1.19
CP001122,C01052,Summer Savings,WhatsApp,2025-08-17,1,4.16
CP001123,C01820,VIP Exclusive,SMS,2025-05-03,0,6.38
CP001124,C02592,Summer Savings,Email,2025-12-12,0,7.17
CP001125,C03167,Win Back,Email,2025-01-14,0,6.59
CP001126,C00027,Fashion Days,SMS,2025-01-23,0,0.54
CP001127,C04291,VIP Exclusive,Push,2025-11-14,0,1.85
CP001128,C00821,Festive Sale,Push,2025-12-05,1,4.04
CP001129,C02078,Fashion Days,Email,2025-01-13,1,5.71
CP001130,C00259,New Customer Welcome,Email,2025-12-07,0,3.89
CP001131,C04274,New Customer Welcome,Push,2025-03-17,0,7.43
CP001132,C03047,Fashion Days,Push,2025-10-30,0,2.56
CP001133,C00111,Electronics Week,Email,2025-06-05,0,4.05
CP001134,C01868,VIP Exclusive,Email,2025-08-21,0,1.57
CP001135,C01715,Electronics Week,Push,2025-09-30,0,5.89
CP001136,C01008,Fashion Days,Email,2025-02-07,0,1.25
CP001137,C00224,Festive Sale,WhatsApp,2025-11-06,1,3.04
CP001138,C02464,Electronics Week,Email,2025-11-30,0,3.13
CP001139,C01894,Summer Savings,Email,2025-06-02,0,6.76
CP001140,C01387,New Customer Welcome,Social,2025-12-08,0,7.77
CP001141,C03324,Summer Savings,Social,2025-11-25,0,7.71
CP001142,C01006,VIP Exclusive,SMS,2025-06-08,0,6.23
CP001143,C03405,Summer Savings,WhatsApp,2025-05-08,0,5.81
CP001144,C01310,Electronics Week,SMS,2025-08-14,0,4.18
CP001145,C02927,Festive Sale,Push,2025-04-20,0,0.75
CP001146,C03074,Fashion Days,Email,2025-03-03,1,6.48
CP001147,C04247,Electronics Week,Social,2025-05-03,0,0.9
CP001148,C02530,Festive Sale,SMS,2025-03-12,1,3.2
CP001149,C02342,Fashion Days,Push,2025-08-12,0,2.53
CP001150,C00944,New Customer Welcome,Social,2025-09-28,1,4.39
CP001151,C00443,Win Back,Social,2025-04-14,1,1.65
CP001152,C02930,Festive Sale,Email,2025-09-19,0,2.75
CP001153,C02506,Summer Savings,Email,2025-08-25,0,0.9
CP001154,C03393,Electronics Week,Social,2025-10-24,0,2.81
CP001155,C04990,Electronics Week,WhatsApp,2025-07-19,0,2.15
CP001156,C00981,Electronics Week,SMS,2025-07-08,1,2.9
CP001157,C00678,VIP Exclusive,Social,2025-07-27,0,2.89
CP001158,C01944,New Customer Welcome,WhatsApp,2025-04-01,0,7.77
CP001159,C04345,VIP Exclusive,WhatsApp,2025-06-04,1,4.6
CP001160,C04334,Electronics Week,Push,2025-08-29,1,5.7
CP001161,C00666,Win Back,Email,2025-01-08,1,6.48
CP001162,C00392,New Customer Welcome,WhatsApp,2025-10-02,1,3.44
CP001163,C03422,VIP Exclusive,WhatsApp,2025-05-18,0,6.73
CP001164,C01821,VIP Exclusive,Social,2025-08-20,0,1.31
CP001165,C03172,Electronics Week,WhatsApp,2025-11-06,0,5.0
CP001166,C00058,New Customer Welcome,Push,2025-01-31,0,2.29
CP001167,C00369,Electronics Week,Email,2025-03-08,0,5.39
CP001168,C03794,Fashion Days,Push,2025-01-04,0,2.05
CP001169,C02645,VIP Exclusive,Push,2025-02-03,0,5.44
CP001170,C04306,Summer Savings,WhatsApp,2025-01-18,1,5.87
CP001171,C02812,Win Back,Push,2025-01-30,0,7.77
CP001172,C00339,VIP Exclusive,Email,2025-01-19,0,7.48
CP001173,C02355,Win Back,Push,2025-02-27,0,2.81
CP001174,C04344,Win Back,WhatsApp,2025-01-01,0,0.58
CP001175,C01750,Electronics Week,Push,2025-08-25,0,0.96
CP001176,C03035,Festive Sale,Push,2025-07-20,0,6.44
CP001177,C04718,Summer Savings,Social,2025-11-04,0,2.45
CP001178,C04948,Fashion Days,WhatsApp,2025-10-18,0,1.5
CP001179,C00504,Festive Sale,WhatsApp,2025-04-22,0,3.25
CP001180,C00564,Summer Savings,WhatsApp,2025-06-08,1,6.08
CP001181,C02675,Win Back,SMS,2025-07-28,0,3.83
CP001182,C00934,Festive Sale,WhatsApp,2025-07-01,0,1.69
CP001183,C04418,VIP Exclusive,SMS,2025-06-08,0,1.54
CP001184,C04511,VIP Exclusive,Push,2025-09-26,0,5.94
CP001185,C04309,New Customer Welcome,Email,2025-12-11,0,2.8
CP001186,C01910,Win Back,Push,2025-03-26,0,5.55
CP001187,C02181,New Customer Welcome,Email,2025-08-22,0,5.24
CP001188,C02262,Electronics Week,Email,2025-01-24,0,6.57
CP001189,C00808,Festive Sale,Push,2025-09-04,0,7.3
CP001190,C04147,New Customer Welcome,Email,2025-07-22,0,4.21
CP001191,C00848,Fashion Days,Email,2025-04-07,0,7.05
CP001192,C03651,Summer Savings,WhatsApp,2025-04-16,1,7.28
CP001193,C00719,Win Back,Email,2025-01-18,0,4.76
CP001194,C02482,Electronics Week,SMS,2025-05-23,0,1.96
CP001195,C01610,New Customer Welcome,Email,2025-06-14,0,4.1
CP001196,C00714,Electronics Week,Email,2025-07-14,0,2.01
CP001197,C04717,Summer Savings,SMS,2025-05-05,0,3.2
CP001198,C00197,Win Back,Push,2025-04-07,0,1.55
CP001199,C01836,Festive Sale,Email,2025-02-22,1,7.01
CP001200,C02252,Fashion Days,SMS,2025-01-13,0,7.93
CP001201,C02444,Win Back,Social,2025-12-04,1,3.06
CP001202,C01448,Festive Sale,Email,2025-04-02,0,3.8
CP001203,C01075,Win Back,SMS,2025-01-03,0,7.88
CP001204,C00022,Win Back,WhatsApp,2025-04-14,0,7.84
CP001205,C02159,Summer Savings,WhatsApp,2025-05-10,1,1.78
CP001206,C00419,Win Back,WhatsApp,2025-10-23,0,5.87
CP001207,C01065,Summer Savings,Push,2025-12-10,0,5.26
CP001208,C00626,Win Back,Push,2025-12-13,0,6.44
CP001209,C03651,Festive Sale,Email,2025-01-22,0,3.38
CP001210,C00249,Win Back,Email,2025-09-05,0,3.0
CP001211,C03849,New Customer Welcome,SMS,2025-05-15,1,4.0
CP001212,C03212,Win Back,Push,2025-01-31,0,7.0
CP001213,C00155,Fashion Days,WhatsApp,2025-10-02,1,6.79
CP001214,C02709,Electronics Week,SMS,2025-10-31,0,3.45
CP001215,C02429,VIP Exclusive,Social,2025-09-12,0,5.93
CP001216,C04706,VIP Exclusive,SMS,2025-01-13,0,6.37
CP001217,C00995,Festive Sale,Push,2025-11-20,0,5.83
CP001218,C03626,Festive Sale,WhatsApp,2025-08-18,0,4.95
CP001219,C04796,Fashion Days,WhatsApp,2025-01-30,1,3.31
CP001220,C00672,New Customer Welcome,SMS,2025-11-23,0,6.42
CP001221,C04335,Win Back,WhatsApp,2025-12-11,0,6.11
CP001222,C01376,New Customer Welcome,WhatsApp,2025-04-17,0,2.4
CP001223,C01439,Electronics Week,SMS,2025-07-18,1,5.78
CP001224,C02380,Summer Savings,Email,2025-09-11,1,0.79
CP001225,C01433,New Customer Welcome,Push,2025-05-19,1,2.59
CP001226,C02257,Summer Savings,Push,2025-02-11,0,7.24
CP001227,C01731,VIP Exclusive,Email,2025-11-27,0,3.38
CP001228,C02560,Electronics Week,Email,2025-01-31,0,3.14
CP001229,C02100,Electronics Week,SMS,2025-07-28,0,2.04
CP001230,C02504,Fashion Days,Push,2025-05-08,0,4.43
CP001231,C04442,Summer Savings,SMS,2025-04-09,0,6.03
CP001232,C00772,Festive Sale,WhatsApp,2025-02-14,1,5.84
CP001233,C03772,Fashion Days,Email,2025-05-22,0,4.63
CP001234,C01450,Win Back,WhatsApp,2025-09-11,0,5.18
CP001235,C00071,Summer Savings,SMS,2025-02-25,1,3.66
CP001236,C03052,VIP Exclusive,Push,2025-04-16,0,5.51
CP001237,C00324,Win Back,SMS,2025-06-12,0,2.41
CP001238,C04140,VIP Exclusive,Email,2025-06-17,0,7.32
CP001239,C04100,Summer Savings,Push,2025-08-21,0,1.1
CP001240,C04073,Win Back,WhatsApp,2025-08-28,0,5.28
CP001241,C02057,Summer Savings,WhatsApp,2025-01-21,0,0.58
CP001242,C00897,Electronics Week,WhatsApp,2025-10-04,1,6.39
CP001243,C01369,Electronics Week,Email,2025-02-27,0,5.26
CP001244,C02129,Summer Savings,Push,2025-09-09,0,5.04
CP001245,C00780,Summer Savings,WhatsApp,2025-04-09,0,1.85
CP001246,C00520,VIP Exclusive,Email,2025-03-21,0,2.92
CP001247,C03591,Win Back,Email,2025-08-28,0,3.61
CP001248,C01103,Fashion Days,Social,2025-08-30,0,5.05
CP001249,C01473,New Customer Welcome,Push,2025-02-28,0,6.46
CP001250,C00269,New Customer Welcome,Social,2025-12-12,0,1.17
CP001251,C00524,Festive Sale,WhatsApp,2025-07-24,0,6.71
CP001252,C02563,Fashion Days,Email,2025-09-10,0,6.77
CP001253,C03097,New Customer Welcome,Email,2025-08-31,1,3.24
CP001254,C02362,Fashion Days,Push,2025-06-13,0,4.54
CP001255,C03877,VIP Exclusive,Social,2025-01-29,0,2.07
CP001256,C02945,VIP Exclusive,Email,2025-10-14,1,4.93
CP001257,C02062,Fashion Days,Push,2025-02-19,1,2.59
CP001258,C03410,Electronics Week,Push,2025-05-20,0,2.05
CP001259,C00906,New Customer Welcome,Email,2025-11-10,0,7.79
CP001260,C04820,Festive Sale,WhatsApp,2025-12-09,0,7.4
CP001261,C01142,Fashion Days,WhatsApp,2025-11-23,1,2.75
CP001262,C02381,Summer Savings,Social,2025-10-13,0,4.58
CP001263,C02170,VIP Exclusive,SMS,2025-11-29,0,5.27
CP001264,C02545,VIP Exclusive,Social,2025-02-06,0,2.57
CP001265,C01897,Electronics Week,Push,2025-10-22,0,6.72
CP001266,C04639,Electronics Week,Email,2025-11-28,1,1.74
CP001267,C00506,Electronics Week,Email,2025-07-17,0,4.56
CP001268,C03478,New Customer Welcome,SMS,2025-08-17,0,7.01
CP001269,C04678,Summer Savings,SMS,2025-06-20,0,7.02
CP001270,C00916,VIP Exclusive,Email,2025-02-08,0,6.31
CP001271,C00379,Win Back,WhatsApp,2025-05-11,0,1.62
CP001272,C02588,Festive Sale,Email,2025-07-13,0,5.91
CP001273,C03326,New Customer Welcome,Email,2025-12-12,0,6.88
CP001274,C04355,Electronics Week,Email,2025-04-23,0,1.18
CP001275,C00907,New Customer Welcome,SMS,2025-03-19,0,0.66
CP001276,C03151,Electronics Week,Email,2025-10-03,0,7.18
CP001277,C01739,Electronics Week,WhatsApp,2025-06-11,0,3.44
CP001278,C03001,Fashion Days,Push,2025-03-03,0,0.52
CP001279,C00146,Summer Savings,Email,2025-01-11,0,7.59
CP001280,C00623,Fashion Days,Push,2025-09-23,0,3.13
CP001281,C01257,VIP Exclusive,Email,2025-07-14,0,5.41
CP001282,C01535,Festive Sale,WhatsApp,2025-08-07,0,5.0
CP001283,C01497,VIP Exclusive,Email,2025-02-10,0,6.32
CP001284,C00807,Win Back,Push,2025-02-26,0,4.66
CP001285,C00126,Fashion Days,WhatsApp,2025-08-23,1,4.89
CP001286,C02074,VIP Exclusive,SMS,2025-05-19,0,2.44
CP001287,C02044,Fashion Days,WhatsApp,2025-06-13,0,3.34
CP001288,C00380,Summer Savings,WhatsApp,2025-04-09,0,0.65
CP001289,C03467,Festive Sale,Social,2025-07-07,1,4.58
CP001290,C02280,New Customer Welcome,Email,2025-08-03,0,3.36
CP001291,C04477,Fashion Days,SMS,2025-06-23,1,3.94
CP001292,C01333,VIP Exclusive,Email,2025-01-10,1,7.69
CP001293,C04276,VIP Exclusive,Push,2025-01-18,0,3.6
CP001294,C02793,Electronics Week,WhatsApp,2025-01-05,0,7.82
CP001295,C04183,Summer Savings,Social,2025-12-14,0,2.35
CP001296,C01375,VIP Exclusive,Email,2025-11-25,0,1.09
CP001297,C03600,Fashion Days,WhatsApp,2025-03-22,0,6.97
CP001298,C04695,VIP Exclusive,SMS,2025-04-27,1,0.73
CP001299,C03714,Fashion Days,Push,2025-08-04,0,4.4
CP001300,C02853,VIP Exclusive,Email,2025-05-31,0,4.22
CP001301,C00145,VIP Exclusive,WhatsApp,2025-11-09,1,6.63
CP001302,C00975,VIP Exclusive,Email,2025-03-09,0,3.58
CP001303,C01958,Summer Savings,Email,2025-06-26,0,5.8
CP001304,C03499,VIP Exclusive,WhatsApp,2025-06-12,0,6.24
CP001305,C03283,Win Back,Email,2025-06-01,0,3.58
CP001306,C02566,VIP Exclusive,WhatsApp,2025-03-17,0,5.91
CP001307,C04738,Electronics Week,WhatsApp,2025-06-06,0,3.97
CP001308,C00061,Electronics Week,SMS,2025-01-02,0,3.18
CP001309,C03075,Win Back,Email,2025-07-20,0,7.87
CP001310,C02953,Festive Sale,WhatsApp,2025-04-22,0,7.88
CP001311,C00645,Win Back,WhatsApp,2025-01-23,0,6.25
CP001312,C02616,Electronics Week,WhatsApp,2025-09-19,0,7.62
CP001313,C04305,Festive Sale,WhatsApp,2025-08-04,0,4.38
CP001314,C00131,VIP Exclusive,WhatsApp,2025-08-30,0,5.19
CP001315,C04240,Fashion Days,WhatsApp,2025-06-20,0,5.93
CP001316,C04973,New Customer Welcome,Social,2025-05-07,0,2.12
CP001317,C03716,Fashion Days,Email,2025-05-25,1,1.11
CP001318,C02083,New Customer Welcome,WhatsApp,2025-03-27,0,4.49
CP001319,C00542,Electronics Week,Email,2025-05-22,0,6.55
CP001320,C03149,Fashion Days,Email,2025-04-21,0,2.8
CP001321,C01941,Win Back,WhatsApp,2025-04-11,1,7.95
CP001322,C00256,Summer Savings,WhatsApp,2025-07-27,0,0.6
CP001323,C01671,Festive Sale,Email,2025-08-29,0,5.86
CP001324,C01064,Festive Sale,Email,2025-01-02,0,7.13
CP001325,C03048,Win Back,Push,2025-04-01,1,1.55
CP001326,C03446,VIP Exclusive,WhatsApp,2025-10-01,0,0.99
CP001327,C00443,Electronics Week,SMS,2025-05-31,0,2.02
CP001328,C01837,Summer Savings,WhatsApp,2025-03-21,0,6.65
CP001329,C02060,Electronics Week,Social,2025-07-16,0,3.18
CP001330,C03729,VIP Exclusive,Social,2025-08-04,0,6.46
CP001331,C04962,Win Back,Social,2025-01-25,0,3.43
CP001332,C04418,Summer Savings,WhatsApp,2025-01-10,0,4.51
CP001333,C02160,VIP Exclusive,Push,2025-03-14,0,7.31
CP001334,C04305,Summer Savings,SMS,2025-01-19,1,5.4
CP001335,C03922,Fashion Days,Push,2025-11-23,1,5.57
CP001336,C02539,Summer Savings,WhatsApp,2025-04-17,0,7.73
CP001337,C02739,VIP Exclusive,Push,2025-06-13,0,3.09
CP001338,C02367,New Customer Welcome,Email,2025-10-04,0,5.74
CP001339,C04456,Electronics Week,Social,2025-04-13,0,4.78
CP001340,C04447,Festive Sale,Push,2025-09-20,0,0.82
CP001341,C00899,Festive Sale,Email,2025-11-12,0,4.21
CP001342,C01427,Win Back,Push,2025-10-26,0,3.43
CP001343,C03217,VIP Exclusive,SMS,2025-11-21,1,4.19
CP001344,C00939,Fashion Days,SMS,2025-03-31,0,6.29
CP001345,C04900,VIP Exclusive,Push,2025-12-05,0,6.34
CP001346,C02279,Electronics Week,WhatsApp,2025-08-08,0,1.14
CP001347,C03224,Win Back,Social,2025-02-19,0,3.0
CP001348,C01517,Festive Sale,SMS,2025-03-26,0,3.71
CP001349,C00108,Festive Sale,WhatsApp,2025-07-21,1,4.82
CP001350,C00646,Festive Sale,SMS,2025-05-19,1,1.25
CP001351,C00814,Win Back,Push,2025-07-30,0,3.11
CP001352,C02499,Win Back,Push,2025-02-03,0,1.97
CP001353,C02023,Festive Sale,WhatsApp,2025-05-19,0,2.75
CP001354,C02004,Win Back,Social,2025-08-09,0,3.58
CP001355,C01004,New Customer Welcome,WhatsApp,2025-11-29,0,3.8
CP001356,C00613,Festive Sale,SMS,2025-10-03,0,4.83
CP001357,C00221,VIP Exclusive,Email,2025-08-30,0,4.08
CP001358,C03251,Win Back,Email,2025-05-25,0,5.96
CP001359,C03411,VIP Exclusive,Social,2025-03-28,0,3.02
CP001360,C04991,Fashion Days,WhatsApp,2025-08-14,0,5.34
CP001361,C00545,Fashion Days,WhatsApp,2025-09-06,0,5.12
CP001362,C00240,Win Back,WhatsApp,2025-07-02,0,6.73
CP001363,C03844,Summer Savings,Push,2025-04-30,0,4.8
CP001364,C03066,Fashion Days,SMS,2025-12-06,0,2.72
CP001365,C00411,Summer Savings,Social,2025-02-04,0,6.62
CP001366,C03928,Festive Sale,WhatsApp,2025-11-04,0,6.18
CP001367,C02641,New Customer Welcome,Email,2025-10-19,1,2.32
CP001368,C00747,Festive Sale,WhatsApp,2025-06-23,1,5.09
CP001369,C00898,New Customer Welcome,Email,2025-08-25,0,0.67
CP001370,C04482,VIP Exclusive,WhatsApp,2025-10-12,0,6.2
CP001371,C03506,Win Back,Push,2025-10-25,1,1.36
CP001372,C03418,Summer Savings,Push,2025-01-13,1,5.79
CP001373,C02895,VIP Exclusive,SMS,2025-07-05,0,1.82
CP001374,C03642,New Customer Welcome,SMS,2025-09-25,0,2.35
CP001375,C01985,Electronics Week,Push,2025-02-03,0,6.98
CP001376,C00795,Summer Savings,Push,2025-07-03,0,3.34
CP001377,C01100,Fashion Days,Email,2025-01-19,0,5.55
CP001378,C02892,Fashion Days,SMS,2025-09-18,1,6.0
CP001379,C00548,Fashion Days,WhatsApp,2025-01-13,0,2.98
CP001380,C00690,Summer Savings,WhatsApp,2025-08-08,0,3.45
CP001381,C03822,New Customer Welcome,Email,2025-08-02,1,2.29
CP001382,C00011,New Customer Welcome,SMS,2025-09-30,0,5.18
CP001383,C02170,Fashion Days,Email,2025-01-08,0,6.85
CP001384,C04831,Festive Sale,SMS,2025-05-03,1,7.57
CP001385,C03983,Electronics Week,SMS,2025-11-08,0,4.42
CP001386,C02503,VIP Exclusive,WhatsApp,2025-06-19,0,7.12
CP001387,C02567,VIP Exclusive,SMS,2025-11-24,0,7.77
CP001388,C00209,Summer Savings,Social,2025-12-07,0,1.16
CP001389,C02139,Summer Savings,Email,2025-02-17,0,7.5
CP001390,C00858,Summer Savings,SMS,2025-05-12,1,4.05
CP001391,C04986,VIP Exclusive,Email,2025-04-02,0,0.82
CP001392,C03417,Electronics Week,Social,2025-01-09,0,7.55
CP001393,C01280,New Customer Welcome,WhatsApp,2025-05-06,0,4.63
CP001394,C01142,Summer Savings,Email,2025-01-30,0,6.46
CP001395,C03162,Win Back,SMS,2025-06-02,1,3.17
CP001396,C04385,Win Back,Email,2025-04-20,0,1.46
CP001397,C04395,New Customer Welcome,Email,2025-06-28,1,6.28
CP001398,C00137,Festive Sale,Push,2025-06-22,0,2.43
CP001399,C02516,Win Back,SMS,2025-12-08,0,1.52
CP001400,C01746,Festive Sale,Email,2025-07-21,0,1.22
CP001401,C02413,Festive Sale,Email,2025-07-17,0,3.64
CP001402,C02152,Win Back,WhatsApp,2025-02-11,1,3.64
CP001403,C04417,Festive Sale,Email,2025-12-02,0,5.15
CP001404,C03825,Electronics Week,WhatsApp,2025-08-15,0,5.86
CP001405,C01011,Fashion Days,WhatsApp,2025-02-20,0,0.9
CP001406,C01257,New Customer Welcome,SMS,2025-11-03,0,1.99
CP001407,C03424,Summer Savings,WhatsApp,2025-08-16,0,6.17
CP001408,C02240,New Customer Welcome,WhatsApp,2025-08-24,0,4.27
CP001409,C02035,Electronics Week,Email,2025-07-23,0,6.27
CP001410,C00615,New Customer Welcome,SMS,2025-10-17,1,2.06
CP001411,C03025,Win Back,Push,2025-08-05,0,4.65
CP001412,C02919,Festive Sale,SMS,2025-06-04,0,3.01
CP001413,C01115,Win Back,Push,2025-08-07,0,3.52
CP001414,C00922,Electronics Week,Social,2025-02-13,0,4.13
CP001415,C04661,Win Back,Email,2025-04-09,0,7.36
CP001416,C04813,Fashion Days,Social,2025-05-13,1,5.79
CP001417,C02808,Win Back,Email,2025-02-27,0,3.18
CP001418,C00870,Electronics Week,Email,2025-03-06,1,5.17
CP001419,C00544,VIP Exclusive,Social,2025-07-13,0,4.02
CP001420,C04770,New Customer Welcome,Push,2025-03-06,0,6.88
CP001421,C02722,Festive Sale,Email,2025-08-18,1,1.9
CP001422,C03855,Festive Sale,Push,2025-04-07,1,2.18
CP001423,C01984,New Customer Welcome,WhatsApp,2025-08-17,1,5.13
CP001424,C02036,Festive Sale,WhatsApp,2025-06-13,0,3.75
CP001425,C03188,Fashion Days,Social,2025-05-01,0,3.58
CP001426,C02945,Festive Sale,Email,2025-11-06,0,7.49
CP001427,C03565,Win Back,Social,2025-05-18,0,2.72
CP001428,C04537,Fashion Days,SMS,2025-02-09,0,7.13
CP001429,C02799,Win Back,SMS,2025-02-03,0,3.36
CP001430,C00896,Festive Sale,Email,2025-09-22,0,4.94
CP001431,C03636,VIP Exclusive,Social,2025-10-16,0,1.22
CP001432,C02358,VIP Exclusive,Push,2025-05-05,1,0.89
CP001433,C00284,Festive Sale,SMS,2025-10-29,1,2.61
CP001434,C01769,Win Back,SMS,2025-05-19,0,2.38
CP001435,C01619,New Customer Welcome,WhatsApp,2025-02-17,0,5.26
CP001436,C03249,New Customer Welcome,WhatsApp,2025-06-30,0,1.12
CP001437,C02064,Win Back,SMS,2025-01-05,0,6.19
CP001438,C04021,VIP Exclusive,Email,2025-09-19,1,6.17
CP001439,C04360,Electronics Week,Email,2025-05-22,1,1.96
CP001440,C02786,Electronics Week,WhatsApp,2025-08-27,0,5.59
CP001441,C03688,VIP Exclusive,WhatsApp,2025-05-13,0,0.94
CP001442,C03833,Fashion Days,Push,2025-06-29,0,1.79
CP001443,C02637,Festive Sale,Push,2025-12-12,1,5.12
CP001444,C04332,Festive Sale,Social,2025-01-05,0,4.46
CP001445,C00300,New Customer Welcome,Email,2025-02-02,0,1.28
CP001446,C04346,New Customer Welcome,Email,2025-07-19,0,6.27
CP001447,C03549,Summer Savings,Push,2025-09-02,0,3.2
CP001448,C02596,Festive Sale,SMS,2025-02-13,0,5.46
CP001449,C00061,Fashion Days,WhatsApp,2025-09-19,0,5.43
CP001450,C00592,New Customer Welcome,Social,2025-05-27,0,5.78
CP001451,C02181,Electronics Week,Social,2025-06-28,0,4.83
CP001452,C01590,Festive Sale,Email,2025-06-03,0,4.84
CP001453,C01980,Festive Sale,Email,2025-08-16,0,5.02
CP001454,C01838,Festive Sale,Email,2025-08-31,0,4.5
CP001455,C00389,Electronics Week,WhatsApp,2025-11-02,0,3.93
CP001456,C02679,VIP Exclusive,Email,2025-02-05,0,3.89
CP001457,C00914,Electronics Week,Email,2025-07-27,0,4.51
CP001458,C00106,Festive Sale,SMS,2025-07-20,0,2.67
CP001459,C00506,New Customer Welcome,SMS,2025-03-24,0,5.92
CP001460,C02375,Win Back,Email,2025-01-15,1,1.7
CP001461,C01216,Fashion Days,Email,2025-10-16,0,1.17
CP001462,C01538,Win Back,Push,2025-11-25,0,7.52
CP001463,C02816,Summer Savings,Push,2025-11-04,0,0.6
CP001464,C03323,Summer Savings,WhatsApp,2025-11-22,1,0.89
CP001465,C00199,Electronics Week,WhatsApp,2025-05-14,0,2.79
CP001466,C04036,Win Back,WhatsApp,2025-03-18,1,5.75
CP001467,C01093,VIP Exclusive,Social,2025-08-26,0,3.6
CP001468,C03692,Fashion Days,SMS,2025-08-13,0,1.5
CP001469,C03243,VIP Exclusive,Social,2025-11-18,1,5.35
CP001470,C03819,Fashion Days,WhatsApp,2025-04-20,0,7.35
CP001471,C01865,New Customer Welcome,Social,2025-03-09,1,7.54
CP001472,C04052,Fashion Days,Email,2025-02-24,1,6.76
CP001473,C01868,VIP Exclusive,Push,2025-10-26,1,0.57
CP001474,C04610,Win Back,Social,2025-07-03,0,5.09
CP001475,C01889,Summer Savings,WhatsApp,2025-06-23,0,0.98
CP001476,C03599,Fashion Days,Email,2025-08-07,0,5.17
CP001477,C03106,Summer Savings,Email,2025-03-18,0,2.12
CP001478,C00600,Win Back,SMS,2025-09-01,0,5.31
CP001479,C04039,Fashion Days,SMS,2025-02-07,0,5.96
CP001480,C03072,Electronics Week,SMS,2025-11-26,0,4.61
CP001481,C02364,VIP Exclusive,SMS,2025-06-20,0,3.97
CP001482,C02230,Summer Savings,Email,2025-05-17,0,5.82
CP001483,C00340,Fashion Days,WhatsApp,2025-06-22,0,5.26
CP001484,C02667,Festive Sale,SMS,2025-05-04,0,3.91
CP001485,C00054,Fashion Days,Email,2025-03-11,0,5.48
CP001486,C02536,Fashion Days,Social,2025-01-16,0,4.51
CP001487,C02863,Festive Sale,Push,2025-01-25,1,4.46
CP001488,C02023,Summer Savings,SMS,2025-10-16,0,6.83
CP001489,C02638,Electronics Week,SMS,2025-12-08,0,3.68
CP001490,C03030,Win Back,Social,2025-07-04,0,1.06
CP001491,C01576,Electronics Week,Push,2025-02-23,0,7.41
CP001492,C03837,Festive Sale,SMS,2025-10-12,0,0.58
CP001493,C00264,Win Back,Email,2025-01-05,0,1.86
CP001494,C04653,Summer Savings,Social,2025-09-02,0,1.3
CP001495,C03711,Fashion Days,Social,2025-01-28,0,4.6
CP001496,C03545,New Customer Welcome,Email,2025-08-25,1,7.7
CP001497,C03323,New Customer Welcome,WhatsApp,2025-07-07,0,4.57
CP001498,C04062,Summer Savings,Social,2025-09-25,0,2.12
CP001499,C04059,VIP Exclusive,Email,2025-11-27,0,7.75
CP001500,C03761,Win Back,Email,2025-10-03,0,2.19
CP001501,C02787,Festive Sale,Email,2025-06-22,0,7.24
CP001502,C02563,Win Back,Email,2025-02-19,0,0.52
CP001503,C02005,New Customer Welcome,WhatsApp,2025-08-14,1,7.75
CP001504,C00316,Win Back,SMS,2025-03-24,0,5.71
CP001505,C00053,New Customer Welcome,WhatsApp,2025-05-27,1,0.53
CP001506,C00467,VIP Exclusive,Push,2025-11-03,0,7.43
CP001507,C03760,Win Back,Email,2025-03-28,0,6.42
CP001508,C00452,Festive Sale,Email,2025-08-05,1,6.89
CP001509,C00319,Festive Sale,Email,2025-11-13,1,6.64
CP001510,C04229,New Customer Welcome,Email,2025-03-08,1,2.65
CP001511,C00244,Fashion Days,Push,2025-09-27,1,2.85
CP001512,C04625,Festive Sale,SMS,2025-06-11,0,4.47
CP001513,C04458,New Customer Welcome,Social,2025-06-24,0,1.14
CP001514,C04576,VIP Exclusive,Push,2025-08-27,0,5.35
CP001515,C04302,Summer Savings,WhatsApp,2025-01-13,0,2.72
CP001516,C01744,Fashion Days,Push,2025-02-02,1,1.7
CP001517,C00924,Fashion Days,SMS,2025-02-17,0,0.8
CP001518,C04386,Festive Sale,Email,2025-04-24,0,2.94
CP001519,C00262,VIP Exclusive,Push,2025-08-15,0,0.61
CP001520,C00637,Electronics Week,Email,2025-10-06,0,7.23
CP001521,C01825,VIP Exclusive,Social,2025-09-06,0,1.63
CP001522,C04256,Festive Sale,Email,2025-03-21,0,1.03
CP001523,C01742,VIP Exclusive,Social,2025-06-09,1,1.77
CP001524,C04329,Fashion Days,Social,2025-03-21,1,1.34
CP001525,C04997,Electronics Week,WhatsApp,2025-07-05,0,7.72
CP001526,C03227,Win Back,Email,2025-08-13,0,6.87
CP001527,C02822,Festive Sale,Email,2025-04-15,0,2.12
CP001528,C01527,VIP Exclusive,Email,2025-11-22,1,5.29
CP001529,C02698,Festive Sale,Push,2025-02-07,0,3.76
CP001530,C03134,Fashion Days,Email,2025-01-26,1,0.71
CP001531,C00108,Win Back,Email,2025-03-07,0,6.89
CP001532,C03253,Festive Sale,Email,2025-02-25,0,0.53
CP001533,C03187,VIP Exclusive,WhatsApp,2025-11-28,0,3.42
CP001534,C02574,VIP Exclusive,Push,2025-10-08,0,7.27
CP001535,C00871,Win Back,Social,2025-06-08,1,1.51
CP001536,C04540,Win Back,SMS,2025-11-30,0,3.13
CP001537,C02742,VIP Exclusive,Social,2025-04-22,1,2.05
CP001538,C02089,Win Back,Email,2025-02-14,0,1.59
CP001539,C00786,Electronics Week,SMS,2025-03-13,0,2.68
CP001540,C03023,Win Back,Email,2025-08-31,0,3.71
CP001541,C03379,Win Back,SMS,2025-11-23,0,6.61
CP001542,C03553,Festive Sale,Email,2025-06-11,0,0.85
CP001543,C03312,Fashion Days,Email,2025-03-28,0,3.55
CP001544,C03891,Fashion Days,WhatsApp,2025-09-02,0,4.14
CP001545,C03624,Festive Sale,Email,2025-05-10,0,3.13
CP001546,C02163,Summer Savings,Push,2025-06-17,0,1.99
CP001547,C03776,Festive Sale,Push,2025-08-02,0,2.75
CP001548,C04283,Electronics Week,WhatsApp,2025-10-16,1,6.95
CP001549,C04378,Fashion Days,Email,2025-08-15,0,6.36
CP001550,C04577,VIP Exclusive,Social,2025-12-08,0,3.84
CP001551,C00489,VIP Exclusive,Push,2025-01-27,0,1.95
CP001552,C02161,Electronics Week,Email,2025-03-18,0,7.44
CP001553,C01367,Festive Sale,Social,2025-04-04,0,2.04
CP001554,C01971,Win Back,Email,2025-10-13,0,7.57
CP001555,C03223,Summer Savings,Social,2025-10-02,0,6.69
CP001556,C01683,New Customer Welcome,Social,2025-01-18,0,1.77
CP001557,C03082,Win Back,SMS,2025-01-01,0,4.42
CP001558,C01875,Festive Sale,Push,2025-09-07,0,0.85
CP001559,C03938,New Customer Welcome,WhatsApp,2025-07-03,0,7.82
CP001560,C00834,Win Back,Push,2025-04-17,0,4.44
CP001561,C00750,Electronics Week,SMS,2025-02-21,0,0.55
CP001562,C00902,Electronics Week,WhatsApp,2025-09-27,1,2.55
CP001563,C01771,Electronics Week,WhatsApp,2025-06-14,1,2.13
CP001564,C00423,Win Back,SMS,2025-05-27,1,5.37
CP001565,C01604,Fashion Days,Push,2025-12-02,0,2.45
CP001566,C00247,Win Back,Email,2025-05-13,0,7.31
CP001567,C03436,New Customer Welcome,Email,2025-10-30,0,2.56
CP001568,C02205,Festive Sale,WhatsApp,2025-04-11,0,7.97
CP001569,C00728,Win Back,Social,2025-04-06,0,7.35
CP001570,C01369,Win Back,SMS,2025-08-22,0,4.0
CP001571,C01169,VIP Exclusive,Email,2025-10-21,1,5.94
CP001572,C04262,Electronics Week,Social,2025-10-10,0,2.62
CP001573,C02105,Electronics Week,WhatsApp,2025-07-28,1,7.11
CP001574,C03149,Win Back,WhatsApp,2025-11-10,0,7.55
CP001575,C03114,Win Back,WhatsApp,2025-09-23,0,3.25
CP001576,C00305,Fashion Days,SMS,2025-05-09,0,7.32
CP001577,C03261,Win Back,Push,2025-08-08,0,7.42
CP001578,C01431,Festive Sale,Email,2025-07-17,0,6.57
CP001579,C02700,Fashion Days,Push,2025-03-18,0,5.41
CP001580,C03460,Win Back,Social,2025-09-02,0,4.73
CP001581,C00983,New Customer Welcome,Push,2025-05-26,0,0.58
CP001582,C00937,Win Back,WhatsApp,2025-07-22,0,3.02
CP001583,C03618,Electronics Week,Social,2025-09-21,0,1.98
CP001584,C03440,Fashion Days,Push,2025-02-17,0,4.36
CP001585,C02081,Electronics Week,WhatsApp,2025-10-05,0,2.82
CP001586,C04197,Summer Savings,WhatsApp,2025-04-22,0,1.17
CP001587,C04749,New Customer Welcome,WhatsApp,2025-10-14,0,5.64
CP001588,C01536,Fashion Days,Email,2025-01-22,0,1.81
CP001589,C03382,New Customer Welcome,Push,2025-09-21,0,7.63
CP001590,C03745,Win Back,Push,2025-06-29,0,7.47
CP001591,C04947,VIP Exclusive,SMS,2025-09-18,1,2.62
CP001592,C03327,Win Back,Email,2025-10-02,1,5.87
CP001593,C02386,VIP Exclusive,WhatsApp,2025-03-06,0,1.82
CP001594,C01460,Electronics Week,WhatsApp,2025-02-02,0,7.1
CP001595,C04994,Electronics Week,Social,2025-10-19,0,5.58
CP001596,C01835,Festive Sale,,2025-11-14,0,7.67
CP001597,C03948,Summer Savings,SMS,2025-04-25,1,5.24
CP001598,C01205,Festive Sale,WhatsApp,2025-02-23,0,5.97
CP001599,C04055,New Customer Welcome,WhatsApp,2025-07-13,0,1.65
CP001600,C01604,Win Back,Push,2025-05-09,0,5.19
CP001601,C01799,New Customer Welcome,WhatsApp,2025-03-21,0,4.62
CP001602,C03161,Fashion Days,Email,2025-08-13,0,6.3
CP001603,C00626,Win Back,Push,2025-08-21,1,5.22
CP001604,C04728,Electronics Week,SMS,2025-04-28,0,2.14
CP001605,C01920,Festive Sale,Email,2025-10-30,0,4.17
CP001606,C03423,New Customer Welcome,Email,2025-04-22,1,6.7
CP001607,C01749,New Customer Welcome,Email,2025-11-14,0,3.79
CP001608,C03671,Electronics Week,WhatsApp,2025-10-25,0,2.23
CP001609,C02700,Festive Sale,Email,2025-08-08,0,5.64
CP001610,C01544,New Customer Welcome,Email,2025-02-28,0,7.23
CP001611,C03590,VIP Exclusive,Email,2025-09-11,0,3.93
CP001612,C04006,Summer Savings,SMS,2025-05-20,0,5.4
CP001613,C03405,Summer Savings,Social,2025-01-13,0,3.18
CP001614,C04959,Festive Sale,Email,2025-01-31,1,6.48
CP001615,C01248,Fashion Days,SMS,2025-09-08,0,6.94
CP001616,C02576,Summer Savings,WhatsApp,2025-07-24,0,3.49
CP001617,C04683,New Customer Welcome,Push,2025-09-21,0,5.37
CP001618,C00732,VIP Exclusive,Social,2025-03-04,1,4.12
CP001619,C02524,Festive Sale,Push,2025-08-23,0,2.94
CP001620,C03939,Win Back,SMS,2025-06-10,0,2.92
CP001621,C03498,Fashion Days,Email,2025-11-20,1,2.95
CP001622,C03603,Electronics Week,Social,2025-08-06,1,7.03
CP001623,C02685,Win Back,Email,2025-04-04,0,1.84
CP001624,C00157,Fashion Days,Push,2025-12-09,1,2.59
CP001625,C04787,Fashion Days,Email,2025-10-12,0,3.16
CP001626,C03185,Electronics Week,Email,2025-09-19,0,4.25
CP001627,C04036,Summer Savings,,2025-05-25,1,4.37
CP001628,C01091,New Customer Welcome,Email,2025-09-08,1,2.8
CP001629,C04556,Win Back,Push,2025-03-20,0,7.11
CP001630,C03367,Festive Sale,Email,2025-10-26,0,3.57
CP001631,C04561,Win Back,Email,2025-03-26,1,6.29
CP001632,C02436,Fashion Days,Social,2025-08-06,0,4.33
CP001633,C04109,Festive Sale,WhatsApp,2025-11-12,0,4.29
CP001634,C00074,Electronics Week,Email,2025-02-07,0,7.37
CP001635,C04806,Festive Sale,Push,2025-08-06,1,1.28
CP001636,C04309,Electronics Week,Push,2025-03-20,0,4.79
CP001637,C04558,Summer Savings,WhatsApp,2025-02-11,1,2.23
CP001638,C03428,Fashion Days,SMS,2025-08-24,0,6.02
CP001639,C00609,Electronics Week,Push,2025-07-09,1,2.21
CP001640,C01626,Summer Savings,Email,2025-09-01,1,2.25
CP001641,C03248,New Customer Welcome,SMS,2025-03-28,0,5.74
CP001642,C01664,Fashion Days,SMS,2025-05-04,0,4.81
CP001643,C04255,Win Back,Push,2025-02-18,1,0.5
CP001644,C01983,New Customer Welcome,WhatsApp,2025-01-25,0,5.84
CP001645,C04326,New Customer Welcome,Email,2025-07-28,0,2.96
CP001646,C01938,Festive Sale,Push,2025-02-28,0,2.18
CP001647,C01666,Summer Savings,Email,2025-03-22,0,7.78
CP001648,C01286,VIP Exclusive,Push,2025-01-17,0,6.36
CP001649,C02645,VIP Exclusive,Email,2025-10-11,0,6.64
CP001650,C01693,Festive Sale,Email,2025-04-30,0,2.15
CP001651,C04232,Fashion Days,Social,2025-03-27,0,5.46
CP001652,C02338,New Customer Welcome,Email,2025-05-17,0,1.24
CP001653,C04037,Electronics Week,Email,2025-07-20,0,5.52
CP001654,C04671,Summer Savings,Email,2025-05-27,1,7.84
CP001655,C01102,Electronics Week,Push,2025-07-13,0,0.72
CP001656,C03920,Fashion Days,Push,2025-08-09,0,0.61
CP001657,C00393,Summer Savings,Email,2025-03-22,0,2.2
CP001658,C04710,Summer Savings,Push,2025-03-02,0,1.87
CP001659,C01599,Summer Savings,WhatsApp,2025-01-21,0,1.62
CP001660,C04856,Festive Sale,Push,2025-03-14,0,6.69
CP001661,C02143,Festive Sale,Social,2025-02-16,0,0.97
CP001662,C02264,Fashion Days,Push,2025-08-13,0,6.88
CP001663,C03135,New Customer Welcome,SMS,2025-08-16,0,6.99
CP001664,C02334,New Customer Welcome,Email,2025-11-19,0,2.68
CP001665,C03855,New Customer Welcome,SMS,2025-04-16,0,1.45
CP001666,C02967,Win Back,Push,2025-07-06,0,6.66
CP001667,C00096,Win Back,Email,2025-03-09,1,5.34
CP001668,C04001,New Customer Welcome,Email,2025-07-25,0,7.93
CP001669,C02312,VIP Exclusive,WhatsApp,2025-05-10,0,2.44
CP001670,C01158,VIP Exclusive,Email,2025-06-25,0,6.29
CP001671,C04257,VIP Exclusive,Push,2025-08-26,1,6.46
CP001672,C02218,Fashion Days,Email,2025-04-29,0,1.41
CP001673,C03914,Summer Savings,WhatsApp,2025-03-08,0,3.83
CP001674,C02756,Win Back,Email,2025-10-14,0,5.61
CP001675,C04928,Electronics Week,WhatsApp,2025-03-13,1,2.74
CP001676,C02661,Electronics Week,Email,2025-09-25,0,1.49
CP001677,C03353,New Customer Welcome,WhatsApp,2025-10-08,0,7.97
CP001678,C02776,Win Back,Push,2025-04-29,0,5.4
CP001679,C03004,VIP Exclusive,Push,2025-02-08,0,5.39
CP001680,C02948,Win Back,Email,2025-11-03,0,7.79
CP001681,C03177,VIP Exclusive,Email,2025-09-25,0,7.07
CP001682,C02756,VIP Exclusive,Email,2025-10-12,0,7.37
CP001683,C02516,VIP Exclusive,SMS,2025-12-15,1,3.78
CP001684,C02502,VIP Exclusive,WhatsApp,2025-03-07,0,0.82
CP001685,C00437,New Customer Welcome,Email,2025-01-28,0,3.97
CP001686,C03179,Summer Savings,WhatsApp,2025-05-13,0,2.0
CP001687,C00947,New Customer Welcome,Push,2025-03-27,1,6.48
CP001688,C02191,Electronics Week,Email,2025-07-06,0,2.51
CP001689,C00543,Summer Savings,SMS,2025-08-10,0,3.17
CP001690,C03606,Electronics Week,SMS,2025-09-04,0,6.74
CP001691,C01967,New Customer Welcome,WhatsApp,2025-05-21,0,7.38
CP001692,C03814,New Customer Welcome,Email,2025-10-25,0,3.26
CP001693,C04660,Summer Savings,Social,2025-02-17,0,7.85
CP001694,C01774,Fashion Days,Email,2025-06-02,0,6.24
CP001695,C04062,Win Back,WhatsApp,2025-06-10,1,4.27
CP001696,C04487,Festive Sale,Email,2025-09-14,0,3.82
CP001697,C00732,Electronics Week,WhatsApp,2025-10-15,0,4.11
CP001698,C00558,Festive Sale,Push,2025-01-27,0,7.46
CP001699,C04651,New Customer Welcome,Email,2025-11-01,0,7.38
CP001700,C00082,Festive Sale,Social,2025-01-23,0,5.82
CP001701,C03848,Fashion Days,SMS,2025-01-22,0,5.62
CP001702,C01525,Electronics Week,Email,2025-07-27,0,2.2
CP001703,C04179,Festive Sale,Email,2025-07-13,0,5.72
CP001704,C02894,Win Back,Push,2025-06-07,0,7.78
CP001705,C02941,Summer Savings,Email,2025-05-09,0,3.49
CP001706,C02066,New Customer Welcome,Email,2025-05-26,1,7.89
CP001707,C01838,Electronics Week,SMS,2025-09-09,0,5.27
CP001708,C03112,VIP Exclusive,Push,2025-03-30,1,4.14
CP001709,C02287,Summer Savings,Email,2025-04-18,0,0.74
CP001710,C00267,New Customer Welcome,Social,2025-07-08,0,7.05
CP001711,C03719,Electronics Week,Push,2025-11-28,0,4.25
CP001712,C03606,Summer Savings,Social,2025-02-28,1,1.33
CP001713,C03793,Electronics Week,Push,2025-06-20,0,2.91
CP001714,C04567,Summer Savings,SMS,2025-08-10,1,5.94
CP001715,C01572,VIP Exclusive,Push,2025-01-11,0,2.51
CP001716,C02093,Win Back,SMS,2025-08-23,0,3.56
CP001717,C00249,Fashion Days,WhatsApp,2025-08-13,0,6.85
CP001718,C04854,Summer Savings,WhatsApp,2025-02-01,1,5.29
CP001719,C02000,Summer Savings,WhatsApp,2025-06-23,0,7.78
CP001720,C03032,Festive Sale,Push,2025-03-20,1,1.73
CP001721,C00592,Fashion Days,Email,2025-09-05,1,0.66
CP001722,C04554,VIP Exclusive,WhatsApp,2025-01-20,0,5.09
CP001723,C00667,Electronics Week,Push,2025-02-01,0,6.01
CP001724,C00006,Festive Sale,Email,2025-10-30,1,5.44
CP001725,C02934,Electronics Week,Social,2025-06-04,1,7.18
CP001726,C02820,Fashion Days,WhatsApp,2025-04-23,0,2.61
CP001727,C02415,Festive Sale,Push,2025-10-11,0,7.28
CP001728,C00742,Win Back,SMS,2025-11-19,0,0.92
CP001729,C03343,New Customer Welcome,SMS,2025-05-05,0,2.94
CP001730,C00070,VIP Exclusive,WhatsApp,2025-03-29,0,5.94
CP001731,C03317,Electronics Week,Email,2025-09-28,0,7.65
CP001732,C02353,Festive Sale,Email,2025-04-15,1,7.05
CP001733,C04859,Electronics Week,SMS,2025-04-25,0,1.92
CP001734,C02014,Summer Savings,Email,2025-11-17,0,6.62
CP001735,C02387,New Customer Welcome,SMS,2025-09-17,0,6.72
CP001736,C04948,New Customer Welcome,SMS,2025-04-23,0,1.9
CP001737,C02114,Summer Savings,Email,2025-01-07,0,7.02
CP001738,C03026,Fashion Days,WhatsApp,2025-07-24,0,3.55
CP001739,C03092,Festive Sale,WhatsApp,2025-05-28,0,4.6
CP001740,C04815,Win Back,Email,2025-09-06,0,6.41
CP001741,C00156,Summer Savings,Push,2025-09-02,0,4.49
CP001742,C02870,Festive Sale,SMS,2025-09-16,1,6.46
CP001743,C01333,Summer Savings,Email,2025-09-20,1,5.49
CP001744,C03296,Win Back,WhatsApp,2025-04-15,1,1.6
CP001745,C04016,Festive Sale,Email,2025-04-17,0,0.62
CP001746,C02384,New Customer Welcome,WhatsApp,2025-05-23,0,5.87
CP001747,C01622,VIP Exclusive,SMS,2025-10-09,1,7.49
CP001748,C04313,Win Back,Email,2025-11-23,0,2.76
CP001749,C01506,Fashion Days,Email,2025-08-26,0,5.97
CP001750,C02281,VIP Exclusive,Email,2025-11-10,1,4.91
CP001751,C03084,Electronics Week,WhatsApp,2025-10-20,0,1.31
CP001752,C03602,VIP Exclusive,SMS,2025-02-27,0,6.57
CP001753,C03672,Win Back,Push,2025-06-30,0,5.76
CP001754,C02301,Summer Savings,Push,2025-06-14,0,1.79
CP001755,C03350,Festive Sale,WhatsApp,2025-11-20,0,4.67
CP001756,C00790,VIP Exclusive,Email,2025-03-06,0,0.64
CP001757,C03221,Win Back,SMS,2025-03-29,1,6.63
CP001758,C00373,VIP Exclusive,WhatsApp,2025-02-20,1,6.49
CP001759,C04570,New Customer Welcome,SMS,2025-05-23,0,3.78
CP001760,C04167,Summer Savings,WhatsApp,2025-02-16,0,3.71
CP001761,C02817,Electronics Week,Email,2025-08-18,0,3.21
CP001762,C03359,Electronics Week,Push,2025-11-22,1,4.82
CP001763,C04442,Festive Sale,SMS,2025-12-01,1,3.57
CP001764,C03860,Electronics Week,Push,2025-03-18,0,7.58
CP001765,C03191,Win Back,SMS,2025-10-08,1,6.13
CP001766,C02371,Fashion Days,Push,2025-01-25,0,0.92
CP001767,C02908,Win Back,WhatsApp,2025-11-22,0,6.38
CP001768,C01356,Win Back,Push,2025-06-08,1,5.03
CP001769,C00574,New Customer Welcome,Email,2025-07-07,0,7.81
CP001770,C01660,Fashion Days,WhatsApp,2025-11-24,0,2.11
CP001771,C04126,New Customer Welcome,Social,2025-08-29,0,7.07
CP001772,C00567,Summer Savings,Push,2025-11-22,0,6.88
CP001773,C00359,Fashion Days,Push,2025-01-18,0,7.79
CP001774,C04763,New Customer Welcome,Social,2025-01-19,0,0.85
CP001775,C00467,Win Back,Push,2025-12-09,1,5.49
CP001776,C03004,Summer Savings,SMS,2025-02-14,0,6.71
CP001777,C00466,VIP Exclusive,Email,2025-11-26,0,2.32
CP001778,C01483,Summer Savings,Push,2025-10-05,1,5.59
CP001779,C02151,Festive Sale,Email,2025-05-28,0,4.35
CP001780,C00111,Summer Savings,Email,2025-06-24,0,6.87
CP001781,C02007,VIP Exclusive,SMS,2025-02-15,1,2.51
CP001782,C03276,Summer Savings,WhatsApp,2025-05-31,0,2.88
CP001783,C03316,Win Back,WhatsApp,2025-06-02,1,3.03
CP001784,C02942,VIP Exclusive,Email,2025-03-11,0,7.11
CP001785,C03525,Festive Sale,SMS,2025-10-06,0,7.34
CP001786,C01395,New Customer Welcome,Social,2025-09-17,0,4.52
CP001787,C03751,Festive Sale,WhatsApp,2025-01-12,0,5.14
CP001788,C00973,Fashion Days,WhatsApp,2025-07-05,1,4.98
CP001789,C03382,Fashion Days,Email,2025-01-29,1,7.84
CP001790,C02981,VIP Exclusive,Email,2025-12-01,0,1.73
CP001791,C04005,Summer Savings,Email,2025-01-13,1,2.16
CP001792,C03622,VIP Exclusive,Push,2025-01-23,0,1.87
CP001793,C02607,Win Back,SMS,2025-10-17,0,5.03
CP001794,C00565,Fashion Days,WhatsApp,2025-10-14,0,3.44
CP001795,C02490,VIP Exclusive,WhatsApp,2025-03-28,0,2.17
CP001796,C04660,Summer Savings,Push,2025-03-17,0,4.73
CP001797,C03416,Festive Sale,Email,2025-07-16,0,7.83
CP001798,C04717,Electronics Week,SMS,2025-07-09,1,7.65
CP001799,C01921,Electronics Week,Email,2025-06-11,0,2.38
CP001800,C01864,Summer Savings,WhatsApp,2025-08-16,0,1.9
CP001801,C03514,Festive Sale,Push,2025-04-20,0,2.08
CP001802,C04042,Festive Sale,Push,2025-12-11,0,2.61
CP001803,C04539,Fashion Days,SMS,2025-04-01,0,3.11
CP001804,C00929,New Customer Welcome,Push,2025-09-01,0,1.54
CP001805,C04892,VIP Exclusive,WhatsApp,2025-11-20,0,3.67
CP001806,C02887,New Customer Welcome,WhatsApp,2025-04-03,0,5.36
CP001807,C04452,VIP Exclusive,WhatsApp,2025-01-28,1,7.2
CP001808,C00434,VIP Exclusive,SMS,2025-04-04,0,7.02
CP001809,C04786,New Customer Welcome,WhatsApp,2025-04-19,1,1.81
CP001810,C01322,Win Back,SMS,2025-02-21,0,4.29
CP001811,C01054,Fashion Days,Email,2025-09-20,0,1.98
CP001812,C01824,Summer Savings,WhatsApp,2025-04-19,0,2.25
CP001813,C01626,Win Back,Push,2025-05-25,0,3.69
CP001814,C04800,Fashion Days,Push,2025-01-16,0,3.51
CP001815,C01696,Fashion Days,SMS,2025-08-12,0,2.42
CP001816,C04525,Summer Savings,SMS,2025-11-04,1,6.45
CP001817,C01886,Win Back,Email,2025-03-21,1,1.32
CP001818,C03486,Win Back,WhatsApp,2025-09-29,0,5.66
CP001819,C01343,Festive Sale,Email,2025-08-03,0,2.72
CP001820,C04274,Electronics Week,Push,2025-11-29,0,5.08
CP001821,C01109,Festive Sale,Email,2025-03-17,0,1.73
CP001822,C03987,New Customer Welcome,WhatsApp,2025-02-28,0,4.67
CP001823,C01611,Festive Sale,Push,2025-01-15,1,2.87
CP001824,C02665,Fashion Days,Email,2025-08-14,0,3.3
CP001825,C04569,Summer Savings,Email,2025-09-01,0,1.94
CP001826,C03115,VIP Exclusive,WhatsApp,2025-07-09,1,2.56
CP001827,C00393,Fashion Days,WhatsApp,2025-04-17,0,3.5
CP001828,C00276,Festive Sale,SMS,2025-08-03,0,3.44
CP001829,C04499,VIP Exclusive,Social,2025-04-26,0,6.43
CP001830,C02728,Fashion Days,Email,2025-11-11,1,3.35
CP001831,C00653,Fashion Days,SMS,2025-02-19,0,0.85
CP001832,C03491,Win Back,Push,2025-11-10,0,3.12
CP001833,C03399,Festive Sale,Email,2025-09-23,0,0.51
CP001834,C02373,Summer Savings,Email,2025-03-31,0,0.95
CP001835,C00479,Win Back,Email,2025-01-02,0,1.78
CP001836,C01218,VIP Exclusive,Social,2025-08-16,0,7.08
CP001837,C00627,Fashion Days,Email,2025-07-14,0,3.11
CP001838,C01385,Fashion Days,WhatsApp,2025-07-28,1,3.83
CP001839,C03189,Win Back,WhatsApp,2025-10-06,0,4.05
CP001840,C03617,VIP Exclusive,WhatsApp,2025-03-02,0,7.4
CP001841,C04256,Festive Sale,SMS,2025-06-06,0,3.87
CP001842,C04165,Festive Sale,SMS,2025-10-22,0,4.16
CP001843,C01900,Summer Savings,Email,2025-10-09,1,4.04
CP001844,C03132,Summer Savings,Social,2025-04-17,1,7.79
CP001845,C02922,New Customer Welcome,SMS,2025-08-25,1,6.74
CP001846,C00443,Win Back,Email,2025-06-17,0,2.55
CP001847,C00897,New Customer Welcome,SMS,2025-11-19,0,4.22
CP001848,C02587,Festive Sale,Email,2025-06-02,0,0.59
CP001849,C03490,Festive Sale,SMS,2025-02-04,0,4.74
CP001850,C01366,Win Back,WhatsApp,2025-01-03,1,4.72
CP001851,C04206,Summer Savings,SMS,2025-07-28,0,4.97
CP001852,C04567,VIP Exclusive,Email,2025-10-21,0,7.23
CP001853,C02520,Electronics Week,Push,2025-06-08,0,4.0
CP001854,C01092,Electronics Week,Social,2025-12-14,0,2.31
CP001855,C00463,New Customer Welcome,WhatsApp,2025-09-26,0,2.45
CP001856,C00090,VIP Exclusive,Push,2025-02-05,0,2.65
CP001857,C04316,Festive Sale,Email,2025-03-11,0,5.34
CP001858,C00999,Win Back,Push,2025-05-18,0,2.73
CP001859,C03428,Fashion Days,Email,2025-09-14,0,4.14
CP001860,C01510,VIP Exclusive,Social,2025-09-26,0,7.44
CP001861,C02305,Win Back,Email,2025-06-03,0,3.25
CP001862,C02421,VIP Exclusive,WhatsApp,2025-03-23,0,5.27
CP001863,C03374,Electronics Week,WhatsApp,2025-01-21,0,7.11
CP001864,C03516,Electronics Week,Push,2025-03-26,0,6.64
CP001865,C01063,VIP Exclusive,Social,2025-12-09,0,0.75
CP001866,C04591,New Customer Welcome,Social,2025-08-02,0,5.74
CP001867,C04250,Win Back,WhatsApp,2025-03-15,0,4.81
CP001868,C00748,New Customer Welcome,Social,2025-07-03,0,4.37
CP001869,C03376,VIP Exclusive,Email,2025-09-14,0,1.7
CP001870,C00269,Festive Sale,Email,2025-02-04,0,3.14
CP001871,C00053,New Customer Welcome,Social,2025-10-24,0,0.62
CP001872,C04045,Summer Savings,Email,2025-05-04,1,0.71
CP001873,C04817,Fashion Days,WhatsApp,2025-09-20,0,1.78
CP001874,C04873,Fashion Days,Push,2025-07-21,0,6.39
CP001875,C04924,Win Back,Social,2025-11-14,1,6.84
CP001876,C01491,Festive Sale,SMS,2025-01-31,0,3.8
CP001877,C01130,VIP Exclusive,Push,2025-11-19,0,6.74
CP001878,C00184,Summer Savings,SMS,2025-02-22,0,2.53
CP001879,C00044,New Customer Welcome,Email,2025-07-08,0,2.98
CP001880,C04927,Electronics Week,WhatsApp,2025-05-17,0,6.61
CP001881,C02361,Electronics Week,WhatsApp,2025-05-28,0,1.88
CP001882,C01342,Festive Sale,SMS,2025-11-21,1,7.2
CP001883,C03074,Win Back,Social,2025-02-23,0,4.92
CP001884,C00074,Festive Sale,WhatsApp,2025-07-11,0,4.05
CP001885,C02833,New Customer Welcome,Push,2025-06-12,1,3.04
CP001886,C04759,New Customer Welcome,Email,2025-08-04,0,4.49
CP001887,C02739,Fashion Days,Email,2025-12-07,0,4.68
CP001888,C03839,Win Back,Email,2025-11-17,1,0.79
CP001889,C01116,Fashion Days,Push,2025-04-06,0,6.61
CP001890,C00691,New Customer Welcome,WhatsApp,2025-09-17,0,2.57
CP001891,C00897,Summer Savings,Email,2025-07-24,0,6.03
CP001892,C00843,Electronics Week,SMS,2025-09-09,0,4.81
CP001893,C03040,Win Back,Social,2025-12-10,0,3.11
CP001894,C02688,Fashion Days,WhatsApp,2025-07-31,0,1.75
CP001895,C01364,Festive Sale,Push,2025-08-23,0,5.78
CP001896,C02931,Electronics Week,Email,2025-07-09,0,0.74
CP001897,C03055,Fashion Days,SMS,2025-06-11,0,6.13
CP001898,C01479,Fashion Days,WhatsApp,2025-04-03,0,6.65
CP001899,C04047,New Customer Welcome,Email,2025-09-18,0,2.46
CP001900,C04747,New Customer Welcome,Email,2025-06-13,0,4.17
CP001901,C04437,New Customer Welcome,Social,2025-11-11,0,7.8
CP001902,C00525,Summer Savings,Push,2025-10-30,0,4.23
CP001903,C04965,Win Back,Email,2025-05-07,1,0.9
CP001904,C02119,Fashion Days,Email,2025-08-07,0,1.27
CP001905,C03454,Summer Savings,Email,2025-09-12,1,3.38
CP001906,C00725,Electronics Week,SMS,2025-09-28,1,7.18
CP001907,C04919,Summer Savings,WhatsApp,2025-08-24,1,3.14
CP001908,C04640,Fashion Days,SMS,2025-09-25,0,6.43
CP001909,C03279,Win Back,Email,2025-02-01,1,0.87
CP001910,C02294,Electronics Week,Email,2025-01-14,0,6.02
CP001911,C01792,Fashion Days,Email,2025-01-30,0,5.82
CP001912,C00611,VIP Exclusive,Email,2025-09-14,0,2.96
CP001913,C01601,Electronics Week,Email,2025-04-12,0,4.4
CP001914,C04272,Electronics Week,Email,2025-11-07,1,6.02
CP001915,C00481,Electronics Week,SMS,2025-11-01,0,5.39
CP001916,C00887,Electronics Week,Email,2025-10-04,0,7.22
CP001917,C03057,Win Back,Push,2025-01-17,1,7.93
CP001918,C00293,Summer Savings,SMS,2025-12-06,0,7.42
CP001919,C01748,VIP Exclusive,Push,2025-10-04,1,5.12
CP001920,C01163,Festive Sale,Email,2025-07-08,1,3.55
CP001921,C01988,New Customer Welcome,Push,2025-09-22,0,2.27
CP001922,C03353,New Customer Welcome,Email,2025-01-03,0,1.78
CP001923,C04072,Fashion Days,WhatsApp,2025-06-23,0,1.21
CP001924,C03126,Summer Savings,SMS,2025-02-11,0,7.14
CP001925,C00208,Win Back,WhatsApp,2025-01-10,0,1.81
CP001926,C01152,Fashion Days,Push,2025-11-12,1,3.95
CP001927,C03883,VIP Exclusive,,2025-09-11,1,7.12
CP001928,C02637,VIP Exclusive,Push,2025-09-19,1,5.05
CP001929,C02778,VIP Exclusive,WhatsApp,2025-06-28,0,1.63
CP001930,C00502,New Customer Welcome,SMS,2025-06-19,0,4.81
CP001931,C04592,New Customer Welcome,SMS,2025-09-26,1,4.85
CP001932,C03004,Win Back,Email,2025-10-03,1,4.59
CP001933,C00617,New Customer Welcome,SMS,2025-04-03,0,3.22
CP001934,C04275,Win Back,Email,2025-06-26,1,6.09
CP001935,C02521,Festive Sale,Push,2025-08-07,0,1.14
CP001936,C02213,New Customer Welcome,Push,2025-10-29,0,7.7
CP001937,C01441,Summer Savings,Push,2025-11-29,1,1.97
CP001938,C03595,New Customer Welcome,Push,2025-05-06,1,1.66
CP001939,C01139,Fashion Days,Email,2025-09-21,0,1.96
CP001940,C03292,New Customer Welcome,Email,2025-06-25,1,6.28
CP001941,C04847,New Customer Welcome,Push,2025-08-19,0,5.7
CP001942,C03702,Fashion Days,WhatsApp,2025-07-13,0,7.53
CP001943,C01630,Fashion Days,WhatsApp,2025-03-01,0,1.14
CP001944,C00047,Fashion Days,Social,2025-11-09,1,5.33
CP001945,C04849,Win Back,Push,2025-06-15,0,3.3
CP001946,C02367,VIP Exclusive,Email,2025-03-18,0,7.57
CP001947,C03529,Win Back,SMS,2025-04-07,0,2.57
CP001948,C02260,Electronics Week,Push,2025-01-03,0,0.8
CP001949,C03587,Win Back,Email,2025-06-19,0,0.63
CP001950,C03474,Fashion Days,Social,2025-02-09,0,0.53
CP001951,C01781,Fashion Days,SMS,2025-11-18,0,2.44
CP001952,C02501,New Customer Welcome,WhatsApp,2025-04-27,0,3.51
CP001953,C02616,New Customer Welcome,WhatsApp,2025-07-16,0,5.65
CP001954,C02333,Fashion Days,WhatsApp,2025-08-10,1,2.32
CP001955,C00252,New Customer Welcome,Push,2025-11-29,0,3.56
CP001956,C04142,VIP Exclusive,Email,2025-07-11,0,6.83
CP001957,C03728,Summer Savings,Email,2025-06-28,0,3.65
CP001958,C03637,Summer Savings,Email,2025-06-18,0,4.19
CP001959,C04264,Win Back,SMS,2025-10-10,1,5.99
CP001960,C00170,Fashion Days,Push,2025-02-05,0,7.84
CP001961,C03376,Win Back,Push,2025-09-08,0,0.61
CP001962,C02394,VIP Exclusive,Email,2025-12-05,0,1.38
CP001963,C00985,Festive Sale,Push,2025-11-17,0,1.26
CP001964,C00143,VIP Exclusive,Push,2025-02-17,0,7.34
CP001965,C01670,New Customer Welcome,Push,2025-09-04,0,5.27
CP001966,C02872,VIP Exclusive,Email,2025-06-12,1,4.79
CP001967,C01659,Festive Sale,Push,2025-12-01,0,5.65
CP001968,C02865,New Customer Welcome,Push,2025-10-23,0,4.99
CP001969,C01187,Win Back,Email,2025-04-26,0,1.35
CP001970,C03357,Electronics Week,SMS,2025-03-19,0,1.86
CP001971,C00203,VIP Exclusive,Email,2025-03-12,0,3.59
CP001972,C03456,Electronics Week,Push,2025-11-07,0,1.48
CP001973,C01945,VIP Exclusive,Social,2025-12-04,1,1.21
CP001974,C00308,New Customer Welcome,WhatsApp,2025-02-14,0,3.43
CP001975,C04300,Electronics Week,Social,2025-08-29,0,3.05
CP001976,C01110,Summer Savings,WhatsApp,2025-02-21,0,5.82
CP001977,C03522,Summer Savings,WhatsApp,2025-09-22,0,1.34
CP001978,C04465,Win Back,WhatsApp,2025-02-25,1,6.02
CP001979,C03016,VIP Exclusive,WhatsApp,2025-03-09,0,2.12
CP001980,C01992,VIP Exclusive,WhatsApp,2025-10-23,1,3.77
CP001981,C04842,Win Back,WhatsApp,2025-07-11,0,2.49
CP001982,C04442,Win Back,SMS,2025-10-27,0,2.21
CP001983,C00937,Electronics Week,SMS,2025-08-30,0,3.4
CP001984,C03744,Festive Sale,Social,2025-09-17,0,6.93
CP001985,C02025,Fashion Days,WhatsApp,2025-04-07,0,4.03
CP001986,C00102,VIP Exclusive,Email,2025-01-20,0,5.42
CP001987,C03647,Festive Sale,WhatsApp,2025-07-13,0,3.73
CP001988,C03695,VIP Exclusive,SMS,2025-10-29,0,4.36
CP001989,C02699,Fashion Days,WhatsApp,2025-03-05,0,5.54
CP001990,C02880,VIP Exclusive,Email,2025-03-13,1,7.13
CP001991,C03513,VIP Exclusive,WhatsApp,2025-03-20,0,2.38
CP001992,C03920,Summer Savings,Email,2025-01-24,0,7.4
CP001993,C02802,Win Back,Social,2025-04-12,0,6.77
CP001994,C01102,Win Back,Push,2025-09-09,0,2.86
CP001995,C02853,Electronics Week,WhatsApp,2025-04-11,1,4.18
CP001996,C03185,Festive Sale,Social,2025-02-18,0,2.65
CP001997,C01251,Win Back,WhatsApp,2025-11-13,0,1.68
CP001998,C03816,Win Back,Email,2025-08-13,0,2.38
CP001999,C00398,New Customer Welcome,WhatsApp,2025-06-30,0,6.95
CP002000,C03630,Electronics Week,Push,2025-06-03,0,4.28
CP002001,C00707,Festive Sale,Push,2025-02-04,1,2.2
CP002002,C04334,Electronics Week,Email,2025-11-27,0,5.08
CP002003,C00380,Summer Savings,SMS,2025-10-01,0,7.28
CP002004,C01809,New Customer Welcome,WhatsApp,2025-08-14,1,1.79
CP002005,C01357,Win Back,SMS,2025-01-11,0,4.92
CP002006,C02528,VIP Exclusive,SMS,2025-03-21,0,7.25
CP002007,C03188,Electronics Week,WhatsApp,2025-03-15,0,4.32
CP002008,C02777,New Customer Welcome,WhatsApp,2025-04-12,0,4.73
CP002009,C02008,New Customer Welcome,SMS,2025-07-24,0,1.46
CP002010,C01654,Electronics Week,Push,2025-06-14,0,3.15
CP002011,C03599,New Customer Welcome,Social,2025-06-22,0,7.22
CP002012,C04320,Fashion Days,Social,2025-08-31,0,1.63
CP002013,C04949,VIP Exclusive,SMS,2025-09-21,0,1.61
CP002014,C04468,Fashion Days,Email,2025-11-04,0,5.72
CP002015,C04235,Win Back,Email,2025-10-29,0,6.5
CP002016,C03017,Fashion Days,Social,2025-02-25,0,6.74
CP002017,C02243,Festive Sale,WhatsApp,2025-01-07,0,7.74
CP002018,C03987,New Customer Welcome,WhatsApp,2025-04-09,0,3.67
CP002019,C03881,Festive Sale,SMS,2025-06-13,0,3.5
CP002020,C03207,Win Back,WhatsApp,2025-11-03,0,3.72
CP002021,C02303,Summer Savings,SMS,2025-03-26,0,2.67
CP002022,C03323,Summer Savings,Email,2025-01-13,0,3.61
CP002023,C04724,Win Back,Email,2025-04-13,0,5.6
CP002024,C03120,VIP Exclusive,SMS,2025-02-15,1,0.62
CP002025,C01806,Summer Savings,Push,2025-08-15,0,6.31
CP002026,C02944,Electronics Week,WhatsApp,2025-03-24,0,2.88
CP002027,C00675,Festive Sale,Email,2025-01-04,0,3.35
CP002028,C03505,Win Back,SMS,2025-04-20,1,4.51
CP002029,C02335,New Customer Welcome,Email,2025-09-12,0,7.54
CP002030,C01472,Fashion Days,SMS,2025-02-16,0,1.24
CP002031,C02914,Win Back,SMS,2025-03-31,0,1.24
CP002032,C00045,Fashion Days,Email,2025-03-27,1,2.86
CP002033,C01725,Electronics Week,Push,2025-06-28,0,4.33
CP002034,C00357,Festive Sale,Email,2025-04-24,0,1.11
CP002035,C00112,VIP Exclusive,Email,2025-04-08,1,1.33
CP002036,C00557,Summer Savings,Social,2025-08-05,0,2.98
CP002037,C02230,Fashion Days,Email,2025-07-22,0,4.72
CP002038,C00161,Electronics Week,SMS,2025-10-30,0,6.7
CP002039,C04979,Festive Sale,Social,2025-03-20,1,3.49
CP002040,C04455,Electronics Week,WhatsApp,2025-03-24,0,3.34
CP002041,C00135,VIP Exclusive,Push,2025-04-10,0,3.69
CP002042,C01346,VIP Exclusive,WhatsApp,2025-12-08,0,4.53
CP002043,C00667,Electronics Week,WhatsApp,2025-06-29,0,4.35
CP002044,C00306,Fashion Days,Email,2025-03-31,0,2.69
CP002045,C04937,Fashion Days,SMS,2025-04-15,1,5.23
CP002046,C03786,Win Back,SMS,2025-12-01,0,4.73
CP002047,C02800,Summer Savings,Email,2025-06-14,0,5.88
CP002048,C03086,Electronics Week,Push,2025-08-26,0,7.9
CP002049,C04266,VIP Exclusive,SMS,2025-01-22,1,1.52
CP002050,C03694,New Customer Welcome,Push,2025-04-06,0,2.94
CP002051,C00047,Fashion Days,SMS,2025-03-29,0,6.34
CP002052,C00838,Fashion Days,Social,2025-08-07,0,0.72
CP002053,C04129,Summer Savings,SMS,2025-10-10,1,7.35
CP002054,C02801,Electronics Week,Push,2025-08-30,1,7.63
CP002055,C00769,Festive Sale,SMS,2025-04-03,0,0.55
CP002056,C00477,VIP Exclusive,SMS,2025-07-16,0,5.92
CP002057,C04191,Summer Savings,Push,2025-12-02,0,7.53
CP002058,C04829,Festive Sale,Social,2025-05-27,0,5.61
CP002059,C04341,New Customer Welcome,Email,2025-10-09,0,6.6
CP002060,C01376,VIP Exclusive,WhatsApp,2025-03-29,0,4.44
CP002061,C02056,Fashion Days,Push,2025-02-23,0,4.49
CP002062,C00866,New Customer Welcome,Push,2025-09-30,1,0.66
CP002063,C01707,Win Back,WhatsApp,2025-05-07,0,0.8
CP002064,C03768,Summer Savings,Social,2025-09-01,1,5.05
CP002065,C01671,Win Back,WhatsApp,2025-09-04,0,4.49
CP002066,C00469,Festive Sale,SMS,2025-08-17,0,2.75
CP002067,C03139,New Customer Welcome,SMS,2025-02-17,1,4.56
CP002068,C03907,Win Back,Social,2025-05-10,0,1.57
CP002069,C00097,Summer Savings,SMS,2025-04-13,0,5.82
CP002070,C03529,Electronics Week,SMS,2025-08-06,0,4.94
CP002071,C00500,New Customer Welcome,Email,2025-09-04,1,6.18
CP002072,C02372,Festive Sale,Push,2025-12-11,0,5.81
CP002073,C03321,New Customer Welcome,Social,2025-02-20,0,4.24
CP002074,C03075,Fashion Days,WhatsApp,2025-01-07,1,4.81
CP002075,C04674,New Customer Welcome,WhatsApp,2025-10-09,0,5.88
CP002076,C04758,Fashion Days,Push,2025-04-27,0,7.76
CP002077,C00596,Summer Savings,Social,2025-01-21,0,7.65
CP002078,C02068,Electronics Week,Email,2025-07-02,0,2.38
CP002079,C03754,Win Back,WhatsApp,2025-09-28,0,7.77
CP002080,C04635,VIP Exclusive,SMS,2025-07-12,0,4.93
CP002081,C04005,Electronics Week,Email,2025-12-15,0,6.16
CP002082,C00929,Electronics Week,SMS,2025-12-08,0,7.61
CP002083,C03071,Festive Sale,WhatsApp,2025-01-08,1,6.11
CP002084,C02620,Summer Savings,Email,2025-01-23,0,1.56
CP002085,C00348,New Customer Welcome,Push,2025-06-30,0,1.48
CP002086,C00273,Fashion Days,Push,2025-11-28,1,5.0
CP002087,C01860,Festive Sale,WhatsApp,2025-04-04,0,4.14
CP002088,C02648,New Customer Welcome,Email,2025-02-25,0,3.97
CP002089,C03349,New Customer Welcome,Email,2025-09-27,0,0.81
CP002090,C01378,Summer Savings,Social,2025-04-03,0,6.59
CP002091,C00058,Win Back,Email,2025-04-14,0,5.94
CP002092,C02042,Summer Savings,SMS,2025-03-07,0,0.77
CP002093,C02701,Festive Sale,Social,2025-03-25,0,2.79
CP002094,C04472,VIP Exclusive,Push,2025-03-19,1,2.63
CP002095,C03671,New Customer Welcome,Social,2025-04-10,0,0.72
CP002096,C04940,Festive Sale,WhatsApp,2025-02-11,0,1.61
CP002097,C03302,VIP Exclusive,Push,2025-11-14,0,1.25
CP002098,C02788,Summer Savings,SMS,2025-07-30,1,4.79
CP002099,C03196,Summer Savings,Email,2025-07-09,0,4.4
CP002100,C04518,Festive Sale,Email,2025-03-01,1,7.1
CP002101,C02066,Summer Savings,Push,2025-01-16,0,6.7
CP002102,C01212,New Customer Welcome,Social,2025-10-11,0,1.03
CP002103,C01411,New Customer Welcome,Email,2025-09-28,0,6.88
CP002104,C01697,Summer Savings,Email,2025-10-01,0,3.66
CP002105,C03073,VIP Exclusive,SMS,2025-11-23,0,6.03
CP002106,C03118,New Customer Welcome,WhatsApp,2025-10-30,0,5.98
CP002107,C00600,VIP Exclusive,WhatsApp,2025-11-14,0,7.26
CP002108,C01652,Fashion Days,Social,2025-06-21,0,7.46
CP002109,C00895,Win Back,Email,2025-01-15,0,1.3
CP002110,C01726,Fashion Days,WhatsApp,2025-10-15,0,7.3
CP002111,C04333,New Customer Welcome,WhatsApp,2025-05-22,0,6.65
CP002112,C02029,New Customer Welcome,Email,2025-08-30,1,1.37
CP002113,C03786,Festive Sale,Push,2025-09-04,1,6.57
CP002114,C00091,New Customer Welcome,Email,2025-03-05,0,4.25
CP002115,C04893,Win Back,Email,2025-06-02,0,2.41
CP002116,C02915,Festive Sale,Email,2025-01-09,0,1.07
CP002117,C01656,New Customer Welcome,Email,2025-11-17,0,3.66
CP002118,C00823,VIP Exclusive,Push,2025-06-05,1,4.27
CP002119,C04235,Win Back,WhatsApp,2025-05-06,0,2.67
CP002120,C01687,Festive Sale,SMS,2025-09-29,0,5.35
CP002121,C04333,Fashion Days,WhatsApp,2025-12-12,1,6.65
CP002122,C02017,VIP Exclusive,SMS,2025-12-05,0,4.11
CP002123,C00368,Win Back,SMS,2025-09-01,0,5.41
CP002124,C04865,Electronics Week,Email,2025-01-22,0,7.7
CP002125,C01600,Fashion Days,Email,2025-01-15,0,3.48
CP002126,C02194,Summer Savings,WhatsApp,2025-11-04,0,4.38
CP002127,C01678,Win Back,WhatsApp,2025-02-28,1,6.75
CP002128,C03877,New Customer Welcome,WhatsApp,2025-07-14,0,7.14
CP002129,C01463,Summer Savings,SMS,2025-10-24,0,5.71
CP002130,C00804,VIP Exclusive,SMS,2025-07-17,0,5.98
CP002131,C03315,Win Back,WhatsApp,2025-07-22,0,7.29
CP002132,C01884,Win Back,SMS,2025-01-10,0,1.66
CP002133,C02134,Festive Sale,Push,2025-10-12,1,4.08
CP002134,C01509,Fashion Days,Social,2025-04-13,0,7.05
CP002135,C02903,Summer Savings,SMS,2025-05-08,0,5.63
CP002136,C04433,Electronics Week,Email,2025-08-02,0,6.46
CP002137,C03659,VIP Exclusive,WhatsApp,2025-05-24,1,4.36
CP002138,C04694,Electronics Week,Email,2025-05-19,0,7.51
CP002139,C02268,Fashion Days,Email,2025-05-24,0,0.68
CP002140,C03110,Festive Sale,WhatsApp,2025-11-24,0,6.83
CP002141,C04740,New Customer Welcome,WhatsApp,2025-01-21,0,6.49
CP002142,C00075,VIP Exclusive,Email,2025-11-08,1,3.58
CP002143,C02789,VIP Exclusive,,2025-03-31,1,6.17
CP002144,C01386,Summer Savings,Email,2025-01-01,0,1.12
CP002145,C04014,Electronics Week,SMS,2025-02-16,0,5.63
CP002146,C01198,New Customer Welcome,WhatsApp,2025-11-13,1,2.98
CP002147,C02839,Festive Sale,SMS,2025-03-24,1,0.58
CP002148,C03784,Win Back,SMS,2025-08-06,0,6.38
CP002149,C02687,VIP Exclusive,Push,2025-05-18,0,1.88
CP002150,C01983,Fashion Days,WhatsApp,2025-01-27,0,6.13
CP002151,C01000,Win Back,Push,2025-05-23,1,3.87
CP002152,C03302,Festive Sale,SMS,2025-09-03,1,7.12
CP002153,C00712,Festive Sale,SMS,2025-03-25,1,4.09
CP002154,C01007,Festive Sale,Email,2025-08-18,0,2.59
CP002155,C00486,Fashion Days,WhatsApp,2025-04-26,0,6.1
CP002156,C01078,New Customer Welcome,Email,2025-05-26,0,4.48
CP002157,C04206,New Customer Welcome,WhatsApp,2025-05-08,0,0.76
CP002158,C04605,VIP Exclusive,Email,2025-04-30,0,3.73
CP002159,C03725,Fashion Days,Push,2025-02-01,0,7.75
CP002160,C04553,Summer Savings,WhatsApp,2025-07-12,0,1.12
CP002161,C01196,Festive Sale,SMS,2025-04-30,0,6.19
CP002162,C02356,Win Back,Email,2025-03-20,1,1.45
CP002163,C04053,VIP Exclusive,Social,2025-06-17,0,6.79
CP002164,C00127,Electronics Week,Social,2025-10-29,0,2.75
CP002165,C03566,Win Back,WhatsApp,2025-01-13,0,2.43
CP002166,C01071,Summer Savings,WhatsApp,2025-03-09,1,4.62
CP002167,C02096,Win Back,SMS,2025-03-02,0,4.76
CP002168,C00308,Electronics Week,SMS,2025-07-24,0,2.8
CP002169,C02624,VIP Exclusive,Push,2025-09-17,0,2.01
CP002170,C01360,VIP Exclusive,WhatsApp,2025-11-15,0,1.66
CP002171,C00091,Fashion Days,Push,2025-01-28,0,1.94
CP002172,C02461,Summer Savings,SMS,2025-11-09,0,5.96
CP002173,C02500,New Customer Welcome,Email,2025-06-23,1,5.11
CP002174,C01597,VIP Exclusive,Push,2025-08-27,1,7.67
CP002175,C03414,Summer Savings,Push,2025-09-06,0,6.71
CP002176,C00458,New Customer Welcome,Email,2025-10-22,0,0.89
CP002177,C03717,VIP Exclusive,WhatsApp,2025-06-26,1,5.58
CP002178,C00328,Fashion Days,Email,2025-04-01,0,4.08
CP002179,C01768,VIP Exclusive,SMS,2025-06-24,0,3.98
CP002180,C04737,VIP Exclusive,WhatsApp,2025-10-21,0,7.56
CP002181,C04297,Summer Savings,Push,2025-05-21,0,1.65
CP002182,C00419,Fashion Days,WhatsApp,2025-09-14,0,4.07
CP002183,C02546,Win Back,Email,2025-07-01,0,7.37
CP002184,C00623,Festive Sale,Email,2025-05-01,0,2.31
CP002185,C03923,Electronics Week,Email,2025-01-03,0,0.82
CP002186,C04621,Electronics Week,Push,2025-05-28,0,7.64
CP002187,C03218,Electronics Week,Push,2025-06-06,0,4.39
CP002188,C01080,Electronics Week,Email,2025-10-14,0,4.2
CP002189,C03423,Summer Savings,Push,2025-03-09,1,3.96
CP002190,C00787,New Customer Welcome,,2025-10-14,0,1.74
CP002191,C00256,Win Back,SMS,2025-10-04,0,5.93
CP002192,C03115,Festive Sale,SMS,2025-10-19,0,5.42
CP002193,C02294,Summer Savings,WhatsApp,2025-08-24,1,5.45
CP002194,C02255,Festive Sale,WhatsApp,2025-06-10,0,1.54
CP002195,C01471,Summer Savings,Push,2025-08-01,0,6.28
CP002196,C03686,Fashion Days,SMS,2025-06-26,0,2.46
CP002197,C02720,VIP Exclusive,WhatsApp,2025-10-13,0,5.29
CP002198,C00641,Festive Sale,SMS,2025-02-17,1,7.47
CP002199,C00861,VIP Exclusive,WhatsApp,2025-06-25,1,4.67
CP002200,C01904,VIP Exclusive,SMS,2025-04-14,0,1.03
CP002201,C04002,Win Back,WhatsApp,2025-03-15,0,3.77
CP002202,C00327,Festive Sale,Email,2025-02-02,1,4.2
CP002203,C02462,Electronics Week,SMS,2025-02-06,0,2.88
CP002204,C04227,Summer Savings,WhatsApp,2025-10-09,1,3.31
CP002205,C04151,New Customer Welcome,Email,2025-05-04,0,1.65
CP002206,C03717,Fashion Days,Social,2025-10-04,0,3.52
CP002207,C02708,VIP Exclusive,Push,2025-05-05,0,5.43
CP002208,C00597,Win Back,Email,2025-06-05,1,2.93
CP002209,C04613,VIP Exclusive,Push,2025-07-07,0,6.73
CP002210,C02022,Fashion Days,WhatsApp,2025-02-08,0,3.1
CP002211,C01991,VIP Exclusive,WhatsApp,2025-12-11,0,4.02
CP002212,C02129,Win Back,SMS,2025-03-18,0,3.71
CP002213,C02085,New Customer Welcome,SMS,2025-01-06,0,0.83
CP002214,C01558,Fashion Days,Email,2025-08-16,0,5.67
CP002215,C02652,VIP Exclusive,Email,2025-03-03,0,6.46
CP002216,C02582,Festive Sale,SMS,2025-01-16,1,6.92
CP002217,C04015,Festive Sale,Push,2025-06-07,0,3.15
CP002218,C04613,Win Back,SMS,2025-12-03,0,4.49
CP002219,C00579,Fashion Days,Push,2025-09-18,0,0.83
CP002220,C01021,Win Back,Push,2025-06-03,0,3.57
CP002221,C01600,Summer Savings,Social,2025-05-26,0,3.96
CP002222,C03602,Win Back,Email,2025-12-03,0,6.03
CP002223,C04603,Win Back,Push,2025-02-01,0,5.45
CP002224,C03530,Win Back,Email,2025-04-03,0,5.01
CP002225,C03703,New Customer Welcome,SMS,2025-07-12,1,4.96
CP002226,C02242,Electronics Week,SMS,2025-09-28,1,3.56
CP002227,C03764,Electronics Week,Social,2025-08-28,0,1.95
CP002228,C01475,Win Back,Push,2025-04-23,0,2.17
CP002229,C00331,Summer Savings,Social,2025-05-05,0,5.41
CP002230,C03668,New Customer Welcome,SMS,2025-09-21,1,0.73
CP002231,C00365,Summer Savings,Push,2025-07-02,0,4.95
CP002232,C02449,Fashion Days,Email,2025-05-22,0,1.4
CP002233,C00321,Electronics Week,Email,2025-01-04,1,2.46
CP002234,C03362,VIP Exclusive,Social,2025-02-28,0,6.82
CP002235,C00243,Fashion Days,Push,2025-01-09,0,1.39
CP002236,C02029,Win Back,Social,2025-04-13,0,3.4
CP002237,C03326,VIP Exclusive,Push,2025-10-05,0,3.53
CP002238,C03194,VIP Exclusive,WhatsApp,2025-01-04,0,5.69
CP002239,C03065,Summer Savings,WhatsApp,2025-08-06,0,2.6
CP002240,C01003,Summer Savings,Email,2025-06-05,0,3.91
CP002241,C03287,Festive Sale,SMS,2025-03-12,0,0.56
CP002242,C03709,VIP Exclusive,Push,2025-04-22,0,7.92
CP002243,C02967,VIP Exclusive,Email,2025-03-10,0,5.21
CP002244,C04809,Fashion Days,Email,2025-02-14,1,3.65
CP002245,C00682,Electronics Week,Email,2025-08-08,0,4.27
CP002246,C04234,Festive Sale,Email,2025-11-24,0,3.78
CP002247,C00040,Win Back,Email,2025-08-22,0,3.44
CP002248,C04662,Win Back,Email,2025-11-28,1,5.63
CP002249,C01448,Fashion Days,Email,2025-02-16,0,2.3
CP002250,C01064,Fashion Days,SMS,2025-03-26,0,2.39
CP002251,C03743,Win Back,Push,2025-10-19,0,0.74
CP002252,C01939,Summer Savings,Push,2025-07-06,1,4.54
CP002253,C01231,VIP Exclusive,WhatsApp,2025-03-29,0,1.86
CP002254,C00397,Summer Savings,Push,2025-02-15,0,6.14
CP002255,C00027,New Customer Welcome,Email,2025-06-05,0,1.49
CP002256,C00056,Festive Sale,Email,2025-09-08,0,1.34
CP002257,C03042,Summer Savings,Push,2025-10-14,0,3.16
CP002258,C04444,VIP Exclusive,WhatsApp,2025-10-29,0,2.97
CP002259,C02123,Win Back,WhatsApp,2025-01-18,0,2.06
CP002260,C01405,New Customer Welcome,SMS,2025-09-15,0,5.15
CP002261,C02756,New Customer Welcome,Email,2025-02-09,0,4.7
CP002262,C04651,New Customer Welcome,SMS,2025-04-14,0,2.68
CP002263,C03047,Summer Savings,WhatsApp,2025-07-09,0,7.45
CP002264,C04299,VIP Exclusive,Email,2025-09-07,0,3.27
CP002265,C03722,Festive Sale,WhatsApp,2025-04-07,1,7.18
CP002266,C01437,New Customer Welcome,SMS,2025-09-14,0,6.74
CP002267,C01433,VIP Exclusive,WhatsApp,2025-08-16,0,6.67
CP002268,C01340,Electronics Week,Social,2025-02-03,0,4.15
CP002269,C04265,New Customer Welcome,WhatsApp,2025-02-23,0,2.86
CP002270,C04275,Summer Savings,WhatsApp,2025-04-09,0,6.72
CP002271,C02536,New Customer Welcome,WhatsApp,2025-06-13,0,7.83
CP002272,C02277,Fashion Days,Push,2025-03-24,0,3.87
CP002273,C02897,Electronics Week,Push,2025-04-18,0,5.08
CP002274,C00329,Summer Savings,Email,2025-03-30,1,6.25
CP002275,C04712,Festive Sale,WhatsApp,2025-11-21,0,6.08
CP002276,C03617,Electronics Week,Push,2025-03-19,0,5.86
CP002277,C04145,Win Back,WhatsApp,2025-09-11,0,6.41
CP002278,C02496,New Customer Welcome,SMS,2025-03-21,0,1.11
CP002279,C04655,Festive Sale,WhatsApp,2025-01-27,0,6.69
CP002280,C03572,Summer Savings,Push,2025-03-02,0,7.49
CP002281,C04464,New Customer Welcome,Push,2025-05-14,0,3.68
CP002282,C03604,Electronics Week,WhatsApp,2025-01-22,1,5.57
CP002283,C04611,Electronics Week,SMS,2025-10-08,0,2.84
CP002284,C03321,VIP Exclusive,Push,2025-11-30,1,7.41
CP002285,C03658,New Customer Welcome,Email,2025-12-05,0,3.32
CP002286,C02043,Fashion Days,WhatsApp,2025-12-15,1,7.72
CP002287,C03118,Festive Sale,SMS,2025-06-15,1,1.01
CP002288,C04626,Electronics Week,WhatsApp,2025-09-06,1,6.47
CP002289,C02947,New Customer Welcome,SMS,2025-06-01,0,1.41
CP002290,C00720,Festive Sale,SMS,2025-05-07,1,7.52
CP002291,C00072,Summer Savings,SMS,2025-08-18,0,5.8
CP002292,C00242,New Customer Welcome,Email,2025-06-20,0,4.87
CP002293,C03273,Summer Savings,SMS,2025-02-27,1,6.1
CP002294,C01896,Festive Sale,SMS,2025-04-18,1,3.86
CP002295,C02448,VIP Exclusive,SMS,2025-05-20,0,0.5
CP002296,C02504,New Customer Welcome,WhatsApp,2025-07-15,1,2.77
CP002297,C03945,Fashion Days,WhatsApp,2025-02-18,0,4.45
CP002298,C03788,New Customer Welcome,WhatsApp,2025-03-19,0,2.06
CP002299,C02622,Win Back,Social,2025-02-23,0,5.47
CP002300,C02451,Electronics Week,WhatsApp,2025-09-03,0,0.86
CP002301,C01352,Festive Sale,SMS,2025-10-15,0,5.24
CP002302,C04597,Fashion Days,Email,2025-08-23,0,7.62
CP002303,C03667,Win Back,SMS,2025-03-15,0,2.06
CP002304,C01502,Fashion Days,Email,2025-11-08,0,5.51
CP002305,C04751,Festive Sale,Email,2025-06-07,0,5.94
CP002306,C04873,VIP Exclusive,SMS,2025-03-10,1,4.52
CP002307,C04938,Electronics Week,Email,2025-02-11,1,5.52
CP002308,C02904,Fashion Days,Email,2025-09-19,0,5.12
CP002309,C03551,Electronics Week,SMS,2025-09-26,0,4.0
CP002310,C00830,Win Back,Email,2025-09-30,0,6.77
CP002311,C03212,Festive Sale,SMS,2025-05-07,0,1.85
CP002312,C01212,Fashion Days,SMS,2025-05-24,1,3.53
CP002313,C02936,Electronics Week,Push,2025-11-25,0,4.89
CP002314,C01268,Festive Sale,Email,2025-08-23,0,6.92
CP002315,C01156,Win Back,Push,2025-09-27,0,6.14
CP002316,C02847,VIP Exclusive,Push,2025-01-13,0,4.14
CP002317,C03690,Electronics Week,Push,2025-01-12,1,7.89
CP002318,C04759,New Customer Welcome,WhatsApp,2025-07-22,0,7.01
CP002319,C01382,New Customer Welcome,WhatsApp,2025-04-10,0,3.05
CP002320,C04643,Electronics Week,Email,2025-11-22,0,4.54
CP002321,C02876,Festive Sale,Push,2025-02-25,0,6.63
CP002322,C03691,Summer Savings,Push,2025-10-19,0,5.31
CP002323,C04586,Fashion Days,Social,2025-04-20,0,1.08
CP002324,C03392,New Customer Welcome,Email,2025-06-25,1,7.17
CP002325,C00867,Festive Sale,Push,2025-08-17,0,1.21
CP002326,C00701,VIP Exclusive,SMS,2025-01-31,0,3.33
CP002327,C00613,Festive Sale,SMS,2025-11-11,0,4.0
CP002328,C02945,Fashion Days,Push,2025-04-09,1,1.47
CP002329,C00709,Festive Sale,SMS,2025-10-01,0,0.58
CP002330,C03805,Win Back,Email,2025-10-23,0,3.76
CP002331,C04802,Fashion Days,Push,2025-04-15,0,4.74
CP002332,C00271,Win Back,Email,2025-03-29,0,5.09
CP002333,C04574,Fashion Days,Email,2025-07-09,0,4.02
CP002334,C00439,Fashion Days,SMS,2025-10-30,0,2.03
CP002335,C02309,Fashion Days,WhatsApp,2025-07-04,0,4.37
CP002336,C00736,Electronics Week,Email,2025-08-25,0,1.59
CP002337,C02247,Summer Savings,Push,2025-08-09,0,6.69
CP002338,C01080,Win Back,SMS,2025-06-26,0,7.3
CP002339,C03636,Fashion Days,SMS,2025-03-06,0,3.22
CP002340,C04479,Summer Savings,WhatsApp,2025-08-24,0,6.7
CP002341,C03604,Summer Savings,Email,2025-09-01,0,0.56
CP002342,C01306,Win Back,SMS,2025-01-27,0,6.09
CP002343,C01713,Electronics Week,WhatsApp,2025-03-09,0,6.55
CP002344,C03863,VIP Exclusive,SMS,2025-01-17,0,3.16
CP002345,C02551,New Customer Welcome,Email,2025-09-24,0,2.43
CP002346,C01504,Win Back,Email,2025-10-27,0,4.16
CP002347,C03580,New Customer Welcome,WhatsApp,2025-11-02,0,7.35
CP002348,C02923,Win Back,SMS,2025-02-08,1,5.4
CP002349,C00178,VIP Exclusive,Push,2025-12-06,1,3.27
CP002350,C01623,Summer Savings,,2025-09-18,0,5.51
CP002351,C00901,Electronics Week,Email,2025-03-27,0,1.34
CP002352,C02380,VIP Exclusive,Email,2025-01-23,0,6.1
CP002353,C00761,New Customer Welcome,WhatsApp,2025-09-30,0,7.11
CP002354,C04919,Fashion Days,SMS,2025-07-27,0,5.85
CP002355,C03557,New Customer Welcome,Email,2025-05-27,0,0.53
CP002356,C02989,Festive Sale,Email,2025-04-01,0,6.06
CP002357,C02517,Win Back,Email,2025-12-11,0,0.72
CP002358,C04174,New Customer Welcome,SMS,2025-11-13,1,6.27
CP002359,C03616,Fashion Days,SMS,2025-07-19,0,5.5
CP002360,C02510,Electronics Week,Email,2025-07-21,0,3.74
CP002361,C02419,Fashion Days,SMS,2025-06-12,0,3.32
CP002362,C01397,Electronics Week,SMS,2025-05-01,0,0.69
CP002363,C02785,Festive Sale,SMS,2025-10-30,0,6.25
CP002364,C04173,VIP Exclusive,Push,2025-01-03,0,6.58
CP002365,C01691,New Customer Welcome,Push,2025-02-19,1,5.5
CP002366,C00603,Summer Savings,Push,2025-02-11,1,3.77
CP002367,C04494,Summer Savings,Social,2025-12-09,0,1.54
CP002368,C01848,Festive Sale,WhatsApp,2025-07-26,0,3.57
CP002369,C00897,Fashion Days,SMS,2025-08-18,1,1.83
CP002370,C02960,Summer Savings,Email,2025-11-14,0,5.91
CP002371,C03305,Fashion Days,Push,2025-07-19,0,5.03
CP002372,C00728,Electronics Week,Email,2025-03-21,0,6.45
CP002373,C02898,Win Back,Push,2025-04-14,0,5.24
CP002374,C02514,Win Back,Email,2025-07-23,0,2.08
CP002375,C03908,Fashion Days,Social,2025-03-26,0,6.61
CP002376,C00731,Fashion Days,SMS,2025-02-27,0,2.5
CP002377,C04009,Electronics Week,Email,2025-06-13,0,2.06
CP002378,C01453,New Customer Welcome,Email,2025-08-12,0,6.3
CP002379,C04093,Fashion Days,SMS,2025-06-20,1,1.14
CP002380,C03195,Festive Sale,SMS,2025-08-05,0,7.85
CP002381,C01848,VIP Exclusive,Email,2025-08-25,0,6.89
CP002382,C04839,New Customer Welcome,SMS,2025-06-04,0,4.11
CP002383,C00773,Electronics Week,SMS,2025-04-18,0,2.68
CP002384,C01035,Electronics Week,Push,2025-10-05,0,5.81
CP002385,C02863,Electronics Week,Email,2025-01-03,0,6.61
CP002386,C01110,New Customer Welcome,Email,2025-12-07,1,7.25
CP002387,C02446,VIP Exclusive,Email,2025-11-11,0,0.67
CP002388,C02897,Electronics Week,SMS,2025-12-07,0,6.67
CP002389,C02660,Festive Sale,Email,2025-01-04,1,3.65
CP002390,C01624,Electronics Week,Email,2025-09-11,0,1.16
CP002391,C01651,Win Back,Push,2025-06-09,1,3.67
CP002392,C03308,Electronics Week,Email,2025-08-14,0,4.87
CP002393,C02160,VIP Exclusive,Push,2025-02-02,0,1.87
CP002394,C02817,Summer Savings,Push,2025-03-22,0,5.01
CP002395,C02139,Win Back,Email,2025-04-23,0,6.15
CP002396,C04219,New Customer Welcome,Email,2025-10-14,0,6.89
CP002397,C03807,Win Back,SMS,2025-07-25,0,6.39
CP002398,C03184,Win Back,Push,2025-05-25,0,2.87
CP002399,C00712,Fashion Days,Email,2025-01-11,0,2.97
CP002400,C02722,Fashion Days,WhatsApp,2025-05-03,1,5.35
CP002401,C02400,Electronics Week,Email,2025-01-16,0,1.41
CP002402,C01266,Festive Sale,WhatsApp,2025-12-04,0,6.78
CP002403,C03108,New Customer Welcome,Email,2025-02-25,0,2.75
CP002404,C00070,Electronics Week,Push,2025-08-06,0,2.71
CP002405,C03478,Fashion Days,WhatsApp,2025-08-17,0,2.24
CP002406,C04481,Electronics Week,WhatsApp,2025-05-03,0,0.9
CP002407,C01695,New Customer Welcome,Email,2025-01-23,0,5.18
CP002408,C02949,Electronics Week,WhatsApp,2025-01-16,0,5.78
CP002409,C01592,Festive Sale,WhatsApp,2025-06-04,0,6.2
CP002410,C00038,Electronics Week,Push,2025-10-13,1,6.23
CP002411,C00035,New Customer Welcome,Email,2025-06-04,0,0.77
CP002412,C02644,New Customer Welcome,WhatsApp,2025-05-11,1,1.03
CP002413,C03242,Summer Savings,Email,2025-02-07,0,1.27
CP002414,C00404,Electronics Week,Social,2025-04-26,0,3.55
CP002415,C04938,Fashion Days,Email,2025-04-29,0,5.87
CP002416,C00076,Fashion Days,SMS,2025-07-12,0,4.94
CP002417,C02490,VIP Exclusive,Email,2025-01-27,0,4.48
CP002418,C00563,VIP Exclusive,WhatsApp,2025-11-22,0,2.58
CP002419,C02323,New Customer Welcome,WhatsApp,2025-07-02,1,4.26
CP002420,C00543,Electronics Week,Social,2025-04-23,0,5.41
CP002421,C04335,Fashion Days,WhatsApp,2025-10-17,0,2.89
CP002422,C04714,VIP Exclusive,Push,2025-08-12,1,4.44
CP002423,C02058,VIP Exclusive,Email,2025-08-20,0,5.74
CP002424,C04365,Win Back,WhatsApp,2025-04-03,0,4.04
CP002425,C02198,VIP Exclusive,Push,2025-06-03,0,7.93
CP002426,C03482,Festive Sale,Push,2025-11-02,0,7.76
CP002427,C02071,Fashion Days,Push,2025-03-03,0,6.81
CP002428,C02011,Electronics Week,WhatsApp,2025-08-12,0,5.07
CP002429,C03522,Fashion Days,Email,2025-09-21,0,4.3
CP002430,C02291,Electronics Week,WhatsApp,2025-05-18,1,7.32
CP002431,C00269,Festive Sale,Email,2025-07-24,0,5.03
CP002432,C03220,VIP Exclusive,Email,2025-08-27,1,1.46
CP002433,C01282,New Customer Welcome,Push,2025-05-05,0,1.58
CP002434,C01366,VIP Exclusive,SMS,2025-03-20,0,2.2
CP002435,C02737,Fashion Days,WhatsApp,2025-11-24,0,3.2
CP002436,C00366,Fashion Days,WhatsApp,2025-05-15,1,4.51
CP002437,C02543,Summer Savings,Social,2025-01-24,1,3.47
CP002438,C00770,New Customer Welcome,Email,2025-06-29,0,6.24
CP002439,C00614,Win Back,Email,2025-04-29,0,0.76
CP002440,C04184,Fashion Days,Social,2025-11-29,0,3.22
CP002441,C02754,VIP Exclusive,Email,2025-09-16,0,0.84
CP002442,C03353,Fashion Days,WhatsApp,2025-10-29,0,3.66
CP002443,C03769,Fashion Days,Email,2025-02-23,0,3.29
CP002444,C01242,Summer Savings,WhatsApp,2025-05-15,0,7.62
CP002445,C03156,Summer Savings,Social,2025-11-21,0,4.56
CP002446,C02600,Electronics Week,Email,2025-10-14,0,1.08
CP002447,C00262,Electronics Week,SMS,2025-01-20,0,3.69
CP002448,C04256,Fashion Days,WhatsApp,2025-09-08,0,1.72
CP002449,C03888,Electronics Week,SMS,2025-06-24,1,3.48
CP002450,C01760,New Customer Welcome,Email,2025-01-25,0,1.14
CP002451,C01637,Fashion Days,WhatsApp,2025-02-10,0,3.38
CP002452,C00613,Summer Savings,WhatsApp,2025-04-17,0,2.65
CP002453,C00785,New Customer Welcome,Email,2025-11-25,1,5.75
CP002454,C03110,Summer Savings,Push,2025-05-24,0,2.92
CP002455,C02867,Win Back,Social,2025-01-16,0,6.73
CP002456,C03992,Win Back,WhatsApp,2025-06-16,1,6.95
CP002457,C02004,Win Back,Email,2025-08-30,0,6.45
CP002458,C00699,Win Back,Email,2025-01-26,1,5.48
CP002459,C00643,VIP Exclusive,Social,2025-04-16,1,4.93
CP002460,C01260,Festive Sale,SMS,2025-02-18,0,2.15
CP002461,C04111,Summer Savings,Push,2025-04-07,0,0.86
CP002462,C02294,Electronics Week,Push,2025-08-01,0,6.55
CP002463,C04726,Fashion Days,SMS,2025-01-12,1,1.95
CP002464,C04065,Summer Savings,Social,2025-11-28,0,6.9
CP002465,C03198,Electronics Week,Email,2025-01-02,1,5.78
CP002466,C00408,Fashion Days,Email,2025-01-13,0,2.26
CP002467,C04668,VIP Exclusive,WhatsApp,2025-05-20,0,6.75
CP002468,C02798,VIP Exclusive,Push,2025-02-21,1,2.68
CP002469,C04078,Fashion Days,Push,2025-06-07,0,2.44
CP002470,C04477,VIP Exclusive,WhatsApp,2025-08-02,0,4.35
CP002471,C04327,Electronics Week,Email,2025-08-30,0,6.82
CP002472,C03256,VIP Exclusive,WhatsApp,2025-07-30,0,6.21
CP002473,C04379,VIP Exclusive,Email,2025-02-04,1,2.58
CP002474,C02589,Fashion Days,SMS,2025-05-15,0,3.68
CP002475,C04861,Fashion Days,SMS,2025-09-17,0,6.17
CP002476,C04523,Festive Sale,Push,2025-05-23,0,1.75
CP002477,C03208,Summer Savings,Email,2025-07-09,0,2.76
CP002478,C03585,Festive Sale,Email,2025-03-30,1,6.3
CP002479,C00898,Summer Savings,Push,2025-08-15,0,1.98
CP002480,C03012,VIP Exclusive,Email,2025-07-04,0,1.01
CP002481,C01739,Fashion Days,WhatsApp,2025-07-24,1,2.12
CP002482,C04228,Electronics Week,Email,2025-08-10,1,2.54
CP002483,C00148,Summer Savings,Push,2025-07-30,1,6.13
CP002484,C00110,New Customer Welcome,WhatsApp,2025-11-06,1,3.06
CP002485,C01460,Summer Savings,Email,2025-06-17,0,6.44
CP002486,C03880,New Customer Welcome,Social,2025-06-26,0,6.25
CP002487,C04351,Win Back,SMS,2025-04-26,0,5.63
CP002488,C02362,Electronics Week,SMS,2025-11-16,0,6.54
CP002489,C04492,Win Back,Email,2025-06-04,0,3.15
CP002490,C03333,New Customer Welcome,WhatsApp,2025-02-04,0,2.33
CP002491,C04895,Festive Sale,Email,2025-05-12,0,5.97
CP002492,C02334,New Customer Welcome,SMS,2025-08-22,1,0.6
CP002493,C01762,Fashion Days,Push,2025-07-30,0,6.03
CP002494,C03328,VIP Exclusive,SMS,2025-02-22,0,5.63
CP002495,C01663,Electronics Week,Push,2025-11-03,0,1.11
CP002496,C01436,Summer Savings,SMS,2025-02-06,0,2.19
CP002497,C00678,Win Back,Email,2025-11-30,1,4.81
CP002498,C02819,Electronics Week,SMS,2025-09-28,0,7.32
CP002499,C04213,New Customer Welcome,Email,2025-09-11,0,1.7
CP002500,C04596,Festive Sale,SMS,2025-09-13,0,3.7
CP002501,C02628,VIP Exclusive,Email,2025-12-07,0,7.01
CP002502,C04025,Festive Sale,WhatsApp,2025-07-26,0,6.97
CP002503,C01650,VIP Exclusive,Email,2025-05-09,0,7.64
CP002504,C04638,VIP Exclusive,Push,2025-03-29,0,5.81
CP002505,C04236,VIP Exclusive,Social,2025-01-31,0,0.73
CP002506,C04897,Fashion Days,Social,2025-04-28,1,1.99
CP002507,C04888,New Customer Welcome,Push,2025-01-27,0,6.19
CP002508,C00860,New Customer Welcome,Push,2025-11-05,1,3.7
CP002509,C00041,Festive Sale,WhatsApp,2025-07-08,0,2.59
CP002510,C03853,Summer Savings,Social,2025-02-26,0,5.16
CP002511,C03496,Electronics Week,Email,2025-11-10,0,3.59
CP002512,C04868,Fashion Days,Email,2025-10-25,1,6.07
CP002513,C03260,Fashion Days,Push,2025-10-07,0,1.75
CP002514,C01351,VIP Exclusive,WhatsApp,2025-08-06,0,1.79
CP002515,C01311,New Customer Welcome,Push,2025-11-09,0,6.67
CP002516,C04075,VIP Exclusive,Email,2025-10-06,1,2.24
CP002517,C04296,Win Back,SMS,2025-04-11,0,5.5
CP002518,C03063,Fashion Days,Push,2025-08-03,0,7.05
CP002519,C00961,New Customer Welcome,Email,2025-03-27,1,7.47
CP002520,C02203,Fashion Days,Push,2025-07-30,1,4.46
CP002521,C02976,Win Back,Email,2025-04-14,1,4.92
CP002522,C04713,Festive Sale,Email,2025-06-30,1,4.94
CP002523,C01522,Summer Savings,Email,2025-04-21,1,2.31
CP002524,C03613,Festive Sale,WhatsApp,2025-02-15,1,1.66
CP002525,C00729,Electronics Week,SMS,2025-07-16,1,2.14
CP002526,C04506,VIP Exclusive,Email,2025-05-22,0,3.42
CP002527,C00941,Summer Savings,WhatsApp,2025-07-02,0,2.98
CP002528,C00259,New Customer Welcome,Email,2025-10-06,0,2.49
CP002529,C04725,VIP Exclusive,SMS,2025-10-08,0,3.37
CP002530,C04939,Electronics Week,Social,2025-01-15,1,6.7
CP002531,C03584,VIP Exclusive,Social,2025-03-26,0,5.52
CP002532,C04469,New Customer Welcome,SMS,2025-11-13,0,5.35
CP002533,C01473,Win Back,Push,2025-08-23,1,6.21
CP002534,C03825,Festive Sale,Email,2025-09-02,0,3.12
CP002535,C04124,Summer Savings,WhatsApp,2025-06-28,1,5.78
CP002536,C04226,Summer Savings,SMS,2025-02-10,1,3.68
CP002537,C03686,Win Back,WhatsApp,2025-10-29,1,2.11
CP002538,C03838,Win Back,SMS,2025-04-26,0,2.42
CP002539,C04820,Win Back,SMS,2025-12-10,0,4.96
CP002540,C02712,Win Back,Social,2025-11-27,0,3.33
CP002541,C01398,New Customer Welcome,Email,2025-12-06,0,2.46
CP002542,C02030,Fashion Days,Push,2025-12-06,0,7.14
CP002543,C02560,Fashion Days,WhatsApp,2025-10-04,0,5.53
CP002544,C01729,Festive Sale,Social,2025-01-13,1,1.61
CP002545,C01330,Fashion Days,WhatsApp,2025-09-30,1,6.67
CP002546,C04865,New Customer Welcome,Push,2025-04-29,1,6.64
CP002547,C01411,Fashion Days,,2025-09-20,0,3.31
CP002548,C04999,Fashion Days,Email,2025-04-20,1,6.01
CP002549,C03854,Festive Sale,Push,2025-01-17,0,5.14
CP002550,C00500,Festive Sale,Social,2025-08-21,0,3.1
CP002551,C01045,VIP Exclusive,SMS,2025-06-26,0,3.48
CP002552,C04746,Festive Sale,Push,2025-01-22,0,4.15
CP002553,C01272,New Customer Welcome,WhatsApp,2025-03-20,1,7.75
CP002554,C00262,Fashion Days,Push,2025-04-11,0,1.31
CP002555,C02770,Win Back,WhatsApp,2025-11-15,1,7.23
CP002556,C04732,Festive Sale,WhatsApp,2025-02-07,0,7.35
CP002557,C03551,Win Back,Email,2025-10-13,0,6.75
CP002558,C03513,Win Back,Email,2025-05-14,0,7.73
CP002559,C01969,Festive Sale,SMS,2025-01-31,0,2.17
CP002560,C00531,Fashion Days,Social,2025-08-23,1,6.45
CP002561,C01422,VIP Exclusive,Email,2025-04-03,0,0.93
CP002562,C00812,New Customer Welcome,Push,2025-11-21,0,2.29
CP002563,C02222,Summer Savings,Social,2025-01-17,0,1.69
CP002564,C01957,Fashion Days,Push,2025-11-14,0,4.73
CP002565,C02898,Win Back,WhatsApp,2025-07-04,0,7.38
CP002566,C00670,Electronics Week,Email,2025-05-05,0,2.96
CP002567,C01498,Win Back,SMS,2025-03-21,1,1.01
CP002568,C01825,Festive Sale,Email,2025-03-25,0,2.12
CP002569,C01209,Festive Sale,Push,2025-02-07,0,5.97
CP002570,C00450,VIP Exclusive,WhatsApp,2025-02-22,0,5.24
CP002571,C04439,Fashion Days,Email,2025-05-01,0,5.23
CP002572,C04328,Festive Sale,Social,2025-10-28,1,5.9
CP002573,C00152,VIP Exclusive,Email,2025-04-28,0,3.99
CP002574,C02940,Win Back,Social,2025-07-16,1,3.55
CP002575,C04320,New Customer Welcome,WhatsApp,2025-07-30,0,6.41
CP002576,C01174,Electronics Week,Push,2025-01-03,1,3.61
CP002577,C01555,Fashion Days,WhatsApp,2025-04-08,0,3.34
CP002578,C03706,New Customer Welcome,WhatsApp,2025-03-26,0,3.5
CP002579,C00040,Festive Sale,WhatsApp,2025-06-21,1,2.22
CP002580,C00365,Summer Savings,Email,2025-05-22,0,5.2
CP002581,C04301,Fashion Days,Push,2025-03-07,0,6.76
CP002582,C00386,VIP Exclusive,Email,2025-11-16,0,5.33
CP002583,C02944,Summer Savings,Email,2025-02-04,0,0.89
CP002584,C02415,Fashion Days,WhatsApp,2025-04-29,0,2.7
CP002585,C01189,Festive Sale,Push,2025-05-27,0,2.53
CP002586,C04559,VIP Exclusive,SMS,2025-03-30,0,5.96
CP002587,C01688,Summer Savings,WhatsApp,2025-03-28,0,0.87
CP002588,C03322,Summer Savings,WhatsApp,2025-02-07,0,2.04
CP002589,C04190,Win Back,SMS,2025-03-21,0,5.42
CP002590,C01991,Electronics Week,SMS,2025-07-08,0,3.26
CP002591,C02235,Win Back,Email,2025-04-23,0,6.51
CP002592,C02197,Win Back,Push,2025-02-12,0,2.76
CP002593,C02048,Fashion Days,SMS,2025-05-27,0,6.98
CP002594,C03937,Electronics Week,Push,2025-08-23,0,0.79
CP002595,C04616,Fashion Days,Email,2025-11-22,0,4.05
CP002596,C03302,Fashion Days,WhatsApp,2025-05-23,0,3.32
CP002597,C04505,Electronics Week,WhatsApp,2025-05-16,0,3.11
CP002598,C03651,VIP Exclusive,WhatsApp,2025-01-13,0,1.38
CP002599,C00177,New Customer Welcome,WhatsApp,2025-10-17,0,2.24
CP002600,C04288,Summer Savings,SMS,2025-05-20,0,1.57
CP002601,C02786,Festive Sale,Email,2025-07-31,0,2.69
CP002602,C01176,Electronics Week,Push,2025-03-22,0,0.65
CP002603,C03140,Fashion Days,WhatsApp,2025-05-12,0,4.17
CP002604,C00891,VIP Exclusive,Push,2025-09-25,1,6.99
CP002605,C03587,VIP Exclusive,WhatsApp,2025-09-23,1,3.55
CP002606,C03496,Fashion Days,Push,2025-07-26,0,6.41
CP002607,C03367,Win Back,Push,2025-09-16,0,7.19
CP002608,C00234,Fashion Days,Email,2025-03-11,0,6.37
CP002609,C00486,Festive Sale,Push,2025-11-14,0,4.41
CP002610,C00005,Fashion Days,Push,2025-05-14,0,7.96
CP002611,C00067,Fashion Days,Social,2025-04-22,0,6.54
CP002612,C02942,VIP Exclusive,Social,2025-04-24,0,5.97
CP002613,C01716,Summer Savings,WhatsApp,2025-02-23,0,5.56
CP002614,C04582,VIP Exclusive,WhatsApp,2025-06-24,0,7.33
CP002615,C01192,Win Back,WhatsApp,2025-11-18,0,0.64
CP002616,C03766,VIP Exclusive,Push,2025-03-12,0,1.06
CP002617,C03975,Festive Sale,Email,2025-08-24,0,7.47
CP002618,C02734,Fashion Days,WhatsApp,2025-09-04,1,1.77
CP002619,C03764,Festive Sale,Email,2025-06-10,0,5.48
CP002620,C02480,Summer Savings,Email,2025-06-07,0,1.41
CP002621,C01731,VIP Exclusive,Email,2025-07-01,0,2.1
CP002622,C01764,New Customer Welcome,WhatsApp,2025-03-22,1,4.22
CP002623,C01231,Electronics Week,WhatsApp,2025-11-16,0,5.88
CP002624,C00533,VIP Exclusive,WhatsApp,2025-12-01,0,6.53
CP002625,C00762,Summer Savings,Social,2025-03-21,0,1.67
CP002626,C04611,Fashion Days,Email,2025-12-15,0,0.66
CP002627,C02171,Festive Sale,Email,2025-02-26,1,2.09
CP002628,C04720,Summer Savings,Push,2025-04-13,0,4.03
CP002629,C02053,New Customer Welcome,SMS,2025-02-09,0,5.58
CP002630,C03518,Festive Sale,WhatsApp,2025-01-28,0,3.92
CP002631,C01742,Festive Sale,SMS,2025-07-14,1,7.46
CP002632,C01309,VIP Exclusive,WhatsApp,2025-05-15,1,5.41
CP002633,C02343,Festive Sale,WhatsApp,2025-06-24,0,1.23
CP002634,C00736,Win Back,Email,2025-07-19,0,7.08
CP002635,C00903,Win Back,SMS,2025-06-12,1,2.27
CP002636,C01019,Electronics Week,SMS,2025-01-24,0,5.61
CP002637,C01111,Fashion Days,WhatsApp,2025-06-13,0,2.54
CP002638,C04281,Summer Savings,Email,2025-01-04,0,2.4
CP002639,C04509,New Customer Welcome,Email,2025-05-09,1,4.3
CP002640,C00473,Electronics Week,Email,2025-06-09,1,1.61
CP002641,C01495,Win Back,Push,2025-07-13,1,2.93
CP002642,C00071,New Customer Welcome,WhatsApp,2025-05-16,0,1.2
CP002643,C04372,Win Back,Email,2025-11-09,0,5.37
CP002644,C02295,VIP Exclusive,WhatsApp,2025-02-05,1,0.81
CP002645,C04210,Festive Sale,SMS,2025-08-21,0,0.88
CP002646,C01870,Summer Savings,Email,2025-09-03,1,3.37
CP002647,C02417,Win Back,WhatsApp,2025-09-17,0,5.83
CP002648,C02822,New Customer Welcome,WhatsApp,2025-08-20,1,3.17
CP002649,C03369,Summer Savings,WhatsApp,2025-05-17,1,1.84
CP002650,C03483,New Customer Welcome,Email,2025-09-25,1,4.28
CP002651,C01291,New Customer Welcome,Social,2025-02-02,0,7.38
CP002652,C00591,VIP Exclusive,Social,2025-09-24,1,7.06
CP002653,C04389,New Customer Welcome,SMS,2025-08-21,0,3.51
CP002654,C04675,Fashion Days,Push,2025-04-20,0,4.45
CP002655,C04936,Festive Sale,Email,2025-04-04,1,7.91
CP002656,C01172,Fashion Days,Email,2025-07-19,0,5.03
CP002657,C04487,Win Back,WhatsApp,2025-07-19,0,6.58
CP002658,C04316,Festive Sale,WhatsApp,2025-09-20,0,7.85
CP002659,C00255,Summer Savings,WhatsApp,2025-07-01,0,7.53
CP002660,C02730,New Customer Welcome,SMS,2025-02-21,0,3.42
CP002661,C03260,Win Back,WhatsApp,2025-01-31,1,5.38
CP002662,C02006,Summer Savings,WhatsApp,2025-03-16,0,7.58
CP002663,C05000,Win Back,Push,2025-12-10,1,6.57
CP002664,C04188,Win Back,Email,2025-03-29,1,3.26
CP002665,C01817,Festive Sale,WhatsApp,2025-05-14,0,4.42
CP002666,C02441,Fashion Days,Push,2025-06-08,1,1.76
CP002667,C01064,Festive Sale,Social,2025-03-24,0,4.7
CP002668,C03903,VIP Exclusive,SMS,2025-03-27,1,2.12
CP002669,C01056,Festive Sale,Push,2025-09-27,0,5.79
CP002670,C04967,VIP Exclusive,Social,2025-06-10,1,4.36
CP002671,C01354,Festive Sale,SMS,2025-01-30,0,5.62
CP002672,C04394,New Customer Welcome,Email,2025-02-07,1,0.76
CP002673,C00516,New Customer Welcome,SMS,2025-07-20,1,2.97
CP002674,C03091,Festive Sale,Email,2025-03-23,0,2.34
CP002675,C02140,Electronics Week,Email,2025-06-20,0,3.91
CP002676,C02478,VIP Exclusive,WhatsApp,2025-03-27,1,2.8
CP002677,C03831,VIP Exclusive,Push,2025-07-10,0,7.67
CP002678,C04855,VIP Exclusive,Push,2025-12-11,0,2.42
CP002679,C03938,Festive Sale,WhatsApp,2025-07-30,0,5.46
CP002680,C02711,New Customer Welcome,Push,2025-12-01,0,7.56
CP002681,C04935,Festive Sale,Email,2025-08-21,0,6.83
CP002682,C03666,New Customer Welcome,Email,2025-06-01,1,3.67
CP002683,C02335,Fashion Days,Social,2025-09-04,0,3.27
CP002684,C02069,Fashion Days,Email,2025-10-17,0,4.95
CP002685,C00068,Summer Savings,WhatsApp,2025-01-09,0,7.69
CP002686,C00116,Fashion Days,Email,2025-12-05,0,1.45
CP002687,C03452,Summer Savings,WhatsApp,2025-01-16,0,6.64
CP002688,C00877,Summer Savings,SMS,2025-11-27,1,5.28
CP002689,C03917,Win Back,Email,2025-11-03,0,6.68
CP002690,C02041,Win Back,Social,2025-07-19,0,3.49
CP002691,C02819,New Customer Welcome,Push,2025-11-06,0,7.66
CP002692,C00772,VIP Exclusive,Email,2025-11-30,0,3.3
CP002693,C01739,New Customer Welcome,Email,2025-01-18,0,3.29
CP002694,C00541,Win Back,Push,2025-11-29,0,2.29
CP002695,C01252,Festive Sale,Push,2025-05-06,0,5.66
CP002696,C01390,Summer Savings,Email,2025-12-06,0,0.52
CP002697,C02537,New Customer Welcome,WhatsApp,2025-05-11,0,4.95
CP002698,C01688,Fashion Days,WhatsApp,2025-01-20,1,4.75
CP002699,C03779,VIP Exclusive,Social,2025-06-27,0,4.5
CP002700,C01188,Summer Savings,Push,2025-02-06,1,6.13
CP002701,C02223,Electronics Week,Push,2025-12-05,0,6.93
CP002702,C04349,Fashion Days,Push,2025-04-19,0,3.49
CP002703,C00956,Electronics Week,SMS,2025-07-10,0,7.22
CP002704,C02493,Fashion Days,SMS,2025-11-23,1,2.32
CP002705,C02469,New Customer Welcome,Email,2025-06-29,0,2.83
CP002706,C00697,Fashion Days,SMS,2025-09-01,0,0.62
CP002707,C01598,Festive Sale,Push,2025-11-04,0,7.44
CP002708,C02948,Win Back,WhatsApp,2025-02-11,0,3.74
CP002709,C02857,VIP Exclusive,Email,2025-02-14,0,0.96
CP002710,C00322,Win Back,Email,2025-12-08,1,2.88
CP002711,C01795,VIP Exclusive,SMS,2025-10-26,1,6.0
CP002712,C00530,Win Back,Push,2025-01-25,1,2.89
CP002713,C03827,Win Back,Push,2025-07-10,0,1.96
CP002714,C02975,Win Back,Email,2025-11-12,1,1.81
CP002715,C02661,New Customer Welcome,Email,2025-10-13,0,5.44
CP002716,C04686,New Customer Welcome,Social,2025-06-23,0,5.18
CP002717,C03757,New Customer Welcome,Push,2025-07-29,0,4.87
CP002718,C02767,Fashion Days,WhatsApp,2025-02-14,0,4.59
CP002719,C02705,Electronics Week,WhatsApp,2025-07-15,0,7.82
CP002720,C00998,Summer Savings,Push,2025-09-11,0,2.45
CP002721,C02039,Win Back,SMS,2025-04-19,0,7.85
CP002722,C03091,New Customer Welcome,SMS,2025-10-17,1,1.53
CP002723,C04884,Summer Savings,WhatsApp,2025-10-14,1,5.88
CP002724,C04071,Electronics Week,SMS,2025-02-14,1,1.21
CP002725,C01928,Fashion Days,WhatsApp,2025-09-30,0,3.9
CP002726,C03902,New Customer Welcome,Push,2025-07-25,0,1.18
CP002727,C03324,Electronics Week,WhatsApp,2025-01-12,0,5.77
CP002728,C02194,Win Back,Email,2025-06-16,0,1.33
CP002729,C04803,Electronics Week,WhatsApp,2025-03-16,0,7.03
CP002730,C02036,New Customer Welcome,SMS,2025-04-17,0,0.84
CP002731,C01388,Fashion Days,Email,2025-02-12,0,7.18
CP002732,C00316,VIP Exclusive,Email,2025-02-03,0,7.85
CP002733,C04309,VIP Exclusive,Email,2025-07-06,0,2.65
CP002734,C03602,VIP Exclusive,Email,2025-01-22,1,5.74
CP002735,C00135,Summer Savings,Push,2025-04-30,0,0.59
CP002736,C03430,New Customer Welcome,WhatsApp,2025-06-26,0,3.55
CP002737,C00165,Win Back,Email,2025-05-24,0,5.31
CP002738,C01958,Win Back,Push,2025-02-06,0,1.88
CP002739,C02985,VIP Exclusive,SMS,2025-12-06,0,6.15
CP002740,C02875,Electronics Week,SMS,2025-04-24,0,7.54
CP002741,C04928,Win Back,Social,2025-07-04,0,1.24
CP002742,C00179,Fashion Days,WhatsApp,2025-08-17,0,2.93
CP002743,C01829,VIP Exclusive,WhatsApp,2025-06-16,0,2.49
CP002744,C01600,Fashion Days,Email,2025-04-19,0,7.09
CP002745,C04699,Win Back,Email,2025-06-22,0,1.38
CP002746,C03626,New Customer Welcome,Push,2025-01-19,1,6.88
CP002747,C02401,VIP Exclusive,Email,2025-03-13,0,0.59
CP002748,C04510,Electronics Week,Email,2025-06-17,0,1.21
CP002749,C01852,Fashion Days,Email,2025-10-06,1,2.46
CP002750,C01381,Festive Sale,WhatsApp,2025-10-28,0,7.74
CP002751,C00648,New Customer Welcome,Social,2025-11-09,0,5.64
CP002752,C01534,Fashion Days,Push,2025-01-20,0,2.39
CP002753,C00167,Fashion Days,SMS,2025-12-13,0,2.31
CP002754,C00265,Win Back,Push,2025-08-18,1,5.02
CP002755,C01152,Summer Savings,SMS,2025-08-18,1,7.97
CP002756,C03367,Festive Sale,Email,2025-11-28,0,2.0
CP002757,C02859,Summer Savings,Push,2025-04-28,0,1.15
CP002758,C02797,Fashion Days,WhatsApp,2025-08-02,0,2.83
CP002759,C03022,Summer Savings,Email,2025-07-25,1,3.24
CP002760,C04104,Fashion Days,SMS,2025-10-29,0,3.47
CP002761,C01944,Electronics Week,,2025-08-03,0,1.43
CP002762,C01511,Win Back,WhatsApp,2025-06-12,0,3.8
CP002763,C01151,Summer Savings,Email,2025-03-31,1,3.77
CP002764,C00216,New Customer Welcome,WhatsApp,2025-04-25,0,7.8
CP002765,C00855,VIP Exclusive,SMS,2025-07-31,0,6.3
CP002766,C03263,Fashion Days,SMS,2025-05-06,0,5.12
CP002767,C02734,Electronics Week,Email,2025-07-14,1,1.12
CP002768,C02197,Win Back,Email,2025-07-19,0,7.8
CP002769,C02032,Summer Savings,Email,2025-07-16,0,3.52
CP002770,C00639,Festive Sale,SMS,2025-06-03,0,4.74
CP002771,C03421,Win Back,SMS,2025-03-03,0,0.63
CP002772,C04274,Electronics Week,SMS,2025-12-08,0,6.42
CP002773,C04243,Summer Savings,WhatsApp,2025-08-23,0,5.37
CP002774,C02142,New Customer Welcome,Social,2025-01-17,1,1.42
CP002775,C03418,Festive Sale,SMS,2025-05-17,0,5.84
CP002776,C01031,Festive Sale,WhatsApp,2025-04-14,0,5.02
CP002777,C04898,Win Back,SMS,2025-03-14,0,4.85
CP002778,C01468,Summer Savings,Push,2025-06-04,0,2.88
CP002779,C02479,Electronics Week,Social,2025-09-01,0,0.66
CP002780,C03089,New Customer Welcome,SMS,2025-06-25,1,2.15
CP002781,C02727,Win Back,WhatsApp,2025-08-11,1,1.82
CP002782,C00787,Summer Savings,Push,2025-03-17,0,6.04
CP002783,C00586,VIP Exclusive,Email,2025-09-03,0,4.15
CP002784,C02247,VIP Exclusive,Email,2025-04-08,1,5.25
CP002785,C00875,Electronics Week,SMS,2025-08-24,0,1.05
CP002786,C03931,Festive Sale,Email,2025-05-10,0,6.75
CP002787,C04233,Festive Sale,SMS,2025-08-14,0,1.9
CP002788,C01977,New Customer Welcome,WhatsApp,2025-02-17,1,5.96
CP002789,C02021,Electronics Week,WhatsApp,2025-08-14,0,2.76
CP002790,C04367,Summer Savings,Social,2025-08-16,1,4.26
CP002791,C04980,Fashion Days,WhatsApp,2025-03-13,0,5.45
CP002792,C02733,VIP Exclusive,Email,2025-10-08,1,6.57
CP002793,C03451,New Customer Welcome,SMS,2025-08-30,0,4.99
CP002794,C04385,Win Back,Social,2025-10-28,1,6.11
CP002795,C01965,Electronics Week,Push,2025-12-01,0,7.29
CP002796,C02356,VIP Exclusive,Email,2025-02-18,0,3.08
CP002797,C00986,Fashion Days,Push,2025-05-02,0,3.94
CP002798,C00724,Summer Savings,WhatsApp,2025-04-18,0,6.76
CP002799,C00467,VIP Exclusive,Social,2025-09-11,0,0.76
CP002800,C00294,VIP Exclusive,WhatsApp,2025-01-18,0,7.03
CP002801,C02537,New Customer Welcome,Push,2025-03-14,0,1.77
CP002802,C03967,Win Back,Push,2025-08-29,0,4.82
CP002803,C01252,New Customer Welcome,Push,2025-10-14,1,3.78
CP002804,C01823,Electronics Week,Email,2025-08-22,0,3.2
CP002805,C01171,New Customer Welcome,SMS,2025-07-25,0,2.67
CP002806,C03236,New Customer Welcome,Push,2025-05-20,1,1.69
CP002807,C01412,Win Back,WhatsApp,2025-02-26,0,6.91
CP002808,C02072,New Customer Welcome,SMS,2025-07-07,0,4.34
CP002809,C02385,VIP Exclusive,Email,2025-11-16,1,3.93
CP002810,C02332,VIP Exclusive,Push,2025-10-12,0,2.29
CP002811,C02904,Summer Savings,Push,2025-03-19,0,2.09
CP002812,C03690,VIP Exclusive,Social,2025-01-20,0,0.58
CP002813,C00563,Electronics Week,Email,2025-01-15,0,7.65
CP002814,C04925,Electronics Week,SMS,2025-05-31,1,5.04
CP002815,C02595,VIP Exclusive,Email,2025-11-05,0,5.44
CP002816,C02154,Win Back,WhatsApp,2025-08-31,0,2.69
CP002817,C04015,VIP Exclusive,SMS,2025-11-05,0,7.89
CP002818,C03038,Summer Savings,Push,2025-10-05,0,5.19
CP002819,C00773,Summer Savings,Email,2025-10-19,1,6.33
CP002820,C03039,New Customer Welcome,Email,2025-10-31,0,7.73
CP002821,C01304,New Customer Welcome,Email,2025-10-29,1,5.69
CP002822,C00707,Festive Sale,Email,2025-11-12,0,1.8
CP002823,C03151,VIP Exclusive,SMS,2025-09-15,0,1.16
CP002824,C02128,VIP Exclusive,WhatsApp,2025-06-17,0,5.88
CP002825,C00621,Fashion Days,Email,2025-05-31,0,0.52
CP002826,C01760,VIP Exclusive,WhatsApp,2025-04-27,0,4.33
CP002827,C00011,Electronics Week,Social,2025-06-04,0,2.8
CP002828,C02835,Win Back,Push,2025-03-11,1,7.31
CP002829,C04040,Fashion Days,Push,2025-04-26,0,5.53
CP002830,C03573,New Customer Welcome,SMS,2025-09-16,0,7.59
CP002831,C04926,Win Back,Push,2025-09-23,0,5.31
CP002832,C01104,New Customer Welcome,Email,2025-07-22,0,2.55
CP002833,C03274,New Customer Welcome,WhatsApp,2025-11-20,0,7.9
CP002834,C00365,VIP Exclusive,Email,2025-05-01,0,4.73
CP002835,C04380,VIP Exclusive,SMS,2025-11-09,1,1.59
CP002836,C04141,New Customer Welcome,SMS,2025-10-31,0,6.39
CP002837,C02574,VIP Exclusive,Social,2025-09-08,0,6.28
CP002838,C02847,Win Back,Email,2025-09-10,0,3.6
CP002839,C00401,New Customer Welcome,Email,2025-10-03,0,4.94
CP002840,C00394,Fashion Days,Social,2025-06-28,0,3.69
CP002841,C01179,VIP Exclusive,WhatsApp,2025-11-24,0,6.37
CP002842,C00429,Fashion Days,SMS,2025-06-17,0,4.86
CP002843,C04425,New Customer Welcome,WhatsApp,2025-09-07,0,2.67
CP002844,C03165,New Customer Welcome,Email,2025-08-18,0,1.08
CP002845,C03450,Electronics Week,Push,2025-11-13,0,4.63
CP002846,C01751,Fashion Days,Push,2025-06-05,0,6.64
CP002847,C02617,Electronics Week,WhatsApp,2025-10-11,0,0.89
CP002848,C01171,Summer Savings,Email,2025-06-10,0,2.67
CP002849,C03332,Electronics Week,Email,2025-07-13,0,6.74
CP002850,C00218,Win Back,Email,2025-01-06,0,6.85
CP002851,C00929,VIP Exclusive,WhatsApp,2025-05-20,0,5.55
CP002852,C02243,Festive Sale,Social,2025-02-25,1,6.55
CP002853,C01182,New Customer Welcome,SMS,2025-02-04,0,6.79
CP002854,C03992,Win Back,Push,2025-11-21,0,7.08
CP002855,C03057,Festive Sale,Push,2025-03-30,0,4.77
CP002856,C00282,Summer Savings,SMS,2025-07-10,0,7.83
CP002857,C04024,New Customer Welcome,SMS,2025-05-27,0,3.75
CP002858,C01204,Electronics Week,Push,2025-09-03,0,1.72
CP002859,C00836,Festive Sale,SMS,2025-01-02,0,2.63
CP002860,C02099,Electronics Week,Email,2025-09-24,0,7.08
CP002861,C01115,Fashion Days,Push,2025-11-03,0,4.53
CP002862,C00006,Summer Savings,Email,2025-10-09,0,7.56
CP002863,C01835,Festive Sale,WhatsApp,2025-01-15,0,7.8
CP002864,C03278,Win Back,SMS,2025-03-30,0,7.72
CP002865,C00735,Electronics Week,Email,2025-04-04,0,2.27
CP002866,C02648,Fashion Days,Push,2025-08-04,1,4.72
CP002867,C02095,Electronics Week,SMS,2025-03-15,0,7.87
CP002868,C04854,Summer Savings,SMS,2025-06-13,1,2.66
CP002869,C03515,New Customer Welcome,Email,2025-01-30,1,4.42
CP002870,C01887,Fashion Days,WhatsApp,2025-10-29,0,7.79
CP002871,C04806,Summer Savings,,2025-02-05,1,2.15
CP002872,C04617,New Customer Welcome,Email,2025-04-09,0,2.22
CP002873,C01316,Summer Savings,Push,2025-04-17,0,3.36
CP002874,C01210,Festive Sale,Email,2025-09-10,0,1.43
CP002875,C04546,Summer Savings,Social,2025-05-31,0,2.72
CP002876,C02670,New Customer Welcome,Email,2025-11-29,0,2.83
CP002877,C04024,New Customer Welcome,Email,2025-03-11,0,3.07
CP002878,C03975,Win Back,SMS,2025-02-22,1,1.47
CP002879,C02858,VIP Exclusive,Email,2025-03-28,0,2.26
CP002880,C00857,New Customer Welcome,Social,2025-09-14,1,3.3
CP002881,C03073,Fashion Days,Push,2025-12-01,0,1.76
CP002882,C04376,New Customer Welcome,Email,2025-05-13,0,2.36
CP002883,C04517,Festive Sale,Push,2025-01-18,0,3.33
CP002884,C03418,New Customer Welcome,SMS,2025-03-12,1,3.86
CP002885,C03381,VIP Exclusive,Social,2025-01-13,1,1.19
CP002886,C04038,Festive Sale,Email,2025-04-23,0,4.03
CP002887,C00965,New Customer Welcome,WhatsApp,2025-09-03,0,3.49
CP002888,C00260,Fashion Days,Social,2025-08-21,1,4.5
CP002889,C00993,VIP Exclusive,Email,2025-10-27,0,0.75
CP002890,C02058,Win Back,WhatsApp,2025-01-15,0,6.3
CP002891,C02438,Win Back,Email,2025-07-18,0,2.95
CP002892,C04938,Electronics Week,Push,2025-01-11,0,6.38
CP002893,C02693,New Customer Welcome,SMS,2025-11-21,0,6.04
CP002894,C03681,Festive Sale,WhatsApp,2025-12-02,0,4.94
CP002895,C04577,Electronics Week,WhatsApp,2025-01-26,0,3.34
CP002896,C01613,Summer Savings,Email,2025-03-04,0,6.85
CP002897,C00638,Win Back,Push,2025-06-26,0,3.01
CP002898,C00794,Summer Savings,Push,2025-05-01,0,2.88
CP002899,C03733,New Customer Welcome,WhatsApp,2025-10-26,0,5.4
CP002900,C01802,Summer Savings,Email,2025-10-18,0,4.72
CP002901,C01638,Electronics Week,Push,2025-08-27,0,5.86
CP002902,C04463,Win Back,SMS,2025-11-22,1,4.12
CP002903,C04409,Fashion Days,Email,2025-01-02,0,1.32
CP002904,C04096,Festive Sale,Email,2025-01-09,1,4.21
CP002905,C04043,Electronics Week,WhatsApp,2025-01-02,0,4.99
CP002906,C01835,Electronics Week,Social,2025-06-18,0,2.94
CP002907,C01678,Summer Savings,Email,2025-05-16,0,4.15
CP002908,C03789,New Customer Welcome,WhatsApp,2025-08-12,0,4.66
CP002909,C03092,Electronics Week,Push,2025-09-18,1,3.87
CP002910,C01525,VIP Exclusive,Email,2025-09-13,1,2.35
CP002911,C04199,Summer Savings,WhatsApp,2025-10-13,0,7.01
CP002912,C03487,Electronics Week,WhatsApp,2025-11-17,1,7.5
CP002913,C03443,Festive Sale,Email,2025-11-16,0,4.24
CP002914,C02850,Win Back,Social,2025-06-16,0,1.78
CP002915,C00687,VIP Exclusive,Email,2025-03-30,0,5.52
CP002916,C03535,Festive Sale,SMS,2025-11-22,0,4.62
CP002917,C03123,Fashion Days,WhatsApp,2025-02-18,0,2.54
CP002918,C03671,Festive Sale,SMS,2025-08-13,0,5.73
CP002919,C00484,Summer Savings,Push,2025-09-07,0,7.69
CP002920,C00844,Fashion Days,Push,2025-05-22,0,7.69
CP002921,C04098,Win Back,Social,2025-01-20,1,7.55
CP002922,C00617,Electronics Week,Email,2025-02-12,0,6.56
CP002923,C02777,Festive Sale,Email,2025-09-29,0,1.65
CP002924,C01208,Fashion Days,Social,2025-09-17,0,2.69
CP002925,C04851,Win Back,Push,2025-09-20,0,7.22
CP002926,C04770,VIP Exclusive,Social,2025-10-25,0,7.14
CP002927,C00305,New Customer Welcome,SMS,2025-01-11,0,4.9
CP002928,C02621,Festive Sale,Email,2025-12-08,0,4.4
CP002929,C01836,Fashion Days,Push,2025-06-18,0,2.34
CP002930,C01934,Festive Sale,SMS,2025-06-25,0,4.54
CP002931,C00828,Electronics Week,SMS,2025-04-23,0,5.86
CP002932,C01389,Summer Savings,Email,2025-10-10,0,2.8
CP002933,C02141,Electronics Week,Push,2025-08-15,1,2.81
CP002934,C01399,Fashion Days,Social,2025-10-04,0,3.07
CP002935,C04371,Fashion Days,Email,2025-07-22,0,1.41
CP002936,C04765,Summer Savings,WhatsApp,2025-09-01,0,2.66
CP002937,C00133,VIP Exclusive,Push,2025-10-31,0,7.68
CP002938,C03470,Win Back,WhatsApp,2025-05-25,0,5.17
CP002939,C03077,Fashion Days,Push,2025-09-07,0,1.06
CP002940,C02775,Win Back,Push,2025-08-31,0,7.45
CP002941,C00506,Summer Savings,Push,2025-11-04,1,3.3
CP002942,C00476,New Customer Welcome,WhatsApp,2025-01-12,0,4.12
CP002943,C03475,Electronics Week,SMS,2025-07-29,0,1.23
CP002944,C03931,Festive Sale,Email,2025-08-16,0,3.15
CP002945,C04966,New Customer Welcome,SMS,2025-04-21,0,7.91
CP002946,C00449,Fashion Days,SMS,2025-05-01,0,5.58
CP002947,C04199,Summer Savings,Email,2025-06-11,0,1.57
CP002948,C01497,Electronics Week,Email,2025-01-01,1,3.51
CP002949,C01460,Festive Sale,Push,2025-04-20,0,2.12
CP002950,C01888,VIP Exclusive,SMS,2025-05-27,0,3.29
CP002951,C03241,VIP Exclusive,Email,2025-07-08,0,2.09
CP002952,C02126,VIP Exclusive,Push,2025-08-31,1,6.34
CP002953,C04981,Win Back,Email,2025-06-24,0,4.42
CP002954,C04046,Electronics Week,WhatsApp,2025-07-10,0,4.05
CP002955,C04457,Festive Sale,WhatsApp,2025-07-24,0,3.03
CP002956,C03651,VIP Exclusive,Email,2025-04-29,0,7.09
CP002957,C03850,VIP Exclusive,Push,2025-01-13,1,7.06
CP002958,C03279,Electronics Week,Push,2025-02-20,0,7.09
CP002959,C04953,VIP Exclusive,SMS,2025-07-11,0,0.95
CP002960,C03001,VIP Exclusive,Push,2025-04-03,0,4.98
CP002961,C01976,Electronics Week,WhatsApp,2025-03-28,0,1.85
CP002962,C01436,Win Back,Push,2025-04-20,0,6.53
CP002963,C00078,New Customer Welcome,Email,2025-05-27,1,1.17
CP002964,C04343,VIP Exclusive,Email,2025-08-15,0,2.35
CP002965,C04436,Electronics Week,Push,2025-01-14,0,7.24
CP002966,C01691,Win Back,Push,2025-08-25,0,3.26
CP002967,C01577,Win Back,WhatsApp,2025-10-05,0,5.94
CP002968,C02472,Fashion Days,SMS,2025-07-01,1,5.46
CP002969,C03287,Festive Sale,WhatsApp,2025-11-15,0,1.31
CP002970,C02726,Summer Savings,SMS,2025-09-14,0,7.14
CP002971,C03226,Festive Sale,SMS,2025-04-03,0,1.95
CP002972,C04997,Summer Savings,Push,2025-01-04,0,4.82
CP002973,C02844,VIP Exclusive,Social,2025-06-08,0,6.84
CP002974,C02801,Summer Savings,SMS,2025-05-10,0,7.88
CP002975,C04359,Summer Savings,SMS,2025-08-08,1,4.35
CP002976,C02182,VIP Exclusive,Push,2025-03-21,0,5.76
CP002977,C03310,Festive Sale,WhatsApp,2025-11-28,0,2.36
CP002978,C02967,VIP Exclusive,Push,2025-07-15,0,5.09
CP002979,C01676,New Customer Welcome,Push,2025-06-08,0,3.38
CP002980,C00800,Fashion Days,SMS,2025-09-21,0,6.54
CP002981,C00833,Festive Sale,SMS,2025-10-20,0,4.54
CP002982,C02387,Fashion Days,Email,2025-07-31,1,2.32
CP002983,C03029,Festive Sale,Social,2025-10-07,0,5.51
CP002984,C03061,New Customer Welcome,Email,2025-08-05,0,5.97
CP002985,C04413,Electronics Week,WhatsApp,2025-06-13,0,4.7
CP002986,C02921,Festive Sale,Social,2025-02-21,0,2.47
CP002987,C00142,Win Back,WhatsApp,2025-07-04,1,4.28
CP002988,C01867,Win Back,Social,2025-04-03,0,2.12
CP002989,C03414,Fashion Days,SMS,2025-08-30,0,3.55
CP002990,C00131,Electronics Week,Social,2025-09-19,0,2.24
CP002991,C03871,Fashion Days,Email,2025-06-22,0,6.8
CP002992,C00097,Electronics Week,WhatsApp,2025-09-24,0,6.99
CP002993,C02106,VIP Exclusive,WhatsApp,2025-01-27,0,7.64
CP002994,C01315,Electronics Week,Email,2025-08-27,0,6.16
CP002995,C04621,Fashion Days,SMS,2025-05-27,0,3.4
CP002996,C03228,Fashion Days,Email,2025-02-04,0,7.67
CP002997,C02065,New Customer Welcome,Push,2025-03-30,0,2.52
CP002998,C01058,Summer Savings,Push,2025-07-04,0,2.9
CP002999,C03340,Electronics Week,Social,2025-08-10,1,3.75
CP003000,C03420,New Customer Welcome,Email,2025-09-11,1,4.93
CP003001,C04107,Summer Savings,Social,2025-05-10,0,2.96
CP003002,C04968,Summer Savings,WhatsApp,2025-05-17,0,4.55
CP003003,C02745,Win Back,Email,2025-09-08,0,2.49
CP003004,C02429,Fashion Days,WhatsApp,2025-05-09,0,5.46
CP003005,C04556,Festive Sale,Email,2025-09-04,0,1.13
CP003006,C02343,VIP Exclusive,SMS,2025-11-24,1,6.78
CP003007,C04994,Summer Savings,Push,2025-10-13,0,4.6
CP003008,C03467,Summer Savings,WhatsApp,2025-09-23,0,5.38
CP003009,C03988,VIP Exclusive,WhatsApp,2025-03-11,0,7.52
CP003010,C00297,Fashion Days,Email,2025-09-03,0,5.85
CP003011,C02909,Win Back,WhatsApp,2025-06-10,0,1.58
CP003012,C04637,New Customer Welcome,Social,2025-04-24,1,7.9
CP003013,C01590,Win Back,Email,2025-06-11,0,1.26
CP003014,C00118,New Customer Welcome,Push,2025-09-24,0,5.2
CP003015,C04672,Fashion Days,Push,2025-02-06,0,1.99
CP003016,C03594,Fashion Days,Push,2025-05-17,0,1.87
CP003017,C01882,Fashion Days,SMS,2025-11-18,0,1.32
CP003018,C01973,Fashion Days,Push,2025-07-20,0,5.04
CP003019,C03982,Electronics Week,WhatsApp,2025-09-20,0,2.32
CP003020,C04675,Festive Sale,Email,2025-10-31,0,1.21
CP003021,C00851,Summer Savings,Email,2025-07-07,1,0.83
CP003022,C03787,Fashion Days,Push,2025-11-28,1,6.52
CP003023,C00304,Summer Savings,Push,2025-08-02,0,4.95
CP003024,C01211,New Customer Welcome,Email,2025-05-16,0,4.18
CP003025,C04343,Electronics Week,Push,2025-06-27,0,4.14
CP003026,C02676,Win Back,Push,2025-04-04,0,2.56
CP003027,C00913,Fashion Days,Email,2025-10-30,0,1.49
CP003028,C01830,Electronics Week,Push,2025-01-04,0,5.03
CP003029,C00684,Electronics Week,Email,2025-10-15,0,2.26
CP003030,C02959,Fashion Days,Email,2025-09-04,0,7.02
CP003031,C04245,Summer Savings,Push,2025-02-25,0,4.84
CP003032,C01472,VIP Exclusive,WhatsApp,2025-08-20,0,3.25
CP003033,C01459,Festive Sale,Email,2025-09-01,0,6.12
CP003034,C04875,New Customer Welcome,Email,2025-07-25,0,2.35
CP003035,C00359,Summer Savings,Email,2025-04-11,1,6.87
CP003036,C00052,VIP Exclusive,Email,2025-09-06,1,2.31
CP003037,C03428,Win Back,WhatsApp,2025-09-18,0,7.44
CP003038,C04143,VIP Exclusive,Push,2025-06-04,0,3.58
CP003039,C01076,Electronics Week,Social,2025-06-24,0,1.0
CP003040,C01598,Electronics Week,WhatsApp,2025-07-03,1,7.08
CP003041,C02364,Festive Sale,SMS,2025-05-02,0,7.44
CP003042,C03235,New Customer Welcome,Email,2025-06-03,0,6.94
CP003043,C00463,Fashion Days,Push,2025-05-09,0,2.88
CP003044,C02293,Summer Savings,SMS,2025-04-09,0,5.47
CP003045,C04023,Summer Savings,Email,2025-07-25,1,3.92
CP003046,C01914,Festive Sale,Social,2025-10-30,0,3.25
CP003047,C01780,New Customer Welcome,WhatsApp,2025-06-25,1,6.25
CP003048,C01185,Fashion Days,WhatsApp,2025-03-31,0,7.56
CP003049,C04381,VIP Exclusive,Social,2025-06-24,0,7.61
CP003050,C03955,New Customer Welcome,WhatsApp,2025-03-20,0,7.08
CP003051,C00433,Electronics Week,Social,2025-11-16,0,3.3
CP003052,C02581,Electronics Week,SMS,2025-09-05,1,4.76
CP003053,C02966,Fashion Days,SMS,2025-06-17,0,4.16
CP003054,C02182,Win Back,WhatsApp,2025-05-23,0,5.68
CP003055,C03891,Fashion Days,Push,2025-07-23,0,1.47
CP003056,C00715,VIP Exclusive,Email,2025-12-05,0,4.69
CP003057,C04522,Summer Savings,SMS,2025-02-13,0,2.38
CP003058,C04494,VIP Exclusive,Push,2025-02-07,1,5.37
CP003059,C04791,Win Back,WhatsApp,2025-08-01,0,7.39
CP003060,C04690,Fashion Days,SMS,2025-10-10,0,5.25
CP003061,C00264,Win Back,Email,2025-04-05,1,5.92
CP003062,C03343,Win Back,Push,2025-05-14,1,7.59
CP003063,C01423,VIP Exclusive,SMS,2025-03-27,0,7.01
CP003064,C00693,Festive Sale,Email,2025-05-26,0,6.7
CP003065,C04834,Summer Savings,Email,2025-08-27,1,0.87
CP003066,C01402,New Customer Welcome,SMS,2025-03-05,1,3.01
CP003067,C02636,VIP Exclusive,Push,2025-12-15,0,4.75
CP003068,C04732,Festive Sale,SMS,2025-03-11,0,6.25
CP003069,C02081,Win Back,WhatsApp,2025-11-20,0,5.82
CP003070,C02917,Festive Sale,WhatsApp,2025-06-12,1,5.93
CP003071,C04277,Win Back,Email,2025-04-28,1,4.22
CP003072,C03483,Win Back,WhatsApp,2025-03-27,0,2.52
CP003073,C04044,New Customer Welcome,Push,2025-01-20,0,2.75
CP003074,C04389,Festive Sale,SMS,2025-10-02,0,4.17
CP003075,C03653,Fashion Days,Email,2025-11-03,1,6.17
CP003076,C02428,New Customer Welcome,Email,2025-10-05,0,0.98
CP003077,C04384,Win Back,Push,2025-01-10,0,3.35
CP003078,C01166,Festive Sale,WhatsApp,2025-01-12,1,2.1
CP003079,C03898,Summer Savings,SMS,2025-11-28,1,3.09
CP003080,C00837,Festive Sale,SMS,2025-03-18,0,6.23
CP003081,C01246,Win Back,WhatsApp,2025-04-11,0,7.53
CP003082,C01042,New Customer Welcome,Email,2025-07-15,0,7.82
CP003083,C04775,Summer Savings,Push,2025-05-31,0,4.54
CP003084,C04340,Win Back,Push,2025-03-22,0,5.54
CP003085,C02659,VIP Exclusive,SMS,2025-09-29,0,4.92
CP003086,C02518,Fashion Days,WhatsApp,2025-05-09,0,6.28
CP003087,C01826,VIP Exclusive,Email,2025-07-21,0,2.79
CP003088,C04094,Win Back,Push,2025-07-09,0,6.2
CP003089,C00389,Win Back,Email,2025-06-28,1,0.78
CP003090,C03335,VIP Exclusive,Email,2025-12-12,1,7.01
CP003091,C01175,VIP Exclusive,Email,2025-01-13,0,5.47
CP003092,C04183,Fashion Days,SMS,2025-01-09,0,2.49
CP003093,C04020,Fashion Days,SMS,2025-06-25,0,7.82
CP003094,C04889,Summer Savings,WhatsApp,2025-04-09,0,7.02
CP003095,C03556,Summer Savings,Social,2025-01-20,0,2.85
CP003096,C03808,Summer Savings,SMS,2025-10-03,0,1.29
CP003097,C03753,Festive Sale,SMS,2025-12-15,0,7.98
CP003098,C04607,VIP Exclusive,Social,2025-07-25,0,2.51
CP003099,C03744,Festive Sale,Push,2025-05-20,1,7.27
CP003100,C03108,New Customer Welcome,Push,2025-10-18,0,7.94
CP003101,C02354,VIP Exclusive,WhatsApp,2025-04-21,0,7.62
CP003102,C02234,New Customer Welcome,WhatsApp,2025-01-02,0,3.77
CP003103,C01148,Fashion Days,SMS,2025-07-02,0,7.29
CP003104,C04611,Festive Sale,WhatsApp,2025-11-25,1,5.03
CP003105,C02524,New Customer Welcome,SMS,2025-05-23,1,7.14
CP003106,C00725,Festive Sale,Email,2025-02-04,1,6.93
CP003107,C00414,New Customer Welcome,SMS,2025-02-19,0,6.43
CP003108,C04066,Electronics Week,Push,2025-01-24,0,2.2
CP003109,C04886,Festive Sale,WhatsApp,2025-08-05,1,7.66
CP003110,C04325,New Customer Welcome,Social,2025-06-02,0,7.23
CP003111,C01240,Summer Savings,WhatsApp,2025-08-12,0,4.05
CP003112,C04905,Electronics Week,Social,2025-03-04,0,2.19
CP003113,C01282,Electronics Week,Push,2025-06-26,0,4.89
CP003114,C00863,New Customer Welcome,SMS,2025-07-26,0,4.76
CP003115,C04315,VIP Exclusive,WhatsApp,2025-06-09,1,3.33
CP003116,C01962,Festive Sale,Push,2025-07-02,0,2.27
CP003117,C02726,Fashion Days,WhatsApp,2025-08-28,0,2.16
CP003118,C00427,Win Back,WhatsApp,2025-08-01,0,3.6
CP003119,C02207,New Customer Welcome,WhatsApp,2025-01-09,0,4.47
CP003120,C04533,VIP Exclusive,Email,2025-06-08,0,2.28
CP003121,C02665,New Customer Welcome,SMS,2025-11-04,0,5.02
CP003122,C02142,Electronics Week,Push,2025-02-05,1,3.25
CP003123,C00323,New Customer Welcome,Push,2025-05-28,0,7.35
CP003124,C03331,Fashion Days,Push,2025-12-01,0,1.44
CP003125,C02039,Win Back,Push,2025-08-04,1,2.19
CP003126,C01030,Fashion Days,Social,2025-10-04,0,2.64
CP003127,C04315,VIP Exclusive,WhatsApp,2025-09-28,0,2.65
CP003128,C00083,Festive Sale,SMS,2025-05-25,0,7.2
CP003129,C00390,Summer Savings,WhatsApp,2025-05-24,1,0.81
CP003130,C04483,New Customer Welcome,WhatsApp,2025-05-02,0,4.58
CP003131,C03546,VIP Exclusive,SMS,2025-01-17,0,6.66
CP003132,C04000,New Customer Welcome,Email,2025-04-26,1,7.05
CP003133,C04994,New Customer Welcome,Email,2025-11-16,0,0.82
CP003134,C02700,New Customer Welcome,Email,2025-11-05,1,5.17
CP003135,C01890,Festive Sale,Push,2025-02-27,0,7.81
CP003136,C03012,New Customer Welcome,SMS,2025-05-20,0,6.49
CP003137,C04870,Electronics Week,SMS,2025-06-25,0,1.15
CP003138,C02611,Summer Savings,Email,2025-08-02,0,7.76
CP003139,C04406,VIP Exclusive,Push,2025-07-31,0,6.53
CP003140,C02673,Fashion Days,Social,2025-04-02,0,4.06
CP003141,C04237,Festive Sale,Push,2025-10-28,0,5.17
CP003142,C04657,Win Back,SMS,2025-11-18,0,2.97
CP003143,C01730,Electronics Week,SMS,2025-12-10,0,4.21
CP003144,C04833,Summer Savings,,2025-09-23,0,2.22
CP003145,C04786,VIP Exclusive,Email,2025-04-04,1,6.03
CP003146,C01131,Summer Savings,Push,2025-10-13,0,4.51
CP003147,C00346,New Customer Welcome,Email,2025-02-06,0,2.46
CP003148,C00707,Festive Sale,Email,2025-10-19,1,6.58
CP003149,C03368,Festive Sale,SMS,2025-10-22,0,7.5
CP003150,C00122,Festive Sale,WhatsApp,2025-03-23,0,4.86
CP003151,C00824,Festive Sale,Email,2025-01-30,0,5.68
CP003152,C03639,Fashion Days,SMS,2025-08-11,1,1.77
CP003153,C04090,Summer Savings,SMS,2025-11-16,0,6.72
CP003154,C00719,New Customer Welcome,Email,2025-05-15,0,1.9
CP003155,C00956,Fashion Days,WhatsApp,2025-09-04,0,7.59
CP003156,C02107,Fashion Days,SMS,2025-04-13,0,2.24
CP003157,C04843,Summer Savings,Email,2025-08-04,0,6.78
CP003158,C03226,Win Back,Push,2025-05-28,0,0.54
CP003159,C03337,VIP Exclusive,Push,2025-04-22,1,2.2
CP003160,C03547,Fashion Days,Email,2025-06-08,0,6.34
CP003161,C00039,Win Back,Push,2025-05-22,0,7.33
CP003162,C04006,Summer Savings,Push,2025-10-10,0,4.72
CP003163,C00796,Summer Savings,Social,2025-08-03,1,3.79
CP003164,C00579,Fashion Days,Push,2025-05-31,1,2.33
CP003165,C00706,Fashion Days,Push,2025-07-13,1,5.29
CP003166,C01346,New Customer Welcome,Push,2025-08-30,0,0.76
CP003167,C01249,Summer Savings,Social,2025-04-22,0,0.97
CP003168,C01073,Festive Sale,Email,2025-05-31,0,3.24
CP003169,C02957,Summer Savings,WhatsApp,2025-01-21,1,7.92
CP003170,C00989,Summer Savings,Email,2025-11-05,0,7.49
CP003171,C01745,Win Back,SMS,2025-07-04,0,3.04
CP003172,C00779,Festive Sale,WhatsApp,2025-11-29,1,4.5
CP003173,C04739,Win Back,Email,2025-06-17,0,4.09
CP003174,C02188,New Customer Welcome,Push,2025-10-07,0,6.14
CP003175,C02360,Festive Sale,Email,2025-02-04,0,2.75
CP003176,C04630,Festive Sale,Email,2025-06-18,0,1.41
CP003177,C00019,Win Back,WhatsApp,2025-05-07,0,3.56
CP003178,C03360,Electronics Week,Social,2025-05-14,0,1.73
CP003179,C03855,Win Back,Push,2025-11-25,0,6.7
CP003180,C04401,New Customer Welcome,SMS,2025-01-13,0,4.04
CP003181,C04717,Summer Savings,Email,2025-11-26,0,2.19
CP003182,C02272,VIP Exclusive,Push,2025-10-05,0,7.3
CP003183,C00036,Fashion Days,WhatsApp,2025-04-30,0,5.34
CP003184,C04015,Festive Sale,Push,2025-05-19,0,2.02
CP003185,C04608,Electronics Week,WhatsApp,2025-09-30,0,0.76
CP003186,C03532,VIP Exclusive,Push,2025-09-01,0,1.18
CP003187,C01922,Win Back,WhatsApp,2025-10-06,0,5.98
CP003188,C04916,Summer Savings,WhatsApp,2025-11-27,0,4.37
CP003189,C04321,Electronics Week,Email,2025-11-16,0,2.46
CP003190,C00392,Festive Sale,WhatsApp,2025-12-15,0,3.53
CP003191,C04531,Electronics Week,WhatsApp,2025-10-21,0,3.6
CP003192,C04819,Festive Sale,Email,2025-06-22,0,7.46
CP003193,C01940,New Customer Welcome,Push,2025-03-02,0,3.51
CP003194,C00707,New Customer Welcome,Email,2025-03-20,0,0.71
CP003195,C00509,New Customer Welcome,SMS,2025-04-20,0,3.63
CP003196,C01277,Fashion Days,WhatsApp,2025-03-20,0,4.28
CP003197,C00362,VIP Exclusive,Email,2025-09-10,1,7.33
CP003198,C01930,Electronics Week,Email,2025-11-14,0,4.52
CP003199,C04313,Win Back,Social,2025-04-14,1,1.5
CP003200,C01197,Fashion Days,SMS,2025-07-25,1,7.66
CP003201,C02763,Summer Savings,Social,2025-05-05,0,0.95
CP003202,C02468,New Customer Welcome,Email,2025-01-19,1,6.45
CP003203,C02932,Electronics Week,SMS,2025-02-26,0,1.82
CP003204,C04595,Win Back,Email,2025-07-09,0,4.88
CP003205,C04236,Win Back,Email,2025-03-03,0,3.62
CP003206,C00921,New Customer Welcome,SMS,2025-06-16,0,2.31
CP003207,C02353,Fashion Days,Social,2025-12-14,1,2.34
CP003208,C04925,Win Back,Push,2025-06-19,1,7.27
CP003209,C00265,New Customer Welcome,WhatsApp,2025-07-10,0,5.74
CP003210,C04486,Fashion Days,Email,2025-07-09,0,3.65
CP003211,C01508,Win Back,WhatsApp,2025-02-19,1,5.66
CP003212,C03209,Win Back,Email,2025-10-04,1,5.88
CP003213,C04424,Win Back,Push,2025-03-01,0,3.08
CP003214,C04536,Win Back,Social,2025-11-11,1,7.38
CP003215,C02308,New Customer Welcome,SMS,2025-08-01,1,6.43
CP003216,C00802,New Customer Welcome,WhatsApp,2025-04-29,0,4.94
CP003217,C02377,VIP Exclusive,WhatsApp,2025-06-15,0,2.95
CP003218,C03336,Festive Sale,SMS,2025-02-20,1,3.02
CP003219,C03232,VIP Exclusive,WhatsApp,2025-06-20,0,5.0
CP003220,C02524,VIP Exclusive,Push,2025-04-01,0,5.33
CP003221,C03295,Festive Sale,WhatsApp,2025-07-17,0,4.51
CP003222,C03218,Fashion Days,Email,2025-11-10,0,2.98
CP003223,C02331,Summer Savings,Email,2025-09-27,0,7.79
CP003224,C03005,VIP Exclusive,Email,2025-02-27,0,4.74
CP003225,C03597,Win Back,Push,2025-02-23,0,6.89
CP003226,C03541,Win Back,Push,2025-10-23,0,1.08
CP003227,C02021,Fashion Days,WhatsApp,2025-03-16,0,6.34
CP003228,C03029,Fashion Days,Push,2025-01-20,0,5.04
CP003229,C01074,Electronics Week,Email,2025-04-03,0,5.79
CP003230,C00690,Electronics Week,Email,2025-10-24,0,2.35
CP003231,C03505,Fashion Days,Email,2025-03-17,1,2.97
CP003232,C04214,New Customer Welcome,WhatsApp,2025-06-29,1,1.35
CP003233,C04287,Summer Savings,Email,2025-03-18,0,5.83
CP003234,C03178,Electronics Week,WhatsApp,2025-05-20,0,4.7
CP003235,C04360,Win Back,Email,2025-09-19,0,1.51
CP003236,C02229,Festive Sale,Email,2025-06-18,1,4.53
CP003237,C00862,Festive Sale,Push,2025-02-28,1,0.53
CP003238,C02513,VIP Exclusive,Social,2025-02-22,1,4.67
CP003239,C00524,VIP Exclusive,Email,2025-02-20,0,7.95
CP003240,C04265,Fashion Days,Social,2025-12-06,0,6.02
CP003241,C02247,New Customer Welcome,Email,2025-04-05,0,1.36
CP003242,C00452,VIP Exclusive,WhatsApp,2025-01-07,0,7.1
CP003243,C04055,New Customer Welcome,Push,2025-04-01,1,3.45
CP003244,C04135,Festive Sale,Email,2025-08-03,0,1.44
CP003245,C00702,VIP Exclusive,Email,2025-01-30,1,2.99
CP003246,C04581,Summer Savings,Social,2025-02-13,0,5.86
CP003247,C04696,Fashion Days,WhatsApp,2025-10-30,0,3.02
CP003248,C00640,Fashion Days,WhatsApp,2025-10-23,1,6.11
CP003249,C04996,Win Back,WhatsApp,2025-04-04,0,5.29
CP003250,C01993,Electronics Week,Email,2025-11-26,0,7.97
CP003251,C04139,VIP Exclusive,Email,2025-11-21,0,7.09
CP003252,C04076,Summer Savings,Push,2025-03-10,0,1.68
CP003253,C01934,Win Back,SMS,2025-09-04,0,7.37
CP003254,C00240,Win Back,WhatsApp,2025-06-24,0,7.36
CP003255,C01592,Festive Sale,Push,2025-11-06,0,3.8
CP003256,C01769,Festive Sale,Push,2025-08-06,0,6.33
CP003257,C02446,New Customer Welcome,WhatsApp,2025-05-30,0,6.09
CP003258,C02084,Festive Sale,Email,2025-05-21,0,0.8
CP003259,C00304,Electronics Week,Push,2025-03-09,1,0.88
CP003260,C00666,Summer Savings,Email,2025-06-30,0,4.24
CP003261,C04717,Win Back,WhatsApp,2025-03-17,0,1.05
CP003262,C00994,Fashion Days,Email,2025-09-24,1,3.76
CP003263,C02318,Electronics Week,Social,2025-03-29,1,4.2
CP003264,C00027,VIP Exclusive,Push,2025-02-04,1,6.87
CP003265,C00633,Win Back,Email,2025-03-07,1,5.54
CP003266,C00330,Win Back,Email,2025-04-24,0,1.86
CP003267,C02206,Festive Sale,Email,2025-02-28,0,5.05
CP003268,C00227,Electronics Week,SMS,2025-11-01,0,7.66
CP003269,C00091,Electronics Week,Email,2025-04-13,0,7.08
CP003270,C01146,Electronics Week,Push,2025-05-06,0,2.34
CP003271,C04760,New Customer Welcome,Email,2025-07-22,0,5.2
CP003272,C02758,Festive Sale,Social,2025-06-09,0,5.06
CP003273,C01426,Summer Savings,,2025-10-28,0,3.25
CP003274,C04894,Summer Savings,WhatsApp,2025-08-21,1,7.18
CP003275,C03406,Fashion Days,WhatsApp,2025-02-10,0,6.4
CP003276,C03982,Win Back,Email,2025-09-06,0,7.75
CP003277,C04547,Festive Sale,WhatsApp,2025-10-05,0,4.54
CP003278,C01363,Electronics Week,SMS,2025-04-13,0,5.73
CP003279,C01649,Win Back,Email,2025-03-18,0,2.39
CP003280,C01128,VIP Exclusive,Push,2025-06-13,0,3.0
CP003281,C03058,Win Back,Push,2025-08-27,0,7.01
CP003282,C02980,Fashion Days,Push,2025-10-25,1,5.69
CP003283,C04898,Win Back,SMS,2025-08-08,0,6.83
CP003284,C04336,Win Back,SMS,2025-05-06,0,1.22
CP003285,C03530,Fashion Days,Email,2025-01-14,1,1.91
CP003286,C03702,Win Back,WhatsApp,2025-11-16,1,3.84
CP003287,C00763,New Customer Welcome,Push,2025-01-16,0,2.99
CP003288,C03961,New Customer Welcome,Push,2025-01-13,0,6.3
CP003289,C03231,New Customer Welcome,SMS,2025-09-26,0,1.72
CP003290,C03003,Fashion Days,Push,2025-01-16,0,1.37
CP003291,C00873,Electronics Week,Push,2025-09-30,0,7.35
CP003292,C04106,Win Back,Social,2025-06-27,0,2.07
CP003293,C03914,Summer Savings,SMS,2025-04-05,0,6.68
CP003294,C01028,Festive Sale,Social,2025-01-21,0,5.75
CP003295,C01338,VIP Exclusive,Push,2025-01-13,1,7.49
CP003296,C00720,Festive Sale,Social,2025-06-02,1,0.59
CP003297,C04571,Win Back,Email,2025-06-12,0,6.14
CP003298,C00444,Electronics Week,Push,2025-10-17,0,4.54
CP003299,C02694,Festive Sale,Social,2025-05-06,0,3.69
CP003300,C04348,Win Back,Email,2025-03-24,0,2.3
CP003301,C01837,Win Back,Email,2025-11-19,0,5.72
CP003302,C00296,Fashion Days,SMS,2025-02-16,0,4.36
CP003303,C00143,New Customer Welcome,SMS,2025-12-07,0,2.63
CP003304,C03418,New Customer Welcome,SMS,2025-04-28,0,6.45
CP003305,C04195,Summer Savings,Push,2025-01-04,1,5.08
CP003306,C01140,Electronics Week,Push,2025-01-31,0,6.88
CP003307,C01591,Summer Savings,Email,2025-02-07,0,2.96
CP003308,C01083,Summer Savings,WhatsApp,2025-07-16,0,1.05
CP003309,C01282,Win Back,WhatsApp,2025-01-09,0,4.57
CP003310,C03335,Festive Sale,WhatsApp,2025-03-20,1,2.99
CP003311,C04379,Electronics Week,Push,2025-08-13,0,3.2
CP003312,C01777,VIP Exclusive,WhatsApp,2025-02-16,0,4.05
CP003313,C02917,Win Back,Email,2025-09-26,1,6.42
CP003314,C03003,Summer Savings,Social,2025-03-09,0,3.2
CP003315,C01258,Fashion Days,Email,2025-03-18,0,6.37
CP003316,C00509,Festive Sale,Email,2025-04-17,0,2.55
CP003317,C00318,Win Back,Social,2025-05-09,1,6.41
CP003318,C00676,Summer Savings,Email,2025-10-30,0,4.84
CP003319,C03183,VIP Exclusive,Email,2025-09-23,0,3.02
CP003320,C03389,Electronics Week,SMS,2025-08-19,1,2.93
CP003321,C02397,Festive Sale,Social,2025-09-13,0,6.73
CP003322,C00895,Summer Savings,Social,2025-01-22,1,5.27
CP003323,C02346,Win Back,Email,2025-10-21,0,4.54
CP003324,C04317,Fashion Days,WhatsApp,2025-09-17,0,1.1
CP003325,C00583,Fashion Days,SMS,2025-03-08,0,0.62
CP003326,C00751,Electronics Week,Email,2025-03-24,0,2.39
CP003327,C04978,Fashion Days,WhatsApp,2025-05-19,0,1.83
CP003328,C00508,Festive Sale,Social,2025-01-05,0,3.98
CP003329,C00005,Festive Sale,Social,2025-02-18,0,6.86
CP003330,C00622,Fashion Days,Email,2025-09-16,1,5.08
CP003331,C03382,Electronics Week,WhatsApp,2025-03-26,1,3.7
CP003332,C01313,Win Back,SMS,2025-06-11,1,2.16
CP003333,C01151,Win Back,Push,2025-09-20,1,5.21
CP003334,C01643,Fashion Days,Push,2025-08-12,1,5.44
CP003335,C00850,Summer Savings,Email,2025-06-12,0,4.21
CP003336,C01851,Festive Sale,Social,2025-01-29,0,4.05
CP003337,C01596,Summer Savings,Social,2025-07-31,0,4.0
CP003338,C04104,VIP Exclusive,WhatsApp,2025-07-06,0,7.98
CP003339,C04135,Festive Sale,SMS,2025-03-25,0,6.62
CP003340,C00378,Fashion Days,SMS,2025-10-01,0,1.12
CP003341,C03551,Fashion Days,Email,2025-11-22,0,7.26
CP003342,C02728,Fashion Days,WhatsApp,2025-11-19,0,7.41
CP003343,C02653,Summer Savings,WhatsApp,2025-06-05,0,1.88
CP003344,C03250,Fashion Days,WhatsApp,2025-01-01,1,2.87
CP003345,C00794,Summer Savings,WhatsApp,2025-05-30,0,3.69
CP003346,C04830,Summer Savings,Social,2025-01-27,0,2.24
CP003347,C01298,Festive Sale,WhatsApp,2025-06-17,0,6.93
CP003348,C01159,Fashion Days,Email,2025-06-14,1,3.64
CP003349,C04342,VIP Exclusive,Email,2025-09-15,0,0.65
CP003350,C04978,New Customer Welcome,WhatsApp,2025-11-22,1,1.32
CP003351,C00407,VIP Exclusive,Email,2025-09-19,0,4.82
CP003352,C00888,Festive Sale,WhatsApp,2025-05-30,0,4.72
CP003353,C02441,Win Back,SMS,2025-01-14,0,4.49
CP003354,C02853,New Customer Welcome,WhatsApp,2025-06-05,0,3.39
CP003355,C02275,New Customer Welcome,WhatsApp,2025-11-08,0,1.17
CP003356,C03831,Summer Savings,Email,2025-05-10,0,3.74
CP003357,C03468,Electronics Week,Push,2025-01-26,0,5.6
CP003358,C03568,Festive Sale,Push,2025-02-08,0,6.46
CP003359,C01669,Win Back,Email,2025-03-16,0,4.94
CP003360,C01792,Fashion Days,SMS,2025-02-19,0,1.97
CP003361,C04346,Festive Sale,Email,2025-02-25,0,0.96
CP003362,C02897,New Customer Welcome,WhatsApp,2025-01-15,0,6.55
CP003363,C03985,Festive Sale,WhatsApp,2025-01-20,1,6.31
CP003364,C03419,New Customer Welcome,Email,2025-05-17,0,1.65
CP003365,C04536,VIP Exclusive,WhatsApp,2025-03-07,0,7.54
CP003366,C01028,Win Back,Email,2025-01-03,0,5.58
CP003367,C03675,Fashion Days,Email,2025-03-11,0,3.71
CP003368,C02011,VIP Exclusive,Email,2025-07-13,0,6.44
CP003369,C00899,Summer Savings,Email,2025-10-13,0,5.38
CP003370,C02941,VIP Exclusive,SMS,2025-03-16,0,7.45
CP003371,C03182,Electronics Week,Email,2025-03-01,0,6.28
CP003372,C00233,Summer Savings,Push,2025-01-21,1,2.75
CP003373,C01101,VIP Exclusive,WhatsApp,2025-01-03,0,2.22
CP003374,C02367,Festive Sale,Email,2025-08-01,0,0.59
CP003375,C04556,Electronics Week,Social,2025-11-29,0,6.92
CP003376,C01882,Festive Sale,SMS,2025-05-19,0,3.52
CP003377,C03826,VIP Exclusive,Push,2025-03-30,0,6.75
CP003378,C00350,Summer Savings,SMS,2025-04-13,1,7.15
CP003379,C02277,Festive Sale,Email,2025-03-07,0,3.55
CP003380,C00492,Electronics Week,Email,2025-01-04,0,6.41
CP003381,C04422,Electronics Week,Push,2025-05-01,0,5.58
CP003382,C00520,Summer Savings,Social,2025-03-24,0,5.75
CP003383,C02230,Festive Sale,SMS,2025-09-16,0,4.58
CP003384,C03988,Festive Sale,Email,2025-07-15,0,5.21
CP003385,C02570,Festive Sale,Push,2025-01-03,1,1.9
CP003386,C01241,Win Back,WhatsApp,2025-06-16,0,5.46
CP003387,C04943,Electronics Week,Push,2025-08-10,0,3.92
CP003388,C04983,VIP Exclusive,SMS,2025-02-08,0,3.11
CP003389,C00825,VIP Exclusive,Email,2025-03-24,0,3.67
CP003390,C04177,Summer Savings,WhatsApp,2025-03-19,1,4.33
CP003391,C03152,New Customer Welcome,SMS,2025-06-05,0,7.56
CP003392,C01701,Festive Sale,Email,2025-11-17,0,4.72
CP003393,C02486,Summer Savings,Push,2025-11-12,0,5.96
CP003394,C03576,Festive Sale,WhatsApp,2025-07-20,0,2.6
CP003395,C00608,Electronics Week,Social,2025-09-09,0,3.3
CP003396,C00151,Fashion Days,WhatsApp,2025-07-24,1,0.9
CP003397,C04760,Festive Sale,WhatsApp,2025-02-01,0,4.29
CP003398,C03160,Win Back,WhatsApp,2025-10-19,0,5.98
CP003399,C01638,Summer Savings,Social,2025-10-26,1,3.93
CP003400,C04591,Summer Savings,WhatsApp,2025-03-07,0,4.65
CP003401,C03409,Summer Savings,SMS,2025-06-29,0,1.23
CP003402,C03327,Fashion Days,Email,2025-07-09,0,0.73
CP003403,C03976,Win Back,Email,2025-06-20,0,4.23
CP003404,C03185,Fashion Days,Push,2025-10-02,0,1.31
CP003405,C00174,New Customer Welcome,WhatsApp,2025-05-25,0,6.65
CP003406,C03815,Summer Savings,Email,2025-05-08,0,2.59
CP003407,C04703,Electronics Week,Push,2025-08-22,0,4.24
CP003408,C04631,Fashion Days,Social,2025-07-10,0,7.92
CP003409,C02167,Summer Savings,Push,2025-07-11,1,3.83
CP003410,C03937,VIP Exclusive,Push,2025-04-17,0,4.06
CP003411,C00858,Win Back,Email,2025-09-30,0,6.67
CP003412,C01898,VIP Exclusive,Push,2025-01-03,0,2.46
CP003413,C00945,Summer Savings,SMS,2025-02-23,1,1.44
CP003414,C04422,New Customer Welcome,Email,2025-08-13,0,0.69
CP003415,C03512,Festive Sale,WhatsApp,2025-04-29,1,6.52
CP003416,C01979,VIP Exclusive,SMS,2025-09-06,0,7.37
CP003417,C03109,VIP Exclusive,SMS,2025-03-14,0,4.26
CP003418,C00166,VIP Exclusive,SMS,2025-07-24,0,4.84
CP003419,C00832,Fashion Days,SMS,2025-08-18,0,2.42
CP003420,C01700,VIP Exclusive,SMS,2025-06-04,0,4.95
CP003421,C02889,Festive Sale,Push,2025-12-15,1,4.22
CP003422,C00701,Fashion Days,WhatsApp,2025-01-06,0,6.19
CP003423,C03889,Win Back,WhatsApp,2025-07-25,1,6.9
CP003424,C03407,New Customer Welcome,WhatsApp,2025-08-06,0,4.74
CP003425,C04384,Electronics Week,Email,2025-05-30,0,7.5
CP003426,C00678,Summer Savings,WhatsApp,2025-10-20,0,7.39
CP003427,C01598,Electronics Week,SMS,2025-11-27,0,2.1
CP003428,C02442,Win Back,WhatsApp,2025-12-02,0,3.8
CP003429,C01313,Win Back,WhatsApp,2025-10-06,0,1.39
CP003430,C00569,Electronics Week,Email,2025-01-04,0,4.19
CP003431,C03463,Win Back,Email,2025-08-12,0,7.4
CP003432,C02360,VIP Exclusive,Social,2025-08-15,1,2.41
CP003433,C03826,Fashion Days,SMS,2025-05-21,1,3.65
CP003434,C03401,Fashion Days,SMS,2025-06-27,1,7.65
CP003435,C00385,Fashion Days,Email,2025-02-15,0,7.55
CP003436,C02262,Electronics Week,Email,2025-10-24,0,7.74
CP003437,C01880,Summer Savings,Push,2025-10-26,0,2.32
CP003438,C04687,Electronics Week,Push,2025-03-11,0,7.59
CP003439,C02982,Festive Sale,WhatsApp,2025-06-10,0,2.07
CP003440,C02178,New Customer Welcome,SMS,2025-02-09,1,5.74
CP003441,C02702,Summer Savings,Push,2025-03-20,0,4.94
CP003442,C00671,Electronics Week,Push,2025-02-08,0,7.8
CP003443,C03322,Festive Sale,Email,2025-04-28,0,5.77
CP003444,C01487,Win Back,Push,2025-05-08,1,4.7
CP003445,C02117,VIP Exclusive,SMS,2025-03-26,0,7.74
CP003446,C00393,Fashion Days,Social,2025-08-26,0,3.01
CP003447,C02732,VIP Exclusive,SMS,2025-06-24,1,3.34
CP003448,C04615,Electronics Week,SMS,2025-03-04,0,4.13
CP003449,C01202,Win Back,Push,2025-04-23,0,5.33
CP003450,C01841,Festive Sale,Email,2025-01-07,0,2.72
CP003451,C03954,Electronics Week,WhatsApp,2025-10-04,0,3.59
CP003452,C01719,New Customer Welcome,WhatsApp,2025-09-13,0,1.35
CP003453,C01059,Win Back,Push,2025-06-16,0,2.46
CP003454,C02083,Summer Savings,SMS,2025-11-19,0,7.52
CP003455,C03007,Electronics Week,Social,2025-04-12,1,2.26
CP003456,C02243,Summer Savings,SMS,2025-08-12,0,1.13
CP003457,C04265,VIP Exclusive,Push,2025-07-11,1,6.88
CP003458,C02813,Win Back,,2025-12-12,0,3.79
CP003459,C04953,Summer Savings,Push,2025-10-14,0,1.03
CP003460,C04825,Electronics Week,Push,2025-04-27,0,2.07
CP003461,C02714,Win Back,SMS,2025-10-22,0,6.94
CP003462,C00314,Fashion Days,Push,2025-04-26,0,6.53
CP003463,C03560,Win Back,Push,2025-02-27,0,1.37
CP003464,C04089,New Customer Welcome,WhatsApp,2025-01-16,0,2.18
CP003465,C01390,Win Back,Email,2025-07-05,0,2.23
CP003466,C00317,Electronics Week,Push,2025-10-26,1,1.86
CP003467,C03824,New Customer Welcome,Email,2025-02-25,1,0.63
CP003468,C01322,Fashion Days,SMS,2025-11-21,0,1.75
CP003469,C01528,Win Back,Push,2025-03-29,1,7.9
CP003470,C01998,Win Back,WhatsApp,2025-02-28,0,5.98
CP003471,C02728,VIP Exclusive,WhatsApp,2025-09-12,0,1.5
CP003472,C04243,Fashion Days,Email,2025-01-27,1,3.55
CP003473,C04307,VIP Exclusive,Social,2025-09-05,0,5.18
CP003474,C03340,Fashion Days,Push,2025-06-10,1,6.31
CP003475,C00648,Electronics Week,SMS,2025-03-08,0,7.04
CP003476,C01634,Fashion Days,SMS,2025-02-26,0,6.61
CP003477,C00472,Fashion Days,SMS,2025-10-31,0,7.5
CP003478,C00382,Summer Savings,Push,2025-02-09,0,2.56
CP003479,C03569,Festive Sale,Social,2025-05-05,1,4.32
CP003480,C02412,Win Back,Email,2025-01-19,0,1.7
CP003481,C04915,VIP Exclusive,WhatsApp,2025-12-01,0,0.75
CP003482,C04577,New Customer Welcome,SMS,2025-03-01,0,6.64
CP003483,C03357,Summer Savings,Social,2025-07-28,1,5.17
CP003484,C01063,Electronics Week,SMS,2025-05-23,0,5.75
CP003485,C02388,VIP Exclusive,SMS,2025-11-15,0,7.55
CP003486,C02391,Summer Savings,WhatsApp,2025-01-10,0,5.64
CP003487,C01704,Summer Savings,Social,2025-03-06,0,2.01
CP003488,C04289,Festive Sale,WhatsApp,2025-02-07,1,3.91
CP003489,C00568,VIP Exclusive,WhatsApp,2025-11-25,1,6.6
CP003490,C03249,VIP Exclusive,Push,2025-02-24,0,1.28
CP003491,C03791,Festive Sale,Push,2025-02-21,0,5.81
CP003492,C02878,Electronics Week,Email,2025-08-03,1,3.08
CP003493,C04382,New Customer Welcome,SMS,2025-09-09,1,7.91
CP003494,C02225,New Customer Welcome,SMS,2025-01-14,0,0.53
CP003495,C01311,New Customer Welcome,Email,2025-10-03,1,2.24
CP003496,C01063,Festive Sale,Push,2025-04-26,0,2.79
CP003497,C00316,New Customer Welcome,Email,2025-10-04,0,3.48
CP003498,C01717,VIP Exclusive,WhatsApp,2025-12-06,0,0.82
CP003499,C01988,Summer Savings,SMS,2025-10-12,1,3.99
CP003500,C04520,Summer Savings,Push,2025-07-28,0,0.64
CP003501,C00693,Summer Savings,Social,2025-08-08,0,6.81
CP003502,C03961,Fashion Days,SMS,2025-01-25,0,1.32
CP003503,C03052,Fashion Days,SMS,2025-03-09,0,0.86
CP003504,C04818,VIP Exclusive,WhatsApp,2025-07-31,1,1.77
CP003505,C04195,Fashion Days,Push,2025-06-02,1,3.51
CP003506,C03771,Festive Sale,Email,2025-01-29,0,0.75
CP003507,C02095,VIP Exclusive,SMS,2025-10-18,0,1.23
CP003508,C00163,Win Back,WhatsApp,2025-08-10,0,3.41
CP003509,C04796,VIP Exclusive,Push,2025-04-06,0,4.29
CP003510,C02298,Festive Sale,Push,2025-01-27,0,5.95
CP003511,C03685,Festive Sale,Email,2025-08-14,1,5.8
CP003512,C04169,Win Back,Email,2025-08-15,0,5.02
CP003513,C03737,Fashion Days,Email,2025-01-25,0,5.62
CP003514,C02650,Fashion Days,Email,2025-12-11,1,1.17
CP003515,C00166,Summer Savings,Email,2025-12-14,0,5.04
CP003516,C02552,Electronics Week,Push,2025-01-24,0,2.23
CP003517,C01761,Electronics Week,Push,2025-04-21,1,6.16
CP003518,C00477,New Customer Welcome,SMS,2025-01-25,0,3.72
CP003519,C02787,Festive Sale,Push,2025-02-19,0,6.76
CP003520,C03433,VIP Exclusive,Email,2025-02-03,0,4.32
CP003521,C02349,Summer Savings,SMS,2025-05-21,0,5.98
CP003522,C00647,Festive Sale,Email,2025-10-31,0,5.73
CP003523,C04373,New Customer Welcome,SMS,2025-10-26,0,4.61
CP003524,C04154,Fashion Days,Push,2025-06-02,0,7.85
CP003525,C04787,New Customer Welcome,Email,2025-03-24,0,1.1
CP003526,C00002,Summer Savings,Social,2025-06-02,0,6.87
CP003527,C04788,VIP Exclusive,Email,2025-12-07,0,7.93
CP003528,C00723,Electronics Week,Social,2025-05-09,1,5.95
CP003529,C03333,Win Back,Push,2025-03-19,0,4.15
CP003530,C04292,VIP Exclusive,Social,2025-11-30,1,5.9
CP003531,C04595,Win Back,SMS,2025-06-16,1,3.04
CP003532,C04469,New Customer Welcome,SMS,2025-03-29,0,4.03
CP003533,C03705,Win Back,WhatsApp,2025-09-24,1,2.47
CP003534,C02908,VIP Exclusive,Email,2025-12-14,0,3.4
CP003535,C04041,New Customer Welcome,WhatsApp,2025-09-22,0,7.84
CP003536,C01857,Electronics Week,SMS,2025-06-28,0,2.82
CP003537,C00953,Festive Sale,Push,2025-02-06,0,4.97
CP003538,C02546,VIP Exclusive,Email,2025-01-05,1,6.78
CP003539,C00712,Summer Savings,Push,2025-07-15,0,4.56
CP003540,C00547,Win Back,WhatsApp,2025-09-07,0,6.19
CP003541,C03241,Win Back,Social,2025-09-24,0,6.91
CP003542,C02293,Electronics Week,SMS,2025-04-17,0,4.94
CP003543,C01818,Electronics Week,SMS,2025-06-04,0,5.1
CP003544,C04863,Electronics Week,Email,2025-08-02,0,2.97
CP003545,C00478,Fashion Days,WhatsApp,2025-02-18,0,3.28
CP003546,C03037,Electronics Week,Push,2025-04-26,0,6.88
CP003547,C04528,Summer Savings,Email,2025-11-01,0,1.27
CP003548,C03971,Festive Sale,WhatsApp,2025-01-29,0,1.38
CP003549,C02106,Summer Savings,SMS,2025-10-20,1,7.53
CP003550,C01810,Win Back,WhatsApp,2025-03-14,0,7.71
CP003551,C03166,Win Back,Push,2025-07-08,0,3.95
CP003552,C00335,Summer Savings,Push,2025-02-16,1,6.49
CP003553,C02547,VIP Exclusive,SMS,2025-06-08,0,1.6
CP003554,C03955,Summer Savings,Social,2025-08-01,0,4.99
CP003555,C03339,Festive Sale,Email,2025-04-24,0,1.73
CP003556,C03556,Summer Savings,WhatsApp,2025-08-29,1,2.19
CP003557,C00753,Electronics Week,Push,2025-07-27,0,4.39
CP003558,C03114,Fashion Days,SMS,2025-02-16,1,7.86
CP003559,C04417,VIP Exclusive,WhatsApp,2025-10-26,0,0.85
CP003560,C04372,Summer Savings,Email,2025-08-09,0,5.6
CP003561,C04540,Electronics Week,Email,2025-03-18,0,1.36
CP003562,C04934,Summer Savings,Email,2025-10-25,1,6.45
CP003563,C04260,Festive Sale,SMS,2025-08-17,0,3.02
CP003564,C04242,New Customer Welcome,WhatsApp,2025-06-23,0,6.61
CP003565,C03994,Fashion Days,Email,2025-12-06,0,0.74
CP003566,C03079,New Customer Welcome,WhatsApp,2025-02-10,1,7.09
CP003567,C03466,VIP Exclusive,Push,2025-09-07,0,3.23
CP003568,C00358,Electronics Week,Push,2025-07-22,0,2.58
CP003569,C04782,VIP Exclusive,Email,2025-11-18,0,1.38
CP003570,C00533,Fashion Days,WhatsApp,2025-05-08,1,1.98
CP003571,C01356,Summer Savings,Email,2025-07-30,0,4.91
CP003572,C02282,Festive Sale,Email,2025-07-31,0,2.73
CP003573,C02939,Fashion Days,Email,2025-03-08,0,0.55
CP003574,C03106,Win Back,Push,2025-06-14,0,4.22
CP003575,C04144,VIP Exclusive,Email,2025-01-24,0,0.87
CP003576,C00143,New Customer Welcome,Email,2025-09-12,0,2.85
CP003577,C03504,VIP Exclusive,Email,2025-03-21,0,1.62
CP003578,C03453,VIP Exclusive,Email,2025-11-24,0,3.33
CP003579,C02414,VIP Exclusive,SMS,2025-01-07,0,4.31
CP003580,C00384,Festive Sale,Social,2025-01-30,0,1.84
CP003581,C03269,New Customer Welcome,WhatsApp,2025-05-17,1,3.23
CP003582,C03561,Electronics Week,Email,2025-08-20,0,1.52
CP003583,C01841,Summer Savings,Email,2025-01-19,0,7.76
CP003584,C02378,Win Back,Social,2025-06-07,0,2.54
CP003585,C02416,Festive Sale,Push,2025-10-10,0,7.72
CP003586,C01886,Festive Sale,WhatsApp,2025-05-12,0,0.52
CP003587,C01549,Fashion Days,WhatsApp,2025-09-08,1,5.82
CP003588,C02492,Fashion Days,Email,2025-08-20,1,5.76
CP003589,C03910,New Customer Welcome,SMS,2025-04-20,0,3.67
CP003590,C01029,Festive Sale,SMS,2025-04-01,0,7.63
CP003591,C03597,Summer Savings,WhatsApp,2025-03-16,0,1.48
CP003592,C00943,Win Back,Push,2025-11-11,0,6.52
CP003593,C00033,Win Back,Push,2025-08-31,0,2.16
CP003594,C01834,VIP Exclusive,SMS,2025-10-24,1,5.62
CP003595,C00822,New Customer Welcome,Email,2025-11-13,0,3.81
CP003596,C00332,VIP Exclusive,Push,2025-01-12,0,7.36
CP003597,C02329,New Customer Welcome,Push,2025-05-24,0,3.28
CP003598,C04466,Win Back,Email,2025-03-03,0,6.2
CP003599,C03244,Festive Sale,Email,2025-08-09,1,6.18
CP003600,C03318,Summer Savings,Email,2025-09-21,0,1.04
CP003601,C02314,New Customer Welcome,Email,2025-09-13,0,4.64
CP003602,C03982,Win Back,Social,2025-11-02,1,6.96
CP003603,C02243,New Customer Welcome,Social,2025-05-20,0,5.64
CP003604,C01706,Win Back,Push,2025-11-30,0,4.61
CP003605,C03470,New Customer Welcome,Email,2025-06-17,0,7.92
CP003606,C00281,Festive Sale,SMS,2025-05-31,0,5.57
CP003607,C03579,Summer Savings,WhatsApp,2025-05-25,0,2.72
CP003608,C01008,Electronics Week,SMS,2025-09-23,0,3.29
CP003609,C01908,VIP Exclusive,Email,2025-10-16,0,7.37
CP003610,C04151,Festive Sale,WhatsApp,2025-03-25,0,6.8
CP003611,C01838,Fashion Days,WhatsApp,2025-07-13,0,2.46
CP003612,C04550,Festive Sale,Email,2025-02-10,0,6.63
CP003613,C02109,Fashion Days,Push,2025-04-24,0,4.32
CP003614,C04373,Win Back,WhatsApp,2025-11-18,0,6.58
CP003615,C01903,New Customer Welcome,SMS,2025-02-26,1,7.07
CP003616,C04608,Summer Savings,Social,2025-02-26,0,3.78
CP003617,C00453,VIP Exclusive,Social,2025-10-26,0,7.76
CP003618,C00571,VIP Exclusive,Push,2025-07-16,0,1.4
CP003619,C03690,Fashion Days,Social,2025-03-01,0,6.92
CP003620,C00278,VIP Exclusive,WhatsApp,2025-11-26,1,5.87
CP003621,C03105,VIP Exclusive,SMS,2025-11-02,0,6.97
CP003622,C02405,Electronics Week,Email,2025-11-12,0,7.09
CP003623,C04716,VIP Exclusive,Social,2025-04-14,0,3.35
CP003624,C00373,Electronics Week,Email,2025-12-02,0,6.63
CP003625,C03467,Festive Sale,Email,2025-09-26,0,1.8
CP003626,C04770,Festive Sale,WhatsApp,2025-10-29,0,2.64
CP003627,C01368,New Customer Welcome,Email,2025-07-03,0,4.06
CP003628,C04332,Summer Savings,WhatsApp,2025-06-19,0,0.69
CP003629,C01552,Fashion Days,SMS,2025-07-04,1,1.72
CP003630,C00374,Fashion Days,SMS,2025-07-12,1,6.83
CP003631,C03870,Fashion Days,Push,2025-04-04,0,7.45
CP003632,C03269,Win Back,Email,2025-11-29,1,5.8
CP003633,C00248,Fashion Days,Email,2025-10-19,0,2.33
CP003634,C02284,New Customer Welcome,WhatsApp,2025-05-25,0,7.45
CP003635,C00516,VIP Exclusive,Push,2025-04-25,1,5.59
CP003636,C01985,Festive Sale,Email,2025-01-09,0,6.04
CP003637,C04565,Fashion Days,Email,2025-02-26,0,7.86
CP003638,C02971,New Customer Welcome,Push,2025-07-02,0,2.34
CP003639,C03845,Festive Sale,Email,2025-05-25,0,1.58
CP003640,C03448,Festive Sale,WhatsApp,2025-05-06,1,1.99
CP003641,C01313,Win Back,Email,2025-04-14,1,5.01
CP003642,C01286,New Customer Welcome,SMS,2025-07-04,0,1.67
CP003643,C04963,Electronics Week,Social,2025-04-16,1,7.81
CP003644,C00033,Electronics Week,SMS,2025-01-04,0,3.1
CP003645,C01507,New Customer Welcome,Push,2025-02-14,0,6.55
CP003646,C01849,Festive Sale,Push,2025-03-28,0,3.51
CP003647,C02330,Festive Sale,Email,2025-02-13,1,5.01
CP003648,C03190,Win Back,Email,2025-06-01,0,7.9
CP003649,C04358,New Customer Welcome,Push,2025-02-09,0,4.2
CP003650,C01760,Festive Sale,Email,2025-10-09,0,0.63
CP003651,C01537,New Customer Welcome,Push,2025-06-19,0,3.19
CP003652,C00020,Win Back,Social,2025-02-25,0,5.24
CP003653,C03282,Win Back,Push,2025-05-12,0,4.51
CP003654,C04702,New Customer Welcome,WhatsApp,2025-10-21,1,5.68
CP003655,C02257,Festive Sale,Email,2025-04-25,0,1.41
CP003656,C01516,Summer Savings,SMS,2025-01-31,1,7.13
CP003657,C04575,Electronics Week,Email,2025-11-24,0,0.75
CP003658,C00144,Electronics Week,Email,2025-10-29,0,6.52
CP003659,C02265,Summer Savings,WhatsApp,2025-11-17,0,7.66
CP003660,C04225,Summer Savings,WhatsApp,2025-10-02,0,5.31
CP003661,C00591,Electronics Week,WhatsApp,2025-07-19,0,1.77
CP003662,C00596,Festive Sale,WhatsApp,2025-04-28,0,6.77
CP003663,C03860,Festive Sale,SMS,2025-09-19,1,0.66
CP003664,C03288,Summer Savings,Push,2025-10-01,1,3.1
CP003665,C03952,Electronics Week,Email,2025-04-15,0,1.26
CP003666,C02027,VIP Exclusive,SMS,2025-07-20,1,0.79
CP003667,C02000,Festive Sale,Push,2025-08-02,0,7.25
CP003668,C01134,Festive Sale,Email,2025-11-03,0,2.87
CP003669,C04301,Fashion Days,Email,2025-06-26,0,1.96
CP003670,C04911,Electronics Week,SMS,2025-09-03,0,3.13
CP003671,C04546,VIP Exclusive,Push,2025-01-08,0,7.65
CP003672,C00014,Electronics Week,Push,2025-03-05,0,2.82
CP003673,C04931,Electronics Week,Push,2025-12-02,0,6.84
CP003674,C00443,Festive Sale,SMS,2025-01-15,0,4.54
CP003675,C00166,Electronics Week,WhatsApp,2025-10-10,0,7.76
CP003676,C04808,New Customer Welcome,SMS,2025-11-28,0,6.08
CP003677,C03529,Win Back,SMS,2025-07-06,1,4.83
CP003678,C02445,Electronics Week,WhatsApp,2025-08-30,0,1.53
CP003679,C02283,Fashion Days,Push,2025-08-30,0,6.43
CP003680,C04866,VIP Exclusive,SMS,2025-11-14,0,6.25
CP003681,C02662,Summer Savings,WhatsApp,2025-01-11,1,6.02
CP003682,C00077,Fashion Days,Push,2025-05-09,0,4.23
CP003683,C04593,Summer Savings,Social,2025-12-07,0,4.47
CP003684,C01199,Festive Sale,Email,2025-04-28,0,5.03
CP003685,C00642,Festive Sale,Email,2025-08-20,0,0.98
CP003686,C02892,VIP Exclusive,SMS,2025-10-10,0,3.76
CP003687,C04998,New Customer Welcome,WhatsApp,2025-06-08,0,4.1
CP003688,C03640,Festive Sale,Push,2025-02-03,0,3.37
CP003689,C02758,Electronics Week,SMS,2025-12-06,0,2.55
CP003690,C02296,Electronics Week,Social,2025-11-10,0,4.94
CP003691,C03666,Electronics Week,Email,2025-03-28,1,7.76
CP003692,C04293,Win Back,Social,2025-10-02,1,2.64
CP003693,C01020,Summer Savings,WhatsApp,2025-10-02,0,2.88
CP003694,C02368,Festive Sale,WhatsApp,2025-06-24,0,7.01
CP003695,C02290,Festive Sale,Push,2025-06-03,0,1.28
CP003696,C04258,Fashion Days,Push,2025-06-25,0,5.82
CP003697,C04590,Summer Savings,Push,2025-09-13,0,5.0
CP003698,C03168,Fashion Days,SMS,2025-08-18,1,6.22
CP003699,C02380,New Customer Welcome,Push,2025-05-23,0,3.41
CP003700,C02862,Festive Sale,WhatsApp,2025-02-02,0,4.79
CP003701,C00052,New Customer Welcome,Email,2025-04-21,0,6.07
CP003702,C02930,Summer Savings,SMS,2025-07-28,1,5.12
CP003703,C01753,Electronics Week,Email,2025-03-17,0,7.73
CP003704,C02968,VIP Exclusive,WhatsApp,2025-03-15,0,1.34
CP003705,C01250,New Customer Welcome,SMS,2025-01-10,0,1.96
CP003706,C03120,VIP Exclusive,Push,2025-06-27,0,4.54
CP003707,C03873,Fashion Days,WhatsApp,2025-01-08,1,1.29
CP003708,C03400,New Customer Welcome,SMS,2025-03-10,0,1.72
CP003709,C04661,Summer Savings,Push,2025-08-22,1,7.17
CP003710,C01968,New Customer Welcome,Email,2025-04-03,0,5.53
CP003711,C00974,Summer Savings,SMS,2025-07-03,0,4.38
CP003712,C04818,New Customer Welcome,Social,2025-04-04,1,4.25
CP003713,C00965,Electronics Week,SMS,2025-06-02,0,4.87
CP003714,C02945,Fashion Days,WhatsApp,2025-08-19,0,1.29
CP003715,C04702,VIP Exclusive,WhatsApp,2025-05-25,0,0.65
CP003716,C00971,Fashion Days,Social,2025-01-02,0,7.01
CP003717,C03441,VIP Exclusive,WhatsApp,2025-07-18,0,7.59
CP003718,C03962,VIP Exclusive,Email,2025-07-09,0,7.86
CP003719,C03097,Electronics Week,WhatsApp,2025-05-06,0,2.49
CP003720,C02518,New Customer Welcome,Email,2025-03-28,1,0.54
CP003721,C01548,Fashion Days,SMS,2025-11-16,0,2.1
CP003722,C00995,VIP Exclusive,Push,2025-04-13,0,2.68
CP003723,C04263,Win Back,Email,2025-01-09,0,6.16
CP003724,C01292,Festive Sale,WhatsApp,2025-01-19,0,5.86
CP003725,C01119,New Customer Welcome,Push,2025-10-12,0,1.02
CP003726,C03897,Electronics Week,Email,2025-08-11,0,7.48
CP003727,C01771,Festive Sale,Email,2025-11-03,0,5.14
CP003728,C03176,Fashion Days,Email,2025-08-07,1,3.75
CP003729,C01104,VIP Exclusive,Email,2025-02-11,0,1.68
CP003730,C04565,New Customer Welcome,Email,2025-07-31,1,2.66
CP003731,C03089,Electronics Week,Email,2025-09-11,0,7.1
CP003732,C03280,Win Back,Push,2025-07-18,0,2.08
CP003733,C04596,Win Back,WhatsApp,2025-03-07,0,7.16
CP003734,C01668,Fashion Days,Email,2025-07-22,0,7.72
CP003735,C02761,Fashion Days,Push,2025-11-30,0,3.73
CP003736,C01274,New Customer Welcome,,2025-11-24,0,2.27
CP003737,C02997,New Customer Welcome,WhatsApp,2025-10-14,0,5.7
CP003738,C02535,VIP Exclusive,WhatsApp,2025-07-15,0,7.02
CP003739,C03926,Festive Sale,Email,2025-05-06,0,5.51
CP003740,C00530,VIP Exclusive,WhatsApp,2025-08-09,0,2.84
CP003741,C01219,Win Back,WhatsApp,2025-02-04,0,7.58
CP003742,C04171,VIP Exclusive,SMS,2025-01-03,0,5.96
CP003743,C02081,Win Back,Push,2025-03-23,1,0.6
CP003744,C00316,New Customer Welcome,Social,2025-09-23,1,3.34
CP003745,C02703,Electronics Week,SMS,2025-02-15,0,2.75
CP003746,C02489,New Customer Welcome,Email,2025-04-24,1,7.6
CP003747,C01785,VIP Exclusive,Email,2025-06-26,1,2.78
CP003748,C04224,Festive Sale,Push,2025-01-08,0,2.75
CP003749,C02000,Win Back,Push,2025-02-10,0,4.56
CP003750,C01905,Festive Sale,SMS,2025-10-02,1,0.81
CP003751,C04952,Summer Savings,Push,2025-02-02,0,4.45
CP003752,C02157,Fashion Days,Email,2025-09-27,0,7.28
CP003753,C04072,Win Back,SMS,2025-03-15,0,2.09
CP003754,C02219,Electronics Week,SMS,2025-03-25,0,1.81
CP003755,C02429,Fashion Days,WhatsApp,2025-05-27,0,5.68
CP003756,C01162,Summer Savings,Email,2025-09-29,0,1.98
CP003757,C00454,Summer Savings,Push,2025-11-28,1,6.88
CP003758,C00112,VIP Exclusive,Email,2025-08-09,0,1.8
CP003759,C04505,Electronics Week,Push,2025-10-03,0,7.58
CP003760,C02689,Electronics Week,Email,2025-03-20,0,3.27
CP003761,C00196,New Customer Welcome,Email,2025-12-10,0,1.07
CP003762,C01904,Fashion Days,WhatsApp,2025-03-01,0,1.97
CP003763,C03841,Electronics Week,Social,2025-06-30,0,5.17
CP003764,C01425,Electronics Week,WhatsApp,2025-11-16,0,1.28
CP003765,C00110,Summer Savings,Social,2025-11-25,1,6.4
CP003766,C02196,Summer Savings,Push,2025-09-08,0,2.78
CP003767,C03410,Summer Savings,Push,2025-11-24,0,2.63
CP003768,C04940,Fashion Days,Push,2025-01-08,0,1.43
CP003769,C04731,Summer Savings,WhatsApp,2025-11-29,0,7.72
CP003770,C01824,Fashion Days,WhatsApp,2025-01-16,0,4.87
CP003771,C00545,New Customer Welcome,Email,2025-04-14,0,5.83
CP003772,C04106,New Customer Welcome,WhatsApp,2025-01-16,0,4.52
CP003773,C04998,Summer Savings,WhatsApp,2025-01-15,0,6.75
CP003774,C00369,Festive Sale,WhatsApp,2025-01-24,0,7.12
CP003775,C00327,Festive Sale,Email,2025-02-20,0,7.09
CP003776,C03953,Electronics Week,SMS,2025-06-04,1,5.54
CP003777,C00402,Fashion Days,Social,2025-02-17,1,5.72
CP003778,C00534,New Customer Welcome,WhatsApp,2025-04-28,1,2.39
CP003779,C04537,Summer Savings,Social,2025-09-12,1,5.2
CP003780,C02616,Fashion Days,Email,2025-01-23,0,1.9
CP003781,C03135,Summer Savings,Push,2025-05-20,1,4.95
CP003782,C03302,Festive Sale,SMS,2025-05-10,1,4.32
CP003783,C04511,Festive Sale,Social,2025-04-30,0,4.21
CP003784,C01762,Festive Sale,Email,2025-10-14,1,5.48
CP003785,C00227,Electronics Week,WhatsApp,2025-01-02,0,1.51
CP003786,C04670,Electronics Week,Push,2025-02-25,0,6.69
CP003787,C01238,New Customer Welcome,Email,2025-03-08,1,2.31
CP003788,C02686,Festive Sale,WhatsApp,2025-11-15,1,4.16
CP003789,C04724,Fashion Days,SMS,2025-08-27,0,2.02
CP003790,C00076,Electronics Week,WhatsApp,2025-12-07,0,2.2
CP003791,C00913,Fashion Days,Push,2025-11-18,0,1.1
CP003792,C02657,VIP Exclusive,Email,2025-03-22,0,4.36
CP003793,C03575,VIP Exclusive,Push,2025-05-06,0,3.86
CP003794,C00038,Summer Savings,WhatsApp,2025-02-06,0,7.49
CP003795,C04777,Festive Sale,Email,2025-05-03,0,2.38
CP003796,C02784,VIP Exclusive,SMS,2025-07-26,1,1.53
CP003797,C03094,Electronics Week,Email,2025-10-04,0,2.15
CP003798,C03281,New Customer Welcome,Email,2025-02-20,0,3.5
CP003799,C03905,New Customer Welcome,Email,2025-07-23,0,1.97
CP003800,C01934,Win Back,SMS,2025-05-09,0,2.42
CP003801,C04255,VIP Exclusive,SMS,2025-05-26,0,1.79
CP003802,C04928,Win Back,Email,2025-02-10,1,5.81
CP003803,C01202,New Customer Welcome,Email,2025-01-13,0,6.98
CP003804,C03475,Electronics Week,Email,2025-06-12,0,2.33
CP003805,C03431,New Customer Welcome,SMS,2025-12-08,0,7.32
CP003806,C00114,Electronics Week,Email,2025-06-04,0,5.51
CP003807,C04473,New Customer Welcome,Push,2025-08-10,1,7.97
CP003808,C03648,Win Back,Email,2025-07-24,0,1.29
CP003809,C02004,Fashion Days,Push,2025-01-05,1,1.5
CP003810,C02064,Win Back,Email,2025-03-03,0,1.72
CP003811,C04898,Fashion Days,Email,2025-11-07,1,3.63
CP003812,C04311,New Customer Welcome,SMS,2025-07-29,0,4.63
CP003813,C00142,Summer Savings,Email,2025-09-26,0,0.98
CP003814,C02126,Electronics Week,Email,2025-02-22,0,7.71
CP003815,C04753,Festive Sale,Email,2025-06-04,0,5.75
CP003816,C03364,VIP Exclusive,Email,2025-06-06,0,6.72
CP003817,C01379,Fashion Days,Email,2025-09-08,1,4.17
CP003818,C00424,Electronics Week,Email,2025-06-09,1,5.31
CP003819,C00670,VIP Exclusive,Push,2025-05-25,0,1.71
CP003820,C02320,New Customer Welcome,WhatsApp,2025-12-14,0,6.44
CP003821,C04741,Win Back,WhatsApp,2025-07-16,0,1.24
CP003822,C02399,Summer Savings,Email,2025-04-09,0,3.09
CP003823,C01804,Fashion Days,Email,2025-04-18,0,7.18
CP003824,C00050,New Customer Welcome,Email,2025-11-11,0,1.46
CP003825,C02567,Festive Sale,SMS,2025-09-15,1,7.86
CP003826,C03485,Festive Sale,WhatsApp,2025-06-10,0,3.01
CP003827,C01658,Fashion Days,SMS,2025-11-14,0,1.74
CP003828,C00697,VIP Exclusive,Social,2025-06-08,0,4.5
CP003829,C01853,VIP Exclusive,Push,2025-02-04,0,5.22
CP003830,C00412,New Customer Welcome,SMS,2025-10-11,0,1.53
CP003831,C00144,VIP Exclusive,Email,2025-04-23,1,5.86
CP003832,C03314,Fashion Days,WhatsApp,2025-07-08,0,2.93
CP003833,C00724,Fashion Days,Push,2025-08-25,0,0.77
CP003834,C00053,VIP Exclusive,Email,2025-12-03,0,5.03
CP003835,C04237,VIP Exclusive,WhatsApp,2025-05-10,0,2.31
CP003836,C01702,Summer Savings,SMS,2025-05-02,0,1.25
CP003837,C02386,VIP Exclusive,WhatsApp,2025-11-10,1,5.93
CP003838,C00899,Electronics Week,Social,2025-10-04,0,3.28
CP003839,C01995,Summer Savings,WhatsApp,2025-10-26,1,3.78
CP003840,C04561,Fashion Days,SMS,2025-07-09,0,7.2
CP003841,C03507,Win Back,WhatsApp,2025-04-28,1,5.03
CP003842,C04190,Festive Sale,Email,2025-09-27,0,0.81
CP003843,C03104,Fashion Days,Email,2025-08-02,0,2.45
CP003844,C02634,VIP Exclusive,Email,2025-06-06,0,7.49
CP003845,C04829,New Customer Welcome,Email,2025-05-31,0,2.17
CP003846,C00055,Summer Savings,Email,2025-10-06,1,1.07
CP003847,C01280,Fashion Days,Push,2025-05-04,0,6.31
CP003848,C03838,Festive Sale,Email,2025-01-10,0,1.07
CP003849,C03915,Win Back,SMS,2025-10-30,0,1.74
CP003850,C00591,Festive Sale,WhatsApp,2025-02-20,0,4.77
CP003851,C01756,Electronics Week,WhatsApp,2025-01-19,0,2.01
CP003852,C00366,Electronics Week,WhatsApp,2025-08-29,1,2.92
CP003853,C02458,New Customer Welcome,SMS,2025-09-12,0,3.32
CP003854,C04816,Win Back,Push,2025-08-14,0,2.83
CP003855,C03511,VIP Exclusive,Email,2025-08-01,0,4.81
CP003856,C01044,Summer Savings,Email,2025-09-05,0,5.28
CP003857,C03415,Festive Sale,WhatsApp,2025-05-12,0,6.59
CP003858,C02553,Win Back,WhatsApp,2025-05-11,0,6.21
CP003859,C02565,Festive Sale,Push,2025-03-24,1,7.09
CP003860,C00757,Festive Sale,Email,2025-04-14,0,6.84
CP003861,C04769,New Customer Welcome,Social,2025-01-11,0,6.65
CP003862,C03636,VIP Exclusive,Push,2025-04-08,1,1.54
CP003863,C04696,Electronics Week,SMS,2025-02-05,0,1.91
CP003864,C04827,Electronics Week,Email,2025-06-18,0,5.86
CP003865,C03641,New Customer Welcome,Email,2025-08-02,0,1.89
CP003866,C00164,VIP Exclusive,WhatsApp,2025-01-09,0,6.53
CP003867,C03417,VIP Exclusive,Email,2025-05-30,1,0.79
CP003868,C04816,Win Back,Email,2025-03-18,0,7.07
CP003869,C00886,VIP Exclusive,WhatsApp,2025-05-29,0,2.21
CP003870,C02800,New Customer Welcome,SMS,2025-08-27,0,4.45
CP003871,C02014,Electronics Week,Email,2025-07-28,0,6.83
CP003872,C01631,Summer Savings,Email,2025-02-26,0,4.88
CP003873,C02742,Summer Savings,Push,2025-10-07,0,7.99
CP003874,C02395,Festive Sale,Social,2025-05-24,0,4.49
CP003875,C03999,Festive Sale,WhatsApp,2025-10-23,0,2.78
CP003876,C02154,Summer Savings,Email,2025-12-05,0,7.28
CP003877,C00557,Festive Sale,Push,2025-09-26,0,5.36
CP003878,C02750,Summer Savings,Social,2025-11-07,1,7.8
CP003879,C01118,Summer Savings,Social,2025-10-30,0,6.32
CP003880,C00869,VIP Exclusive,SMS,2025-07-10,0,1.59
CP003881,C03923,VIP Exclusive,SMS,2025-09-16,0,4.8
CP003882,C01775,Fashion Days,Email,2025-09-16,0,1.54
CP003883,C01518,Summer Savings,Email,2025-01-04,0,3.66
CP003884,C00505,Win Back,Push,2025-08-02,0,5.89
CP003885,C02925,New Customer Welcome,SMS,2025-07-14,0,6.19
CP003886,C04144,New Customer Welcome,Social,2025-02-05,0,6.7
CP003887,C02134,New Customer Welcome,Social,2025-02-27,0,3.74
CP003888,C00429,New Customer Welcome,SMS,2025-03-14,1,5.91
CP003889,C00288,Electronics Week,Email,2025-01-17,0,2.81
CP003890,C01517,Electronics Week,Push,2025-09-28,0,4.28
CP003891,C00968,New Customer Welcome,SMS,2025-06-11,0,5.03
CP003892,C02074,Summer Savings,WhatsApp,2025-09-01,1,5.62
CP003893,C04911,Summer Savings,WhatsApp,2025-09-19,1,7.94
CP003894,C03355,Summer Savings,Social,2025-06-20,0,5.3
CP003895,C04626,Festive Sale,WhatsApp,2025-07-25,0,2.97
CP003896,C03130,Summer Savings,Social,2025-01-07,0,4.07
CP003897,C04198,Festive Sale,SMS,2025-09-20,0,3.03
CP003898,C00056,Summer Savings,WhatsApp,2025-04-07,0,2.58
CP003899,C03813,New Customer Welcome,WhatsApp,2025-10-21,1,1.31
CP003900,C00054,Electronics Week,SMS,2025-12-10,0,1.61
CP003901,C01137,Win Back,WhatsApp,2025-11-20,0,2.17
CP003902,C03083,Festive Sale,Email,2025-02-23,0,7.25
CP003903,C00289,VIP Exclusive,WhatsApp,2025-09-13,0,7.59
CP003904,C04096,New Customer Welcome,Social,2025-06-04,0,0.81
CP003905,C02071,Electronics Week,Push,2025-09-16,0,2.93
CP003906,C03596,Win Back,SMS,2025-03-14,0,5.31
CP003907,C04006,Summer Savings,Email,2025-06-09,1,4.45
CP003908,C02981,Electronics Week,WhatsApp,2025-11-01,0,4.39
CP003909,C01020,Win Back,Email,2025-01-12,0,6.32
CP003910,C02932,Win Back,Push,2025-10-27,0,3.63
CP003911,C00259,Win Back,WhatsApp,2025-04-28,0,1.81
CP003912,C01376,Summer Savings,SMS,2025-08-16,0,5.72
CP003913,C04545,Win Back,SMS,2025-09-29,0,1.24
CP003914,C02402,Fashion Days,Email,2025-02-03,0,4.52
CP003915,C00133,Win Back,SMS,2025-11-28,0,0.92
CP003916,C03856,New Customer Welcome,WhatsApp,2025-07-12,1,1.69
CP003917,C04115,New Customer Welcome,SMS,2025-05-01,0,3.69
CP003918,C03311,Electronics Week,Push,2025-09-07,1,3.03
CP003919,C00685,VIP Exclusive,WhatsApp,2025-10-31,0,1.39
CP003920,C03876,Summer Savings,Push,2025-02-18,0,0.61
CP003921,C02423,Electronics Week,Social,2025-11-11,0,4.65
CP003922,C03549,Win Back,SMS,2025-02-03,0,2.36
CP003923,C03822,Win Back,Social,2025-01-19,0,3.4
CP003924,C01140,Electronics Week,WhatsApp,2025-09-02,0,5.57
CP003925,C02703,Fashion Days,WhatsApp,2025-07-03,0,6.24
CP003926,C04605,VIP Exclusive,Push,2025-10-16,1,4.41
CP003927,C03012,Win Back,WhatsApp,2025-04-17,0,7.74
CP003928,C03512,Win Back,Email,2025-06-10,0,4.44
CP003929,C02422,Festive Sale,SMS,2025-11-05,0,5.38
CP003930,C02337,VIP Exclusive,Social,2025-01-01,0,0.77
CP003931,C00041,Win Back,SMS,2025-10-31,0,1.37
CP003932,C01547,New Customer Welcome,Email,2025-09-12,0,6.54
CP003933,C03001,Festive Sale,WhatsApp,2025-11-30,0,3.9
CP003934,C03229,Festive Sale,WhatsApp,2025-08-14,0,7.61
CP003935,C04840,New Customer Welcome,Email,2025-07-17,0,2.09
CP003936,C04209,New Customer Welcome,Social,2025-10-10,1,4.25
CP003937,C03753,Electronics Week,Email,2025-04-07,0,7.99
CP003938,C00699,Electronics Week,Email,2025-03-24,0,4.82
CP003939,C03201,Electronics Week,Push,2025-02-09,0,2.52
CP003940,C01718,Fashion Days,WhatsApp,2025-10-03,0,3.01
CP003941,C04144,Summer Savings,Push,2025-04-05,1,6.56
CP003942,C04364,Fashion Days,Email,2025-05-08,1,1.91
CP003943,C01240,New Customer Welcome,Email,2025-07-20,1,6.54
CP003944,C01918,Summer Savings,Email,2025-03-14,0,1.32
CP003945,C02126,Win Back,SMS,2025-06-26,0,1.0
CP003946,C02789,New Customer Welcome,WhatsApp,2025-10-16,0,4.58
CP003947,C04935,VIP Exclusive,SMS,2025-08-28,0,6.88
CP003948,C01689,Electronics Week,WhatsApp,2025-05-15,0,6.58
CP003949,C00250,VIP Exclusive,Email,2025-05-08,1,4.62
CP003950,C01019,Win Back,Email,2025-12-11,0,5.69
CP003951,C04223,Win Back,Email,2025-04-08,0,7.6
CP003952,C00863,VIP Exclusive,Email,2025-03-05,0,0.71
CP003953,C02935,Fashion Days,Social,2025-07-01,0,3.05
CP003954,C01234,Festive Sale,Email,2025-12-09,0,6.46
CP003955,C01351,Summer Savings,Social,2025-01-07,0,1.44
CP003956,C03035,Electronics Week,Push,2025-05-17,0,2.2
CP003957,C02504,VIP Exclusive,Push,2025-05-31,0,1.27
CP003958,C00070,VIP Exclusive,Email,2025-12-05,0,7.87
CP003959,C02279,New Customer Welcome,SMS,2025-08-13,0,3.23
CP003960,C04150,Festive Sale,Email,2025-04-13,1,1.42
CP003961,C03635,VIP Exclusive,Email,2025-09-26,0,6.21
CP003962,C02056,Summer Savings,WhatsApp,2025-07-25,0,3.33
CP003963,C02412,New Customer Welcome,SMS,2025-05-20,0,5.76
CP003964,C00463,Win Back,Email,2025-08-22,0,1.3
CP003965,C01192,Win Back,Push,2025-01-17,0,5.64
CP003966,C01769,Fashion Days,SMS,2025-09-10,0,3.73
CP003967,C01366,VIP Exclusive,WhatsApp,2025-03-24,0,3.3
CP003968,C00008,Win Back,WhatsApp,2025-11-05,1,1.16
CP003969,C01747,Fashion Days,Email,2025-06-01,0,4.84
CP003970,C01513,VIP Exclusive,SMS,2025-06-04,1,4.86
CP003971,C02483,Electronics Week,Push,2025-09-05,0,2.87
CP003972,C00726,Win Back,Push,2025-02-01,0,1.2
CP003973,C02318,Win Back,Email,2025-09-02,0,6.62
CP003974,C04704,Electronics Week,Email,2025-03-06,0,7.79
CP003975,C01440,Summer Savings,WhatsApp,2025-07-27,0,2.0
CP003976,C04622,Electronics Week,SMS,2025-07-30,0,3.37
CP003977,C04223,Summer Savings,Push,2025-03-25,0,2.9
CP003978,C02437,Festive Sale,Push,2025-03-09,0,7.6
CP003979,C04539,Fashion Days,Email,2025-07-07,0,7.72
CP003980,C02517,Fashion Days,Social,2025-04-03,0,4.86
CP003981,C00730,Summer Savings,Email,2025-04-23,0,2.92
CP003982,C01765,Electronics Week,Email,2025-03-27,0,3.81
CP003983,C03060,Festive Sale,WhatsApp,2025-04-30,0,7.97
CP003984,C02362,Summer Savings,SMS,2025-01-10,0,3.77
CP003985,C01030,Electronics Week,WhatsApp,2025-02-25,0,1.86
CP003986,C04672,Win Back,Email,2025-03-19,0,2.18
CP003987,C03493,VIP Exclusive,Push,2025-09-19,0,5.21
CP003988,C04803,Festive Sale,Email,2025-10-09,1,5.08
CP003989,C03550,Win Back,Push,2025-08-22,0,5.79
CP003990,C03880,Fashion Days,WhatsApp,2025-06-21,0,3.95
CP003991,C01213,Fashion Days,Email,2025-08-04,0,7.34
CP003992,C01365,Fashion Days,WhatsApp,2025-06-16,0,3.19
CP003993,C01316,Win Back,Email,2025-12-02,0,3.11
CP003994,C01145,New Customer Welcome,Email,2025-04-07,0,4.35
CP003995,C01924,New Customer Welcome,Email,2025-05-22,0,3.42
CP003996,C01843,Summer Savings,WhatsApp,2025-02-02,0,3.4
CP003997,C02743,Fashion Days,Email,2025-07-22,0,1.67
CP003998,C00752,Electronics Week,SMS,2025-03-08,0,1.09
CP003999,C02679,Festive Sale,Social,2025-10-26,0,1.9
CP004000,C01941,New Customer Welcome,WhatsApp,2025-09-05,0,4.17
CP004001,C02199,Win Back,Push,2025-08-01,1,5.99
CP004002,C02689,VIP Exclusive,WhatsApp,2025-11-19,0,4.76
CP004003,C00294,Fashion Days,Email,2025-12-06,1,0.82
CP004004,C01812,Summer Savings,Email,2025-02-21,0,5.25
CP004005,C03690,Win Back,Email,2025-02-02,1,3.57
CP004006,C00116,VIP Exclusive,WhatsApp,2025-02-20,1,7.92
CP004007,C02187,Win Back,SMS,2025-10-04,1,6.21
CP004008,C03461,New Customer Welcome,Email,2025-11-10,1,3.05
CP004009,C01162,New Customer Welcome,WhatsApp,2025-06-07,0,4.01
CP004010,C04172,VIP Exclusive,SMS,2025-07-11,1,5.99
CP004011,C00727,Electronics Week,SMS,2025-09-14,0,4.11
CP004012,C03203,Win Back,Push,2025-12-15,0,4.45
CP004013,C01314,VIP Exclusive,SMS,2025-09-07,0,2.79
CP004014,C04582,New Customer Welcome,Email,2025-03-28,0,1.88
CP004015,C02791,New Customer Welcome,WhatsApp,2025-03-25,0,5.21
CP004016,C01200,Fashion Days,WhatsApp,2025-09-17,0,1.95
CP004017,C01238,Fashion Days,WhatsApp,2025-09-26,0,7.81
CP004018,C00566,New Customer Welcome,Push,2025-06-15,0,0.87
CP004019,C04516,Summer Savings,WhatsApp,2025-11-19,0,6.53
CP004020,C04544,Electronics Week,Push,2025-02-23,0,3.17
CP004021,C01651,Summer Savings,Email,2025-08-13,0,4.56
CP004022,C01547,New Customer Welcome,WhatsApp,2025-01-05,0,4.36
CP004023,C04977,New Customer Welcome,Push,2025-12-02,0,2.09
CP004024,C01107,Electronics Week,WhatsApp,2025-05-27,0,7.9
CP004025,C02130,VIP Exclusive,WhatsApp,2025-04-29,0,6.48
CP004026,C04813,Festive Sale,Social,2025-10-19,0,3.42
CP004027,C04808,Summer Savings,Social,2025-08-19,0,4.32
CP004028,C00234,Electronics Week,Email,2025-12-02,0,3.98
CP004029,C03224,Fashion Days,WhatsApp,2025-05-08,1,6.87
CP004030,C03976,Fashion Days,WhatsApp,2025-04-03,0,0.83
CP004031,C02724,Festive Sale,Email,2025-05-15,0,7.7
CP004032,C00563,Summer Savings,SMS,2025-04-11,0,7.22
CP004033,C02375,Summer Savings,Push,2025-10-10,0,2.0
CP004034,C04573,VIP Exclusive,WhatsApp,2025-06-02,1,4.4
CP004035,C00988,Electronics Week,Email,2025-01-28,0,5.4
CP004036,C00567,Win Back,Social,2025-04-26,0,2.51
CP004037,C01055,New Customer Welcome,Push,2025-09-10,0,5.7
CP004038,C01292,Win Back,Email,2025-05-23,0,0.73
CP004039,C00992,VIP Exclusive,Email,2025-10-25,0,2.5
CP004040,C03140,Fashion Days,Push,2025-10-01,1,1.12
CP004041,C02506,Electronics Week,Email,2025-03-09,1,7.05
CP004042,C00448,Fashion Days,Email,2025-08-14,0,3.52
CP004043,C03064,VIP Exclusive,SMS,2025-12-09,0,7.65
CP004044,C02931,Fashion Days,Push,2025-06-18,0,3.51
CP004045,C00439,Festive Sale,Email,2025-07-23,0,4.16
CP004046,C01697,Fashion Days,WhatsApp,2025-03-18,0,1.46
CP004047,C04657,VIP Exclusive,Push,2025-11-01,0,7.64
CP004048,C04403,Win Back,Email,2025-07-25,0,4.66
CP004049,C02834,VIP Exclusive,SMS,2025-12-11,0,1.3
CP004050,C03407,Electronics Week,Push,2025-04-02,0,4.69
CP004051,C01087,Fashion Days,WhatsApp,2025-06-29,0,1.71
CP004052,C02072,Win Back,Email,2025-06-26,1,3.52
CP004053,C01879,New Customer Welcome,WhatsApp,2025-07-31,0,3.76
CP004054,C02290,New Customer Welcome,WhatsApp,2025-10-13,0,6.57
CP004055,C00784,VIP Exclusive,Email,2025-12-08,0,6.93
CP004056,C01594,New Customer Welcome,SMS,2025-07-22,1,1.12
CP004057,C02123,Fashion Days,Social,2025-09-09,0,5.8
CP004058,C02089,VIP Exclusive,WhatsApp,2025-10-05,0,7.37
CP004059,C00797,Win Back,SMS,2025-06-27,0,4.01
CP004060,C02723,New Customer Welcome,Email,2025-04-26,0,7.13
CP004061,C04204,Win Back,Email,2025-03-02,0,2.09
CP004062,C01624,Fashion Days,Push,2025-06-08,1,1.89
CP004063,C00615,Festive Sale,Social,2025-07-02,1,3.78
CP004064,C03266,Summer Savings,Email,2025-07-20,0,7.56
CP004065,C01689,VIP Exclusive,WhatsApp,2025-08-21,1,0.79
CP004066,C04120,VIP Exclusive,Email,2025-05-01,0,5.63
CP004067,C00016,New Customer Welcome,Email,2025-11-30,0,3.86
CP004068,C03915,Summer Savings,WhatsApp,2025-12-15,1,0.51
CP004069,C03126,VIP Exclusive,Email,2025-11-20,0,3.86
CP004070,C00453,Summer Savings,SMS,2025-04-30,0,1.22
CP004071,C03303,Fashion Days,SMS,2025-12-06,1,7.69
CP004072,C02333,Electronics Week,WhatsApp,2025-01-29,0,7.3
CP004073,C04390,Electronics Week,WhatsApp,2025-06-24,0,1.82
CP004074,C00503,Electronics Week,WhatsApp,2025-03-16,0,5.83
CP004075,C04976,Electronics Week,Social,2025-11-06,0,5.0
CP004076,C01303,Summer Savings,SMS,2025-06-23,0,3.08
CP004077,C01405,Fashion Days,SMS,2025-05-13,0,5.93
CP004078,C02270,Fashion Days,SMS,2025-03-24,0,7.54
CP004079,C04315,Electronics Week,Push,2025-10-14,0,0.91
CP004080,C02381,Win Back,Push,2025-05-09,0,5.39
CP004081,C00703,Win Back,Email,2025-12-08,0,5.34
CP004082,C03728,Electronics Week,SMS,2025-05-09,1,5.61
CP004083,C02341,VIP Exclusive,WhatsApp,2025-09-12,1,3.46
CP004084,C04315,New Customer Welcome,Email,2025-02-18,0,5.37
CP004085,C04726,Electronics Week,Push,2025-03-01,0,0.89
CP004086,C02295,Electronics Week,Push,2025-09-08,0,0.96
CP004087,C03954,Summer Savings,WhatsApp,2025-01-05,0,4.98
CP004088,C00444,Festive Sale,SMS,2025-03-31,1,6.42
CP004089,C03518,VIP Exclusive,WhatsApp,2025-09-27,0,2.18
CP004090,C03130,VIP Exclusive,Email,2025-08-02,0,4.69
CP004091,C03008,VIP Exclusive,Email,2025-06-10,1,0.59
CP004092,C02818,Electronics Week,Email,2025-03-03,1,0.77
CP004093,C04969,Festive Sale,Social,2025-04-02,0,1.81
CP004094,C00176,Summer Savings,Push,2025-02-10,0,5.78
CP004095,C01098,Electronics Week,Email,2025-06-05,0,2.75
CP004096,C04355,Festive Sale,Email,2025-01-20,0,7.33
CP004097,C03093,VIP Exclusive,WhatsApp,2025-04-13,0,5.87
CP004098,C02866,Fashion Days,,2025-09-05,0,3.98
CP004099,C03113,Summer Savings,Email,2025-06-02,0,3.34
CP004100,C01841,Win Back,Push,2025-11-09,0,5.16
CP004101,C03412,Win Back,SMS,2025-01-20,0,1.42
CP004102,C00193,VIP Exclusive,Push,2025-11-15,0,5.02
CP004103,C04790,VIP Exclusive,Email,2025-11-06,0,1.27
CP004104,C03567,New Customer Welcome,Email,2025-06-16,0,1.95
CP004105,C01116,Fashion Days,WhatsApp,2025-05-17,1,1.65
CP004106,C01547,Summer Savings,Push,2025-01-12,0,2.29
CP004107,C02123,Summer Savings,Email,2025-07-28,0,7.17
CP004108,C04935,Win Back,Email,2025-08-18,0,1.36
CP004109,C02011,Electronics Week,Email,2025-04-29,0,3.14
CP004110,C01208,Electronics Week,Push,2025-11-02,0,1.95
CP004111,C01529,VIP Exclusive,Push,2025-07-16,0,2.26
CP004112,C01512,VIP Exclusive,SMS,2025-10-24,0,5.06
CP004113,C00199,VIP Exclusive,Email,2025-02-07,0,6.01
CP004114,C02893,Electronics Week,SMS,2025-01-11,1,6.86
CP004115,C00327,Electronics Week,Email,2025-06-07,0,3.57
CP004116,C01086,Festive Sale,SMS,2025-01-09,0,3.13
CP004117,C01197,Fashion Days,Email,2025-08-07,0,4.16
CP004118,C00061,Festive Sale,Social,2025-02-08,1,6.9
CP004119,C02206,Summer Savings,SMS,2025-10-23,0,5.64
CP004120,C02564,Fashion Days,Email,2025-07-01,0,2.75
CP004121,C04856,VIP Exclusive,Email,2025-02-19,1,3.71
CP004122,C02680,Fashion Days,Email,2025-01-23,0,1.88
CP004123,C03353,VIP Exclusive,WhatsApp,2025-04-03,0,7.36
CP004124,C00505,VIP Exclusive,SMS,2025-08-21,1,5.44
CP004125,C01210,Win Back,SMS,2025-04-08,0,1.18
CP004126,C02436,Fashion Days,SMS,2025-06-01,1,7.67
CP004127,C03335,VIP Exclusive,WhatsApp,2025-07-04,0,2.55
CP004128,C00663,Fashion Days,SMS,2025-10-06,0,3.99
CP004129,C03382,Win Back,SMS,2025-11-08,0,6.53
CP004130,C01593,Festive Sale,WhatsApp,2025-02-04,0,2.1
CP004131,C01701,Summer Savings,Push,2025-06-15,0,5.33
CP004132,C00203,VIP Exclusive,WhatsApp,2025-02-26,1,6.23
CP004133,C02491,Festive Sale,SMS,2025-11-09,1,7.03
CP004134,C00637,Festive Sale,Push,2025-06-25,0,1.98
CP004135,C00930,Fashion Days,WhatsApp,2025-05-20,0,2.0
CP004136,C03680,Summer Savings,WhatsApp,2025-08-13,0,7.7
CP004137,C04707,Electronics Week,Email,2025-09-29,1,4.14
CP004138,C01023,Win Back,Push,2025-01-17,1,3.53
CP004139,C00521,Summer Savings,WhatsApp,2025-03-04,0,1.88
CP004140,C04007,Summer Savings,Push,2025-06-11,0,6.34
CP004141,C04623,Summer Savings,Push,2025-11-10,0,4.75
CP004142,C00120,Festive Sale,Push,2025-06-08,0,5.35
CP004143,C02351,Festive Sale,Email,2025-08-29,1,7.13
CP004144,C03599,Summer Savings,WhatsApp,2025-10-25,0,0.77
CP004145,C04829,Win Back,Social,2025-06-27,0,4.27
CP004146,C03115,Festive Sale,Social,2025-06-26,0,6.31
CP004147,C00537,Win Back,Push,2025-03-17,0,4.35
CP004148,C00958,Summer Savings,Social,2025-06-14,0,5.16
CP004149,C03820,Summer Savings,Social,2025-06-19,0,7.77
CP004150,C00671,New Customer Welcome,Push,2025-04-15,0,1.51
CP004151,C02198,Summer Savings,Email,2025-03-29,0,3.57
CP004152,C00758,Fashion Days,Social,2025-09-29,0,3.68
CP004153,C02835,Electronics Week,WhatsApp,2025-07-01,0,2.47
CP004154,C03719,VIP Exclusive,WhatsApp,2025-10-11,0,1.96
CP004155,C02208,Festive Sale,Social,2025-06-02,0,4.04
CP004156,C00757,Summer Savings,WhatsApp,2025-11-21,0,2.53
CP004157,C02642,Festive Sale,Push,2025-01-28,0,5.88
CP004158,C04053,Electronics Week,Email,2025-10-02,1,3.77
CP004159,C03836,Fashion Days,Email,2025-02-16,0,6.81
CP004160,C01391,Festive Sale,Push,2025-10-06,1,4.54
CP004161,C02865,VIP Exclusive,SMS,2025-11-02,0,6.45
CP004162,C01317,Summer Savings,Social,2025-07-30,0,7.97
CP004163,C04689,Summer Savings,WhatsApp,2025-01-29,0,4.25
CP004164,C00202,Summer Savings,Email,2025-09-30,0,7.01
CP004165,C01359,Win Back,SMS,2025-09-10,0,5.13
CP004166,C00336,Summer Savings,Email,2025-12-12,0,6.11
CP004167,C04598,Festive Sale,SMS,2025-03-28,0,6.96
CP004168,C01604,Fashion Days,SMS,2025-08-18,1,6.55
CP004169,C03287,Electronics Week,Email,2025-03-22,0,1.7
CP004170,C00818,Festive Sale,Email,2025-01-27,0,4.41
CP004171,C04933,Electronics Week,Social,2025-08-07,0,5.45
CP004172,C00172,Festive Sale,SMS,2025-10-15,1,1.04
CP004173,C02935,New Customer Welcome,WhatsApp,2025-03-26,0,6.11
CP004174,C02150,Summer Savings,Email,2025-08-24,1,6.71
CP004175,C04262,Festive Sale,Push,2025-11-19,0,0.54
CP004176,C01543,Fashion Days,SMS,2025-11-20,0,7.47
CP004177,C01962,Fashion Days,Push,2025-07-08,0,3.64
CP004178,C04001,Fashion Days,SMS,2025-03-25,0,6.01
CP004179,C04921,Win Back,Push,2025-06-01,0,1.96
CP004180,C04843,VIP Exclusive,Email,2025-10-23,0,6.28
CP004181,C01262,New Customer Welcome,Email,2025-06-11,0,5.31
CP004182,C01225,VIP Exclusive,WhatsApp,2025-07-10,0,4.05
CP004183,C02469,Electronics Week,Social,2025-04-02,1,6.46
CP004184,C01933,Fashion Days,Push,2025-04-06,1,4.05
CP004185,C04022,Fashion Days,Social,2025-07-02,0,7.09
CP004186,C03619,Win Back,Social,2025-02-09,0,6.65
CP004187,C00512,Win Back,Email,2025-05-29,0,7.74
CP004188,C01939,Win Back,SMS,2025-11-19,0,2.84
CP004189,C02510,New Customer Welcome,Email,2025-07-14,0,4.52
CP004190,C03097,VIP Exclusive,Push,2025-08-08,0,2.31
CP004191,C01624,Summer Savings,Email,2025-03-29,0,3.35
CP004192,C02322,Electronics Week,Push,2025-10-11,0,4.99
CP004193,C02700,Summer Savings,Social,2025-04-02,1,3.59
CP004194,C03580,Win Back,SMS,2025-08-28,0,6.77
CP004195,C03215,VIP Exclusive,WhatsApp,2025-09-10,0,6.42
CP004196,C03818,Win Back,Email,2025-08-16,0,3.36
CP004197,C03753,Summer Savings,Social,2025-06-12,1,6.67
CP004198,C03639,Summer Savings,WhatsApp,2025-02-10,1,2.12
CP004199,C02444,Win Back,Email,2025-02-06,0,1.93
CP004200,C02009,Fashion Days,SMS,2025-01-12,0,3.71
CP004201,C02209,Festive Sale,Email,2025-10-05,0,3.89
CP004202,C02723,Fashion Days,SMS,2025-12-10,0,7.39
CP004203,C04726,New Customer Welcome,WhatsApp,2025-03-23,0,2.21
CP004204,C01026,Win Back,SMS,2025-11-04,1,6.1
CP004205,C01200,Summer Savings,WhatsApp,2025-02-10,1,0.72
CP004206,C04810,Electronics Week,SMS,2025-07-20,0,6.48
CP004207,C03117,Summer Savings,Social,2025-09-08,0,3.17
CP004208,C02530,Summer Savings,Push,2025-11-24,0,6.73
CP004209,C04742,Fashion Days,Email,2025-12-03,0,3.99
CP004210,C01506,Win Back,WhatsApp,2025-05-14,0,7.77
CP004211,C04072,Festive Sale,Email,2025-09-10,0,4.96
CP004212,C01631,Festive Sale,Email,2025-03-01,1,1.87
CP004213,C01350,Electronics Week,Email,2025-10-11,0,6.4
CP004214,C03366,Electronics Week,Push,2025-07-09,0,2.68
CP004215,C01647,Electronics Week,Push,2025-02-06,1,5.7
CP004216,C03357,New Customer Welcome,SMS,2025-03-06,0,7.59
CP004217,C00282,New Customer Welcome,Email,2025-03-12,1,2.47
CP004218,C02595,VIP Exclusive,Email,2025-11-25,0,5.2
CP004219,C04380,Electronics Week,Push,2025-11-01,0,2.58
CP004220,C00897,New Customer Welcome,WhatsApp,2025-07-25,0,6.91
CP004221,C03139,Fashion Days,Push,2025-03-12,0,7.63
CP004222,C03718,VIP Exclusive,WhatsApp,2025-10-03,0,4.54
CP004223,C04301,Fashion Days,Social,2025-09-12,0,1.24
CP004224,C04333,Summer Savings,WhatsApp,2025-04-02,0,0.61
CP004225,C04498,Electronics Week,Push,2025-11-03,0,6.72
CP004226,C03338,Summer Savings,Email,2025-04-10,0,7.56
CP004227,C04401,Win Back,Push,2025-03-18,0,3.45
CP004228,C01892,Win Back,Social,2025-09-18,0,6.46
CP004229,C04605,VIP Exclusive,Push,2025-08-06,0,5.48
CP004230,C00171,New Customer Welcome,WhatsApp,2025-10-19,1,3.69
CP004231,C04526,Win Back,Email,2025-03-02,0,4.93
CP004232,C01375,Electronics Week,WhatsApp,2025-04-05,0,6.79
CP004233,C04747,Fashion Days,Email,2025-09-24,0,3.9
CP004234,C03047,Festive Sale,WhatsApp,2025-07-15,0,3.55
CP004235,C00928,Festive Sale,Email,2025-01-27,0,3.8
CP004236,C02881,Fashion Days,WhatsApp,2025-02-01,0,2.49
CP004237,C00235,Electronics Week,WhatsApp,2025-10-07,0,1.33
CP004238,C03658,Fashion Days,WhatsApp,2025-04-02,0,3.86
CP004239,C02954,Festive Sale,Push,2025-08-17,0,6.64
CP004240,C01606,Fashion Days,Social,2025-12-10,1,1.49
CP004241,C00282,Festive Sale,Push,2025-07-06,1,5.33
CP004242,C02846,Win Back,WhatsApp,2025-11-14,0,6.8
CP004243,C01075,Fashion Days,Email,2025-09-29,1,7.06
CP004244,C01388,Summer Savings,Email,2025-06-28,1,7.13
CP004245,C01845,Electronics Week,Email,2025-08-16,1,7.76
CP004246,C00291,Electronics Week,WhatsApp,2025-05-15,0,2.76
CP004247,C00271,VIP Exclusive,WhatsApp,2025-03-13,0,4.24
CP004248,C00066,Fashion Days,Push,2025-01-28,0,1.01
CP004249,C00107,Festive Sale,Push,2025-03-15,0,4.5
CP004250,C01373,Summer Savings,Push,2025-02-05,0,2.44
CP004251,C03432,VIP Exclusive,Email,2025-03-05,0,7.64
CP004252,C01594,Festive Sale,Email,2025-05-30,0,6.72
CP004253,C02502,Win Back,Email,2025-12-03,0,3.64
CP004254,C01056,VIP Exclusive,SMS,2025-08-31,0,5.82
CP004255,C03099,Festive Sale,Email,2025-05-18,1,2.22
CP004256,C01107,New Customer Welcome,WhatsApp,2025-02-04,1,7.01
CP004257,C04228,Electronics Week,Social,2025-08-29,1,1.78
CP004258,C01494,New Customer Welcome,WhatsApp,2025-09-27,0,3.38
CP004259,C01942,Electronics Week,SMS,2025-02-24,0,6.15
CP004260,C00207,Festive Sale,Push,2025-05-01,0,1.61
CP004261,C04936,Fashion Days,WhatsApp,2025-05-09,1,1.91
CP004262,C00454,Festive Sale,Push,2025-08-19,0,6.85
CP004263,C03411,New Customer Welcome,SMS,2025-09-22,0,2.06
CP004264,C04454,Fashion Days,Email,2025-09-02,0,4.12
CP004265,C00826,Fashion Days,Email,2025-05-24,0,1.3
CP004266,C01681,Fashion Days,Email,2025-03-13,0,4.53
CP004267,C04456,New Customer Welcome,Social,2025-07-27,0,3.23
CP004268,C02034,Electronics Week,SMS,2025-02-05,0,5.38
CP004269,C00419,VIP Exclusive,WhatsApp,2025-01-14,0,2.63
CP004270,C04563,Festive Sale,Social,2025-01-08,0,2.81
CP004271,C01539,Summer Savings,Email,2025-08-06,0,4.69
CP004272,C01732,Fashion Days,Social,2025-04-28,0,6.53
CP004273,C02037,VIP Exclusive,WhatsApp,2025-05-20,0,1.15
CP004274,C00907,Electronics Week,Email,2025-02-03,0,2.1
CP004275,C02873,Festive Sale,Email,2025-04-28,0,1.71
CP004276,C00141,Summer Savings,WhatsApp,2025-07-25,1,7.4
CP004277,C04837,Fashion Days,Social,2025-06-08,1,3.65
CP004278,C01431,Electronics Week,Email,2025-08-06,0,7.26
CP004279,C04682,Festive Sale,WhatsApp,2025-08-22,0,5.54
CP004280,C00372,Electronics Week,Push,2025-05-07,0,0.75
CP004281,C04789,Fashion Days,Push,2025-11-05,0,4.45
CP004282,C00934,Fashion Days,Email,2025-05-25,1,5.05
CP004283,C01782,Fashion Days,Push,2025-09-16,0,1.52
CP004284,C04904,Summer Savings,Push,2025-06-22,0,2.35
CP004285,C04842,Summer Savings,WhatsApp,2025-04-06,0,5.45
CP004286,C02310,Festive Sale,Push,2025-03-12,0,5.69
CP004287,C04857,Festive Sale,Email,2025-08-03,0,2.67
CP004288,C01522,New Customer Welcome,SMS,2025-11-24,0,7.44
CP004289,C01627,Festive Sale,Social,2025-04-21,0,4.23
CP004290,C02198,Fashion Days,Email,2025-11-01,0,6.18
CP004291,C04226,Win Back,Social,2025-03-04,0,5.61
CP004292,C03234,New Customer Welcome,Push,2025-06-09,0,1.46
CP004293,C01778,VIP Exclusive,Push,2025-03-31,1,5.66
CP004294,C00705,Win Back,Push,2025-06-08,1,2.94
CP004295,C00807,Summer Savings,WhatsApp,2025-07-30,0,2.97
CP004296,C02133,Festive Sale,Push,2025-05-17,1,1.99
CP004297,C04400,Summer Savings,SMS,2025-07-28,1,4.39
CP004298,C03667,VIP Exclusive,WhatsApp,2025-08-21,1,2.72
CP004299,C03223,VIP Exclusive,Social,2025-02-05,1,2.04
CP004300,C04884,Festive Sale,Social,2025-10-17,0,7.45
CP004301,C04044,New Customer Welcome,Email,2025-01-26,1,4.56
CP004302,C02911,Win Back,Push,2025-09-27,0,2.04
CP004303,C01176,Festive Sale,Push,2025-02-18,1,4.45
CP004304,C03143,VIP Exclusive,Push,2025-03-14,0,3.19
CP004305,C00408,New Customer Welcome,WhatsApp,2025-11-12,1,4.06
CP004306,C03050,Fashion Days,WhatsApp,2025-01-04,0,3.95
CP004307,C01060,New Customer Welcome,WhatsApp,2025-09-14,0,1.67
CP004308,C04321,Electronics Week,WhatsApp,2025-05-08,0,6.26
CP004309,C00275,VIP Exclusive,WhatsApp,2025-05-23,0,1.99
CP004310,C02149,Festive Sale,Push,2025-07-12,0,7.12
CP004311,C03452,Festive Sale,WhatsApp,2025-11-22,0,6.13
CP004312,C03593,Win Back,Push,2025-07-15,0,4.61
CP004313,C01595,Summer Savings,SMS,2025-04-30,0,7.75
CP004314,C04401,Fashion Days,Email,2025-10-25,0,3.76
CP004315,C01649,VIP Exclusive,Push,2025-05-09,0,1.22
CP004316,C03798,New Customer Welcome,Email,2025-08-04,0,4.15
CP004317,C03983,Electronics Week,Push,2025-12-13,0,3.64
CP004318,C01350,Electronics Week,Email,2025-03-22,0,5.54
CP004319,C03351,Win Back,WhatsApp,2025-05-18,0,0.84
CP004320,C02154,New Customer Welcome,WhatsApp,2025-03-28,0,7.81
CP004321,C01014,Win Back,,2025-11-12,0,5.88
CP004322,C01318,Summer Savings,Email,2025-03-11,1,7.75
CP004323,C04749,Electronics Week,Email,2025-10-21,0,5.27
CP004324,C03072,Win Back,WhatsApp,2025-10-16,0,6.83
CP004325,C03834,Electronics Week,Email,2025-11-26,0,6.54
CP004326,C00290,VIP Exclusive,Email,2025-05-31,0,6.66
CP004327,C02782,Fashion Days,Push,2025-10-01,1,6.72
CP004328,C02657,Fashion Days,Push,2025-10-11,0,4.78
CP004329,C00411,Fashion Days,Push,2025-04-04,1,3.28
CP004330,C03567,New Customer Welcome,WhatsApp,2025-11-15,0,5.54
CP004331,C02816,Festive Sale,WhatsApp,2025-02-11,0,0.72
CP004332,C01067,New Customer Welcome,Social,2025-12-12,0,3.28
CP004333,C01443,Win Back,Email,2025-10-14,0,4.86
CP004334,C00920,Fashion Days,SMS,2025-08-13,0,0.91
CP004335,C01741,Summer Savings,Push,2025-07-15,0,5.83
CP004336,C02744,Festive Sale,SMS,2025-10-15,1,7.86
CP004337,C00578,Electronics Week,Email,2025-05-04,0,6.42
CP004338,C02558,Win Back,Social,2025-09-11,0,7.37
CP004339,C00768,Fashion Days,Push,2025-01-26,0,2.33
CP004340,C04414,Win Back,Email,2025-03-30,1,6.69
CP004341,C02788,Summer Savings,Email,2025-08-06,1,4.06
CP004342,C01861,New Customer Welcome,Email,2025-05-18,0,5.16
CP004343,C01205,Fashion Days,SMS,2025-12-12,0,1.91
CP004344,C03346,Fashion Days,WhatsApp,2025-01-06,0,6.5
CP004345,C01942,VIP Exclusive,SMS,2025-04-25,1,6.93
CP004346,C02513,Fashion Days,Push,2025-02-03,0,3.37
CP004347,C03948,Fashion Days,Push,2025-05-10,0,3.59
CP004348,C03109,VIP Exclusive,Push,2025-06-12,1,5.52
CP004349,C02402,Summer Savings,Email,2025-09-02,0,4.08
CP004350,C01878,VIP Exclusive,WhatsApp,2025-07-01,0,4.83
CP004351,C00333,Fashion Days,Email,2025-10-10,0,6.62
CP004352,C02048,New Customer Welcome,WhatsApp,2025-11-07,0,3.44
CP004353,C01430,Festive Sale,SMS,2025-08-01,0,4.82
CP004354,C03803,Fashion Days,Push,2025-11-29,0,4.49
CP004355,C04661,Fashion Days,Email,2025-06-15,0,5.89
CP004356,C04131,Electronics Week,Email,2025-01-06,0,6.27
CP004357,C00218,Fashion Days,Email,2025-05-08,0,0.59
CP004358,C03728,Fashion Days,WhatsApp,2025-11-24,0,7.92
CP004359,C03036,Win Back,SMS,2025-01-01,1,6.08
CP004360,C02593,Electronics Week,Push,2025-05-14,0,1.3
CP004361,C00347,Fashion Days,Push,2025-06-19,0,5.6
CP004362,C03001,Win Back,Email,2025-10-03,1,2.81
CP004363,C00750,New Customer Welcome,SMS,2025-01-01,0,0.8
CP004364,C03883,New Customer Welcome,WhatsApp,2025-04-12,1,3.36
CP004365,C04981,Fashion Days,WhatsApp,2025-01-06,0,2.61
CP004366,C03844,Fashion Days,Social,2025-06-20,0,6.08
CP004367,C04095,Summer Savings,SMS,2025-11-12,0,6.34
CP004368,C03864,Festive Sale,Social,2025-02-02,1,3.84
CP004369,C03903,Summer Savings,Push,2025-10-02,0,1.53
CP004370,C00102,New Customer Welcome,SMS,2025-05-04,0,6.71
CP004371,C01420,VIP Exclusive,WhatsApp,2025-03-16,0,6.86
CP004372,C02281,Electronics Week,WhatsApp,2025-03-15,0,3.01
CP004373,C02541,Fashion Days,Email,2025-03-26,0,3.07
CP004374,C04410,Win Back,Email,2025-04-07,0,4.02
CP004375,C02693,Festive Sale,SMS,2025-04-25,1,2.81
CP004376,C01084,Win Back,SMS,2025-02-11,1,1.33
CP004377,C00558,New Customer Welcome,Email,2025-08-29,0,5.9
CP004378,C00519,Win Back,SMS,2025-01-10,0,7.83
CP004379,C01788,Electronics Week,Push,2025-10-14,0,5.25
CP004380,C01160,Festive Sale,Push,2025-02-13,0,7.39
CP004381,C01376,VIP Exclusive,SMS,2025-05-03,0,6.9
CP004382,C02968,New Customer Welcome,Email,2025-10-29,0,1.09
CP004383,C04421,Summer Savings,SMS,2025-09-08,0,4.13
CP004384,C01257,New Customer Welcome,WhatsApp,2025-11-24,0,6.63
CP004385,C03249,Electronics Week,Push,2025-10-28,0,6.27
CP004386,C04982,New Customer Welcome,WhatsApp,2025-09-25,0,7.99
CP004387,C00607,Win Back,WhatsApp,2025-10-09,0,2.42
CP004388,C02014,New Customer Welcome,SMS,2025-11-23,1,3.47
CP004389,C00679,New Customer Welcome,Push,2025-08-09,0,1.08
CP004390,C04689,Fashion Days,Email,2025-06-26,0,0.54
CP004391,C04488,New Customer Welcome,Email,2025-07-13,0,3.66
CP004392,C03852,Electronics Week,Push,2025-11-02,0,3.16
CP004393,C01580,New Customer Welcome,Push,2025-07-02,0,7.43
CP004394,C01134,Festive Sale,Push,2025-09-26,0,2.62
CP004395,C03925,Summer Savings,Push,2025-11-27,1,0.75
CP004396,C03260,VIP Exclusive,Social,2025-04-14,1,1.85
CP004397,C01297,Win Back,WhatsApp,2025-11-22,0,2.37
CP004398,C00994,Win Back,SMS,2025-08-26,0,7.08
CP004399,C02468,Fashion Days,SMS,2025-08-11,1,7.19
CP004400,C02933,Win Back,WhatsApp,2025-04-07,0,5.04
CP004401,C00365,New Customer Welcome,SMS,2025-05-02,0,7.82
CP004402,C03876,VIP Exclusive,Push,2025-07-01,0,0.76
CP004403,C03510,Festive Sale,WhatsApp,2025-10-20,1,7.51
CP004404,C03395,Electronics Week,Social,2025-12-02,0,1.08
CP004405,C01631,Festive Sale,Email,2025-04-29,0,2.52
CP004406,C03781,Electronics Week,SMS,2025-09-30,0,6.47
CP004407,C00958,Festive Sale,WhatsApp,2025-02-24,0,4.76
CP004408,C04440,Win Back,Push,2025-07-03,0,7.5
CP004409,C02864,VIP Exclusive,WhatsApp,2025-12-08,1,1.25
CP004410,C01244,Fashion Days,Social,2025-10-04,0,2.48
CP004411,C01199,Festive Sale,Email,2025-09-16,0,6.8
CP004412,C01729,VIP Exclusive,SMS,2025-03-31,0,6.6
CP004413,C04555,Summer Savings,Social,2025-08-30,1,4.07
CP004414,C00182,Win Back,WhatsApp,2025-05-14,0,7.0
CP004415,C01398,Summer Savings,Push,2025-10-18,1,4.35
CP004416,C02919,Summer Savings,Social,2025-05-27,0,1.21
CP004417,C00531,Win Back,Email,2025-01-27,1,1.27
CP004418,C01067,Fashion Days,Social,2025-07-01,0,2.03
CP004419,C00199,Electronics Week,WhatsApp,2025-09-04,0,4.87
CP004420,C04761,Fashion Days,WhatsApp,2025-08-04,1,0.93
CP004421,C00442,Festive Sale,Email,2025-11-13,0,3.98
CP004422,C01151,Electronics Week,Push,2025-06-05,0,5.71
CP004423,C02549,Summer Savings,SMS,2025-06-24,0,2.98
CP004424,C03084,Summer Savings,Email,2025-02-17,0,1.97
CP004425,C01602,Electronics Week,WhatsApp,2025-03-07,0,2.64
CP004426,C00757,Fashion Days,Push,2025-11-21,1,6.94
CP004427,C04695,Festive Sale,Email,2025-10-16,0,1.55
CP004428,C04337,Fashion Days,Email,2025-10-24,1,2.72
CP004429,C01556,Fashion Days,WhatsApp,2025-06-05,0,3.55
CP004430,C00159,VIP Exclusive,Email,2025-06-13,0,3.38
CP004431,C02772,Summer Savings,WhatsApp,2025-06-18,0,2.55
CP004432,C01397,Festive Sale,Push,2025-12-10,0,7.81
CP004433,C02131,Win Back,WhatsApp,2025-10-28,0,6.38
CP004434,C01262,New Customer Welcome,WhatsApp,2025-12-15,0,0.99
CP004435,C01195,Win Back,SMS,2025-07-24,0,3.63
CP004436,C00739,Electronics Week,SMS,2025-03-18,0,1.81
CP004437,C01734,Electronics Week,WhatsApp,2025-12-14,0,5.03
CP004438,C04416,Win Back,Email,2025-11-19,0,0.74
CP004439,C01220,Fashion Days,Email,2025-02-18,0,6.43
CP004440,C04873,VIP Exclusive,Email,2025-05-17,0,6.01
CP004441,C02085,New Customer Welcome,Push,2025-05-01,0,5.81
CP004442,C01173,Summer Savings,Push,2025-08-14,0,0.6
CP004443,C00904,Electronics Week,WhatsApp,2025-07-04,0,6.12
CP004444,C02845,Festive Sale,Email,2025-09-28,0,4.65
CP004445,C03071,Fashion Days,Email,2025-01-03,0,3.76
CP004446,C03487,Summer Savings,Push,2025-08-09,0,1.64
CP004447,C01839,Summer Savings,WhatsApp,2025-10-19,1,2.21
CP004448,C02978,New Customer Welcome,Social,2025-05-02,0,7.18
CP004449,C01980,New Customer Welcome,SMS,2025-02-19,0,1.53
CP004450,C02000,VIP Exclusive,Email,2025-10-15,0,3.83
CP004451,C00446,Fashion Days,Email,2025-05-11,0,1.68
CP004452,C04654,Fashion Days,Social,2025-06-04,0,4.83
CP004453,C02688,VIP Exclusive,Push,2025-03-08,0,7.04
CP004454,C02957,Summer Savings,Email,2025-08-23,1,2.78
CP004455,C01868,VIP Exclusive,Email,2025-03-07,0,4.72
CP004456,C02477,New Customer Welcome,WhatsApp,2025-02-21,0,7.65
CP004457,C01062,Fashion Days,Push,2025-11-23,1,5.64
CP004458,C02855,Fashion Days,Email,2025-03-10,0,0.65
CP004459,C02777,Electronics Week,Email,2025-05-18,0,3.9
CP004460,C00371,Electronics Week,Social,2025-03-03,1,7.52
CP004461,C01320,Electronics Week,WhatsApp,2025-11-23,0,3.11
CP004462,C00335,Fashion Days,Social,2025-02-23,0,2.5
CP004463,C01537,Fashion Days,Push,2025-01-11,1,1.69
CP004464,C00652,VIP Exclusive,SMS,2025-05-29,1,5.99
CP004465,C03075,Festive Sale,SMS,2025-06-22,0,5.51
CP004466,C04807,New Customer Welcome,Email,2025-12-14,0,4.91
CP004467,C03104,Summer Savings,WhatsApp,2025-08-23,0,3.4
CP004468,C01515,Summer Savings,Push,2025-11-23,1,5.07
CP004469,C02289,Fashion Days,WhatsApp,2025-08-31,0,2.46
CP004470,C03028,Win Back,SMS,2025-02-20,0,0.85
CP004471,C04776,VIP Exclusive,Email,2025-03-20,0,3.42
CP004472,C02186,Win Back,Push,2025-08-28,0,4.73
CP004473,C01445,VIP Exclusive,Social,2025-05-10,0,6.91
CP004474,C02599,VIP Exclusive,SMS,2025-02-27,0,1.4
CP004475,C00759,Festive Sale,Social,2025-02-27,0,3.45
CP004476,C02781,Win Back,Push,2025-02-20,0,3.43
CP004477,C04152,VIP Exclusive,Email,2025-08-01,0,6.92
CP004478,C00129,Win Back,Social,2025-02-15,0,7.06
CP004479,C04106,Electronics Week,WhatsApp,2025-05-01,0,3.43
CP004480,C04275,Summer Savings,WhatsApp,2025-11-18,0,3.31
CP004481,C04145,Fashion Days,Email,2025-12-10,0,4.13
CP004482,C02611,Electronics Week,WhatsApp,2025-09-29,1,5.29
CP004483,C04248,Win Back,Email,2025-08-23,0,7.88
CP004484,C02020,Fashion Days,Push,2025-11-17,0,6.16
CP004485,C04968,Festive Sale,WhatsApp,2025-01-01,0,7.22
CP004486,C03627,Fashion Days,WhatsApp,2025-05-31,1,2.82
CP004487,C04026,Festive Sale,SMS,2025-02-06,0,6.23
CP004488,C01548,Electronics Week,SMS,2025-01-02,0,5.36
CP004489,C00918,Electronics Week,Email,2025-11-29,0,3.23
CP004490,C04154,Electronics Week,SMS,2025-10-19,0,5.26
CP004491,C02409,Summer Savings,Email,2025-03-28,0,6.42
CP004492,C01945,Festive Sale,WhatsApp,2025-08-23,0,0.86
CP004493,C03968,Summer Savings,Social,2025-10-19,0,3.45
CP004494,C02041,New Customer Welcome,Email,2025-05-18,0,3.97
CP004495,C01985,Festive Sale,Social,2025-08-29,1,2.81
CP004496,C03146,Win Back,Push,2025-01-24,1,3.21
CP004497,C00299,New Customer Welcome,SMS,2025-09-12,0,2.5
CP004498,C04700,Fashion Days,SMS,2025-07-16,1,4.68
CP004499,C04673,New Customer Welcome,Email,2025-04-13,1,2.65
CP004500,C00877,New Customer Welcome,Email,2025-08-27,1,2.64
CP004501,C00212,Fashion Days,SMS,2025-04-08,0,4.16
CP004502,C01146,VIP Exclusive,Email,2025-09-09,1,1.28
CP004503,C02132,Fashion Days,Email,2025-01-07,0,2.59
CP004504,C03155,Summer Savings,Email,2025-06-09,0,3.97
CP004505,C03730,Fashion Days,SMS,2025-04-26,0,4.53
CP004506,C00976,Win Back,Push,2025-11-29,1,7.94
CP004507,C01512,Summer Savings,Push,2025-12-08,0,4.81
CP004508,C04793,New Customer Welcome,Push,2025-12-14,1,5.73
CP004509,C00798,Win Back,SMS,2025-04-26,0,3.37
CP004510,C03969,Fashion Days,SMS,2025-07-21,1,7.42
CP004511,C02109,Summer Savings,WhatsApp,2025-10-04,0,2.55
CP004512,C03747,Fashion Days,WhatsApp,2025-12-15,0,5.84
CP004513,C00704,Festive Sale,Push,2025-12-09,1,0.64
CP004514,C04595,VIP Exclusive,Social,2025-08-09,0,6.0
CP004515,C02292,New Customer Welcome,SMS,2025-02-01,0,3.05
CP004516,C00239,New Customer Welcome,Email,2025-06-06,0,7.78
CP004517,C01932,New Customer Welcome,WhatsApp,2025-06-08,1,5.75
CP004518,C03048,VIP Exclusive,WhatsApp,2025-10-19,0,2.0
CP004519,C00851,Win Back,WhatsApp,2025-05-03,0,5.37
CP004520,C02188,Win Back,Social,2025-03-10,0,4.32
CP004521,C04630,Festive Sale,Email,2025-01-25,0,3.17
CP004522,C00472,VIP Exclusive,Email,2025-02-17,0,6.41
CP004523,C01584,Summer Savings,WhatsApp,2025-12-08,0,4.61
CP004524,C02230,VIP Exclusive,Push,2025-02-24,0,0.61
CP004525,C04488,Electronics Week,Email,2025-09-04,0,1.46
CP004526,C02263,VIP Exclusive,Email,2025-03-14,1,6.27
CP004527,C01623,Festive Sale,Email,2025-03-25,0,1.66
CP004528,C01063,VIP Exclusive,Email,2025-08-11,0,2.44
CP004529,C04598,New Customer Welcome,WhatsApp,2025-03-29,0,1.23
CP004530,C00664,Win Back,Email,2025-08-10,0,5.1
CP004531,C01678,Win Back,WhatsApp,2025-08-31,0,5.46
CP004532,C03860,Fashion Days,SMS,2025-10-09,0,5.56
CP004533,C03609,Summer Savings,SMS,2025-11-20,0,2.14
CP004534,C02498,New Customer Welcome,Social,2025-08-02,1,6.27
CP004535,C02909,Fashion Days,Social,2025-01-11,0,5.85
CP004536,C04977,Win Back,Email,2025-01-19,0,6.29
CP004537,C02927,Win Back,WhatsApp,2025-08-23,0,6.64
CP004538,C04616,Summer Savings,Email,2025-03-30,0,4.54
CP004539,C02501,Electronics Week,WhatsApp,2025-12-07,0,4.57
CP004540,C01671,VIP Exclusive,SMS,2025-11-11,0,7.63
CP004541,C00402,VIP Exclusive,Social,2025-01-13,0,4.32
CP004542,C02489,Festive Sale,WhatsApp,2025-12-14,1,1.28
CP004543,C00745,New Customer Welcome,Push,2025-12-05,0,1.22
CP004544,C03330,Festive Sale,Email,2025-04-27,0,4.63
CP004545,C02586,VIP Exclusive,Email,2025-09-30,1,7.59
CP004546,C00170,Electronics Week,Email,2025-11-19,0,1.41
CP004547,C02726,Electronics Week,Email,2025-08-30,1,7.83
CP004548,C00725,Electronics Week,WhatsApp,2025-02-13,0,4.98
CP004549,C01353,Festive Sale,Push,2025-03-31,1,4.84
CP004550,C00877,New Customer Welcome,Email,2025-07-30,1,6.76
CP004551,C01933,Electronics Week,Push,2025-07-18,1,0.94
CP004552,C02530,New Customer Welcome,SMS,2025-06-30,1,7.28
CP004553,C00181,Summer Savings,Push,2025-04-14,0,5.7
CP004554,C02996,Win Back,Email,2025-12-11,0,1.37
CP004555,C02115,Festive Sale,Social,2025-11-18,0,4.17
CP004556,C00673,Electronics Week,Email,2025-10-18,1,4.3
CP004557,C00490,Win Back,Email,2025-04-18,0,7.76
CP004558,C02939,New Customer Welcome,WhatsApp,2025-02-17,0,4.76
CP004559,C00067,Festive Sale,SMS,2025-07-11,0,6.54
CP004560,C02173,Summer Savings,Email,2025-01-13,1,1.1
CP004561,C00763,Festive Sale,Email,2025-05-09,1,5.45
CP004562,C01646,Festive Sale,WhatsApp,2025-01-01,0,3.79
CP004563,C04131,Electronics Week,Email,2025-05-23,0,7.33
CP004564,C02747,Win Back,WhatsApp,2025-03-21,1,0.83
CP004565,C04173,Win Back,Email,2025-06-02,0,7.46
CP004566,C01561,Fashion Days,Email,2025-05-12,0,2.6
CP004567,C02401,Summer Savings,WhatsApp,2025-03-16,0,6.57
CP004568,C00507,Win Back,Email,2025-04-11,0,5.74
CP004569,C02740,Festive Sale,WhatsApp,2025-10-09,1,1.44
CP004570,C01372,VIP Exclusive,Email,2025-05-24,1,3.26
CP004571,C01870,Festive Sale,WhatsApp,2025-12-03,0,1.47
CP004572,C04896,VIP Exclusive,Email,2025-06-24,0,4.9
CP004573,C03971,Festive Sale,Email,2025-03-29,0,0.96
CP004574,C02654,Electronics Week,Social,2025-07-26,0,5.16
CP004575,C02103,Electronics Week,SMS,2025-03-06,0,0.54
CP004576,C01663,Summer Savings,SMS,2025-06-02,0,1.03
CP004577,C04974,Festive Sale,SMS,2025-04-02,0,6.72
CP004578,C01187,Festive Sale,Email,2025-10-31,0,5.57
CP004579,C00095,Festive Sale,Push,2025-02-17,1,4.31
CP004580,C04760,Festive Sale,Email,2025-02-26,1,1.99
CP004581,C02105,Fashion Days,WhatsApp,2025-06-27,1,6.18
CP004582,C00027,Festive Sale,Email,2025-09-13,0,7.5
CP004583,C01985,Summer Savings,Push,2025-09-15,1,5.73
CP004584,C02449,Win Back,WhatsApp,2025-10-05,1,3.38
CP004585,C01078,Win Back,Email,2025-04-25,1,5.17
CP004586,C03717,VIP Exclusive,Push,2025-11-05,0,1.58
CP004587,C01225,VIP Exclusive,Push,2025-10-23,1,3.0
CP004588,C02808,Win Back,Social,2025-10-15,0,3.01
CP004589,C00079,VIP Exclusive,Social,2025-10-03,0,7.72
CP004590,C04821,Summer Savings,Push,2025-02-27,0,3.77
CP004591,C04711,Festive Sale,Email,2025-10-04,1,4.45
CP004592,C02315,Electronics Week,SMS,2025-02-20,1,6.95
CP004593,C00898,Festive Sale,Email,2025-12-08,0,4.17
CP004594,C04589,New Customer Welcome,Email,2025-01-01,0,1.17
CP004595,C03463,Summer Savings,SMS,2025-04-05,0,3.68
CP004596,C00219,Win Back,Push,2025-06-25,1,0.76
CP004597,C04381,Festive Sale,Push,2025-12-13,0,5.53
CP004598,C04303,Electronics Week,WhatsApp,2025-03-30,0,6.55
CP004599,C00064,VIP Exclusive,WhatsApp,2025-04-03,0,0.85
CP004600,C03699,VIP Exclusive,WhatsApp,2025-06-06,0,7.27
CP004601,C00641,Summer Savings,WhatsApp,2025-01-09,0,4.46
CP004602,C01963,Win Back,WhatsApp,2025-06-02,0,3.17
CP004603,C00854,Electronics Week,SMS,2025-04-25,0,1.09
CP004604,C02255,Electronics Week,WhatsApp,2025-09-26,0,3.94
CP004605,C04533,Electronics Week,Email,2025-03-04,0,4.78
CP004606,C04747,Electronics Week,Push,2025-06-11,0,6.44
CP004607,C00505,Win Back,Push,2025-05-01,0,7.59
CP004608,C04687,Festive Sale,Email,2025-10-17,0,4.78
CP004609,C01639,Win Back,Email,2025-03-28,0,7.68
CP004610,C02579,Fashion Days,Push,2025-10-08,0,3.61
CP004611,C03445,Fashion Days,SMS,2025-05-31,0,0.92
CP004612,C04441,Electronics Week,Push,2025-06-15,0,2.58
CP004613,C03329,VIP Exclusive,Social,2025-04-21,0,3.22
CP004614,C00459,Festive Sale,Email,2025-02-08,0,5.1
CP004615,C02268,Festive Sale,Push,2025-02-16,0,3.6
CP004616,C01098,Festive Sale,SMS,2025-07-05,1,5.33
CP004617,C00423,VIP Exclusive,Email,2025-04-09,0,2.93
CP004618,C01978,New Customer Welcome,Social,2025-01-17,0,4.27
CP004619,C00801,Fashion Days,Social,2025-08-28,0,7.73
CP004620,C02030,Summer Savings,Social,2025-06-28,0,4.84
CP004621,C04161,Fashion Days,SMS,2025-07-15,0,1.08
CP004622,C02389,Win Back,Email,2025-09-09,0,1.58
CP004623,C04882,Festive Sale,Push,2025-08-30,0,6.39
CP004624,C01669,New Customer Welcome,Email,2025-01-07,0,3.43
CP004625,C03205,Electronics Week,Email,2025-03-29,0,6.55
CP004626,C03571,Electronics Week,WhatsApp,2025-10-11,0,2.14
CP004627,C03152,Festive Sale,Push,2025-01-29,0,1.25
CP004628,C04407,VIP Exclusive,WhatsApp,2025-08-20,0,1.75
CP004629,C01560,Festive Sale,Social,2025-06-29,1,4.28
CP004630,C03999,Win Back,WhatsApp,2025-06-09,0,3.18
CP004631,C00374,VIP Exclusive,SMS,2025-05-23,0,5.76
CP004632,C03959,New Customer Welcome,Social,2025-07-20,0,0.66
CP004633,C02418,Win Back,SMS,2025-07-17,0,7.84
CP004634,C03881,Electronics Week,SMS,2025-09-23,0,6.9
CP004635,C01587,Festive Sale,Social,2025-07-27,0,0.55
CP004636,C03402,VIP Exclusive,Email,2025-03-20,0,1.11
CP004637,C00386,VIP Exclusive,Email,2025-08-16,0,4.52
CP004638,C03921,Festive Sale,Email,2025-11-28,0,0.87
CP004639,C03620,Summer Savings,Push,2025-03-09,0,3.24
CP004640,C00875,New Customer Welcome,Email,2025-03-30,1,7.27
CP004641,C01856,Fashion Days,Push,2025-02-26,0,3.47
CP004642,C01964,Electronics Week,Push,2025-09-20,0,3.0
CP004643,C04043,VIP Exclusive,Social,2025-06-19,0,3.73
CP004644,C03666,New Customer Welcome,SMS,2025-05-25,0,6.05
CP004645,C03704,VIP Exclusive,WhatsApp,2025-10-24,0,6.43
CP004646,C03342,Win Back,Email,2025-07-24,0,1.5
CP004647,C01621,Festive Sale,SMS,2025-06-23,0,5.67
CP004648,C00848,Electronics Week,Push,2025-01-24,0,2.97
CP004649,C03420,Fashion Days,SMS,2025-01-18,0,2.53
CP004650,C01127,New Customer Welcome,SMS,2025-10-24,0,2.48
CP004651,C03483,Summer Savings,Email,2025-12-10,1,4.94
CP004652,C03721,Fashion Days,Push,2025-09-24,1,7.91
CP004653,C04012,Summer Savings,Email,2025-08-18,0,5.8
CP004654,C00200,Win Back,WhatsApp,2025-10-19,0,4.38
CP004655,C02041,Fashion Days,Email,2025-01-31,0,2.98
CP004656,C03127,Fashion Days,Email,2025-02-20,0,1.49
CP004657,C04040,Summer Savings,Email,2025-08-10,1,2.84
CP004658,C03147,Win Back,Email,2025-11-28,0,3.47
CP004659,C00660,Fashion Days,Social,2025-12-14,0,5.97
CP004660,C04776,Win Back,Email,2025-10-28,1,3.92
CP004661,C02779,VIP Exclusive,Push,2025-11-05,0,4.64
CP004662,C03245,Festive Sale,Email,2025-04-14,0,1.65
CP004663,C04859,Festive Sale,Social,2025-05-29,1,6.41
CP004664,C00059,Festive Sale,SMS,2025-11-20,0,2.75
CP004665,C01328,VIP Exclusive,WhatsApp,2025-07-11,0,1.78
CP004666,C04810,Festive Sale,SMS,2025-10-31,1,3.83
CP004667,C00573,Electronics Week,SMS,2025-03-07,0,2.09
CP004668,C02956,Summer Savings,SMS,2025-11-03,1,3.41
CP004669,C00034,Festive Sale,Email,2025-01-01,0,0.95
CP004670,C00636,Win Back,Email,2025-08-13,1,1.02
CP004671,C02964,Festive Sale,Push,2025-09-16,1,1.1
CP004672,C04247,New Customer Welcome,SMS,2025-04-28,1,7.92
CP004673,C04541,Festive Sale,Social,2025-07-05,0,7.35
CP004674,C01743,VIP Exclusive,Email,2025-06-08,0,6.07
CP004675,C01145,New Customer Welcome,WhatsApp,2025-06-29,0,6.79
CP004676,C03447,Summer Savings,Push,2025-06-12,0,3.75
CP004677,C04333,Summer Savings,WhatsApp,2025-05-21,0,5.93
CP004678,C04203,New Customer Welcome,Email,2025-05-11,1,1.98
CP004679,C03409,Win Back,Push,2025-04-27,0,5.57
CP004680,C04895,New Customer Welcome,WhatsApp,2025-10-26,0,3.98
CP004681,C04233,Festive Sale,Email,2025-12-06,0,5.37
CP004682,C01163,Summer Savings,Email,2025-08-31,1,1.36
CP004683,C01256,New Customer Welcome,SMS,2025-03-19,0,1.72
CP004684,C01101,Fashion Days,Social,2025-01-24,1,5.52
CP004685,C01244,Electronics Week,Social,2025-03-31,1,0.71
CP004686,C04401,VIP Exclusive,Push,2025-11-19,0,3.72
CP004687,C00769,Fashion Days,Push,2025-11-27,0,2.55
CP004688,C04493,Festive Sale,WhatsApp,2025-06-29,1,5.51
CP004689,C04406,VIP Exclusive,WhatsApp,2025-03-08,0,3.13
CP004690,C04456,Fashion Days,WhatsApp,2025-02-20,0,1.95
CP004691,C02632,Summer Savings,Push,2025-04-01,0,6.97
CP004692,C00627,VIP Exclusive,WhatsApp,2025-06-14,0,2.26
CP004693,C00714,Festive Sale,Push,2025-02-19,1,3.19
CP004694,C00049,Win Back,Social,2025-06-01,0,1.89
CP004695,C02387,Summer Savings,SMS,2025-04-02,0,7.49
CP004696,C04335,Win Back,Push,2025-07-17,0,2.27
CP004697,C01779,New Customer Welcome,Email,2025-11-12,0,4.4
CP004698,C01821,Fashion Days,Social,2025-02-22,1,6.63
CP004699,C03232,Summer Savings,Email,2025-10-18,1,2.03
CP004700,C00767,Win Back,SMS,2025-04-28,0,7.99
CP004701,C00231,Festive Sale,Email,2025-08-11,0,2.87
CP004702,C03267,Electronics Week,Email,2025-07-26,1,7.43
CP004703,C02689,Electronics Week,Push,2025-01-21,0,1.79
CP004704,C01855,Summer Savings,Push,2025-12-04,1,2.37
CP004705,C02747,New Customer Welcome,Push,2025-09-07,1,5.71
CP004706,C01636,Summer Savings,SMS,2025-05-22,0,1.82
CP004707,C01515,Win Back,Social,2025-09-26,0,5.89
CP004708,C03175,Win Back,Push,2025-11-25,0,3.48
CP004709,C03009,New Customer Welcome,Email,2025-09-14,0,2.46
CP004710,C00296,Win Back,SMS,2025-09-05,0,1.58
CP004711,C04371,VIP Exclusive,Push,2025-07-13,1,1.47
CP004712,C03076,New Customer Welcome,Push,2025-08-11,0,5.58
CP004713,C04562,VIP Exclusive,Email,2025-07-22,1,6.89
CP004714,C01654,Electronics Week,Email,2025-05-15,0,7.59
CP004715,C01300,VIP Exclusive,Push,2025-05-30,0,3.42
CP004716,C02281,Festive Sale,Email,2025-03-15,0,5.21
CP004717,C01266,Electronics Week,Push,2025-01-09,0,3.48
CP004718,C01916,Festive Sale,WhatsApp,2025-05-25,0,5.2
CP004719,C02686,Summer Savings,Email,2025-09-12,0,3.19
CP004720,C04420,Win Back,SMS,2025-09-21,0,5.48
CP004721,C01691,Summer Savings,Push,2025-05-02,0,6.39
CP004722,C01484,Summer Savings,WhatsApp,2025-08-12,0,5.4
CP004723,C04664,Fashion Days,Email,2025-10-29,0,3.38
CP004724,C03180,Fashion Days,SMS,2025-01-04,1,7.9
CP004725,C02138,Fashion Days,Email,2025-01-30,1,2.3
CP004726,C04626,New Customer Welcome,Email,2025-05-15,0,2.34
CP004727,C02551,VIP Exclusive,WhatsApp,2025-02-25,0,2.01
CP004728,C02285,Win Back,Email,2025-02-19,1,5.78
CP004729,C04391,Festive Sale,WhatsApp,2025-04-17,0,4.74
CP004730,C00656,Electronics Week,Email,2025-04-13,0,7.86
CP004731,C01149,Summer Savings,Email,2025-11-15,0,2.97
CP004732,C03661,Electronics Week,Email,2025-10-22,0,7.97
CP004733,C03182,Win Back,Email,2025-07-26,0,7.28
CP004734,C01736,New Customer Welcome,WhatsApp,2025-07-01,0,6.91
CP004735,C04181,Fashion Days,WhatsApp,2025-03-01,0,2.79
CP004736,C01079,Summer Savings,Social,2025-08-16,0,2.86
CP004737,C04528,Fashion Days,WhatsApp,2025-02-07,0,6.96
CP004738,C02808,Fashion Days,SMS,2025-06-16,1,0.58
CP004739,C01235,Electronics Week,Email,2025-11-23,0,6.34
CP004740,C03746,VIP Exclusive,SMS,2025-07-04,1,2.38
CP004741,C00736,Festive Sale,Email,2025-04-03,0,2.96
CP004742,C04517,VIP Exclusive,Push,2025-09-14,0,7.31
CP004743,C02193,Summer Savings,WhatsApp,2025-06-20,0,2.53
CP004744,C03648,Festive Sale,SMS,2025-03-23,1,4.4
CP004745,C02689,Electronics Week,WhatsApp,2025-10-21,1,2.72
CP004746,C01195,New Customer Welcome,WhatsApp,2025-01-11,1,6.03
CP004747,C02472,Summer Savings,Email,2025-10-16,0,3.41
CP004748,C00672,New Customer Welcome,Push,2025-09-18,1,5.42
CP004749,C02580,Fashion Days,SMS,2025-11-22,0,1.5
CP004750,C03949,Fashion Days,SMS,2025-10-01,0,2.84
CP004751,C03647,VIP Exclusive,SMS,2025-01-23,1,7.63
CP004752,C02849,VIP Exclusive,Social,2025-08-23,0,2.22
CP004753,C03786,Win Back,Email,2025-12-12,1,0.79
CP004754,C03081,Win Back,WhatsApp,2025-10-27,0,6.31
CP004755,C03453,Fashion Days,SMS,2025-11-05,0,7.32
CP004756,C00174,Electronics Week,Push,2025-07-02,0,4.13
CP004757,C01805,Win Back,WhatsApp,2025-04-27,1,6.83
CP004758,C04880,VIP Exclusive,WhatsApp,2025-12-06,0,6.1
CP004759,C04133,Festive Sale,WhatsApp,2025-09-08,0,3.11
CP004760,C02923,VIP Exclusive,Email,2025-05-31,1,4.15
CP004761,C01967,Festive Sale,Social,2025-03-11,0,6.44
CP004762,C03596,New Customer Welcome,Push,2025-09-29,0,6.22
CP004763,C04201,Electronics Week,SMS,2025-01-12,0,1.78
CP004764,C04481,Festive Sale,Email,2025-06-01,0,2.98
CP004765,C03715,Festive Sale,WhatsApp,2025-05-01,0,1.73
CP004766,C01527,Festive Sale,SMS,2025-08-29,0,6.97
CP004767,C01337,Fashion Days,WhatsApp,2025-10-16,0,7.37
CP004768,C02270,Win Back,Email,2025-05-09,0,5.85
CP004769,C03546,VIP Exclusive,WhatsApp,2025-06-05,0,1.45
CP004770,C02596,Festive Sale,Email,2025-04-27,0,5.35
CP004771,C04763,Fashion Days,Push,2025-08-03,0,7.22
CP004772,C01844,Festive Sale,SMS,2025-10-01,0,3.53
CP004773,C03504,Festive Sale,SMS,2025-05-12,0,1.72
CP004774,C00196,Summer Savings,SMS,2025-04-01,0,2.31
CP004775,C04843,New Customer Welcome,SMS,2025-02-07,0,1.41
CP004776,C01308,New Customer Welcome,Email,2025-10-21,0,5.03
CP004777,C02004,Fashion Days,WhatsApp,2025-08-21,1,0.96
CP004778,C04798,Summer Savings,SMS,2025-10-07,1,2.59
CP004779,C01493,Win Back,Email,2025-09-29,1,3.35
CP004780,C04016,Win Back,WhatsApp,2025-09-03,0,2.55
CP004781,C01893,New Customer Welcome,Push,2025-01-20,0,4.85
CP004782,C03151,Win Back,Social,2025-11-23,0,2.4
CP004783,C01291,New Customer Welcome,Push,2025-09-17,1,0.69
CP004784,C03129,Festive Sale,Social,2025-09-10,1,7.56
CP004785,C01819,New Customer Welcome,Push,2025-10-18,0,7.51
CP004786,C04047,Win Back,Email,2025-10-09,1,3.99
CP004787,C00879,Festive Sale,Email,2025-11-18,0,0.79
CP004788,C01394,Fashion Days,WhatsApp,2025-01-27,1,1.8
CP004789,C01180,Electronics Week,SMS,2025-08-07,0,1.44
CP004790,C01521,Festive Sale,Email,2025-03-22,1,4.86
CP004791,C04753,Summer Savings,WhatsApp,2025-08-06,0,7.51
CP004792,C03286,Summer Savings,Push,2025-11-16,0,1.7
CP004793,C02720,Electronics Week,Social,2025-05-08,0,4.69
CP004794,C03621,Win Back,WhatsApp,2025-06-11,0,5.37
CP004795,C04845,Win Back,WhatsApp,2025-09-12,0,5.96
CP004796,C04566,Electronics Week,Push,2025-08-24,0,7.72
CP004797,C03363,Win Back,Social,2025-04-28,0,2.06
CP004798,C03168,Festive Sale,Push,2025-08-11,1,2.09
CP004799,C02740,New Customer Welcome,Email,2025-03-30,0,6.56
CP004800,C00804,Fashion Days,SMS,2025-12-02,0,6.38
CP004801,C03689,Win Back,Email,2025-09-12,0,6.42
CP004802,C04506,Festive Sale,SMS,2025-08-24,0,0.81
CP004803,C00111,Win Back,Push,2025-01-30,0,2.84
CP004804,C03287,Electronics Week,WhatsApp,2025-04-16,0,7.73
CP004805,C03275,Electronics Week,SMS,2025-06-28,0,6.66
CP004806,C03622,Win Back,SMS,2025-11-01,0,6.25
CP004807,C01313,Festive Sale,Social,2025-12-08,0,1.21
CP004808,C02935,Summer Savings,WhatsApp,2025-06-21,0,4.22
CP004809,C03675,Summer Savings,Social,2025-09-20,0,5.32
CP004810,C02920,Win Back,Push,2025-03-09,0,3.84
CP004811,C01320,Win Back,SMS,2025-02-22,1,6.39
CP004812,C04201,Fashion Days,Email,2025-06-02,0,2.57
CP004813,C04677,Fashion Days,WhatsApp,2025-09-13,0,4.5
CP004814,C04479,Festive Sale,SMS,2025-01-10,1,6.77
CP004815,C04206,New Customer Welcome,Push,2025-02-08,0,2.72
CP004816,C01420,Summer Savings,WhatsApp,2025-10-02,0,5.42
CP004817,C02016,Win Back,Email,2025-08-11,0,2.4
CP004818,C04361,Fashion Days,Social,2025-04-30,0,6.44
CP004819,C03452,Win Back,SMS,2025-04-10,0,6.17
CP004820,C03662,Electronics Week,Push,2025-06-20,1,6.15
CP004821,C02902,Electronics Week,Social,2025-03-07,0,6.1
CP004822,C02246,New Customer Welcome,Push,2025-07-30,0,7.55
CP004823,C04858,Win Back,WhatsApp,2025-06-18,0,7.51
CP004824,C03916,Electronics Week,Social,2025-07-21,0,5.18
CP004825,C03864,Summer Savings,Social,2025-11-11,1,6.51
CP004826,C00708,Fashion Days,Email,2025-10-01,0,6.14
CP004827,C01564,New Customer Welcome,Email,2025-08-02,0,7.5
CP004828,C03732,VIP Exclusive,Email,2025-06-21,0,7.26
CP004829,C01431,Fashion Days,Push,2025-09-04,0,1.59
CP004830,C01506,Win Back,Email,2025-02-14,0,7.64
CP004831,C02775,VIP Exclusive,SMS,2025-08-30,0,2.52
CP004832,C01905,Electronics Week,Push,2025-05-09,0,2.23
CP004833,C01877,Fashion Days,Push,2025-04-28,1,7.46
CP004834,C01016,New Customer Welcome,Email,2025-04-29,0,7.54
CP004835,C04899,New Customer Welcome,Push,2025-10-03,1,4.48
CP004836,C00996,Fashion Days,SMS,2025-11-07,1,4.67
CP004837,C00909,Fashion Days,WhatsApp,2025-08-17,0,1.41
CP004838,C02180,Summer Savings,Email,2025-02-20,0,0.93
CP004839,C01053,VIP Exclusive,Email,2025-07-23,0,6.52
CP004840,C02499,Electronics Week,Email,2025-07-08,0,2.23
CP004841,C00759,Electronics Week,Email,2025-06-12,0,6.51
CP004842,C00688,Electronics Week,WhatsApp,2025-06-08,0,7.43
CP004843,C00771,Electronics Week,Push,2025-01-14,0,3.39
CP004844,C00247,Summer Savings,WhatsApp,2025-10-19,0,7.36
CP004845,C01469,Electronics Week,WhatsApp,2025-11-16,0,1.93
CP004846,C01673,Electronics Week,SMS,2025-07-06,0,3.54
CP004847,C04174,Fashion Days,Email,2025-04-01,1,4.11
CP004848,C03173,Win Back,Push,2025-12-15,1,5.15
CP004849,C04458,Summer Savings,Email,2025-01-27,1,1.84
CP004850,C00124,Festive Sale,SMS,2025-09-21,0,3.31
CP004851,C01158,Win Back,Social,2025-04-08,0,2.92
CP004852,C01448,New Customer Welcome,Email,2025-04-19,0,2.85
CP004853,C01122,New Customer Welcome,WhatsApp,2025-02-20,0,5.72
CP004854,C02558,Electronics Week,SMS,2025-07-29,0,5.13
CP004855,C04914,VIP Exclusive,WhatsApp,2025-01-16,0,3.92
CP004856,C03606,VIP Exclusive,SMS,2025-11-14,0,2.77
CP004857,C01710,New Customer Welcome,Push,2025-07-01,0,5.13
CP004858,C03428,Fashion Days,Push,2025-05-22,0,2.94
CP004859,C02168,Electronics Week,Social,2025-03-28,1,2.33
CP004860,C01067,Summer Savings,SMS,2025-09-03,1,4.83
CP004861,C04566,VIP Exclusive,SMS,2025-03-18,0,6.09
CP004862,C03787,Summer Savings,Social,2025-10-03,1,3.02
CP004863,C00692,Fashion Days,Email,2025-09-20,0,1.09
CP004864,C03798,Summer Savings,Email,2025-05-24,1,6.48
CP004865,C02321,VIP Exclusive,Social,2025-07-02,0,1.16
CP004866,C03386,Fashion Days,WhatsApp,2025-10-14,0,4.16
CP004867,C00668,Fashion Days,Push,2025-03-17,0,7.77
CP004868,C03809,VIP Exclusive,Push,2025-03-28,0,4.09
CP004869,C02556,Win Back,WhatsApp,2025-09-08,0,3.67
CP004870,C01975,Electronics Week,Push,2025-08-28,0,1.23
CP004871,C03942,Fashion Days,Email,2025-06-15,0,7.62
CP004872,C04152,VIP Exclusive,Social,2025-05-04,0,0.55
CP004873,C03521,Summer Savings,SMS,2025-05-27,1,3.14
CP004874,C02536,Festive Sale,Email,2025-10-16,0,4.6
CP004875,C01715,Fashion Days,SMS,2025-11-01,0,1.07
CP004876,C03922,Win Back,Email,2025-07-01,0,2.78
CP004877,C00692,Fashion Days,Email,2025-10-07,1,3.4
CP004878,C04431,New Customer Welcome,Email,2025-06-04,0,7.64
CP004879,C00087,Fashion Days,WhatsApp,2025-01-24,1,3.92
CP004880,C02666,VIP Exclusive,Email,2025-03-26,0,2.54
CP004881,C01110,Electronics Week,WhatsApp,2025-05-30,0,7.06
CP004882,C00439,Win Back,SMS,2025-08-07,0,2.26
CP004883,C04657,Summer Savings,Push,2025-09-08,0,4.54
CP004884,C03753,Festive Sale,SMS,2025-09-15,1,0.82
CP004885,C00525,New Customer Welcome,Email,2025-11-13,1,5.93
CP004886,C04582,Festive Sale,WhatsApp,2025-01-09,0,6.63
CP004887,C02353,Festive Sale,Push,2025-02-16,0,4.28
CP004888,C04181,Festive Sale,WhatsApp,2025-10-05,0,1.7
CP004889,C00815,VIP Exclusive,Push,2025-10-02,0,2.29
CP004890,C03820,VIP Exclusive,Email,2025-09-20,0,0.54
CP004891,C03988,Electronics Week,SMS,2025-05-27,0,0.9
CP004892,C03267,Electronics Week,WhatsApp,2025-10-05,0,2.44
CP004893,C00429,New Customer Welcome,Push,2025-03-25,0,5.94
CP004894,C03444,Fashion Days,WhatsApp,2025-10-26,0,6.86
CP004895,C02893,Summer Savings,WhatsApp,2025-11-03,0,1.46
CP004896,C02805,Festive Sale,WhatsApp,2025-07-08,0,4.48
CP004897,C02031,VIP Exclusive,WhatsApp,2025-10-15,0,3.6
CP004898,C01479,VIP Exclusive,Email,2025-09-03,0,7.2
CP004899,C03930,Festive Sale,Email,2025-05-23,1,1.53
CP004900,C03168,Festive Sale,Email,2025-11-01,0,8.0
CP004901,C00871,New Customer Welcome,Push,2025-10-09,0,2.02
CP004902,C02235,VIP Exclusive,WhatsApp,2025-01-29,0,1.57
CP004903,C01101,Win Back,WhatsApp,2025-08-17,1,4.9
CP004904,C01280,VIP Exclusive,Email,2025-07-29,0,7.96
CP004905,C02291,Fashion Days,SMS,2025-03-04,0,1.76
CP004906,C03869,Festive Sale,WhatsApp,2025-05-26,0,1.59
CP004907,C00587,Electronics Week,Email,2025-10-23,0,0.79
CP004908,C02648,Festive Sale,Push,2025-12-02,0,2.53
CP004909,C04705,VIP Exclusive,SMS,2025-11-03,0,2.89
CP004910,C04316,VIP Exclusive,Push,2025-12-07,1,4.02
CP004911,C01123,Win Back,WhatsApp,2025-05-31,0,3.93
CP004912,C01753,New Customer Welcome,Email,2025-04-24,1,1.92
CP004913,C03744,Festive Sale,Email,2025-10-26,0,2.86
CP004914,C04234,Fashion Days,Email,2025-12-12,0,1.43
CP004915,C04689,Festive Sale,Push,2025-01-04,0,5.66
CP004916,C04153,Fashion Days,Email,2025-12-14,1,0.97
CP004917,C00958,Electronics Week,WhatsApp,2025-08-03,1,0.84
CP004918,C02909,Fashion Days,Push,2025-05-09,0,1.11
CP004919,C01612,Summer Savings,WhatsApp,2025-05-26,0,6.21
CP004920,C00499,Electronics Week,Push,2025-09-14,0,2.84
CP004921,C04322,Fashion Days,Push,2025-07-22,1,3.65
CP004922,C03900,New Customer Welcome,Email,2025-10-06,0,7.76
CP004923,C03407,Festive Sale,Email,2025-03-30,0,5.17
CP004924,C02578,Summer Savings,Email,2025-05-16,0,7.17
CP004925,C03613,Summer Savings,SMS,2025-02-02,0,4.26
CP004926,C02492,Festive Sale,Email,2025-04-17,1,2.25
CP004927,C01893,New Customer Welcome,Social,2025-11-03,0,7.75
CP004928,C03893,VIP Exclusive,WhatsApp,2025-08-05,0,5.83
CP004929,C04161,VIP Exclusive,Email,2025-03-23,1,0.72
CP004930,C02382,Festive Sale,WhatsApp,2025-07-26,1,1.34
CP004931,C01553,Summer Savings,Email,2025-07-28,0,2.12
CP004932,C00289,VIP Exclusive,SMS,2025-11-16,0,4.51
CP004933,C01031,Win Back,Email,2025-07-12,0,7.37
CP004934,C01273,Fashion Days,Email,2025-01-08,1,6.14
CP004935,C03556,New Customer Welcome,SMS,2025-09-23,0,5.97
CP004936,C00802,Summer Savings,SMS,2025-06-12,0,1.09
CP004937,C00252,Fashion Days,Push,2025-02-11,1,5.22
CP004938,C00556,VIP Exclusive,Social,2025-10-03,0,4.04
CP004939,C03827,VIP Exclusive,Email,2025-05-04,0,0.97
CP004940,C03505,Fashion Days,WhatsApp,2025-10-26,0,4.17
CP004941,C01359,Summer Savings,SMS,2025-09-10,0,7.25
CP004942,C03047,Summer Savings,Email,2025-02-24,0,1.89
CP004943,C03569,Festive Sale,WhatsApp,2025-06-05,0,0.7
CP004944,C02606,Electronics Week,Email,2025-02-10,0,4.28
CP004945,C01828,Win Back,Email,2025-04-11,0,4.89
CP004946,C02946,Summer Savings,Push,2025-11-26,1,2.86
CP004947,C02513,New Customer Welcome,Social,2025-09-01,0,5.71
CP004948,C00250,Fashion Days,Social,2025-07-12,0,0.73
CP004949,C02860,New Customer Welcome,WhatsApp,2025-03-28,1,3.52
CP004950,C02685,Festive Sale,Push,2025-09-15,0,2.79
CP004951,C01118,Summer Savings,Push,2025-07-17,1,6.65
CP004952,C03035,Win Back,Email,2025-10-07,0,5.68
CP004953,C00255,Fashion Days,Email,2025-01-07,0,5.1
CP004954,C01220,VIP Exclusive,WhatsApp,2025-06-10,0,0.78
CP004955,C02889,Summer Savings,Email,2025-08-19,0,2.62
CP004956,C04629,Electronics Week,Social,2025-08-25,1,4.84
CP004957,C02325,Win Back,WhatsApp,2025-07-07,0,3.72
CP004958,C03063,New Customer Welcome,WhatsApp,2025-02-28,0,6.35
CP004959,C02242,Festive Sale,WhatsApp,2025-12-06,0,4.4
CP004960,C00026,Summer Savings,SMS,2025-12-09,0,1.64
CP004961,C03604,Electronics Week,Social,2025-11-21,0,7.34
CP004962,C02269,Electronics Week,WhatsApp,2025-10-05,1,5.6
CP004963,C00436,Electronics Week,Email,2025-05-04,0,1.22
CP004964,C01374,Fashion Days,SMS,2025-04-24,0,0.68
CP004965,C00672,VIP Exclusive,Push,2025-09-11,1,5.19
CP004966,C04048,VIP Exclusive,WhatsApp,2025-11-23,0,6.55
CP004967,C03963,Summer Savings,Push,2025-09-20,0,3.44
CP004968,C04926,Win Back,Push,2025-06-25,1,2.67
CP004969,C00053,Fashion Days,SMS,2025-07-23,0,3.87
CP004970,C00370,Festive Sale,Push,2025-01-25,0,1.04
CP004971,C01110,VIP Exclusive,Push,2025-02-14,0,3.24
CP004972,C03663,Fashion Days,Social,2025-10-03,1,1.38
CP004973,C03144,Win Back,Push,2025-03-24,0,7.98
CP004974,C00030,New Customer Welcome,Social,2025-11-25,0,6.82
CP004975,C00146,New Customer Welcome,SMS,2025-06-14,0,3.9
CP004976,C03780,Win Back,Email,2025-02-16,0,3.88
CP004977,C03076,Win Back,Email,2025-06-08,0,1.89
CP004978,C03443,New Customer Welcome,Email,2025-11-03,0,1.65
CP004979,C02804,New Customer Welcome,Email,2025-06-20,0,1.11
CP004980,C01245,Electronics Week,SMS,2025-03-18,1,5.98
CP004981,C02679,Festive Sale,Push,2025-07-23,0,3.05
CP004982,C03203,Win Back,Email,2025-08-28,0,5.29
CP004983,C02224,Festive Sale,Email,2025-02-17,0,5.25
CP004984,C00177,Fashion Days,WhatsApp,2025-08-19,0,1.5
CP004985,C02269,Electronics Week,Email,2025-01-02,0,3.29
CP004986,C03058,Win Back,Social,2025-02-08,0,7.52
CP004987,C00504,VIP Exclusive,SMS,2025-06-12,0,7.66
CP004988,C02326,Electronics Week,SMS,2025-02-17,0,4.18
CP004989,C04721,Fashion Days,Email,2025-11-23,0,6.65
CP004990,C02454,Festive Sale,Email,2025-06-19,1,7.37
CP004991,C03753,Summer Savings,Email,2025-12-12,0,2.83
CP004992,C02744,Electronics Week,Push,2025-03-21,0,5.97
CP004993,C02111,Festive Sale,Email,2025-10-08,0,0.74
CP004994,C01099,Electronics Week,SMS,2025-02-09,1,2.5
CP004995,C03286,Fashion Days,SMS,2025-12-07,0,5.51
CP004996,C02802,VIP Exclusive,WhatsApp,2025-01-01,0,5.86
CP004997,C01066,Win Back,SMS,2025-01-28,0,1.63
CP004998,C04351,Fashion Days,Email,2025-11-01,0,0.56
CP004999,C01904,VIP Exclusive,Social,2025-08-14,0,2.06
CP005000,C04373,Summer Savings,Push,2025-07-08,0,5.25
CP005001,C00127,Win Back,Push,2025-04-22,1,7.7
CP005002,C01716,VIP Exclusive,WhatsApp,2025-06-20,1,0.78
CP005003,C02790,Fashion Days,Push,2025-08-31,0,5.06
CP005004,C04818,Win Back,Push,2025-10-26,0,7.36
CP005005,C04551,New Customer Welcome,WhatsApp,2025-01-13,0,3.56
CP005006,C03704,Fashion Days,SMS,2025-11-01,0,5.58
CP005007,C03638,Festive Sale,Email,2025-05-18,0,2.53
CP005008,C04137,Win Back,Push,2025-07-02,0,3.87
CP005009,C00748,VIP Exclusive,WhatsApp,2025-09-21,1,1.63
CP005010,C02222,Win Back,Social,2025-08-10,0,6.23
CP005011,C04062,Electronics Week,Push,2025-08-10,0,2.0
CP005012,C00073,VIP Exclusive,Social,2025-09-04,0,4.46
CP005013,C04935,Win Back,Email,2025-10-04,0,1.63
CP005014,C02151,New Customer Welcome,SMS,2025-08-20,1,3.39
CP005015,C00481,Win Back,Social,2025-11-23,1,6.13
CP005016,C00766,Fashion Days,Push,2025-08-28,1,2.9
CP005017,C01615,Festive Sale,WhatsApp,2025-04-23,0,5.36
CP005018,C03903,Electronics Week,Push,2025-10-28,1,2.16
CP005019,C02941,Win Back,Push,2025-05-05,1,7.32
CP005020,C00197,Fashion Days,Social,2025-08-07,0,2.65
CP005021,C01760,New Customer Welcome,Social,2025-04-23,1,7.0
CP005022,C01297,Summer Savings,Social,2025-09-01,0,7.82
CP005023,C02523,VIP Exclusive,Push,2025-08-31,0,6.7
CP005024,C02230,Summer Savings,WhatsApp,2025-01-11,0,1.07
CP005025,C00453,Festive Sale,WhatsApp,2025-10-06,0,2.34
CP005026,C00388,New Customer Welcome,Push,2025-11-15,0,0.9
CP005027,C00802,Fashion Days,WhatsApp,2025-09-06,0,4.45
CP005028,C01227,Summer Savings,Push,2025-07-11,0,3.09
CP005029,C00766,Electronics Week,WhatsApp,2025-11-27,0,5.01
CP005030,C02716,Electronics Week,SMS,2025-02-25,0,6.37
CP005031,C00625,VIP Exclusive,WhatsApp,2025-06-14,0,4.05
CP005032,C01414,Fashion Days,Social,2025-01-02,0,1.61
CP005033,C01071,New Customer Welcome,Push,2025-11-22,0,4.45
CP005034,C02755,Fashion Days,Push,2025-03-05,0,1.29
CP005035,C02744,VIP Exclusive,WhatsApp,2025-01-12,0,5.42
CP005036,C03539,VIP Exclusive,WhatsApp,2025-01-20,0,6.05
CP005037,C01613,VIP Exclusive,WhatsApp,2025-08-28,0,2.03
CP005038,C01176,Electronics Week,Push,2025-06-04,0,5.98
CP005039,C00700,Fashion Days,Push,2025-05-24,0,1.24
CP005040,C01029,Summer Savings,WhatsApp,2025-12-03,0,2.06
CP005041,C02867,Fashion Days,Social,2025-12-13,0,6.19
CP005042,C01155,Festive Sale,Email,2025-03-21,0,1.61
CP005043,C04492,Fashion Days,Social,2025-09-13,0,7.37
CP005044,C00804,Summer Savings,WhatsApp,2025-08-31,0,2.3
CP005045,C02956,VIP Exclusive,WhatsApp,2025-04-21,1,4.0
CP005046,C01917,Electronics Week,WhatsApp,2025-08-03,0,2.1
CP005047,C00556,VIP Exclusive,Push,2025-11-24,0,5.02
CP005048,C01686,Festive Sale,Push,2025-01-11,0,1.71
CP005049,C04020,Fashion Days,Social,2025-02-07,1,6.98
CP005050,C01273,Festive Sale,Push,2025-01-12,0,4.64
CP005051,C03523,Festive Sale,WhatsApp,2025-10-17,0,6.3
CP005052,C02889,Festive Sale,Push,2025-03-03,0,5.54
CP005053,C04147,New Customer Welcome,Push,2025-08-05,0,7.74
CP005054,C04812,VIP Exclusive,Email,2025-10-02,0,3.07
CP005055,C04285,VIP Exclusive,Email,2025-09-11,0,1.41
CP005056,C04479,Fashion Days,Email,2025-12-12,0,0.64
CP005057,C04744,Win Back,SMS,2025-02-05,0,3.68
CP005058,C02469,Win Back,WhatsApp,2025-03-27,1,4.47
CP005059,C01669,New Customer Welcome,Email,2025-09-01,0,4.19
CP005060,C00842,Electronics Week,SMS,2025-05-20,0,2.84
CP005061,C03089,Festive Sale,Social,2025-12-13,1,7.55
CP005062,C03357,Festive Sale,Email,2025-07-11,0,0.67
CP005063,C02953,Fashion Days,SMS,2025-11-17,0,7.19
CP005064,C01735,Fashion Days,Email,2025-08-11,0,1.14
CP005065,C02913,New Customer Welcome,Push,2025-09-25,0,4.33
CP005066,C03941,VIP Exclusive,WhatsApp,2025-01-11,0,0.96
CP005067,C01686,New Customer Welcome,Email,2025-11-04,1,1.82
CP005068,C03764,Festive Sale,Email,2025-01-18,0,5.16
CP005069,C03632,Festive Sale,Push,2025-01-17,0,3.67
CP005070,C00205,Festive Sale,Email,2025-07-29,0,0.57
CP005071,C01627,New Customer Welcome,Push,2025-06-19,0,6.47
CP005072,C02910,Electronics Week,Social,2025-04-04,0,4.36
CP005073,C01227,New Customer Welcome,SMS,2025-03-08,0,3.75
CP005074,C00723,Win Back,WhatsApp,2025-11-10,1,4.27
CP005075,C00049,Electronics Week,WhatsApp,2025-08-26,0,5.39
CP005076,C02010,Festive Sale,Social,2025-11-02,1,7.38
CP005077,C01328,VIP Exclusive,Social,2025-08-27,0,5.26
CP005078,C04792,Fashion Days,WhatsApp,2025-09-05,1,0.71
CP005079,C01174,New Customer Welcome,Push,2025-07-30,0,5.91
CP005080,C03352,Fashion Days,SMS,2025-06-12,0,4.96
CP005081,C01882,Win Back,Email,2025-06-22,0,5.56
CP005082,C03803,VIP Exclusive,SMS,2025-11-28,0,4.25
CP005083,C02833,New Customer Welcome,Email,2025-07-08,1,4.27
CP005084,C04637,Summer Savings,Push,2025-08-31,0,6.17
CP005085,C03588,Festive Sale,Email,2025-06-22,0,2.2
CP005086,C03860,Win Back,Push,2025-08-20,0,7.38
CP005087,C04356,Fashion Days,SMS,2025-04-16,0,2.78
CP005088,C01791,Electronics Week,Email,2025-09-04,0,1.66
CP005089,C00664,Electronics Week,Push,2025-05-22,0,4.51
CP005090,C01149,VIP Exclusive,Email,2025-11-20,0,3.88
CP005091,C02583,Win Back,Email,2025-09-20,1,3.61
CP005092,C01346,Electronics Week,SMS,2025-05-28,0,2.16
CP005093,C01853,Festive Sale,SMS,2025-10-17,0,7.61
CP005094,C01041,Summer Savings,Push,2025-07-19,1,5.04
CP005095,C01360,VIP Exclusive,WhatsApp,2025-05-14,0,1.63
CP005096,C04919,Win Back,Push,2025-11-06,0,0.59
CP005097,C00403,Festive Sale,Social,2025-10-30,0,4.33
CP005098,C04402,VIP Exclusive,SMS,2025-01-21,0,5.17
CP005099,C03479,Win Back,Push,2025-10-26,0,7.78
CP005100,C01254,New Customer Welcome,Email,2025-09-29,1,2.31
CP005101,C04342,VIP Exclusive,SMS,2025-07-04,0,2.93
CP005102,C01643,Festive Sale,Push,2025-03-10,0,5.4
CP005103,C04737,Summer Savings,WhatsApp,2025-11-06,0,4.97
CP005104,C02096,Win Back,Push,2025-01-04,0,0.89
CP005105,C01709,Festive Sale,SMS,2025-01-06,1,2.62
CP005106,C01676,Win Back,SMS,2025-01-28,0,4.57
CP005107,C00530,Fashion Days,Social,2025-03-09,0,1.75
CP005108,C00785,VIP Exclusive,Email,2025-10-01,0,7.44
CP005109,C03919,Festive Sale,Email,2025-02-01,1,6.43
CP005110,C04560,New Customer Welcome,Email,2025-05-12,0,3.42
CP005111,C04670,Festive Sale,Email,2025-08-20,0,5.2
CP005112,C02271,Fashion Days,Email,2025-03-05,0,3.5
CP005113,C04399,New Customer Welcome,Email,2025-09-16,1,0.78
CP005114,C01175,Summer Savings,Social,2025-07-30,1,3.99
CP005115,C01019,VIP Exclusive,SMS,2025-09-05,0,7.34
CP005116,C01500,Win Back,Email,2025-01-01,0,1.38
CP005117,C00673,Fashion Days,Push,2025-10-17,1,5.79
CP005118,C02619,Festive Sale,Email,2025-08-16,0,7.02
CP005119,C00313,Festive Sale,Social,2025-11-05,0,2.15
CP005120,C00418,VIP Exclusive,Email,2025-05-06,0,7.65
CP005121,C01670,Festive Sale,Email,2025-01-18,0,1.67
CP005122,C02535,Festive Sale,WhatsApp,2025-02-11,0,2.59
CP005123,C01516,Electronics Week,Push,2025-06-11,0,4.43
CP005124,C02531,Summer Savings,Email,2025-10-30,0,6.01
CP005125,C02752,Festive Sale,Push,2025-01-29,0,1.93
CP005126,C00431,New Customer Welcome,Email,2025-11-02,0,6.07
CP005127,C01923,Electronics Week,Social,2025-12-15,0,5.66
CP005128,C00618,Win Back,WhatsApp,2025-04-10,0,5.14
CP005129,C04726,Win Back,Email,2025-03-17,0,2.53
CP005130,C04842,VIP Exclusive,WhatsApp,2025-06-11,0,6.12
CP005131,C04951,Electronics Week,Email,2025-10-11,0,5.74
CP005132,C04834,Win Back,SMS,2025-02-13,0,4.9
CP005133,C03904,Fashion Days,WhatsApp,2025-10-05,0,2.17
CP005134,C02537,Summer Savings,SMS,2025-05-11,0,6.12
CP005135,C04547,Festive Sale,Email,2025-04-30,0,2.78
CP005136,C00718,Summer Savings,Email,2025-04-23,0,3.87
CP005137,C03968,New Customer Welcome,WhatsApp,2025-05-08,0,5.12
CP005138,C00659,New Customer Welcome,Push,2025-07-10,0,4.62
CP005139,C00539,Win Back,SMS,2025-05-09,0,6.48
CP005140,C04398,VIP Exclusive,WhatsApp,2025-11-01,0,1.71
CP005141,C00183,Summer Savings,SMS,2025-07-10,0,4.69
CP005142,C02379,Festive Sale,Push,2025-02-18,0,6.05
CP005143,C04054,Festive Sale,Email,2025-10-13,0,6.46
CP005144,C02644,Summer Savings,SMS,2025-11-29,0,3.02
CP005145,C01294,VIP Exclusive,Push,2025-02-18,0,2.5
CP005146,C04747,Summer Savings,Push,2025-04-24,1,2.15
CP005147,C04853,Fashion Days,Social,2025-09-13,0,3.57
CP005148,C03084,Win Back,Email,2025-02-23,1,3.01
CP005149,C01364,Festive Sale,Email,2025-05-04,0,1.3
CP005150,C02338,VIP Exclusive,WhatsApp,2025-01-30,1,1.34
CP005151,C00503,Festive Sale,Email,2025-09-17,0,7.27
CP005152,C03050,Festive Sale,SMS,2025-03-12,0,0.9
CP005153,C04038,Summer Savings,Email,2025-01-21,0,2.54
CP005154,C04683,Festive Sale,Email,2025-02-14,0,6.94
CP005155,C00971,New Customer Welcome,Push,2025-04-07,0,5.72
CP005156,C03699,Win Back,WhatsApp,2025-04-18,1,4.76
CP005157,C03644,Electronics Week,Email,2025-07-29,0,0.79
CP005158,C01750,Festive Sale,Push,2025-02-02,0,4.7
CP005159,C01096,Fashion Days,Push,2025-02-01,0,4.5
CP005160,C02447,Win Back,Push,2025-09-23,1,6.05
CP005161,C00283,VIP Exclusive,Email,2025-07-30,0,3.68
CP005162,C02927,Win Back,Email,2025-09-09,1,7.62
CP005163,C02494,Festive Sale,Social,2025-10-05,0,4.28
CP005164,C02913,Win Back,WhatsApp,2025-07-30,0,2.15
CP005165,C03154,Fashion Days,Push,2025-04-30,0,1.68
CP005166,C04217,Win Back,SMS,2025-11-07,0,6.56
CP005167,C02032,Win Back,Email,2025-09-10,0,7.52
CP005168,C02174,Win Back,Email,2025-07-24,0,4.51
CP005169,C01690,New Customer Welcome,Push,2025-06-24,0,2.91
CP005170,C03148,Festive Sale,WhatsApp,2025-04-19,0,0.94
CP005171,C00164,Fashion Days,SMS,2025-09-04,0,5.89
CP005172,C02102,Summer Savings,Push,2025-09-02,0,5.62
CP005173,C04132,Fashion Days,WhatsApp,2025-09-24,0,2.35
CP005174,C01364,Electronics Week,SMS,2025-11-18,0,6.8
CP005175,C01352,Summer Savings,Email,2025-05-30,0,4.44
CP005176,C03364,Fashion Days,SMS,2025-07-26,0,1.25
CP005177,C00771,Summer Savings,Push,2025-03-24,1,5.32
CP005178,C01287,Festive Sale,Email,2025-08-27,0,0.77
CP005179,C04632,VIP Exclusive,SMS,2025-07-30,0,4.26
CP005180,C04228,Fashion Days,WhatsApp,2025-11-22,0,3.09
CP005181,C01036,Fashion Days,Email,2025-08-06,0,4.16
CP005182,C00779,New Customer Welcome,SMS,2025-11-04,0,5.83
CP005183,C04929,Win Back,WhatsApp,2025-04-01,0,2.94
CP005184,C00067,Win Back,Email,2025-11-12,0,1.99
CP005185,C02144,Summer Savings,Email,2025-01-21,0,7.62
CP005186,C00851,New Customer Welcome,Social,2025-08-20,0,3.22
CP005187,C00577,Electronics Week,WhatsApp,2025-07-16,0,5.64
CP005188,C01558,Electronics Week,Email,2025-04-16,1,0.51
CP005189,C01580,Electronics Week,SMS,2025-03-21,1,7.73
CP005190,C03307,Summer Savings,WhatsApp,2025-06-02,1,5.54
CP005191,C04430,Festive Sale,Email,2025-09-02,1,7.5
CP005192,C01387,Fashion Days,SMS,2025-09-05,0,5.71
CP005193,C02831,Festive Sale,SMS,2025-01-15,0,0.64
CP005194,C00434,VIP Exclusive,Social,2025-11-12,0,5.22
CP005195,C02051,Electronics Week,SMS,2025-01-30,0,7.63
CP005196,C00309,Summer Savings,SMS,2025-03-25,0,1.73
CP005197,C04164,Electronics Week,Email,2025-11-25,0,2.38
CP005198,C02378,New Customer Welcome,Email,2025-02-01,0,3.2
CP005199,C03585,Fashion Days,Email,2025-07-31,0,4.61
CP005200,C02364,Festive Sale,Social,2025-10-09,0,1.21
CP005201,C02802,Festive Sale,Social,2025-02-26,1,3.29
CP005202,C00264,New Customer Welcome,WhatsApp,2025-06-16,0,1.94
CP005203,C00248,Festive Sale,Email,2025-11-05,1,4.72
CP005204,C02118,VIP Exclusive,SMS,2025-11-18,1,6.07
CP005205,C00249,New Customer Welcome,Push,2025-06-17,0,6.07
CP005206,C03839,Fashion Days,WhatsApp,2025-08-27,0,2.9
CP005207,C00299,Fashion Days,Email,2025-02-17,1,2.15
CP005208,C04212,Electronics Week,Email,2025-01-13,0,3.01
CP005209,C03831,New Customer Welcome,SMS,2025-11-26,0,7.06
CP005210,C04048,VIP Exclusive,SMS,2025-08-17,0,3.79
CP005211,C04623,Win Back,Push,2025-10-21,0,7.32
CP005212,C02884,Electronics Week,Push,2025-09-18,1,4.44
CP005213,C03364,New Customer Welcome,WhatsApp,2025-06-22,0,6.24
CP005214,C03744,New Customer Welcome,Social,2025-05-12,1,7.75
CP005215,C01543,VIP Exclusive,Push,2025-02-15,0,0.7
CP005216,C01259,Electronics Week,WhatsApp,2025-01-30,0,4.09
CP005217,C04424,New Customer Welcome,Push,2025-10-29,1,2.77
CP005218,C03601,Summer Savings,WhatsApp,2025-10-10,0,3.75
CP005219,C00646,Fashion Days,WhatsApp,2025-06-22,0,7.48
CP005220,C03881,Win Back,Email,2025-09-11,0,2.15
CP005221,C01432,Festive Sale,WhatsApp,2025-08-28,0,6.44
CP005222,C00892,Electronics Week,Push,2025-10-12,0,4.68
CP005223,C02860,Fashion Days,Email,2025-08-07,0,5.51
CP005224,C04394,Festive Sale,SMS,2025-08-15,1,3.97
CP005225,C00618,Win Back,Email,2025-04-08,0,5.04
CP005226,C03070,VIP Exclusive,Push,2025-02-20,0,7.72
CP005227,C01754,Summer Savings,Email,2025-12-06,0,6.23
CP005228,C02596,Fashion Days,Email,2025-08-06,0,4.34
CP005229,C00603,VIP Exclusive,Email,2025-01-16,0,4.22
CP005230,C04100,Festive Sale,SMS,2025-01-19,1,3.62
CP005231,C03547,Electronics Week,WhatsApp,2025-11-03,1,0.89
CP005232,C04748,Festive Sale,Email,2025-12-12,0,2.43
CP005233,C02442,Electronics Week,Push,2025-10-05,0,7.47
CP005234,C01862,Festive Sale,Email,2025-08-26,0,7.83
CP005235,C03615,Summer Savings,WhatsApp,2025-02-24,0,6.15
CP005236,C02673,Electronics Week,Push,2025-04-28,0,2.42
CP005237,C00154,Win Back,Email,2025-08-31,0,4.43
CP005238,C02517,Win Back,Social,2025-07-30,0,5.34
CP005239,C03883,Summer Savings,Social,2025-07-20,0,3.64
CP005240,C03513,Fashion Days,Push,2025-03-11,0,0.62
CP005241,C03167,Electronics Week,WhatsApp,2025-11-06,0,1.89
CP005242,C01199,Electronics Week,Push,2025-11-17,0,4.88
CP005243,C02691,Festive Sale,WhatsApp,2025-07-03,1,6.07
CP005244,C04723,Fashion Days,Email,2025-02-04,1,3.81
CP005245,C02317,VIP Exclusive,Email,2025-02-16,0,3.23
CP005246,C01114,New Customer Welcome,SMS,2025-11-28,0,5.4
CP005247,C02985,VIP Exclusive,Email,2025-11-01,0,2.21
CP005248,C03301,Electronics Week,Push,2025-12-01,0,4.3
CP005249,C04490,VIP Exclusive,Email,2025-10-13,1,7.32
CP005250,C01885,Summer Savings,Push,2025-04-24,0,7.67
CP005251,C01545,Win Back,Email,2025-05-26,0,7.76
CP005252,C00127,New Customer Welcome,Push,2025-02-10,1,0.59
CP005253,C04657,Fashion Days,Push,2025-05-02,0,6.98
CP005254,C02660,New Customer Welcome,Email,2025-06-16,0,3.75
CP005255,C02476,Summer Savings,WhatsApp,2025-02-12,0,5.85
CP005256,C03919,Win Back,Social,2025-02-08,1,2.68
CP005257,C00605,New Customer Welcome,Email,2025-11-18,0,3.76
CP005258,C03665,Win Back,WhatsApp,2025-02-28,0,1.12
CP005259,C00998,Win Back,WhatsApp,2025-11-23,0,0.84
CP005260,C04180,Festive Sale,Social,2025-11-27,0,0.57
CP005261,C00234,Electronics Week,Email,2025-05-31,0,5.1
CP005262,C04436,New Customer Welcome,WhatsApp,2025-07-23,1,5.4
CP005263,C01266,Fashion Days,Push,2025-06-05,0,3.93
CP005264,C04467,Win Back,SMS,2025-12-12,0,4.63
CP005265,C04711,Festive Sale,WhatsApp,2025-04-15,0,0.5
CP005266,C04573,New Customer Welcome,WhatsApp,2025-09-15,0,3.54
CP005267,C03636,VIP Exclusive,Push,2025-01-31,0,6.98
CP005268,C03670,Fashion Days,Email,2025-09-07,0,6.19
CP005269,C04511,VIP Exclusive,SMS,2025-01-06,0,7.16
CP005270,C01395,VIP Exclusive,Email,2025-08-21,1,7.63
CP005271,C03942,Festive Sale,WhatsApp,2025-09-16,0,4.33
CP005272,C02718,Festive Sale,Push,2025-07-20,0,5.62
CP005273,C03352,Fashion Days,SMS,2025-06-03,1,5.11
CP005274,C03001,Fashion Days,Push,2025-07-22,0,6.35
CP005275,C01308,Fashion Days,Email,2025-09-05,0,1.07
CP005276,C00793,VIP Exclusive,Email,2025-03-07,1,2.44
CP005277,C01675,New Customer Welcome,Email,2025-10-04,1,4.85
CP005278,C02777,Win Back,WhatsApp,2025-01-26,0,7.59
CP005279,C02793,Electronics Week,SMS,2025-04-27,0,1.41
CP005280,C03947,Festive Sale,WhatsApp,2025-04-18,0,4.44
CP005281,C02619,Win Back,Push,2025-07-29,0,0.76
CP005282,C01855,Win Back,Push,2025-01-07,0,5.45
CP005283,C02519,Festive Sale,Push,2025-03-16,0,4.56
CP005284,C00995,Festive Sale,Push,2025-03-07,0,7.88
CP005285,C04009,Electronics Week,Push,2025-05-14,1,5.64
CP005286,C02690,New Customer Welcome,Email,2025-03-04,0,4.18
CP005287,C01289,VIP Exclusive,WhatsApp,2025-04-25,0,7.36
CP005288,C03252,Win Back,Push,2025-05-26,0,6.38
CP005289,C04845,Fashion Days,Email,2025-09-08,0,7.87
CP005290,C04583,Festive Sale,Push,2025-01-03,0,3.43
CP005291,C00542,Electronics Week,Push,2025-05-31,0,5.02
CP005292,C02073,Summer Savings,SMS,2025-03-04,0,5.36
CP005293,C00155,Summer Savings,Email,2025-04-21,1,6.46
CP005294,C04400,Festive Sale,Email,2025-11-02,0,2.82
CP005295,C03937,Fashion Days,Email,2025-11-17,0,3.15
CP005296,C00527,Festive Sale,Email,2025-10-20,0,3.0
CP005297,C02930,Electronics Week,Email,2025-11-10,0,5.29
CP005298,C03948,New Customer Welcome,Push,2025-07-20,1,7.15
CP005299,C04397,VIP Exclusive,Email,2025-10-23,0,2.53
CP005300,C04391,Win Back,Email,2025-09-11,0,5.65
CP005301,C03846,Fashion Days,WhatsApp,2025-11-13,0,1.23
CP005302,C00794,Win Back,Email,2025-12-15,0,3.61
CP005303,C02265,New Customer Welcome,Social,2025-06-28,1,5.89
CP005304,C01722,Fashion Days,Social,2025-07-27,1,6.37
CP005305,C04818,VIP Exclusive,Email,2025-02-02,0,0.94
CP005306,C04953,Electronics Week,Social,2025-11-28,0,5.05
CP005307,C04340,Electronics Week,Email,2025-06-04,1,1.63
CP005308,C00794,Summer Savings,WhatsApp,2025-09-15,0,7.97
CP005309,C00851,Win Back,Push,2025-11-22,0,5.62
CP005310,C01414,Electronics Week,Email,2025-05-25,0,6.24
CP005311,C01872,Electronics Week,Social,2025-06-05,0,2.98
CP005312,C03184,Electronics Week,Email,2025-06-07,0,3.31
CP005313,C00173,Summer Savings,WhatsApp,2025-03-12,0,5.97
CP005314,C04986,Fashion Days,WhatsApp,2025-01-18,0,6.38
CP005315,C04992,VIP Exclusive,Email,2025-09-09,0,7.5
CP005316,C02462,Summer Savings,Social,2025-10-08,0,6.63
CP005317,C00322,Fashion Days,Push,2025-04-19,0,4.0
CP005318,C04154,VIP Exclusive,Email,2025-11-26,0,2.83
CP005319,C03266,Win Back,Email,2025-02-28,1,1.37
CP005320,C00141,Summer Savings,WhatsApp,2025-05-10,0,0.64
CP005321,C04279,Electronics Week,WhatsApp,2025-10-13,0,5.56
CP005322,C01441,Festive Sale,SMS,2025-10-01,1,7.98
CP005323,C02813,Electronics Week,Email,2025-10-08,0,5.48
CP005324,C01861,Fashion Days,Social,2025-11-18,1,1.82
CP005325,C02940,Festive Sale,SMS,2025-08-21,0,0.74
CP005326,C02336,Electronics Week,Social,2025-02-01,0,1.99
CP005327,C01699,Festive Sale,WhatsApp,2025-05-20,0,7.36
CP005328,C01459,Festive Sale,Push,2025-04-18,0,1.19
CP005329,C01465,Electronics Week,Email,2025-10-19,1,4.89
CP005330,C02330,Electronics Week,WhatsApp,2025-11-24,0,2.98
CP005331,C02526,Electronics Week,WhatsApp,2025-10-07,0,1.06
CP005332,C03469,Win Back,Social,2025-11-05,1,0.73
CP005333,C00109,Electronics Week,Push,2025-08-17,1,3.03
CP005334,C02533,Fashion Days,Email,2025-07-15,0,2.62
CP005335,C03096,New Customer Welcome,WhatsApp,2025-04-06,0,2.1
CP005336,C02018,Festive Sale,Email,2025-01-26,0,3.73
CP005337,C01194,New Customer Welcome,Social,2025-04-25,0,5.26
CP005338,C03897,Win Back,WhatsApp,2025-06-19,0,7.86
CP005339,C01963,Summer Savings,Social,2025-08-04,0,6.08
CP005340,C04307,VIP Exclusive,WhatsApp,2025-09-30,0,5.55
CP005341,C01689,Win Back,SMS,2025-09-22,0,3.93
CP005342,C03927,Festive Sale,WhatsApp,2025-05-09,1,5.35
CP005343,C01953,Summer Savings,WhatsApp,2025-01-09,0,2.56
CP005344,C01670,Win Back,Push,2025-03-27,0,3.53
CP005345,C04442,Summer Savings,WhatsApp,2025-11-01,1,7.1
CP005346,C01951,Electronics Week,WhatsApp,2025-10-29,0,5.94
CP005347,C03960,Fashion Days,Social,2025-03-29,0,3.64
CP005348,C04192,Win Back,WhatsApp,2025-10-27,0,1.99
CP005349,C01307,Fashion Days,Push,2025-01-23,0,2.35
CP005350,C00930,Summer Savings,Push,2025-03-25,0,4.59
CP005351,C01847,VIP Exclusive,SMS,2025-09-17,0,5.25
CP005352,C02202,Fashion Days,Email,2025-03-22,0,1.12
CP005353,C03546,VIP Exclusive,Email,2025-08-04,0,2.38
CP005354,C00233,Festive Sale,Push,2025-10-17,0,1.8
CP005355,C04161,Electronics Week,SMS,2025-01-29,0,6.73
CP005356,C01744,Electronics Week,SMS,2025-06-12,1,3.99
CP005357,C00892,Fashion Days,Email,2025-06-10,0,1.5
CP005358,C01788,Electronics Week,SMS,2025-09-06,0,2.68
CP005359,C02567,New Customer Welcome,SMS,2025-06-11,0,4.98
CP005360,C02247,Electronics Week,Email,2025-08-24,0,0.86
CP005361,C00613,Festive Sale,WhatsApp,2025-01-03,0,1.72
CP005362,C04767,VIP Exclusive,WhatsApp,2025-08-29,0,6.99
CP005363,C00863,Summer Savings,Email,2025-07-03,0,2.82
CP005364,C01665,Electronics Week,WhatsApp,2025-07-26,0,6.81
CP005365,C04396,Festive Sale,Push,2025-09-21,1,2.2
CP005366,C00336,Fashion Days,SMS,2025-09-24,0,3.8
CP005367,C03209,VIP Exclusive,WhatsApp,2025-10-05,0,1.61
CP005368,C02445,Electronics Week,Social,2025-04-20,1,5.07
CP005369,C00362,New Customer Welcome,Push,2025-06-16,1,7.12
CP005370,C04577,Fashion Days,Push,2025-07-10,0,6.64
CP005371,C03468,Win Back,Push,2025-08-08,0,6.21
CP005372,C00288,New Customer Welcome,Push,2025-10-25,1,1.46
CP005373,C04893,New Customer Welcome,Social,2025-11-16,0,1.04
CP005374,C00924,Win Back,WhatsApp,2025-07-28,1,7.02
CP005375,C02666,Fashion Days,WhatsApp,2025-04-26,0,1.49
CP005376,C01648,Win Back,WhatsApp,2025-06-03,0,6.09
CP005377,C01356,VIP Exclusive,WhatsApp,2025-07-15,0,1.61
CP005378,C01774,VIP Exclusive,Email,2025-12-14,0,3.93
CP005379,C00546,Fashion Days,Social,2025-02-19,0,3.63
CP005380,C04348,Summer Savings,Push,2025-04-05,1,7.82
CP005381,C03251,Win Back,Push,2025-03-31,0,4.45
CP005382,C03428,New Customer Welcome,Social,2025-05-07,0,4.57
CP005383,C00475,New Customer Welcome,WhatsApp,2025-09-28,0,7.73
CP005384,C01515,VIP Exclusive,Push,2025-08-04,0,2.32
CP005385,C03301,Summer Savings,SMS,2025-11-22,0,1.05
CP005386,C01449,Win Back,WhatsApp,2025-01-22,1,5.77
CP005387,C03779,Win Back,WhatsApp,2025-08-22,1,3.27
CP005388,C01768,Win Back,Social,2025-08-23,0,7.59
CP005389,C02106,Summer Savings,Social,2025-04-07,0,0.53
CP005390,C00251,Win Back,Push,2025-09-02,0,7.56
CP005391,C04543,Festive Sale,SMS,2025-03-15,0,2.88
CP005392,C01228,Electronics Week,SMS,2025-12-15,0,4.84
CP005393,C04198,Win Back,Push,2025-08-27,0,4.38
CP005394,C01670,Summer Savings,WhatsApp,2025-11-23,1,2.16
CP005395,C01561,VIP Exclusive,WhatsApp,2025-01-15,1,6.41
CP005396,C01409,Fashion Days,WhatsApp,2025-01-16,0,2.09
CP005397,C02189,VIP Exclusive,Email,2025-07-31,0,4.62
CP005398,C01958,Festive Sale,WhatsApp,2025-08-04,0,3.58
CP005399,C04336,Electronics Week,SMS,2025-06-13,0,1.49
CP005400,C00360,Festive Sale,Email,2025-06-22,0,4.14
CP005401,C01490,VIP Exclusive,WhatsApp,2025-09-25,0,3.71
CP005402,C02797,Festive Sale,Push,2025-05-17,0,1.31
CP005403,C04033,Win Back,SMS,2025-02-08,0,3.36
CP005404,C00921,New Customer Welcome,Push,2025-11-04,1,0.9
CP005405,C01891,Fashion Days,Email,2025-11-12,0,3.75
CP005406,C03597,Win Back,Email,2025-02-09,0,5.09
CP005407,C00605,Electronics Week,WhatsApp,2025-01-07,0,1.4
CP005408,C03566,Electronics Week,SMS,2025-10-09,0,5.01
CP005409,C03468,Fashion Days,WhatsApp,2025-04-19,0,6.59
CP005410,C00377,Electronics Week,Email,2025-02-07,0,1.79
CP005411,C01852,New Customer Welcome,WhatsApp,2025-07-11,0,7.59
CP005412,C03592,Win Back,Email,2025-09-14,1,4.11
CP005413,C03244,New Customer Welcome,Push,2025-09-07,1,5.8
CP005414,C03174,Fashion Days,Push,2025-02-18,0,5.18
CP005415,C00692,Win Back,Email,2025-07-21,0,6.85
CP005416,C02074,Electronics Week,Social,2025-08-04,0,3.52
CP005417,C02117,Summer Savings,SMS,2025-03-21,0,3.41
CP005418,C04745,VIP Exclusive,Social,2025-06-09,1,1.31
CP005419,C02767,Electronics Week,Email,2025-10-03,0,4.64
CP005420,C03406,Fashion Days,Push,2025-02-10,0,2.82
CP005421,C00940,VIP Exclusive,WhatsApp,2025-07-10,0,1.65
CP005422,C03133,Win Back,WhatsApp,2025-03-28,0,2.31
CP005423,C00097,New Customer Welcome,SMS,2025-03-31,1,2.9
CP005424,C03098,VIP Exclusive,SMS,2025-05-05,0,7.54
CP005425,C02170,Fashion Days,Email,2025-08-22,1,3.78
CP005426,C03649,VIP Exclusive,Email,2025-01-06,0,4.84
CP005427,C03732,New Customer Welcome,Email,2025-04-17,1,4.82
CP005428,C01323,Fashion Days,Social,2025-12-01,0,4.52
CP005429,C00060,Festive Sale,SMS,2025-06-24,0,7.08
CP005430,C04015,New Customer Welcome,Social,2025-06-24,0,3.0
CP005431,C03219,Win Back,Push,2025-05-11,0,6.48
CP005432,C00833,Festive Sale,Push,2025-05-04,1,1.88
CP005433,C04627,New Customer Welcome,Push,2025-12-03,0,3.11
CP005434,C00578,Win Back,Email,2025-06-17,0,4.11
CP005435,C03677,Fashion Days,WhatsApp,2025-01-13,0,1.59
CP005436,C04999,Festive Sale,SMS,2025-01-26,0,4.02
CP005437,C01650,Electronics Week,SMS,2025-05-02,0,7.89
CP005438,C02404,Win Back,SMS,2025-12-14,0,6.0
CP005439,C03623,Win Back,Email,2025-11-27,0,5.76
CP005440,C00661,Festive Sale,Email,2025-03-09,0,3.18
CP005441,C01414,Fashion Days,SMS,2025-07-18,0,7.32
CP005442,C02686,Fashion Days,Email,2025-04-21,0,1.03
CP005443,C04031,Summer Savings,Email,2025-04-11,0,1.39
CP005444,C01942,Electronics Week,Push,2025-06-19,0,6.88
CP005445,C00894,Summer Savings,Push,2025-01-21,0,2.2
CP005446,C01794,Electronics Week,Email,2025-01-29,0,1.0
CP005447,C00441,Electronics Week,Social,2025-06-10,1,1.4
CP005448,C01901,Win Back,SMS,2025-11-09,0,6.04
CP005449,C04441,VIP Exclusive,WhatsApp,2025-05-23,0,2.28
CP005450,C03450,Win Back,Email,2025-11-06,0,4.93
CP005451,C00163,Electronics Week,SMS,2025-08-13,0,1.26
CP005452,C04647,Win Back,WhatsApp,2025-08-02,0,4.08
CP005453,C01047,Electronics Week,Push,2025-11-25,1,1.6
CP005454,C02735,Fashion Days,Push,2025-02-08,0,6.05
CP005455,C03369,Fashion Days,WhatsApp,2025-02-26,0,0.62
CP005456,C00310,Festive Sale,Push,2025-04-08,0,7.73
CP005457,C02922,Festive Sale,Email,2025-02-03,0,6.66
CP005458,C01381,New Customer Welcome,Push,2025-03-28,0,7.82
CP005459,C03830,Win Back,Social,2025-10-21,0,2.41
CP005460,C02681,VIP Exclusive,Push,2025-08-02,0,2.71
CP005461,C03824,Summer Savings,Email,2025-12-11,0,7.4
CP005462,C04479,Win Back,SMS,2025-03-21,0,7.98
CP005463,C04947,Win Back,Push,2025-05-06,0,6.53
CP005464,C04679,Electronics Week,WhatsApp,2025-08-03,1,6.41
CP005465,C03414,Fashion Days,Push,2025-10-24,0,6.02
CP005466,C01994,VIP Exclusive,WhatsApp,2025-04-05,0,6.36
CP005467,C00715,Summer Savings,SMS,2025-04-01,0,2.84
CP005468,C00787,VIP Exclusive,Email,2025-09-01,0,5.29
CP005469,C01307,VIP Exclusive,SMS,2025-09-17,1,7.17
CP005470,C01714,Summer Savings,Email,2025-08-06,1,1.72
CP005471,C03229,Fashion Days,Push,2025-09-12,0,6.24
CP005472,C04352,Summer Savings,Email,2025-03-24,0,6.7
CP005473,C01844,Electronics Week,Social,2025-03-12,1,4.98
CP005474,C03687,Summer Savings,Email,2025-09-03,0,7.62
CP005475,C02282,VIP Exclusive,Email,2025-08-09,1,3.84
CP005476,C00903,Summer Savings,WhatsApp,2025-01-04,0,0.62
CP005477,C00385,Fashion Days,Email,2025-05-25,1,3.53
CP005478,C03707,Electronics Week,Email,2025-03-03,0,7.44
CP005479,C01484,Win Back,WhatsApp,2025-07-11,0,6.78
CP005480,C02955,New Customer Welcome,SMS,2025-04-20,0,5.21
CP005481,C00578,Electronics Week,Push,2025-11-10,1,5.81
CP005482,C02638,Win Back,Push,2025-09-18,0,4.89
CP005483,C00327,Electronics Week,WhatsApp,2025-08-01,0,2.89
CP005484,C02172,VIP Exclusive,Email,2025-07-31,0,3.22
CP005485,C02059,VIP Exclusive,Push,2025-10-26,0,3.55
CP005486,C02207,New Customer Welcome,SMS,2025-04-27,0,2.5
CP005487,C01873,Summer Savings,Email,2025-08-11,0,7.18
CP005488,C02225,Festive Sale,Social,2025-10-18,1,6.12
CP005489,C02911,Summer Savings,Email,2025-12-09,1,5.23
CP005490,C04564,Electronics Week,Email,2025-03-04,0,3.77
CP005491,C04740,Fashion Days,SMS,2025-05-10,1,2.2
CP005492,C01829,Fashion Days,Email,2025-09-28,0,2.33
CP005493,C02872,Electronics Week,WhatsApp,2025-08-07,0,2.1
CP005494,C03996,New Customer Welcome,Push,2025-06-13,1,1.54
CP005495,C01809,New Customer Welcome,SMS,2025-04-12,1,3.16
CP005496,C02311,Electronics Week,Push,2025-03-26,0,1.09
CP005497,C01718,Fashion Days,SMS,2025-08-13,0,5.03
CP005498,C00982,Win Back,WhatsApp,2025-01-21,1,3.76
CP005499,C00212,Summer Savings,Email,2025-09-05,0,1.35
CP005500,C04506,Festive Sale,Push,2025-10-14,0,6.21
CP005501,C00227,Fashion Days,Push,2025-05-04,0,4.01
CP005502,C00790,Win Back,WhatsApp,2025-01-18,0,0.71
CP005503,C02293,Summer Savings,Push,2025-07-12,0,3.92
CP005504,C03079,Electronics Week,WhatsApp,2025-07-21,0,3.2
CP005505,C04392,VIP Exclusive,SMS,2025-11-26,1,2.61
CP005506,C04796,Electronics Week,SMS,2025-04-27,0,4.51
CP005507,C02708,VIP Exclusive,Email,2025-10-09,0,7.2
CP005508,C03233,Win Back,Push,2025-07-11,1,5.81
CP005509,C01939,Electronics Week,Push,2025-05-05,0,7.28
CP005510,C02951,VIP Exclusive,Push,2025-02-01,0,1.57
CP005511,C01535,Win Back,WhatsApp,2025-04-12,0,6.43
CP005512,C03101,Win Back,WhatsApp,2025-08-04,0,4.61
CP005513,C04262,New Customer Welcome,Social,2025-03-26,0,2.73
CP005514,C04064,VIP Exclusive,Social,2025-04-17,0,5.28
CP005515,C03743,Fashion Days,Push,2025-08-12,0,4.88
CP005516,C02991,New Customer Welcome,WhatsApp,2025-10-24,0,3.49
CP005517,C01451,New Customer Welcome,Email,2025-12-11,1,3.89
CP005518,C03645,Summer Savings,SMS,2025-09-03,0,2.37
CP005519,C02292,Festive Sale,WhatsApp,2025-11-01,0,6.51
CP005520,C01085,VIP Exclusive,Email,2025-11-04,1,7.96
CP005521,C01467,Fashion Days,WhatsApp,2025-04-05,1,4.01
CP005522,C04739,Summer Savings,WhatsApp,2025-09-10,1,0.61
CP005523,C03520,Festive Sale,Email,2025-10-12,0,6.87
CP005524,C00081,Electronics Week,WhatsApp,2025-10-12,0,7.62
CP005525,C00934,Win Back,Email,2025-06-13,0,3.75
CP005526,C00655,Win Back,Push,2025-08-23,0,7.81
CP005527,C03073,Electronics Week,SMS,2025-07-01,0,1.53
CP005528,C02327,Fashion Days,Email,2025-05-19,0,2.34
CP005529,C01114,Win Back,WhatsApp,2025-03-05,0,6.52
CP005530,C00190,Summer Savings,Email,2025-01-17,0,6.53
CP005531,C03807,New Customer Welcome,Social,2025-04-27,1,7.39
CP005532,C04682,Fashion Days,SMS,2025-06-01,0,2.36
CP005533,C00440,New Customer Welcome,Social,2025-02-18,1,3.63
CP005534,C03094,Win Back,SMS,2025-11-11,1,5.51
CP005535,C00306,Festive Sale,Email,2025-09-13,0,5.52
CP005536,C02812,Win Back,Push,2025-07-13,0,1.08
CP005537,C04872,VIP Exclusive,SMS,2025-10-15,1,3.46
CP005538,C01749,Festive Sale,SMS,2025-09-17,0,4.17
CP005539,C04475,Summer Savings,WhatsApp,2025-01-30,1,3.51
CP005540,C02834,Electronics Week,Email,2025-05-08,0,7.22
CP005541,C01564,Festive Sale,SMS,2025-02-07,0,4.9
CP005542,C04049,Win Back,Social,2025-07-01,1,4.25
CP005543,C02595,Fashion Days,Email,2025-02-16,0,7.74
CP005544,C02470,Win Back,Email,2025-05-17,0,5.42
CP005545,C01509,Summer Savings,WhatsApp,2025-11-30,1,6.38
CP005546,C02965,New Customer Welcome,Push,2025-12-15,0,5.1
CP005547,C00774,Fashion Days,WhatsApp,2025-11-06,0,3.89
CP005548,C02642,Summer Savings,SMS,2025-06-28,0,7.67
CP005549,C03180,VIP Exclusive,WhatsApp,2025-04-19,0,4.83
CP005550,C00007,Summer Savings,Social,2025-08-30,0,2.37
CP005551,C02013,VIP Exclusive,Email,2025-03-12,0,3.76
CP005552,C03284,New Customer Welcome,Email,2025-07-03,0,4.95
CP005553,C02102,Fashion Days,Email,2025-03-16,1,5.54
CP005554,C00767,Win Back,SMS,2025-02-27,0,3.66
CP005555,C00326,VIP Exclusive,SMS,2025-11-07,0,3.41
CP005556,C03115,Summer Savings,WhatsApp,2025-09-10,1,7.94
CP005557,C01235,VIP Exclusive,WhatsApp,2025-06-13,0,4.59
CP005558,C00023,Fashion Days,Email,2025-07-05,0,2.7
CP005559,C03706,New Customer Welcome,Email,2025-06-03,1,2.97
CP005560,C02322,Summer Savings,Email,2025-09-06,1,2.05
CP005561,C01911,Summer Savings,Email,2025-06-09,0,3.18
CP005562,C04039,Festive Sale,Email,2025-10-15,0,7.62
CP005563,C00667,New Customer Welcome,WhatsApp,2025-05-02,1,1.03
CP005564,C03585,Festive Sale,Email,2025-08-27,0,7.11
CP005565,C04210,Summer Savings,SMS,2025-02-24,0,5.97
CP005566,C01373,Summer Savings,WhatsApp,2025-05-27,1,1.79
CP005567,C03972,New Customer Welcome,Email,2025-10-08,1,4.9
CP005568,C02949,New Customer Welcome,Email,2025-06-22,0,3.85
CP005569,C04603,Summer Savings,SMS,2025-01-13,0,3.54
CP005570,C00043,Fashion Days,Push,2025-03-29,1,7.5
CP005571,C00716,Fashion Days,SMS,2025-11-06,0,1.38
CP005572,C04691,New Customer Welcome,Email,2025-02-04,1,1.85
CP005573,C04085,Electronics Week,Email,2025-05-25,0,1.44
CP005574,C02286,Summer Savings,SMS,2025-03-18,0,7.06
CP005575,C00243,Fashion Days,Email,2025-01-03,0,7.91
CP005576,C02741,Festive Sale,Push,2025-01-25,0,0.7
CP005577,C01350,Summer Savings,Push,2025-04-25,0,1.01
CP005578,C01878,Electronics Week,SMS,2025-08-19,0,0.92
CP005579,C03900,Festive Sale,Push,2025-01-24,0,2.76
CP005580,C03473,Festive Sale,WhatsApp,2025-03-19,0,0.8
CP005581,C02268,Electronics Week,Social,2025-03-17,0,7.04
CP005582,C04788,Win Back,Email,2025-08-14,0,4.51
CP005583,C00615,VIP Exclusive,SMS,2025-06-22,0,4.37
CP005584,C03862,Summer Savings,SMS,2025-09-29,0,0.79
CP005585,C02681,New Customer Welcome,Email,2025-06-06,0,2.75
CP005586,C00473,Electronics Week,Push,2025-08-15,0,1.88
CP005587,C03647,Electronics Week,Email,2025-09-03,1,5.07
CP005588,C04870,New Customer Welcome,WhatsApp,2025-08-06,1,6.75
CP005589,C00819,Festive Sale,Push,2025-08-09,1,4.72
CP005590,C01049,VIP Exclusive,SMS,2025-07-25,0,5.2
CP005591,C01202,New Customer Welcome,Push,2025-11-02,0,4.12
CP005592,C00767,Summer Savings,Email,2025-09-30,0,2.31
CP005593,C00660,Fashion Days,WhatsApp,2025-03-13,0,0.77
CP005594,C01404,Festive Sale,Push,2025-01-12,0,1.44
CP005595,C02007,Festive Sale,WhatsApp,2025-10-27,0,1.86
CP005596,C02863,Summer Savings,Social,2025-03-24,0,7.1
CP005597,C00391,VIP Exclusive,Email,2025-02-08,0,3.14
CP005598,C03884,VIP Exclusive,SMS,2025-06-18,1,2.23
CP005599,C03340,Electronics Week,Push,2025-02-21,0,7.9
CP005600,C00108,New Customer Welcome,Email,2025-03-24,0,4.96
CP005601,C00726,New Customer Welcome,Email,2025-09-04,0,2.8
CP005602,C03470,Festive Sale,SMS,2025-05-19,0,1.86
CP005603,C03231,Electronics Week,Email,2025-11-29,0,4.47
CP005604,C02597,Summer Savings,Push,2025-06-23,1,4.15
CP005605,C01533,Win Back,Social,2025-02-03,1,1.55
CP005606,C01811,Summer Savings,Email,2025-10-16,0,1.59
CP005607,C03027,Fashion Days,Social,2025-08-31,0,5.28
CP005608,C02925,VIP Exclusive,Email,2025-03-03,0,1.75
CP005609,C03367,Electronics Week,Push,2025-12-06,0,1.21
CP005610,C00080,VIP Exclusive,Email,2025-08-25,0,3.5
CP005611,C01115,New Customer Welcome,Email,2025-01-25,0,5.65
CP005612,C00396,Summer Savings,Email,2025-06-24,1,2.39
CP005613,C02596,Summer Savings,Email,2025-08-31,1,0.97
CP005614,C02849,New Customer Welcome,Push,2025-10-21,1,1.49
CP005615,C02275,Win Back,Push,2025-09-10,0,4.35
CP005616,C00150,Electronics Week,Push,2025-01-18,0,4.72
CP005617,C01846,New Customer Welcome,WhatsApp,2025-01-19,0,2.67
CP005618,C02949,Electronics Week,Email,2025-03-14,0,7.84
CP005619,C02772,New Customer Welcome,WhatsApp,2025-01-06,0,3.85
CP005620,C03539,Fashion Days,Email,2025-06-28,0,6.05
CP005621,C00292,Fashion Days,WhatsApp,2025-10-21,1,0.92
CP005622,C03434,VIP Exclusive,SMS,2025-03-11,0,5.91
CP005623,C04637,Electronics Week,Push,2025-06-14,0,7.79
CP005624,C00566,VIP Exclusive,Email,2025-07-15,1,5.73
CP005625,C04220,VIP Exclusive,SMS,2025-07-09,1,7.89
CP005626,C00689,Summer Savings,Email,2025-07-19,0,6.99
CP005627,C00086,Summer Savings,SMS,2025-01-11,0,4.21
CP005628,C01268,Festive Sale,SMS,2025-12-11,1,4.41
CP005629,C03961,Fashion Days,Social,2025-08-14,1,6.24
CP005630,C02684,Summer Savings,WhatsApp,2025-10-15,0,2.9
CP005631,C01623,Summer Savings,Email,2025-05-17,0,5.31
CP005632,C01777,VIP Exclusive,Email,2025-09-14,1,2.36
CP005633,C03543,Festive Sale,WhatsApp,2025-03-12,0,5.54
CP005634,C02773,Festive Sale,Email,2025-02-24,0,2.48
CP005635,C00672,Festive Sale,Push,2025-07-13,0,7.34
CP005636,C00351,Fashion Days,Email,2025-09-19,0,1.37
CP005637,C04810,Festive Sale,Email,2025-07-23,0,4.57
CP005638,C01153,Fashion Days,Push,2025-02-06,0,7.12
CP005639,C01503,Summer Savings,WhatsApp,2025-11-18,0,2.81
CP005640,C00582,Fashion Days,Email,2025-06-08,0,2.01
CP005641,C03600,New Customer Welcome,Email,2025-04-13,0,4.9
CP005642,C02455,New Customer Welcome,WhatsApp,2025-11-29,1,6.61
CP005643,C02745,Win Back,WhatsApp,2025-07-06,0,0.63
CP005644,C04310,Electronics Week,WhatsApp,2025-12-15,0,4.23
CP005645,C03712,New Customer Welcome,SMS,2025-03-06,1,6.51
CP005646,C01133,VIP Exclusive,Email,2025-04-06,1,6.05
CP005647,C03452,Fashion Days,Email,2025-05-06,0,0.75
CP005648,C01244,Summer Savings,SMS,2025-05-31,1,3.85
CP005649,C03261,Electronics Week,WhatsApp,2025-06-11,0,4.04
CP005650,C02647,Summer Savings,SMS,2025-12-11,1,1.46
CP005651,C04958,Festive Sale,Email,2025-04-12,0,0.56
CP005652,C03145,VIP Exclusive,SMS,2025-02-11,0,7.62
CP005653,C00219,Win Back,WhatsApp,2025-06-03,0,7.15
CP005654,C04657,New Customer Welcome,Email,2025-06-17,0,2.38
CP005655,C04107,Fashion Days,Email,2025-09-13,0,2.51
CP005656,C02353,Fashion Days,WhatsApp,2025-08-21,0,4.88
CP005657,C04513,Summer Savings,Social,2025-12-14,0,2.77
CP005658,C00631,Summer Savings,Email,2025-02-02,0,7.45
CP005659,C04186,Fashion Days,WhatsApp,2025-10-06,1,5.36
CP005660,C04912,Win Back,WhatsApp,2025-04-10,0,5.79
CP005661,C00958,Win Back,SMS,2025-02-23,0,1.39
CP005662,C01321,Summer Savings,Push,2025-10-08,0,5.5
CP005663,C02992,New Customer Welcome,WhatsApp,2025-12-02,0,3.41
CP005664,C03950,Festive Sale,WhatsApp,2025-03-12,1,0.83
CP005665,C00962,Festive Sale,Email,2025-05-04,1,5.33
CP005666,C02740,VIP Exclusive,WhatsApp,2025-06-07,0,1.64
CP005667,C04970,Fashion Days,Email,2025-07-13,1,5.97
CP005668,C00081,Festive Sale,SMS,2025-09-30,1,5.62
CP005669,C01985,Electronics Week,Email,2025-07-06,0,5.28
CP005670,C03429,Electronics Week,Social,2025-09-20,0,4.37
CP005671,C01364,VIP Exclusive,Push,2025-04-29,0,1.12
CP005672,C03553,Festive Sale,WhatsApp,2025-09-04,0,4.77
CP005673,C00085,Summer Savings,Push,2025-07-23,0,6.06
CP005674,C02900,New Customer Welcome,Social,2025-09-19,1,3.25
CP005675,C03271,VIP Exclusive,Social,2025-10-05,0,6.97
CP005676,C02496,Fashion Days,Email,2025-11-29,0,7.02
CP005677,C04716,VIP Exclusive,Email,2025-09-07,0,2.28
CP005678,C00416,Win Back,WhatsApp,2025-02-15,0,5.57
CP005679,C02367,New Customer Welcome,SMS,2025-02-06,0,1.41
CP005680,C04150,Fashion Days,SMS,2025-06-28,1,1.78
CP005681,C00085,Fashion Days,WhatsApp,2025-11-22,0,3.82
CP005682,C04056,Electronics Week,Email,2025-10-03,1,3.52
CP005683,C03805,Win Back,SMS,2025-05-19,1,4.02
CP005684,C04874,Summer Savings,WhatsApp,2025-10-14,0,2.53
CP005685,C04599,Fashion Days,WhatsApp,2025-07-10,0,2.28
CP005686,C01625,Fashion Days,Social,2025-12-15,0,2.98
CP005687,C02344,Fashion Days,SMS,2025-07-02,0,6.97
CP005688,C02775,Win Back,Email,2025-10-09,1,5.18
CP005689,C04167,Festive Sale,Email,2025-11-17,0,6.35
CP005690,C00182,Fashion Days,WhatsApp,2025-04-18,1,7.3
CP005691,C04582,Festive Sale,Social,2025-05-16,0,4.82
CP005692,C00164,New Customer Welcome,Email,2025-05-19,1,6.96
CP005693,C00371,Electronics Week,SMS,2025-09-23,0,3.61
CP005694,C03296,Win Back,Email,2025-09-12,0,6.1
CP005695,C00238,Electronics Week,Push,2025-08-23,0,1.3
CP005696,C01104,Electronics Week,Email,2025-01-16,0,7.5
CP005697,C02042,Festive Sale,Email,2025-03-20,0,5.22
CP005698,C01669,New Customer Welcome,Email,2025-11-30,1,7.65
CP005699,C00524,Electronics Week,Email,2025-12-02,0,4.03
CP005700,C02708,Festive Sale,SMS,2025-05-04,1,0.59
CP005701,C00124,Festive Sale,Email,2025-07-27,0,3.73
CP005702,C04856,Fashion Days,SMS,2025-10-12,0,0.78
CP005703,C03588,Festive Sale,WhatsApp,2025-01-06,0,7.66
CP005704,C01629,Fashion Days,Email,2025-04-21,0,5.38
CP005705,C03810,Festive Sale,Email,2025-08-14,0,1.3
CP005706,C01189,Electronics Week,Email,2025-08-26,0,5.01
CP005707,C00139,New Customer Welcome,SMS,2025-09-09,0,1.75
CP005708,C04024,Electronics Week,Email,2025-05-17,0,3.53
CP005709,C00901,Festive Sale,Email,2025-05-04,0,3.7
CP005710,C01648,New Customer Welcome,SMS,2025-03-06,0,2.8
CP005711,C03758,New Customer Welcome,SMS,2025-12-12,0,2.58
CP005712,C00387,Summer Savings,WhatsApp,2025-11-15,0,3.39
CP005713,C00601,Fashion Days,Push,2025-10-27,0,3.26
CP005714,C01901,VIP Exclusive,Push,2025-06-08,1,0.74
CP005715,C01028,Win Back,Push,2025-07-24,0,7.8
CP005716,C01121,Win Back,SMS,2025-01-23,0,1.06
CP005717,C00943,Fashion Days,Social,2025-10-23,0,0.89
CP005718,C00728,Electronics Week,Email,2025-04-07,0,2.84
CP005719,C01680,Fashion Days,WhatsApp,2025-05-24,0,7.86
CP005720,C02579,VIP Exclusive,Email,2025-06-24,0,0.78
CP005721,C04377,Win Back,SMS,2025-10-08,0,1.76
CP005722,C04155,Fashion Days,Email,2025-01-20,0,0.74
CP005723,C04242,Electronics Week,SMS,2025-01-29,0,3.71
CP005724,C02813,Electronics Week,WhatsApp,2025-05-29,0,1.08
CP005725,C01797,Summer Savings,SMS,2025-02-11,0,7.19
CP005726,C04072,Festive Sale,Social,2025-04-14,1,1.34
CP005727,C03665,Summer Savings,WhatsApp,2025-05-25,0,4.59
CP005728,C01166,New Customer Welcome,Social,2025-09-12,1,5.16
CP005729,C04884,New Customer Welcome,WhatsApp,2025-06-12,0,5.67
CP005730,C02649,Summer Savings,SMS,2025-01-31,0,1.52
CP005731,C03160,Festive Sale,Push,2025-03-03,0,5.73
CP005732,C03312,Festive Sale,Email,2025-06-14,1,4.07
CP005733,C03827,Electronics Week,Push,2025-04-05,0,0.99
CP005734,C02149,New Customer Welcome,Push,2025-01-04,0,4.8
CP005735,C03857,New Customer Welcome,Social,2025-08-29,0,4.76
CP005736,C04818,Summer Savings,Email,2025-07-27,1,0.78
CP005737,C02508,Fashion Days,Email,2025-08-02,1,6.77
CP005738,C04878,Festive Sale,WhatsApp,2025-04-17,0,1.74
CP005739,C02948,New Customer Welcome,Push,2025-09-07,0,6.08
CP005740,C00334,Summer Savings,WhatsApp,2025-11-19,1,3.89
CP005741,C01253,Win Back,Push,2025-06-28,0,0.58
CP005742,C01745,Summer Savings,WhatsApp,2025-03-12,1,7.1
CP005743,C02797,VIP Exclusive,WhatsApp,2025-12-12,0,2.97
CP005744,C02196,VIP Exclusive,Email,2025-05-24,0,8.0
CP005745,C00433,Electronics Week,Email,2025-09-27,0,1.43
CP005746,C00568,Festive Sale,Email,2025-03-21,0,5.62
CP005747,C04042,Fashion Days,Email,2025-03-03,1,1.03
CP005748,C00023,Summer Savings,,2025-10-08,0,1.74
CP005749,C01084,Festive Sale,Email,2025-11-07,0,4.67
CP005750,C01524,Win Back,Email,2025-08-21,1,1.2
CP005751,C02491,Summer Savings,WhatsApp,2025-07-12,0,5.3
CP005752,C00691,Electronics Week,Social,2025-05-25,0,4.54
CP005753,C00017,VIP Exclusive,Email,2025-01-24,0,0.71
CP005754,C00154,New Customer Welcome,Email,2025-10-03,1,6.48
CP005755,C02723,Festive Sale,Email,2025-10-13,0,4.21
CP005756,C03553,Electronics Week,Email,2025-11-04,0,6.13
CP005757,C02529,New Customer Welcome,Email,2025-08-14,0,7.25
CP005758,C04262,VIP Exclusive,Push,2025-01-24,0,4.86
CP005759,C00270,Win Back,Push,2025-09-04,0,2.6
CP005760,C00897,Summer Savings,WhatsApp,2025-11-28,1,5.83
CP005761,C01798,Fashion Days,WhatsApp,2025-11-18,0,7.08
CP005762,C01896,Summer Savings,SMS,2025-07-05,0,5.48
CP005763,C03952,Fashion Days,Push,2025-01-16,0,7.21
CP005764,C02440,Fashion Days,WhatsApp,2025-04-02,0,7.67
CP005765,C04459,Fashion Days,WhatsApp,2025-11-20,0,5.98
CP005766,C02587,Festive Sale,Social,2025-02-10,0,4.18
CP005767,C01061,Summer Savings,SMS,2025-07-18,0,0.63
CP005768,C04818,VIP Exclusive,WhatsApp,2025-08-26,0,6.77
CP005769,C04671,Win Back,SMS,2025-01-05,0,3.72
CP005770,C01935,New Customer Welcome,SMS,2025-07-31,0,5.43
CP005771,C03973,Festive Sale,SMS,2025-03-17,1,4.75
CP005772,C01346,Festive Sale,SMS,2025-01-20,0,6.66
CP005773,C02411,Summer Savings,Social,2025-01-05,1,2.18
CP005774,C02506,Festive Sale,WhatsApp,2025-04-21,1,2.49
CP005775,C02926,Fashion Days,SMS,2025-12-11,0,6.09
CP005776,C04207,Festive Sale,SMS,2025-03-17,0,2.59
CP005777,C02488,Fashion Days,Email,2025-11-12,1,0.87
CP005778,C03655,Festive Sale,Email,2025-06-07,0,7.74
CP005779,C02978,Electronics Week,Push,2025-01-21,1,2.83
CP005780,C00810,Summer Savings,Social,2025-12-04,1,6.84
CP005781,C02146,Fashion Days,WhatsApp,2025-08-26,1,2.95
CP005782,C03684,Fashion Days,Social,2025-11-19,0,0.68
CP005783,C00767,Summer Savings,Push,2025-07-12,1,0.59
CP005784,C00912,New Customer Welcome,SMS,2025-08-16,0,6.92
CP005785,C03573,VIP Exclusive,Social,2025-08-06,0,6.6
CP005786,C03622,Electronics Week,WhatsApp,2025-06-13,0,6.63
CP005787,C00993,Summer Savings,SMS,2025-07-18,1,7.77
CP005788,C00717,New Customer Welcome,Push,2025-07-06,0,3.37
CP005789,C02526,New Customer Welcome,Email,2025-01-26,0,2.71
CP005790,C01013,Fashion Days,Email,2025-12-11,1,1.18
CP005791,C01565,Summer Savings,SMS,2025-05-21,0,7.36
CP005792,C02287,Festive Sale,SMS,2025-10-13,0,7.89
CP005793,C04450,New Customer Welcome,SMS,2025-04-13,0,1.58
CP005794,C00107,VIP Exclusive,WhatsApp,2025-01-21,0,2.75
CP005795,C04640,Win Back,Social,2025-07-31,0,1.56
CP005796,C04846,Fashion Days,SMS,2025-10-24,0,0.9
CP005797,C02544,Fashion Days,Push,2025-01-05,0,4.92
CP005798,C04439,New Customer Welcome,Social,2025-08-08,0,4.4
CP005799,C04308,New Customer Welcome,Email,2025-06-04,0,7.11
CP005800,C01568,Win Back,WhatsApp,2025-06-23,0,7.36
CP005801,C03881,Festive Sale,Email,2025-04-13,0,4.61
CP005802,C02141,Summer Savings,SMS,2025-11-27,0,5.64
CP005803,C03819,Fashion Days,WhatsApp,2025-09-13,1,6.88
CP005804,C01364,Electronics Week,WhatsApp,2025-05-14,1,2.1
CP005805,C02473,Electronics Week,SMS,2025-04-19,0,4.75
CP005806,C00741,Festive Sale,WhatsApp,2025-08-13,1,3.98
CP005807,C03137,New Customer Welcome,Email,2025-03-17,0,2.49
CP005808,C01152,Festive Sale,Push,2025-04-05,0,1.83
CP005809,C00889,Summer Savings,Push,2025-03-29,0,1.04
CP005810,C03395,Festive Sale,Email,2025-01-13,1,2.33
CP005811,C01182,Summer Savings,Social,2025-03-15,0,3.08
CP005812,C04883,Summer Savings,Social,2025-10-04,0,7.0
CP005813,C03951,VIP Exclusive,Push,2025-05-23,0,3.46
CP005814,C03864,Festive Sale,Email,2025-09-16,0,2.34
CP005815,C00850,Festive Sale,Social,2025-08-13,0,3.79
CP005816,C01920,Summer Savings,Social,2025-08-23,1,2.82
CP005817,C00546,Fashion Days,Push,2025-10-08,0,3.93
CP005818,C01465,VIP Exclusive,SMS,2025-07-20,0,5.59
CP005819,C00611,New Customer Welcome,Email,2025-04-23,1,4.24
CP005820,C03783,Festive Sale,Push,2025-05-10,0,2.08
CP005821,C03583,Fashion Days,SMS,2025-03-27,0,2.4
CP005822,C04730,VIP Exclusive,WhatsApp,2025-09-11,0,6.38
CP005823,C03509,Win Back,SMS,2025-06-15,0,4.15
CP005824,C01947,Fashion Days,Email,2025-03-12,0,3.17
CP005825,C04704,Electronics Week,Email,2025-03-18,0,2.17
CP005826,C04979,VIP Exclusive,Email,2025-06-28,1,5.45
CP005827,C04604,Win Back,WhatsApp,2025-03-31,0,2.51
CP005828,C02772,Summer Savings,Push,2025-06-05,0,3.86
CP005829,C04158,Win Back,WhatsApp,2025-01-02,0,2.17
CP005830,C02646,Win Back,WhatsApp,2025-02-01,1,5.8
CP005831,C03737,Win Back,Email,2025-04-24,0,4.41
CP005832,C03628,Fashion Days,Email,2025-11-25,0,3.66
CP005833,C01127,Electronics Week,WhatsApp,2025-01-26,0,5.75
CP005834,C02047,Win Back,Email,2025-11-26,0,0.87
CP005835,C03526,Festive Sale,WhatsApp,2025-06-18,0,0.72
CP005836,C04346,Summer Savings,WhatsApp,2025-11-07,0,2.68
CP005837,C02710,Win Back,SMS,2025-09-19,0,3.62
CP005838,C04868,New Customer Welcome,Email,2025-09-06,0,7.12
CP005839,C03907,New Customer Welcome,WhatsApp,2025-10-24,0,1.16
CP005840,C03922,New Customer Welcome,Email,2025-05-22,0,7.43
CP005841,C02319,Win Back,Push,2025-06-22,0,7.98
CP005842,C03007,Festive Sale,WhatsApp,2025-05-08,0,1.27
CP005843,C01561,Win Back,WhatsApp,2025-10-27,1,6.36
CP005844,C00198,VIP Exclusive,Push,2025-02-08,0,0.84
CP005845,C04324,Festive Sale,WhatsApp,2025-09-16,1,1.82
CP005846,C02463,Summer Savings,Email,2025-11-08,1,4.01
CP005847,C03911,Electronics Week,Push,2025-10-29,1,2.1
CP005848,C02892,Fashion Days,Email,2025-03-24,0,6.13
CP005849,C03199,Electronics Week,Email,2025-06-30,0,5.04
CP005850,C01253,Fashion Days,Push,2025-11-05,0,1.72
CP005851,C03819,Win Back,Push,2025-03-17,0,5.84
CP005852,C01944,VIP Exclusive,Email,2025-11-24,0,5.46
CP005853,C01100,New Customer Welcome,WhatsApp,2025-07-21,0,2.53
CP005854,C03369,Festive Sale,Email,2025-10-14,0,4.04
CP005855,C01721,Win Back,SMS,2025-06-11,0,4.22
CP005856,C02359,New Customer Welcome,Social,2025-01-08,0,3.9
CP005857,C03970,Festive Sale,WhatsApp,2025-04-12,0,5.02
CP005858,C01718,Summer Savings,Email,2025-10-07,0,3.85
CP005859,C04932,VIP Exclusive,WhatsApp,2025-05-01,0,2.38
CP005860,C01506,Win Back,Social,2025-04-23,1,0.75
CP005861,C02789,Festive Sale,Social,2025-06-24,0,3.96
CP005862,C03915,New Customer Welcome,Push,2025-01-13,0,2.95
CP005863,C01733,Win Back,Social,2025-10-06,0,2.08
CP005864,C01387,Win Back,Email,2025-03-29,0,5.67
CP005865,C02136,VIP Exclusive,Email,2025-05-21,0,6.75
CP005866,C03723,Win Back,WhatsApp,2025-02-01,0,4.85
CP005867,C01859,New Customer Welcome,Email,2025-10-11,1,3.96
CP005868,C02785,Win Back,WhatsApp,2025-01-24,0,4.47
CP005869,C04507,Electronics Week,Push,2025-10-27,0,3.65
CP005870,C03216,VIP Exclusive,Email,2025-06-14,1,4.62
CP005871,C01737,Win Back,WhatsApp,2025-09-27,0,6.98
CP005872,C04228,Summer Savings,SMS,2025-09-04,1,1.92
CP005873,C04130,Festive Sale,Email,2025-04-15,0,5.14
CP005874,C02823,VIP Exclusive,WhatsApp,2025-11-16,0,6.08
CP005875,C04428,Electronics Week,Email,2025-01-14,0,6.86
CP005876,C03581,Fashion Days,Email,2025-01-28,0,2.46
CP005877,C03664,Summer Savings,Push,2025-10-19,0,6.69
CP005878,C02614,VIP Exclusive,Email,2025-05-26,0,6.21
CP005879,C01995,VIP Exclusive,SMS,2025-06-03,1,2.41
CP005880,C03034,Electronics Week,Social,2025-08-20,0,6.17
CP005881,C02510,VIP Exclusive,Email,2025-06-22,0,5.5
CP005882,C04246,Electronics Week,SMS,2025-04-18,0,4.53
CP005883,C00804,Summer Savings,Push,2025-01-28,0,3.32
CP005884,C04404,Summer Savings,Email,2025-11-17,0,1.28
CP005885,C03306,Electronics Week,Push,2025-10-14,0,0.58
CP005886,C01070,VIP Exclusive,Email,2025-10-26,0,1.74
CP005887,C02018,VIP Exclusive,Email,2025-11-15,1,7.72
CP005888,C04476,Festive Sale,WhatsApp,2025-08-05,0,3.59
CP005889,C01423,Win Back,WhatsApp,2025-02-16,0,5.67
CP005890,C02653,Win Back,SMS,2025-05-29,1,5.21
CP005891,C03190,Electronics Week,SMS,2025-01-15,0,6.66
CP005892,C03426,Summer Savings,Email,2025-12-09,0,7.56
CP005893,C00716,Summer Savings,Push,2025-07-09,0,3.76
CP005894,C04249,Festive Sale,WhatsApp,2025-02-08,0,7.87
CP005895,C01081,Fashion Days,Email,2025-07-04,0,7.64
CP005896,C00271,Electronics Week,Email,2025-06-20,0,3.83
CP005897,C02418,New Customer Welcome,Email,2025-12-01,0,6.91
CP005898,C00705,Summer Savings,Email,2025-10-07,0,0.91
CP005899,C04958,Summer Savings,Social,2025-10-24,1,0.84
CP005900,C01246,Electronics Week,SMS,2025-11-06,0,6.21
CP005901,C00482,Festive Sale,WhatsApp,2025-02-08,0,0.51
CP005902,C00114,New Customer Welcome,Email,2025-07-04,1,0.94
CP005903,C02966,Summer Savings,Email,2025-10-09,0,3.18
CP005904,C04851,Summer Savings,Email,2025-12-01,0,3.34
CP005905,C04593,Win Back,WhatsApp,2025-09-28,0,1.81
CP005906,C04311,Electronics Week,Email,2025-06-12,0,7.11
CP005907,C01142,Fashion Days,WhatsApp,2025-01-30,0,4.41
CP005908,C03662,Fashion Days,Push,2025-04-20,1,2.74
CP005909,C00017,VIP Exclusive,SMS,2025-01-05,0,4.39
CP005910,C03959,VIP Exclusive,WhatsApp,2025-02-23,0,3.54
CP005911,C02767,Fashion Days,Email,2025-09-14,1,0.96
CP005912,C00673,Win Back,Email,2025-05-30,0,3.73
CP005913,C00492,Fashion Days,Push,2025-07-27,0,7.61
CP005914,C03337,Fashion Days,WhatsApp,2025-03-10,1,3.54
CP005915,C04459,Summer Savings,Push,2025-05-17,0,1.23
CP005916,C03915,Summer Savings,Push,2025-07-13,0,5.01
CP005917,C01400,New Customer Welcome,WhatsApp,2025-08-02,0,2.4
CP005918,C04871,Summer Savings,Email,2025-11-03,0,5.05
CP005919,C00276,VIP Exclusive,Social,2025-05-10,0,1.74
CP005920,C00831,Fashion Days,Email,2025-05-10,0,4.12
CP005921,C01571,New Customer Welcome,Email,2025-04-27,0,1.55
CP005922,C00785,Win Back,Push,2025-12-08,0,4.42
CP005923,C03658,Win Back,Email,2025-03-10,0,3.98
CP005924,C02689,VIP Exclusive,Push,2025-07-16,0,5.01
CP005925,C02475,Win Back,WhatsApp,2025-10-24,0,1.74
CP005926,C01288,Summer Savings,Push,2025-06-09,0,7.98
CP005927,C04694,Win Back,Social,2025-01-16,1,2.57
CP005928,C01713,Electronics Week,Email,2025-03-18,0,7.5
CP005929,C01548,VIP Exclusive,Push,2025-06-13,0,1.89
CP005930,C02082,Electronics Week,Email,2025-06-29,0,0.53
CP005931,C04564,Festive Sale,WhatsApp,2025-09-21,0,7.44
CP005932,C04718,Festive Sale,Email,2025-05-24,1,3.79
CP005933,C04445,Fashion Days,Email,2025-10-05,0,0.95
CP005934,C03136,VIP Exclusive,Email,2025-09-04,0,4.51
CP005935,C02132,VIP Exclusive,SMS,2025-11-09,1,1.03
CP005936,C03975,New Customer Welcome,Email,2025-09-04,1,4.33
CP005937,C02260,Summer Savings,Push,2025-12-03,0,5.98
CP005938,C00885,VIP Exclusive,SMS,2025-07-18,1,1.55
CP005939,C00075,Win Back,Email,2025-11-30,0,0.53
CP005940,C00545,Electronics Week,Push,2025-09-13,0,4.11
CP005941,C04743,Win Back,Social,2025-02-04,0,5.74
CP005942,C01753,Festive Sale,WhatsApp,2025-01-14,0,0.84
CP005943,C02436,VIP Exclusive,SMS,2025-01-15,0,2.99
CP005944,C01939,Win Back,Push,2025-08-14,0,1.12
CP005945,C02262,Win Back,Email,2025-09-11,0,4.6
CP005946,C02679,VIP Exclusive,Email,2025-06-05,0,7.44
CP005947,C02046,New Customer Welcome,WhatsApp,2025-03-23,0,6.07
CP005948,C03334,Festive Sale,Email,2025-06-28,0,1.14
CP005949,C01199,New Customer Welcome,Email,2025-05-19,0,4.39
CP005950,C00124,Summer Savings,Push,2025-10-02,1,4.53
CP005951,C04097,Festive Sale,Email,2025-10-09,1,1.35
CP005952,C04201,Electronics Week,Social,2025-05-11,0,6.15
CP005953,C00719,Win Back,Email,2025-07-21,1,2.6
CP005954,C02532,New Customer Welcome,Email,2025-05-19,1,4.97
CP005955,C03497,Summer Savings,WhatsApp,2025-03-23,0,4.3
CP005956,C00782,Electronics Week,Social,2025-12-12,0,3.91
CP005957,C02740,Electronics Week,WhatsApp,2025-10-24,0,2.04
CP005958,C04429,Summer Savings,Push,2025-04-24,1,3.36
CP005959,C00931,Fashion Days,SMS,2025-09-09,0,7.04
CP005960,C00779,Summer Savings,Social,2025-06-27,0,1.37
CP005961,C03078,VIP Exclusive,Email,2025-11-19,0,6.1
CP005962,C02531,Summer Savings,Social,2025-11-16,0,3.76
CP005963,C01194,New Customer Welcome,Email,2025-12-12,0,5.54
CP005964,C00860,Win Back,Push,2025-02-01,0,2.3
CP005965,C01364,Win Back,Email,2025-09-20,0,2.09
CP005966,C01289,VIP Exclusive,Email,2025-04-10,0,7.0
CP005967,C00158,Summer Savings,Email,2025-06-08,0,1.21
CP005968,C00581,Festive Sale,Email,2025-04-22,0,5.24
CP005969,C00748,Fashion Days,WhatsApp,2025-05-27,0,1.15
CP005970,C01235,Summer Savings,Email,2025-09-24,0,1.53
CP005971,C00054,Festive Sale,Email,2025-07-28,0,5.04
CP005972,C00773,Summer Savings,Email,2025-03-16,1,2.35
CP005973,C01173,Festive Sale,WhatsApp,2025-04-09,0,4.43
CP005974,C03822,Electronics Week,Email,2025-08-28,0,6.39
CP005975,C02784,Summer Savings,WhatsApp,2025-09-19,0,6.29
CP005976,C00647,VIP Exclusive,Email,2025-06-07,0,0.64
CP005977,C02087,VIP Exclusive,Email,2025-09-06,0,6.31
CP005978,C01097,New Customer Welcome,Push,2025-09-30,0,3.03
CP005979,C01707,Fashion Days,Push,2025-02-11,0,7.46
CP005980,C01767,Electronics Week,Email,2025-06-17,0,1.43
CP005981,C04274,Festive Sale,Email,2025-05-02,0,7.84
CP005982,C01875,Festive Sale,SMS,2025-06-10,1,5.93
CP005983,C04037,Electronics Week,Push,2025-05-16,0,6.06
CP005984,C04628,Summer Savings,WhatsApp,2025-10-19,0,2.07
CP005985,C01335,Win Back,Push,2025-10-31,0,6.37
CP005986,C01410,Win Back,Email,2025-07-14,1,4.65
CP005987,C03696,New Customer Welcome,Email,2025-02-14,0,2.07
CP005988,C04648,Fashion Days,SMS,2025-07-23,0,2.47
CP005989,C01950,Festive Sale,SMS,2025-09-17,0,0.76
CP005990,C02483,Win Back,Email,2025-01-27,0,7.87
CP005991,C03866,Win Back,SMS,2025-08-28,0,6.48
CP005992,C02417,Win Back,Social,2025-07-04,0,2.14
CP005993,C04216,Summer Savings,Push,2025-09-20,0,2.24
CP005994,C03861,Electronics Week,Social,2025-10-29,1,4.75
CP005995,C00253,New Customer Welcome,Push,2025-01-22,0,7.01
CP005996,C01654,New Customer Welcome,Push,2025-04-20,0,5.5
CP005997,C02570,Fashion Days,Push,2025-06-18,0,5.71
CP005998,C04782,Summer Savings,Email,2025-07-29,0,4.61
CP005999,C00129,Electronics Week,Social,2025-04-10,0,7.61
CP006000,C02683,VIP Exclusive,WhatsApp,2025-01-18,0,2.87
CP006001,C01448,New Customer Welcome,WhatsApp,2025-01-09,1,7.81
CP006002,C03603,New Customer Welcome,Social,2025-07-04,0,0.73
CP006003,C04573,Festive Sale,Push,2025-01-20,0,6.14
CP006004,C00289,Win Back,Push,2025-10-31,0,5.08
CP006005,C02627,New Customer Welcome,WhatsApp,2025-02-03,1,7.69
CP006006,C04443,Festive Sale,WhatsApp,2025-07-28,1,6.8
CP006007,C01784,Win Back,Push,2025-07-25,0,0.57
CP006008,C00671,Festive Sale,SMS,2025-04-25,0,5.58
CP006009,C00703,VIP Exclusive,Social,2025-12-14,1,6.79
CP006010,C03960,Win Back,SMS,2025-09-13,0,6.67
CP006011,C01574,Summer Savings,SMS,2025-02-25,0,6.26
CP006012,C02762,VIP Exclusive,WhatsApp,2025-07-24,1,7.96
CP006013,C01572,Festive Sale,Email,2025-05-13,0,1.18
CP006014,C00967,Summer Savings,Social,2025-11-06,0,0.89
CP006015,C01551,Fashion Days,Push,2025-08-17,0,5.71
CP006016,C02126,Fashion Days,WhatsApp,2025-07-03,1,7.86
CP006017,C04715,Fashion Days,SMS,2025-07-17,0,2.43
CP006018,C00116,Summer Savings,Email,2025-09-23,0,1.99
CP006019,C02595,New Customer Welcome,Email,2025-05-06,1,4.46
CP006020,C02876,Electronics Week,Email,2025-04-13,0,0.95
CP006021,C03286,Electronics Week,Email,2025-06-15,0,4.03
CP006022,C04770,VIP Exclusive,SMS,2025-07-30,0,3.0
CP006023,C00628,New Customer Welcome,Email,2025-10-22,0,6.17
CP006024,C04809,Festive Sale,Push,2025-08-16,1,2.96
CP006025,C00093,VIP Exclusive,SMS,2025-04-26,0,1.01
CP006026,C02077,Summer Savings,Email,2025-08-04,0,2.24
CP006027,C01208,Win Back,SMS,2025-01-27,0,2.5
CP006028,C04816,Summer Savings,SMS,2025-04-29,0,4.22
CP006029,C04885,Fashion Days,Email,2025-10-24,0,6.68
CP006030,C02743,Win Back,Email,2025-06-16,1,4.42
CP006031,C03332,Electronics Week,Email,2025-04-27,0,5.06
CP006032,C01685,Festive Sale,WhatsApp,2025-02-02,0,6.27
CP006033,C02268,Summer Savings,Push,2025-01-04,1,0.98
CP006034,C02339,Festive Sale,SMS,2025-01-21,0,7.69
CP006035,C04202,Electronics Week,Social,2025-02-16,0,6.35
CP006036,C01793,Fashion Days,Push,2025-10-20,0,4.29
CP006037,C04906,Festive Sale,Email,2025-11-15,0,3.98
CP006038,C04519,New Customer Welcome,Push,2025-07-12,0,2.64
CP006039,C01075,New Customer Welcome,Social,2025-05-12,0,3.45
CP006040,C00642,Festive Sale,Social,2025-04-01,0,1.77
CP006041,C04120,Festive Sale,SMS,2025-07-03,1,6.07
CP006042,C03320,New Customer Welcome,Email,2025-01-20,0,0.72
CP006043,C01203,Festive Sale,Push,2025-06-22,0,0.51
CP006044,C01681,Electronics Week,SMS,2025-04-13,0,7.33
CP006045,C03598,Festive Sale,Email,2025-08-05,1,5.6
CP006046,C04949,Festive Sale,Social,2025-09-24,0,7.56
CP006047,C00944,Festive Sale,Email,2025-11-27,1,6.24
CP006048,C01599,Win Back,Social,2025-10-17,0,3.86
CP006049,C01636,Summer Savings,Email,2025-06-22,0,0.58
CP006050,C00413,VIP Exclusive,SMS,2025-02-16,0,3.86
CP006051,C03793,Summer Savings,Push,2025-12-08,0,4.4
CP006052,C01336,Win Back,WhatsApp,2025-09-18,0,0.52
CP006053,C04744,Summer Savings,SMS,2025-05-31,0,4.67
CP006054,C03168,Fashion Days,Email,2025-10-17,0,4.97
CP006055,C00624,Electronics Week,Email,2025-01-06,1,2.14
CP006056,C00184,Festive Sale,SMS,2025-03-06,0,7.36
CP006057,C00378,Festive Sale,WhatsApp,2025-08-01,1,5.9
CP006058,C03980,Summer Savings,WhatsApp,2025-10-31,0,2.39
CP006059,C04010,Festive Sale,SMS,2025-08-08,0,5.59
CP006060,C04465,Summer Savings,Social,2025-01-30,0,3.06
CP006061,C01950,Fashion Days,WhatsApp,2025-08-30,1,1.18
CP006062,C00020,Win Back,Push,2025-11-18,0,6.33
CP006063,C03205,Fashion Days,Push,2025-09-05,1,4.21
CP006064,C03091,Festive Sale,SMS,2025-05-12,0,7.5
CP006065,C02236,Fashion Days,SMS,2025-02-10,0,7.67
CP006066,C00853,Summer Savings,Email,2025-09-17,0,6.73
CP006067,C01342,Summer Savings,Push,2025-10-25,1,2.36
CP006068,C01726,New Customer Welcome,Email,2025-05-08,1,4.09
CP006069,C02617,VIP Exclusive,Push,2025-09-24,0,6.44
CP006070,C04499,Fashion Days,WhatsApp,2025-11-02,0,2.79
CP006071,C03303,Win Back,WhatsApp,2025-11-30,0,2.81
CP006072,C04724,Win Back,WhatsApp,2025-08-23,0,3.65
CP006073,C02915,New Customer Welcome,WhatsApp,2025-02-14,1,3.09
CP006074,C03606,New Customer Welcome,Social,2025-02-26,0,4.94
CP006075,C01892,Win Back,Push,2025-12-04,0,6.48
CP006076,C01561,Win Back,Social,2025-12-14,1,7.2
CP006077,C03117,VIP Exclusive,WhatsApp,2025-06-24,0,1.39
CP006078,C04267,Win Back,WhatsApp,2025-02-03,0,4.75
CP006079,C01856,Win Back,SMS,2025-07-18,1,7.73
CP006080,C03979,Festive Sale,WhatsApp,2025-02-08,0,5.21
CP006081,C01607,Festive Sale,WhatsApp,2025-04-11,0,1.27
CP006082,C04104,Fashion Days,SMS,2025-09-16,0,5.32
CP006083,C03690,Fashion Days,Email,2025-11-29,0,6.24
CP006084,C01740,VIP Exclusive,WhatsApp,2025-10-17,0,6.25
CP006085,C02468,VIP Exclusive,Social,2025-03-01,0,5.31
CP006086,C01530,Festive Sale,Social,2025-05-20,0,3.65
CP006087,C02060,Fashion Days,WhatsApp,2025-11-05,0,6.27
CP006088,C04736,New Customer Welcome,Email,2025-09-29,0,6.66
CP006089,C03584,Electronics Week,Email,2025-09-02,0,7.71
CP006090,C01510,New Customer Welcome,WhatsApp,2025-05-22,0,4.66
CP006091,C04796,Festive Sale,Push,2025-04-20,0,5.8
CP006092,C04129,Electronics Week,WhatsApp,2025-05-31,0,5.39
CP006093,C02313,Electronics Week,Push,2025-08-17,0,7.38
CP006094,C01081,New Customer Welcome,Email,2025-11-09,1,2.21
CP006095,C00558,New Customer Welcome,Email,2025-08-30,0,6.38
CP006096,C01479,Win Back,Email,2025-06-26,0,4.11
CP006097,C03974,Win Back,Email,2025-01-13,0,6.59
CP006098,C04950,Summer Savings,Push,2025-03-13,0,5.73
CP006099,C03143,Summer Savings,SMS,2025-04-14,0,3.88
CP006100,C04796,Win Back,Email,2025-03-29,1,6.21
CP006101,C01955,Fashion Days,Push,2025-10-16,0,1.03
CP006102,C01066,VIP Exclusive,Push,2025-04-02,0,7.49
CP006103,C00226,Summer Savings,Social,2025-10-03,0,1.78
CP006104,C04398,VIP Exclusive,Email,2025-02-16,1,7.38
CP006105,C00410,Summer Savings,Email,2025-11-17,1,1.66
CP006106,C04852,Summer Savings,Email,2025-10-31,0,3.06
CP006107,C03575,VIP Exclusive,SMS,2025-03-09,0,2.07
CP006108,C01932,Fashion Days,WhatsApp,2025-06-16,1,3.14
CP006109,C00886,Electronics Week,Email,2025-03-04,0,7.88
CP006110,C00127,Summer Savings,Social,2025-11-26,0,6.26
CP006111,C00294,Festive Sale,Push,2025-10-01,0,7.35
CP006112,C01819,Fashion Days,Push,2025-04-04,0,5.87
CP006113,C02910,Electronics Week,WhatsApp,2025-11-12,0,3.76
CP006114,C00982,Win Back,Push,2025-03-14,0,2.83
CP006115,C02386,VIP Exclusive,SMS,2025-05-15,0,2.14
CP006116,C01066,Win Back,SMS,2025-05-12,1,5.58
CP006117,C02745,Fashion Days,Email,2025-11-03,0,1.41
CP006118,C00193,Fashion Days,SMS,2025-03-03,0,3.1
CP006119,C01791,New Customer Welcome,WhatsApp,2025-09-07,1,2.79
CP006120,C02012,Electronics Week,Email,2025-04-28,0,5.29
CP006121,C00568,Electronics Week,Social,2025-06-21,0,7.55
CP006122,C02562,New Customer Welcome,Social,2025-06-08,0,3.41
CP006123,C04117,Electronics Week,Email,2025-01-08,0,3.61
CP006124,C00354,Festive Sale,Push,2025-10-18,0,7.54
CP006125,C01222,Festive Sale,SMS,2025-12-04,0,6.18
CP006126,C04392,Win Back,Push,2025-04-28,0,4.76
CP006127,C02108,Summer Savings,SMS,2025-02-17,0,5.33
CP006128,C04387,Electronics Week,WhatsApp,2025-04-12,1,4.47
CP006129,C04129,VIP Exclusive,WhatsApp,2025-11-26,0,6.28
CP006130,C01879,Festive Sale,Email,2025-07-10,1,1.56
CP006131,C04832,Fashion Days,WhatsApp,2025-05-04,0,3.7
CP006132,C00735,VIP Exclusive,WhatsApp,2025-02-06,0,7.27
CP006133,C02960,New Customer Welcome,WhatsApp,2025-09-02,0,0.79
CP006134,C03926,Electronics Week,WhatsApp,2025-04-18,0,0.91
CP006135,C04656,Summer Savings,Email,2025-05-11,0,7.28
CP006136,C00939,New Customer Welcome,Email,2025-08-09,0,2.91
CP006137,C00406,VIP Exclusive,Email,2025-05-25,0,1.43
CP006138,C00298,Fashion Days,Social,2025-10-26,0,6.99
CP006139,C03861,Electronics Week,Email,2025-01-04,0,7.47
CP006140,C00986,Festive Sale,Social,2025-04-22,0,0.73
CP006141,C01756,Electronics Week,Email,2025-06-26,0,1.34
CP006142,C04603,Summer Savings,Email,2025-03-06,0,6.61
CP006143,C04014,New Customer Welcome,SMS,2025-10-29,0,1.49
CP006144,C00283,Summer Savings,Push,2025-04-04,0,7.06
CP006145,C01501,Fashion Days,Email,2025-07-14,0,1.88
CP006146,C04527,Summer Savings,Social,2025-10-07,0,6.68
CP006147,C01323,Win Back,WhatsApp,2025-07-27,0,3.36
CP006148,C02942,Festive Sale,SMS,2025-07-23,1,7.75
CP006149,C01924,VIP Exclusive,SMS,2025-10-28,0,3.23
CP006150,C03365,VIP Exclusive,SMS,2025-06-18,1,1.38
CP006151,C04835,VIP Exclusive,Push,2025-04-18,0,7.89
CP006152,C03720,Electronics Week,WhatsApp,2025-11-16,0,5.21
CP006153,C00396,Festive Sale,Push,2025-11-03,1,0.65
CP006154,C02291,Win Back,Email,2025-08-13,0,5.22
CP006155,C03600,Fashion Days,SMS,2025-03-22,0,5.8
CP006156,C00208,Summer Savings,Email,2025-08-19,0,1.23
CP006157,C00680,Win Back,Push,2025-06-03,1,0.7
CP006158,C04367,Fashion Days,Email,2025-07-08,0,2.86
CP006159,C01285,Fashion Days,Push,2025-12-07,0,2.43
CP006160,C00699,VIP Exclusive,Push,2025-05-16,0,4.93
CP006161,C03535,New Customer Welcome,Push,2025-10-31,0,6.01
CP006162,C03819,Win Back,Social,2025-04-01,0,6.17
CP006163,C00051,Fashion Days,WhatsApp,2025-10-12,1,7.99
CP006164,C00922,Summer Savings,WhatsApp,2025-11-18,0,5.37
CP006165,C00269,Win Back,Social,2025-07-28,0,4.16
CP006166,C04485,Summer Savings,SMS,2025-04-12,0,5.51
CP006167,C01391,VIP Exclusive,WhatsApp,2025-01-23,0,2.14
CP006168,C00048,VIP Exclusive,WhatsApp,2025-06-10,1,2.67
CP006169,C02545,Fashion Days,Push,2025-11-18,0,0.56
CP006170,C01626,Win Back,WhatsApp,2025-05-11,0,1.32
CP006171,C00568,Festive Sale,Email,2025-05-07,0,6.46
CP006172,C01683,VIP Exclusive,WhatsApp,2025-02-15,0,2.9
CP006173,C04743,Win Back,Social,2025-06-07,0,7.31
CP006174,C01232,New Customer Welcome,WhatsApp,2025-11-18,0,6.99
CP006175,C03518,Electronics Week,Push,2025-11-15,0,3.82
CP006176,C01201,New Customer Welcome,Push,2025-06-28,1,7.93
CP006177,C03014,Electronics Week,Email,2025-01-13,1,2.72
CP006178,C00086,Festive Sale,Push,2025-07-01,0,4.13
CP006179,C00717,Fashion Days,Email,2025-04-02,0,5.87
CP006180,C02901,VIP Exclusive,Email,2025-01-31,0,2.25
CP006181,C01419,Win Back,WhatsApp,2025-03-15,0,3.39
CP006182,C04422,Fashion Days,Social,2025-05-28,0,0.99
CP006183,C04863,Win Back,WhatsApp,2025-07-15,0,2.32
CP006184,C00154,Fashion Days,Push,2025-01-21,0,3.07
CP006185,C03037,Festive Sale,SMS,2025-09-10,0,7.61
CP006186,C02614,Festive Sale,Email,2025-03-22,1,0.6
CP006187,C00379,Summer Savings,Social,2025-02-12,0,3.83
CP006188,C03731,Festive Sale,Social,2025-06-18,0,7.0
CP006189,C03249,Win Back,Push,2025-08-22,0,6.65
CP006190,C01655,Summer Savings,Email,2025-09-07,0,6.26
CP006191,C04929,Win Back,WhatsApp,2025-01-22,0,7.24
CP006192,C03391,Fashion Days,Email,2025-10-25,1,6.46
CP006193,C03308,New Customer Welcome,Social,2025-03-15,0,3.26
CP006194,C02893,New Customer Welcome,Social,2025-08-19,0,5.87
CP006195,C03534,Electronics Week,WhatsApp,2025-01-27,0,3.9
CP006196,C01072,Win Back,Push,2025-10-12,0,6.24
CP006197,C02348,Electronics Week,SMS,2025-06-18,0,5.62
CP006198,C02519,Festive Sale,WhatsApp,2025-03-22,1,5.02
CP006199,C00530,Win Back,Social,2025-07-06,0,6.27
CP006200,C02636,Festive Sale,Email,2025-04-09,1,2.54
CP006201,C04759,Electronics Week,Push,2025-05-18,0,3.71
CP006202,C02516,Festive Sale,SMS,2025-05-18,0,6.61
CP006203,C00789,Festive Sale,Email,2025-05-21,0,3.62
CP006204,C03136,Win Back,SMS,2025-07-02,0,7.54
CP006205,C02541,VIP Exclusive,Push,2025-09-27,0,6.11
CP006206,C03504,Win Back,WhatsApp,2025-01-06,0,1.68
CP006207,C01158,Fashion Days,Email,2025-07-03,1,7.79
CP006208,C01387,Fashion Days,Email,2025-07-21,0,7.08
CP006209,C03937,Electronics Week,Email,2025-07-22,0,6.61
CP006210,C00340,Festive Sale,Email,2025-11-18,0,3.98
CP006211,C02753,Electronics Week,Email,2025-08-14,1,2.63
CP006212,C01341,New Customer Welcome,SMS,2025-03-29,0,7.39
CP006213,C00905,Festive Sale,Email,2025-02-04,0,0.93
CP006214,C02098,Summer Savings,Email,2025-08-14,0,3.38
CP006215,C03898,Electronics Week,Push,2025-12-01,0,6.0
CP006216,C03219,Electronics Week,Email,2025-03-11,0,0.69
CP006217,C04834,Win Back,SMS,2025-02-25,1,3.09
CP006218,C03383,New Customer Welcome,Push,2025-12-08,0,7.04
CP006219,C01617,Win Back,Push,2025-05-07,1,0.88
CP006220,C03448,Win Back,Email,2025-05-01,0,6.59
CP006221,C04060,Summer Savings,Social,2025-04-07,0,2.14
CP006222,C02224,New Customer Welcome,Social,2025-08-07,0,6.77
CP006223,C04275,New Customer Welcome,WhatsApp,2025-12-07,1,0.93
CP006224,C01938,Win Back,Email,2025-09-12,1,1.95
CP006225,C03106,New Customer Welcome,WhatsApp,2025-08-03,0,5.63
CP006226,C01705,VIP Exclusive,Push,2025-09-18,0,2.47
CP006227,C01234,Fashion Days,SMS,2025-05-17,1,2.36
CP006228,C00604,New Customer Welcome,WhatsApp,2025-09-02,0,4.38
CP006229,C01610,Win Back,SMS,2025-11-05,1,0.52
CP006230,C00348,Summer Savings,Email,2025-06-18,0,5.02
CP006231,C02205,Electronics Week,WhatsApp,2025-02-02,0,7.28
CP006232,C03081,Win Back,SMS,2025-01-21,0,4.4
CP006233,C01064,Festive Sale,WhatsApp,2025-09-30,0,7.18
CP006234,C01828,Festive Sale,Social,2025-11-08,0,6.49
CP006235,C00390,VIP Exclusive,SMS,2025-04-17,0,7.31
CP006236,C00136,Win Back,Email,2025-03-27,0,0.6
CP006237,C01581,Summer Savings,Email,2025-04-30,0,3.92
CP006238,C03417,Festive Sale,Push,2025-01-12,0,5.17
CP006239,C03794,Festive Sale,WhatsApp,2025-01-29,0,6.94
CP006240,C01307,Win Back,Email,2025-05-28,0,4.3
CP006241,C01988,New Customer Welcome,Email,2025-03-12,0,5.71
CP006242,C01176,Fashion Days,Email,2025-08-18,0,6.5
CP006243,C02372,Fashion Days,Social,2025-05-06,1,1.7
CP006244,C02735,Festive Sale,Email,2025-02-21,0,5.91
CP006245,C02679,Summer Savings,Email,2025-03-07,0,6.83
CP006246,C02075,Electronics Week,Push,2025-03-01,0,3.39
CP006247,C00170,Fashion Days,WhatsApp,2025-09-05,0,4.19
CP006248,C00061,Festive Sale,Email,2025-10-13,0,4.75
CP006249,C04755,Festive Sale,Email,2025-04-14,1,4.28
CP006250,C00356,VIP Exclusive,WhatsApp,2025-06-10,0,0.51
CP006251,C02232,Fashion Days,Email,2025-04-26,1,2.84
CP006252,C03091,Win Back,Email,2025-06-22,0,1.65
CP006253,C01609,Win Back,SMS,2025-10-25,0,7.66
CP006254,C01768,Summer Savings,Email,2025-08-28,0,3.28
CP006255,C04716,Win Back,Email,2025-02-19,0,5.58
CP006256,C02167,Festive Sale,Push,2025-02-27,0,4.62
CP006257,C02713,Electronics Week,Push,2025-02-21,0,7.37
CP006258,C00166,Festive Sale,Email,2025-10-06,0,2.41
CP006259,C02866,New Customer Welcome,WhatsApp,2025-01-25,0,4.78
CP006260,C02459,Fashion Days,Push,2025-05-01,0,1.95
CP006261,C00136,Electronics Week,WhatsApp,2025-09-10,0,1.44
CP006262,C02305,Win Back,Email,2025-03-17,0,4.27
CP006263,C01580,Festive Sale,SMS,2025-06-25,0,1.74
CP006264,C03464,Win Back,SMS,2025-09-15,0,7.95
CP006265,C03455,New Customer Welcome,Email,2025-12-02,0,4.7
CP006266,C01939,Fashion Days,SMS,2025-05-03,0,1.06
CP006267,C00113,Fashion Days,SMS,2025-01-19,1,6.93
CP006268,C00052,New Customer Welcome,Email,2025-12-13,0,3.86
CP006269,C03951,VIP Exclusive,WhatsApp,2025-04-17,0,7.78
CP006270,C04233,VIP Exclusive,Email,2025-07-25,0,7.62
CP006271,C04299,Festive Sale,WhatsApp,2025-12-07,0,4.15
CP006272,C00125,Festive Sale,WhatsApp,2025-09-08,0,5.25
CP006273,C03130,Summer Savings,WhatsApp,2025-07-13,1,2.9
CP006274,C03208,Win Back,Push,2025-06-05,0,5.53
CP006275,C04535,Fashion Days,Email,2025-10-29,0,3.64
CP006276,C00822,Fashion Days,WhatsApp,2025-06-22,1,5.78
CP006277,C03659,New Customer Welcome,Push,2025-06-06,0,3.1
CP006278,C03055,Win Back,SMS,2025-03-13,1,3.5
CP006279,C01530,Festive Sale,Email,2025-04-02,0,2.93
CP006280,C03467,Electronics Week,SMS,2025-11-16,0,7.39
CP006281,C03351,Win Back,Social,2025-04-07,1,5.16
CP006282,C03124,Fashion Days,SMS,2025-04-09,1,0.97
CP006283,C00347,Win Back,WhatsApp,2025-09-05,0,2.72
CP006284,C04310,New Customer Welcome,Email,2025-08-05,0,3.23
CP006285,C04159,New Customer Welcome,Push,2025-07-16,0,2.03
CP006286,C02585,Win Back,WhatsApp,2025-08-18,0,5.2
CP006287,C01373,Electronics Week,SMS,2025-09-07,0,3.79
CP006288,C02339,Summer Savings,Push,2025-02-08,1,0.84
CP006289,C04156,Summer Savings,Push,2025-01-27,0,2.13
CP006290,C02168,Summer Savings,Push,2025-08-12,0,2.05
CP006291,C03550,Electronics Week,Email,2025-08-06,1,3.16
CP006292,C03075,New Customer Welcome,Push,2025-07-03,0,5.9
CP006293,C01271,Summer Savings,Email,2025-04-19,1,1.54
CP006294,C03797,Festive Sale,Email,2025-03-31,0,5.54
CP006295,C00035,VIP Exclusive,WhatsApp,2025-06-17,1,2.41
CP006296,C00845,Fashion Days,Email,2025-11-10,0,2.09
CP006297,C01287,Fashion Days,Push,2025-12-07,0,5.17
CP006298,C04971,VIP Exclusive,Push,2025-01-06,0,3.98
CP006299,C01244,Summer Savings,WhatsApp,2025-07-19,1,5.99
CP006300,C00716,VIP Exclusive,Email,2025-05-01,0,5.54
CP006301,C01569,Summer Savings,WhatsApp,2025-05-05,0,7.36
CP006302,C03188,Win Back,SMS,2025-07-31,0,0.96
CP006303,C04086,Win Back,Social,2025-03-02,1,7.99
CP006304,C03716,Win Back,Email,2025-02-23,0,2.91
CP006305,C04151,Fashion Days,WhatsApp,2025-02-22,0,6.61
CP006306,C01010,Summer Savings,Email,2025-04-02,0,3.18
CP006307,C04344,Electronics Week,Push,2025-08-15,0,5.6
CP006308,C01307,Win Back,SMS,2025-11-04,0,0.66
CP006309,C00972,Summer Savings,SMS,2025-06-25,0,2.54
CP006310,C03373,Win Back,Push,2025-04-07,1,2.82
CP006311,C03566,New Customer Welcome,Push,2025-07-17,0,7.22
CP006312,C01478,Electronics Week,WhatsApp,2025-07-16,0,1.87
CP006313,C01570,New Customer Welcome,Social,2025-07-24,0,7.05
CP006314,C02852,Fashion Days,WhatsApp,2025-08-06,0,2.3
CP006315,C04485,New Customer Welcome,Email,2025-10-14,0,3.85
CP006316,C01970,Fashion Days,Push,2025-05-10,0,6.11
CP006317,C03736,VIP Exclusive,Email,2025-05-15,0,4.53
CP006318,C03669,Win Back,SMS,2025-02-01,1,6.82
CP006319,C04945,Win Back,Email,2025-06-06,0,7.8
CP006320,C04258,Festive Sale,WhatsApp,2025-11-13,0,3.63
CP006321,C04869,VIP Exclusive,Email,2025-07-05,0,4.29
CP006322,C02504,Fashion Days,Push,2025-08-18,0,6.99
CP006323,C02453,Electronics Week,WhatsApp,2025-02-23,0,1.01
CP006324,C03188,VIP Exclusive,Email,2025-06-15,0,2.47
CP006325,C04391,Summer Savings,Push,2025-06-11,0,3.28
CP006326,C03642,Summer Savings,SMS,2025-08-05,0,1.67
CP006327,C00561,Fashion Days,SMS,2025-11-20,0,0.73
CP006328,C04075,VIP Exclusive,SMS,2025-02-25,0,1.44
CP006329,C04599,Fashion Days,SMS,2025-02-14,0,7.24
CP006330,C02353,Win Back,Push,2025-01-25,1,2.71
CP006331,C03102,VIP Exclusive,WhatsApp,2025-07-01,0,2.76
CP006332,C02308,VIP Exclusive,SMS,2025-03-19,0,6.16
CP006333,C04780,VIP Exclusive,Push,2025-09-26,0,0.78
CP006334,C03398,Win Back,Push,2025-05-12,0,1.86
CP006335,C04661,Summer Savings,Email,2025-05-21,0,4.05
CP006336,C01977,New Customer Welcome,WhatsApp,2025-12-15,0,0.85
CP006337,C01316,Fashion Days,SMS,2025-11-16,0,4.11
CP006338,C01718,New Customer Welcome,Email,2025-03-10,0,3.76
CP006339,C03098,Festive Sale,Social,2025-07-21,0,0.91
CP006340,C03040,Win Back,WhatsApp,2025-07-07,1,0.91
CP006341,C01924,Electronics Week,,2025-04-01,0,3.05
CP006342,C03585,Summer Savings,WhatsApp,2025-12-02,0,0.55
CP006343,C02391,VIP Exclusive,WhatsApp,2025-06-22,0,4.22
CP006344,C00569,VIP Exclusive,Email,2025-05-28,0,5.81
CP006345,C01843,New Customer Welcome,Email,2025-12-01,0,3.87
CP006346,C02596,Festive Sale,Email,2025-05-07,0,5.9
CP006347,C03375,New Customer Welcome,Social,2025-01-10,0,3.5
CP006348,C04443,Win Back,Push,2025-01-29,0,6.35
CP006349,C02727,Fashion Days,WhatsApp,2025-02-13,0,5.75
CP006350,C02291,Win Back,SMS,2025-06-10,1,6.79
CP006351,C01069,Festive Sale,Email,2025-07-05,0,2.29
CP006352,C03261,Fashion Days,WhatsApp,2025-07-18,0,2.31
CP006353,C02041,Summer Savings,Social,2025-04-09,0,5.34
CP006354,C01147,Fashion Days,WhatsApp,2025-08-22,0,6.4
CP006355,C02469,VIP Exclusive,Email,2025-08-27,0,7.95
CP006356,C01715,New Customer Welcome,Email,2025-02-22,0,4.96
CP006357,C04397,New Customer Welcome,Email,2025-06-13,0,5.02
CP006358,C02274,Electronics Week,Social,2025-03-29,1,6.18
CP006359,C04240,Electronics Week,WhatsApp,2025-02-01,0,7.85
CP006360,C00587,Fashion Days,Social,2025-03-28,0,4.17
CP006361,C02464,Electronics Week,WhatsApp,2025-08-20,1,0.73
CP006362,C03086,VIP Exclusive,Email,2025-04-11,1,3.11
CP006363,C04188,VIP Exclusive,WhatsApp,2025-06-27,0,4.85
CP006364,C01704,Electronics Week,SMS,2025-10-07,0,5.19
CP006365,C00408,New Customer Welcome,Push,2025-10-07,0,7.57
CP006366,C00029,Fashion Days,Social,2025-03-13,0,6.66
CP006367,C01797,Fashion Days,Social,2025-09-10,0,0.54
CP006368,C01867,Fashion Days,Email,2025-06-28,0,5.03
CP006369,C01805,New Customer Welcome,WhatsApp,2025-12-08,0,7.7
CP006370,C01001,Summer Savings,Email,2025-04-15,0,3.72
CP006371,C00378,VIP Exclusive,Social,2025-07-01,0,7.97
CP006372,C01654,Festive Sale,WhatsApp,2025-12-04,0,4.42
CP006373,C04360,Win Back,Push,2025-10-13,0,2.7
CP006374,C02414,Festive Sale,Push,2025-01-29,0,0.75
CP006375,C00096,Win Back,WhatsApp,2025-04-18,0,4.58
CP006376,C04513,New Customer Welcome,Push,2025-06-26,0,3.51
CP006377,C03350,New Customer Welcome,Email,2025-11-28,0,5.02
CP006378,C04365,New Customer Welcome,WhatsApp,2025-09-20,0,2.13
CP006379,C01694,Electronics Week,Email,2025-03-20,0,4.41
CP006380,C01300,Festive Sale,WhatsApp,2025-05-22,0,5.3
CP006381,C03643,New Customer Welcome,WhatsApp,2025-06-26,0,6.21
CP006382,C03579,Fashion Days,Push,2025-10-14,1,4.67
CP006383,C01516,Festive Sale,Social,2025-04-22,0,1.9
CP006384,C00882,VIP Exclusive,SMS,2025-09-10,0,0.62
CP006385,C01482,Win Back,Push,2025-11-30,0,4.19
CP006386,C01295,New Customer Welcome,SMS,2025-03-03,0,1.66
CP006387,C00525,Win Back,WhatsApp,2025-07-19,0,6.39
CP006388,C03739,VIP Exclusive,Push,2025-11-27,0,6.59
CP006389,C03206,New Customer Welcome,Email,2025-12-01,0,1.22
CP006390,C03191,VIP Exclusive,WhatsApp,2025-01-22,1,6.52
CP006391,C01239,Summer Savings,Email,2025-09-06,0,1.07
CP006392,C04959,New Customer Welcome,SMS,2025-04-24,0,2.97
CP006393,C00074,New Customer Welcome,SMS,2025-01-02,0,8.0
CP006394,C01415,Electronics Week,SMS,2025-07-25,0,4.84
CP006395,C04930,VIP Exclusive,Social,2025-01-07,1,0.75
CP006396,C00345,Win Back,SMS,2025-08-26,1,1.72
CP006397,C03018,Summer Savings,WhatsApp,2025-07-31,0,3.73
CP006398,C02405,New Customer Welcome,WhatsApp,2025-07-26,0,1.23
CP006399,C04501,Electronics Week,Social,2025-02-03,0,5.83
CP006400,C01337,Festive Sale,Push,2025-07-21,0,2.11
CP006401,C02464,Electronics Week,Email,2025-07-09,0,2.69
CP006402,C02445,Summer Savings,Social,2025-05-25,1,2.01
CP006403,C02292,Electronics Week,SMS,2025-11-02,0,3.76
CP006404,C02956,Summer Savings,Social,2025-11-17,0,2.29
CP006405,C04195,New Customer Welcome,Push,2025-06-29,0,4.55
CP006406,C03472,VIP Exclusive,SMS,2025-10-29,0,5.41
CP006407,C01381,Summer Savings,SMS,2025-04-23,0,7.41
CP006408,C03934,New Customer Welcome,Email,2025-07-08,0,6.85
CP006409,C01693,Festive Sale,SMS,2025-01-11,0,7.03
CP006410,C02125,Fashion Days,WhatsApp,2025-09-04,0,0.86
CP006411,C04210,Festive Sale,,2025-01-25,1,7.27
CP006412,C01845,VIP Exclusive,WhatsApp,2025-04-27,0,2.72
CP006413,C01729,Festive Sale,Social,2025-09-27,0,4.25
CP006414,C01217,Summer Savings,WhatsApp,2025-11-01,1,0.79
CP006415,C02828,VIP Exclusive,Email,2025-01-17,0,2.16
CP006416,C00409,Fashion Days,WhatsApp,2025-07-22,0,5.16
CP006417,C01670,Win Back,WhatsApp,2025-01-20,0,4.81
CP006418,C02040,Summer Savings,WhatsApp,2025-11-15,1,2.18
CP006419,C01741,New Customer Welcome,Push,2025-06-22,0,7.04
CP006420,C01804,New Customer Welcome,WhatsApp,2025-07-18,0,1.24
CP006421,C04005,New Customer Welcome,Social,2025-01-23,1,1.34
CP006422,C00319,Electronics Week,Email,2025-02-09,0,5.33
CP006423,C00544,Win Back,Email,2025-01-03,1,1.24
CP006424,C01895,Electronics Week,Email,2025-11-18,0,2.14
CP006425,C03472,VIP Exclusive,Push,2025-02-22,0,4.95
CP006426,C01302,New Customer Welcome,Email,2025-10-04,1,0.98
CP006427,C02791,VIP Exclusive,WhatsApp,2025-03-22,0,0.9
CP006428,C01159,New Customer Welcome,WhatsApp,2025-04-03,0,7.75
CP006429,C03112,VIP Exclusive,Social,2025-03-24,1,2.47
CP006430,C03481,VIP Exclusive,SMS,2025-08-17,0,3.13
CP006431,C04507,VIP Exclusive,WhatsApp,2025-06-22,0,2.76
CP006432,C03488,Electronics Week,WhatsApp,2025-11-02,0,3.76
CP006433,C04919,Festive Sale,Social,2025-10-26,0,7.09
CP006434,C01400,Fashion Days,Push,2025-03-24,1,0.77
CP006435,C04379,Festive Sale,WhatsApp,2025-05-21,0,5.77
CP006436,C02612,VIP Exclusive,Email,2025-10-12,0,3.54
CP006437,C04284,Win Back,WhatsApp,2025-02-18,1,5.75
CP006438,C03398,Summer Savings,SMS,2025-06-06,1,1.09
CP006439,C03978,Electronics Week,WhatsApp,2025-01-17,0,0.91
CP006440,C00884,Electronics Week,Email,2025-06-01,0,4.88
CP006441,C00052,Summer Savings,WhatsApp,2025-01-31,0,4.28
CP006442,C02541,Festive Sale,Push,2025-11-21,0,6.61
CP006443,C04110,Fashion Days,WhatsApp,2025-10-25,0,2.5
CP006444,C01596,Win Back,Email,2025-08-30,0,6.13
CP006445,C04003,Electronics Week,Email,2025-03-30,0,6.1
CP006446,C03451,VIP Exclusive,WhatsApp,2025-12-12,0,0.6
CP006447,C02847,Electronics Week,SMS,2025-07-17,0,3.64
CP006448,C03232,Summer Savings,Email,2025-05-09,0,1.02
CP006449,C03200,New Customer Welcome,Push,2025-02-01,0,3.92
CP006450,C04636,VIP Exclusive,WhatsApp,2025-07-06,1,3.06
CP006451,C04407,Summer Savings,WhatsApp,2025-02-23,0,5.01
CP006452,C04706,New Customer Welcome,Push,2025-02-09,1,5.63
CP006453,C01224,VIP Exclusive,Push,2025-09-17,1,1.94
CP006454,C03120,Festive Sale,WhatsApp,2025-09-02,0,5.42
CP006455,C04021,Fashion Days,Social,2025-03-17,0,6.01
CP006456,C01011,Win Back,Email,2025-07-21,0,0.69
CP006457,C01344,VIP Exclusive,SMS,2025-09-23,0,3.08
CP006458,C01088,Electronics Week,Email,2025-12-10,1,6.19
CP006459,C01018,Electronics Week,WhatsApp,2025-10-15,0,1.76
CP006460,C00891,Festive Sale,WhatsApp,2025-06-30,1,6.94
CP006461,C03887,Summer Savings,SMS,2025-02-08,0,7.08
CP006462,C00647,Festive Sale,Email,2025-10-30,0,0.55
CP006463,C00534,VIP Exclusive,WhatsApp,2025-03-12,0,1.67
CP006464,C04168,Festive Sale,SMS,2025-05-15,0,5.85
CP006465,C04726,Fashion Days,Social,2025-01-24,0,3.05
CP006466,C04445,Win Back,WhatsApp,2025-04-12,1,2.34
CP006467,C00812,Festive Sale,WhatsApp,2025-08-08,1,5.85
CP006468,C00257,Win Back,Push,2025-09-20,1,1.63
CP006469,C00449,Summer Savings,SMS,2025-10-27,0,2.43
CP006470,C00876,Win Back,Email,2025-05-12,0,3.61
CP006471,C01121,Fashion Days,SMS,2025-03-30,0,2.95
CP006472,C04843,New Customer Welcome,Email,2025-04-20,1,1.79
CP006473,C04100,New Customer Welcome,SMS,2025-07-11,1,1.99
CP006474,C00103,Festive Sale,SMS,2025-09-14,0,4.88
CP006475,C02991,Win Back,Push,2025-08-06,0,7.61
CP006476,C01201,Fashion Days,Push,2025-08-04,1,4.13
CP006477,C00077,VIP Exclusive,Push,2025-02-28,0,5.4
CP006478,C02027,Win Back,WhatsApp,2025-05-02,0,5.82
CP006479,C02955,Fashion Days,Push,2025-03-23,0,5.81
CP006480,C03230,Summer Savings,WhatsApp,2025-07-30,0,6.0
CP006481,C01267,New Customer Welcome,Push,2025-02-15,0,3.62
CP006482,C03269,Festive Sale,Email,2025-01-04,1,2.38
CP006483,C01252,Fashion Days,WhatsApp,2025-04-03,1,6.2
CP006484,C01865,Summer Savings,SMS,2025-02-06,1,5.08
CP006485,C00759,Win Back,WhatsApp,2025-05-09,1,5.39
CP006486,C04344,Fashion Days,Social,2025-09-19,0,1.68
CP006487,C03273,New Customer Welcome,WhatsApp,2025-08-30,0,3.89
CP006488,C02954,Electronics Week,SMS,2025-09-12,1,3.44
CP006489,C00224,Win Back,WhatsApp,2025-12-03,0,5.11
CP006490,C02759,Win Back,Push,2025-04-01,0,1.0
CP006491,C02036,Summer Savings,Push,2025-06-23,0,0.86
CP006492,C01209,Summer Savings,WhatsApp,2025-10-16,1,4.74
CP006493,C04049,VIP Exclusive,Push,2025-01-18,0,2.38
CP006494,C02222,New Customer Welcome,WhatsApp,2025-03-13,0,5.06
CP006495,C01959,VIP Exclusive,Push,2025-06-14,1,5.29
CP006496,C03911,Summer Savings,Email,2025-04-06,0,1.02
CP006497,C04191,VIP Exclusive,WhatsApp,2025-09-22,1,7.21
CP006498,C04419,Festive Sale,Push,2025-06-09,0,6.15
CP006499,C04968,Win Back,Email,2025-10-21,0,3.02
CP006500,C00025,Festive Sale,SMS,2025-01-21,0,2.44
CP006501,C00441,Electronics Week,Push,2025-03-07,0,7.98
CP006502,C02997,Summer Savings,WhatsApp,2025-08-31,0,1.38
CP006503,C04630,Win Back,WhatsApp,2025-03-13,1,2.73
CP006504,C01529,New Customer Welcome,Push,2025-08-30,1,5.97
CP006505,C02274,Festive Sale,Email,2025-05-22,0,5.67
CP006506,C03197,Fashion Days,SMS,2025-05-26,0,1.62
CP006507,C04883,Festive Sale,Social,2025-07-26,0,7.15
CP006508,C04636,New Customer Welcome,Social,2025-10-26,0,2.51
CP006509,C01546,Festive Sale,Email,2025-04-25,1,1.96
CP006510,C03958,New Customer Welcome,SMS,2025-02-08,1,2.47
CP006511,C00653,Win Back,SMS,2025-05-23,1,2.62
CP006512,C04354,Win Back,SMS,2025-06-22,0,3.72
CP006513,C03466,Fashion Days,Push,2025-09-21,0,2.15
CP006514,C01334,Fashion Days,WhatsApp,2025-06-16,0,5.71
CP006515,C04780,VIP Exclusive,SMS,2025-08-10,0,5.42
CP006516,C01126,Summer Savings,WhatsApp,2025-10-24,0,6.23
CP006517,C02808,Electronics Week,Push,2025-04-14,0,3.18
CP006518,C00203,Win Back,Social,2025-04-25,0,4.68
CP006519,C01823,Win Back,WhatsApp,2025-10-22,1,5.5
CP006520,C01651,Fashion Days,Push,2025-11-16,0,3.6
CP006521,C04557,Electronics Week,Push,2025-06-04,1,7.49
CP006522,C01297,Win Back,Social,2025-11-26,0,3.22
CP006523,C01558,Summer Savings,SMS,2025-02-12,0,3.02
CP006524,C02485,VIP Exclusive,Social,2025-11-14,1,0.6
CP006525,C00145,Festive Sale,Push,2025-05-17,0,1.55
CP006526,C01512,New Customer Welcome,Social,2025-11-22,0,7.85
CP006527,C01103,Fashion Days,Push,2025-10-17,0,6.12
CP006528,C00024,Festive Sale,Social,2025-10-03,0,6.84
CP006529,C03097,VIP Exclusive,Email,2025-06-11,0,6.87
CP006530,C03889,VIP Exclusive,Email,2025-03-27,1,4.87
CP006531,C01901,Electronics Week,Email,2025-07-14,0,6.91
CP006532,C04814,VIP Exclusive,SMS,2025-05-15,0,1.99
CP006533,C00615,Win Back,Email,2025-01-04,0,0.86
CP006534,C02637,VIP Exclusive,SMS,2025-06-25,0,1.12
CP006535,C04825,Summer Savings,Email,2025-01-24,0,6.69
CP006536,C02847,Summer Savings,Push,2025-10-07,1,3.73
CP006537,C02651,Electronics Week,Email,2025-11-11,0,7.72
CP006538,C01877,New Customer Welcome,Email,2025-01-22,0,6.9
CP006539,C00691,Win Back,SMS,2025-04-10,0,3.98
CP006540,C04509,Summer Savings,Push,2025-10-15,0,6.99
CP006541,C03895,Festive Sale,Social,2025-10-16,0,0.92
CP006542,C01989,Fashion Days,Email,2025-10-22,0,7.28
CP006543,C03029,Electronics Week,Email,2025-02-05,0,1.37
CP006544,C04219,Festive Sale,Email,2025-09-03,1,6.32
CP006545,C00859,Summer Savings,Push,2025-12-08,1,4.15
CP006546,C04711,Electronics Week,SMS,2025-10-23,1,1.62
CP006547,C01491,Festive Sale,Email,2025-02-19,1,6.52
CP006548,C02185,Summer Savings,Push,2025-07-10,0,1.0
CP006549,C04458,New Customer Welcome,SMS,2025-11-19,0,2.69
CP006550,C03808,Win Back,Email,2025-10-23,0,2.17
CP006551,C02064,Electronics Week,Push,2025-10-30,0,6.51
CP006552,C04975,Festive Sale,SMS,2025-01-26,0,3.77
CP006553,C01709,Electronics Week,WhatsApp,2025-03-02,1,2.91
CP006554,C02706,Festive Sale,SMS,2025-05-29,0,4.02
CP006555,C03295,Summer Savings,Email,2025-06-26,0,0.59
CP006556,C04018,Festive Sale,WhatsApp,2025-02-02,0,2.82
CP006557,C04509,Win Back,Email,2025-07-13,0,7.74
CP006558,C00683,Win Back,SMS,2025-12-02,1,1.78
CP006559,C02485,VIP Exclusive,Push,2025-01-12,0,4.89
CP006560,C00484,Electronics Week,WhatsApp,2025-05-31,0,7.46
CP006561,C02887,Summer Savings,Email,2025-11-30,0,3.91
CP006562,C01705,VIP Exclusive,Email,2025-09-24,0,4.83
CP006563,C04685,Festive Sale,Email,2025-03-13,0,1.77
CP006564,C01899,Fashion Days,WhatsApp,2025-07-18,1,1.02
CP006565,C02634,Electronics Week,WhatsApp,2025-06-07,0,2.02
CP006566,C01035,New Customer Welcome,SMS,2025-11-27,1,6.94
CP006567,C02597,Electronics Week,Social,2025-07-20,0,4.02
CP006568,C03181,New Customer Welcome,Email,2025-11-26,0,7.72
CP006569,C04028,Festive Sale,SMS,2025-10-27,1,1.7
CP006570,C00597,New Customer Welcome,Email,2025-07-28,0,6.01
CP006571,C02313,VIP Exclusive,SMS,2025-10-10,0,3.33
CP006572,C03441,Fashion Days,SMS,2025-02-17,0,7.3
CP006573,C03036,New Customer Welcome,Email,2025-05-27,0,0.65
CP006574,C02685,New Customer Welcome,Social,2025-03-03,0,4.56
CP006575,C02745,Summer Savings,Push,2025-06-22,1,2.3
CP006576,C00021,Electronics Week,Push,2025-03-18,0,5.3
CP006577,C00461,Festive Sale,Email,2025-12-10,1,5.36
CP006578,C01332,New Customer Welcome,SMS,2025-11-04,0,2.56
CP006579,C02122,Fashion Days,WhatsApp,2025-09-22,1,7.48
CP006580,C04581,Summer Savings,Email,2025-05-04,0,6.87
CP006581,C03316,Summer Savings,WhatsApp,2025-01-14,0,6.31
CP006582,C00786,Electronics Week,Email,2025-08-29,1,6.68
CP006583,C00572,New Customer Welcome,Social,2025-07-21,1,3.52
CP006584,C04294,Festive Sale,Email,2025-10-22,0,5.66
CP006585,C03298,Fashion Days,Email,2025-07-21,0,1.04
CP006586,C01227,Summer Savings,Email,2025-06-11,0,7.31
CP006587,C01873,Festive Sale,WhatsApp,2025-08-04,0,7.16
CP006588,C02961,Electronics Week,WhatsApp,2025-05-02,0,2.47
CP006589,C02890,Festive Sale,WhatsApp,2025-11-21,0,6.91
CP006590,C02610,VIP Exclusive,SMS,2025-01-10,0,7.12
CP006591,C04629,Festive Sale,Email,2025-09-17,0,7.62
CP006592,C02590,Summer Savings,Push,2025-07-04,0,2.86
CP006593,C00280,New Customer Welcome,Email,2025-09-17,1,4.54
CP006594,C03985,Summer Savings,WhatsApp,2025-06-12,0,4.88
CP006595,C00509,Win Back,SMS,2025-02-03,0,0.85
CP006596,C02239,VIP Exclusive,SMS,2025-10-17,0,6.28
CP006597,C03631,Festive Sale,Push,2025-04-23,0,5.13
CP006598,C02940,Electronics Week,Push,2025-06-21,1,7.58
CP006599,C03626,Fashion Days,WhatsApp,2025-06-21,0,0.83
CP006600,C01822,Win Back,Email,2025-02-07,0,5.04
CP006601,C01979,VIP Exclusive,WhatsApp,2025-01-12,0,3.69
CP006602,C03786,VIP Exclusive,Email,2025-05-29,0,5.72
CP006603,C04745,Win Back,SMS,2025-09-23,0,0.8
CP006604,C01550,Summer Savings,SMS,2025-07-21,1,2.04
CP006605,C04864,New Customer Welcome,WhatsApp,2025-02-08,0,1.27
CP006606,C04909,Electronics Week,Email,2025-03-18,0,1.57
CP006607,C01067,New Customer Welcome,WhatsApp,2025-09-23,0,4.37
CP006608,C02940,Summer Savings,WhatsApp,2025-07-29,0,7.0
CP006609,C02658,Fashion Days,WhatsApp,2025-01-05,0,3.71
CP006610,C04668,New Customer Welcome,WhatsApp,2025-06-14,0,5.69
CP006611,C00441,Win Back,WhatsApp,2025-07-25,0,5.25
CP006612,C04033,Electronics Week,Email,2025-10-10,0,5.14
CP006613,C02083,Fashion Days,SMS,2025-02-28,0,3.88
CP006614,C01171,Summer Savings,WhatsApp,2025-05-23,0,0.57
CP006615,C02281,Win Back,Email,2025-08-14,0,4.58
CP006616,C00442,Electronics Week,WhatsApp,2025-08-09,0,3.45
CP006617,C03867,Festive Sale,Email,2025-07-31,0,3.75
CP006618,C02130,Summer Savings,Push,2025-01-14,0,1.33
CP006619,C00352,Win Back,WhatsApp,2025-03-17,0,4.54
CP006620,C02912,New Customer Welcome,Email,2025-11-16,0,1.1
CP006621,C01344,New Customer Welcome,Push,2025-04-20,0,3.27
CP006622,C00263,New Customer Welcome,Email,2025-09-14,0,4.73
CP006623,C04002,VIP Exclusive,Email,2025-10-12,1,1.84
CP006624,C04344,Summer Savings,Social,2025-04-05,0,2.29
CP006625,C02369,Fashion Days,Social,2025-06-17,0,4.93
CP006626,C02984,Win Back,Email,2025-05-25,0,3.11
CP006627,C01848,Summer Savings,WhatsApp,2025-04-22,0,3.18
CP006628,C00223,Electronics Week,Email,2025-05-08,0,7.31
CP006629,C01159,Festive Sale,Push,2025-04-07,1,0.86
CP006630,C00228,Fashion Days,SMS,2025-04-29,0,3.73
CP006631,C02720,Electronics Week,SMS,2025-07-07,0,6.13
CP006632,C03849,VIP Exclusive,WhatsApp,2025-07-04,0,7.34
CP006633,C03572,Electronics Week,SMS,2025-09-11,1,4.03
CP006634,C02633,Win Back,Email,2025-05-17,0,6.8
CP006635,C01044,Win Back,Social,2025-04-07,0,2.57
CP006636,C01399,VIP Exclusive,WhatsApp,2025-07-27,0,4.96
CP006637,C00961,Electronics Week,WhatsApp,2025-11-25,0,4.63
CP006638,C00613,Win Back,WhatsApp,2025-05-15,0,4.33
CP006639,C02096,New Customer Welcome,SMS,2025-01-28,1,1.07
CP006640,C02247,VIP Exclusive,SMS,2025-03-11,1,5.06
CP006641,C00148,New Customer Welcome,Email,2025-04-05,1,1.02
CP006642,C04977,New Customer Welcome,Push,2025-09-15,0,4.7
CP006643,C00624,Fashion Days,WhatsApp,2025-06-22,0,7.64
CP006644,C04601,New Customer Welcome,SMS,2025-03-13,0,1.15
CP006645,C03962,Summer Savings,Email,2025-10-06,0,6.15
CP006646,C01063,Summer Savings,WhatsApp,2025-06-02,0,5.4
CP006647,C00419,Electronics Week,WhatsApp,2025-02-24,0,2.05
CP006648,C02685,Summer Savings,Email,2025-06-03,0,6.09
CP006649,C00111,Win Back,SMS,2025-03-30,0,7.94
CP006650,C04902,Summer Savings,Email,2025-12-05,0,7.15
CP006651,C03059,Fashion Days,Push,2025-10-02,1,2.22
CP006652,C01964,Electronics Week,Email,2025-11-23,0,1.98
CP006653,C01989,Fashion Days,Email,2025-01-21,0,7.59
CP006654,C01327,Festive Sale,Email,2025-08-19,1,1.04
CP006655,C04356,VIP Exclusive,Email,2025-08-21,0,5.11
CP006656,C00639,Electronics Week,SMS,2025-03-31,0,5.67
CP006657,C04457,VIP Exclusive,Social,2025-10-27,0,7.68
CP006658,C04786,VIP Exclusive,Push,2025-05-13,0,1.68
CP006659,C01275,New Customer Welcome,Push,2025-11-09,0,3.07
CP006660,C01736,Festive Sale,SMS,2025-01-03,0,2.84
CP006661,C00062,Fashion Days,SMS,2025-08-16,0,6.95
CP006662,C04857,VIP Exclusive,Email,2025-04-30,0,1.27
CP006663,C02977,Festive Sale,Push,2025-08-11,0,4.33
CP006664,C01951,Fashion Days,Email,2025-07-17,0,6.3
CP006665,C02620,Summer Savings,Social,2025-11-29,0,2.39
CP006666,C01860,Fashion Days,Email,2025-06-28,0,0.99
CP006667,C04816,Fashion Days,Push,2025-04-21,0,0.6
CP006668,C01598,Electronics Week,WhatsApp,2025-11-08,0,1.11
CP006669,C02042,Fashion Days,Email,2025-05-09,0,2.78
CP006670,C02528,Win Back,Push,2025-05-10,1,2.1
CP006671,C04341,Summer Savings,Email,2025-07-21,0,2.07
CP006672,C04589,Festive Sale,Social,2025-02-14,0,4.5
CP006673,C03857,New Customer Welcome,Social,2025-01-18,0,6.86
CP006674,C01728,New Customer Welcome,Push,2025-05-08,0,4.73
CP006675,C00395,Festive Sale,SMS,2025-06-19,0,3.15
CP006676,C00115,New Customer Welcome,Push,2025-03-02,1,3.08
CP006677,C00859,Win Back,Push,2025-05-05,0,0.81
CP006678,C04708,VIP Exclusive,Email,2025-04-09,1,2.04
CP006679,C03373,Fashion Days,Push,2025-08-20,0,5.45
CP006680,C00608,New Customer Welcome,SMS,2025-02-05,0,6.52
CP006681,C04648,Fashion Days,Email,2025-12-10,0,1.66
CP006682,C04356,Electronics Week,Email,2025-07-25,1,0.96
CP006683,C01077,Fashion Days,SMS,2025-06-22,1,2.5
CP006684,C04571,Fashion Days,Social,2025-02-02,0,3.94
CP006685,C00843,Fashion Days,Social,2025-11-24,1,2.58
CP006686,C04304,Electronics Week,WhatsApp,2025-11-09,0,7.51
CP006687,C00693,VIP Exclusive,WhatsApp,2025-04-07,0,1.11
CP006688,C00029,Summer Savings,Push,2025-11-27,1,2.6
CP006689,C00512,Fashion Days,Email,2025-02-10,0,1.26
CP006690,C02149,VIP Exclusive,SMS,2025-05-20,0,7.32
CP006691,C00394,Festive Sale,Email,2025-06-04,0,1.83
CP006692,C01803,New Customer Welcome,WhatsApp,2025-03-06,0,6.4
CP006693,C02736,New Customer Welcome,Push,2025-04-07,0,3.81
CP006694,C01504,New Customer Welcome,Email,2025-01-15,0,3.66
CP006695,C03839,Electronics Week,Email,2025-01-14,0,4.21
CP006696,C03119,Summer Savings,Email,2025-06-03,1,3.01
CP006697,C04247,Summer Savings,SMS,2025-05-08,1,4.6
CP006698,C01052,Summer Savings,Email,2025-05-14,1,5.16
CP006699,C01573,Win Back,Email,2025-08-13,0,3.19
CP006700,C03974,New Customer Welcome,SMS,2025-08-21,0,5.89
CP006701,C04836,VIP Exclusive,Push,2025-07-09,0,3.27
CP006702,C00558,Summer Savings,SMS,2025-10-26,0,7.57
CP006703,C01713,Electronics Week,Push,2025-01-02,0,3.47
CP006704,C01241,Electronics Week,Email,2025-05-02,1,0.91
CP006705,C02561,New Customer Welcome,SMS,2025-05-06,0,2.49
CP006706,C04457,Festive Sale,Push,2025-08-13,1,1.11
CP006707,C04923,Fashion Days,WhatsApp,2025-09-08,0,7.17
CP006708,C02817,Win Back,Push,2025-03-17,0,3.98
CP006709,C04806,Festive Sale,WhatsApp,2025-12-01,0,6.64
CP006710,C02322,Festive Sale,Push,2025-08-23,0,5.06
CP006711,C03718,Fashion Days,Email,2025-03-22,0,2.85
CP006712,C02959,Fashion Days,Social,2025-03-14,0,5.69
CP006713,C03567,Win Back,Push,2025-02-26,0,7.21
CP006714,C00313,Festive Sale,Push,2025-02-05,0,7.24
CP006715,C04823,VIP Exclusive,Push,2025-05-24,1,0.6
CP006716,C04918,VIP Exclusive,WhatsApp,2025-08-22,1,3.16
CP006717,C00828,Festive Sale,Push,2025-05-07,1,0.79
CP006718,C01357,New Customer Welcome,WhatsApp,2025-07-18,0,5.81
CP006719,C03963,Summer Savings,WhatsApp,2025-09-23,0,1.53
CP006720,C01541,VIP Exclusive,Social,2025-10-11,1,3.85
CP006721,C04687,Win Back,Email,2025-09-16,0,1.78
CP006722,C02540,Win Back,Email,2025-01-17,0,1.4
CP006723,C03283,New Customer Welcome,SMS,2025-07-24,0,7.99
CP006724,C04745,Fashion Days,Social,2025-01-20,0,3.75
CP006725,C03245,VIP Exclusive,WhatsApp,2025-11-17,0,1.89
CP006726,C03510,VIP Exclusive,Email,2025-11-22,0,7.29
CP006727,C02431,Summer Savings,Email,2025-06-12,0,1.29
CP006728,C04310,VIP Exclusive,Social,2025-08-05,0,6.88
CP006729,C00878,Fashion Days,Email,2025-01-12,0,7.92
CP006730,C01716,Festive Sale,Push,2025-11-14,0,0.79
CP006731,C03362,Fashion Days,Social,2025-04-09,0,1.43
CP006732,C00714,Festive Sale,Email,2025-08-25,1,4.47
CP006733,C01681,Electronics Week,Email,2025-06-30,0,3.75
CP006734,C00205,Festive Sale,Email,2025-04-10,0,7.88
CP006735,C00792,Summer Savings,Push,2025-12-08,0,3.51
CP006736,C01515,Summer Savings,WhatsApp,2025-09-04,0,5.23
CP006737,C02587,Fashion Days,Email,2025-11-12,0,7.41
CP006738,C02145,VIP Exclusive,WhatsApp,2025-12-04,0,2.28
CP006739,C03209,VIP Exclusive,Email,2025-09-10,0,4.44
CP006740,C03848,VIP Exclusive,Email,2025-04-28,1,7.75
CP006741,C04636,Summer Savings,WhatsApp,2025-04-02,0,3.48
CP006742,C01645,VIP Exclusive,WhatsApp,2025-10-25,0,2.27
CP006743,C02523,Festive Sale,WhatsApp,2025-08-24,1,3.27
CP006744,C02890,Festive Sale,WhatsApp,2025-03-26,0,5.58
CP006745,C04198,Electronics Week,SMS,2025-01-17,0,6.68
CP006746,C01554,Festive Sale,Email,2025-04-05,0,2.82
CP006747,C03212,Electronics Week,Push,2025-03-20,0,3.89
CP006748,C03285,New Customer Welcome,Email,2025-01-01,0,1.99
CP006749,C01323,VIP Exclusive,Push,2025-10-27,0,6.77
CP006750,C04036,Fashion Days,WhatsApp,2025-12-13,0,3.78
CP006751,C04847,Festive Sale,Push,2025-02-19,0,1.95
CP006752,C03335,Electronics Week,WhatsApp,2025-04-07,1,7.07
CP006753,C00653,Fashion Days,Push,2025-10-28,0,7.06
CP006754,C04811,VIP Exclusive,Social,2025-04-12,0,6.15
CP006755,C03423,VIP Exclusive,WhatsApp,2025-04-08,0,4.14
CP006756,C03751,Electronics Week,Email,2025-09-11,0,3.47
CP006757,C00745,Electronics Week,WhatsApp,2025-07-28,0,5.96
CP006758,C02038,Electronics Week,Email,2025-09-30,0,4.29
CP006759,C00098,Summer Savings,Social,2025-02-08,0,3.86
CP006760,C00406,Win Back,WhatsApp,2025-10-23,0,5.7
CP006761,C01255,Win Back,Push,2025-05-28,0,7.16
CP006762,C04068,Win Back,Email,2025-09-01,1,2.11
CP006763,C03262,VIP Exclusive,Social,2025-08-15,0,6.97
CP006764,C01788,Festive Sale,Email,2025-06-18,0,7.41
CP006765,C00694,Fashion Days,WhatsApp,2025-07-02,0,1.86
CP006766,C04101,Festive Sale,Push,2025-06-28,0,5.45
CP006767,C00615,Fashion Days,SMS,2025-11-28,1,3.47
CP006768,C03103,Festive Sale,Email,2025-10-01,0,6.46
CP006769,C03924,Win Back,WhatsApp,2025-05-23,0,2.24
CP006770,C02075,Win Back,Email,2025-02-23,0,5.79
CP006771,C02050,New Customer Welcome,SMS,2025-09-19,1,2.67
CP006772,C00299,Festive Sale,Push,2025-02-09,1,3.99
CP006773,C03780,New Customer Welcome,Push,2025-06-02,1,2.08
CP006774,C00519,Fashion Days,SMS,2025-07-25,0,1.26
CP006775,C04209,Summer Savings,WhatsApp,2025-02-14,0,0.77
CP006776,C00817,Fashion Days,SMS,2025-12-08,0,5.29
CP006777,C01979,Electronics Week,WhatsApp,2025-06-12,1,4.72
CP006778,C04007,Summer Savings,WhatsApp,2025-05-24,0,6.39
CP006779,C02372,VIP Exclusive,SMS,2025-06-11,1,5.92
CP006780,C01538,VIP Exclusive,Email,2025-12-07,0,6.98
CP006781,C03877,Summer Savings,Email,2025-04-01,0,4.98
CP006782,C02727,New Customer Welcome,Social,2025-09-12,0,4.43
CP006783,C00398,Festive Sale,Email,2025-03-20,0,2.81
CP006784,C00090,Festive Sale,Email,2025-01-10,1,3.58
CP006785,C04781,Win Back,Email,2025-01-02,1,4.06
CP006786,C03294,Fashion Days,SMS,2025-07-06,1,7.51
CP006787,C04292,VIP Exclusive,Push,2025-10-11,1,4.0
CP006788,C04062,Fashion Days,Email,2025-08-07,0,7.35
CP006789,C04349,VIP Exclusive,WhatsApp,2025-08-04,0,3.11
CP006790,C03784,VIP Exclusive,SMS,2025-02-14,0,5.28
CP006791,C00223,Electronics Week,SMS,2025-03-08,0,6.78
CP006792,C04983,Win Back,Email,2025-04-11,0,3.06
CP006793,C01373,Summer Savings,SMS,2025-10-16,0,1.45
CP006794,C02631,Summer Savings,Push,2025-11-21,0,7.53
CP006795,C00027,New Customer Welcome,SMS,2025-06-12,0,1.09
CP006796,C02985,Summer Savings,Push,2025-09-19,0,4.0
CP006797,C01475,New Customer Welcome,Push,2025-09-29,1,2.39
CP006798,C04835,Festive Sale,Push,2025-02-27,0,3.94
CP006799,C00984,Fashion Days,Email,2025-02-21,0,7.78
CP006800,C02650,Festive Sale,Push,2025-11-20,0,6.32
CP006801,C02180,New Customer Welcome,Email,2025-07-26,0,2.29
CP006802,C00790,Fashion Days,Email,2025-08-31,0,4.91
CP006803,C01025,Summer Savings,WhatsApp,2025-05-30,0,1.33
CP006804,C04891,Win Back,Social,2025-03-14,0,6.76
CP006805,C02862,VIP Exclusive,Push,2025-08-22,0,2.4
CP006806,C03605,New Customer Welcome,Push,2025-03-03,0,1.36
CP006807,C00149,New Customer Welcome,SMS,2025-09-20,0,4.79
CP006808,C02092,VIP Exclusive,WhatsApp,2025-01-03,1,5.0
CP006809,C01841,Win Back,WhatsApp,2025-02-22,0,4.27
CP006810,C03002,Electronics Week,Push,2025-01-15,0,5.12
CP006811,C00383,Electronics Week,Push,2025-01-16,0,1.68
CP006812,C04443,Fashion Days,Push,2025-05-06,0,6.12
CP006813,C02758,Fashion Days,Push,2025-01-09,0,4.93
CP006814,C02987,Festive Sale,Email,2025-09-13,0,1.34
CP006815,C00495,Win Back,Social,2025-07-12,0,1.63
CP006816,C01390,Electronics Week,Push,2025-04-05,0,7.89
CP006817,C01697,Win Back,SMS,2025-08-13,1,1.05
CP006818,C02536,Festive Sale,Social,2025-10-16,0,3.78
CP006819,C00598,Fashion Days,Email,2025-06-23,0,4.87
CP006820,C02117,Fashion Days,Email,2025-12-05,0,0.9
CP006821,C04857,New Customer Welcome,Push,2025-03-31,0,3.92
CP006822,C02160,Summer Savings,Push,2025-09-14,1,3.36
CP006823,C00544,Win Back,Email,2025-03-07,0,1.39
CP006824,C04163,New Customer Welcome,Email,2025-10-20,0,4.17
CP006825,C02110,Festive Sale,Push,2025-09-14,1,2.31
CP006826,C03728,Summer Savings,SMS,2025-02-26,0,3.47
CP006827,C00710,Festive Sale,WhatsApp,2025-07-08,0,3.61
CP006828,C00660,Summer Savings,Email,2025-03-28,0,2.53
CP006829,C03445,Electronics Week,Push,2025-01-19,0,6.0
CP006830,C03125,Fashion Days,Email,2025-02-17,1,5.08
CP006831,C02866,Electronics Week,Email,2025-10-07,0,0.86
CP006832,C03173,Fashion Days,Social,2025-07-19,1,0.63
CP006833,C02269,Fashion Days,WhatsApp,2025-10-02,1,4.6
CP006834,C00360,New Customer Welcome,SMS,2025-07-10,0,4.23
CP006835,C04731,Fashion Days,Push,2025-04-20,0,3.91
CP006836,C04532,VIP Exclusive,Push,2025-04-03,1,5.79
CP006837,C03147,Fashion Days,Push,2025-10-24,0,7.55
CP006838,C00532,New Customer Welcome,Email,2025-02-21,0,7.8
CP006839,C04240,New Customer Welcome,SMS,2025-08-02,0,4.62
CP006840,C00909,Festive Sale,SMS,2025-10-28,0,1.91
CP006841,C04572,New Customer Welcome,Push,2025-11-04,0,6.92
CP006842,C00784,Summer Savings,WhatsApp,2025-11-19,1,4.83
CP006843,C00146,Win Back,Push,2025-08-22,0,3.52
CP006844,C04483,Festive Sale,WhatsApp,2025-11-04,0,7.02
CP006845,C00608,Festive Sale,SMS,2025-04-27,1,6.39
CP006846,C00116,Win Back,Push,2025-10-15,1,1.74
CP006847,C01449,VIP Exclusive,Push,2025-05-20,0,5.11
CP006848,C03008,VIP Exclusive,Email,2025-07-01,1,7.68
CP006849,C04742,VIP Exclusive,Email,2025-12-12,0,4.14
CP006850,C01116,Summer Savings,Email,2025-09-21,0,7.53
CP006851,C01631,Summer Savings,Email,2025-10-08,1,4.08
CP006852,C02305,Electronics Week,WhatsApp,2025-04-14,1,5.13
CP006853,C03981,Summer Savings,SMS,2025-04-21,0,7.72
CP006854,C01520,New Customer Welcome,WhatsApp,2025-02-26,1,1.36
CP006855,C03780,New Customer Welcome,SMS,2025-07-17,1,2.01
CP006856,C00239,Summer Savings,Social,2025-08-14,0,5.36
CP006857,C04991,VIP Exclusive,Push,2025-11-13,1,3.17
CP006858,C03720,Festive Sale,Push,2025-06-14,0,6.93
CP006859,C01847,Win Back,Push,2025-11-11,0,2.28
CP006860,C03304,Win Back,Email,2025-09-27,1,5.14
CP006861,C04439,Win Back,SMS,2025-10-28,1,6.89
CP006862,C02041,Festive Sale,WhatsApp,2025-06-06,0,5.64
CP006863,C00093,Festive Sale,SMS,2025-02-28,0,7.66
CP006864,C00979,Win Back,Email,2025-07-10,0,4.63
CP006865,C00691,VIP Exclusive,SMS,2025-06-27,1,2.17
CP006866,C04640,Electronics Week,SMS,2025-08-01,0,1.14
CP006867,C00436,New Customer Welcome,WhatsApp,2025-05-03,1,7.44
CP006868,C03262,Fashion Days,Social,2025-05-16,0,3.71
CP006869,C02614,New Customer Welcome,WhatsApp,2025-08-08,0,1.37
CP006870,C01961,VIP Exclusive,WhatsApp,2025-09-29,0,5.19
CP006871,C02061,Electronics Week,WhatsApp,2025-07-13,0,0.64
CP006872,C02243,Festive Sale,Email,2025-02-05,0,5.78
CP006873,C03784,VIP Exclusive,Email,2025-11-22,0,5.15
CP006874,C00433,Electronics Week,WhatsApp,2025-09-17,0,4.1
CP006875,C01623,Summer Savings,SMS,2025-05-19,1,4.76
CP006876,C02532,New Customer Welcome,WhatsApp,2025-11-10,0,1.52
CP006877,C01420,VIP Exclusive,Email,2025-04-02,0,7.68
CP006878,C01688,Festive Sale,Social,2025-06-23,1,0.89
CP006879,C00732,Summer Savings,Social,2025-02-05,0,0.83
CP006880,C04014,VIP Exclusive,WhatsApp,2025-02-13,0,3.45
CP006881,C02527,Summer Savings,Email,2025-06-05,0,5.79
CP006882,C01475,Electronics Week,SMS,2025-02-24,0,1.16
CP006883,C01203,Win Back,SMS,2025-10-12,0,5.5
CP006884,C03839,Summer Savings,Push,2025-08-15,1,2.41
CP006885,C02483,Summer Savings,Email,2025-12-08,1,5.01
CP006886,C03006,Win Back,WhatsApp,2025-12-06,0,2.22
CP006887,C00066,Win Back,Social,2025-04-15,0,1.99
CP006888,C00416,Win Back,Push,2025-09-08,0,5.55
CP006889,C01977,Festive Sale,WhatsApp,2025-03-25,0,6.12
CP006890,C03709,Festive Sale,Push,2025-07-30,1,3.16
CP006891,C02152,VIP Exclusive,WhatsApp,2025-11-19,0,6.0
CP006892,C02310,Fashion Days,Email,2025-05-29,1,3.89
CP006893,C00675,Summer Savings,Email,2025-08-25,0,3.47
CP006894,C04361,VIP Exclusive,,2025-11-03,0,7.18
CP006895,C02378,VIP Exclusive,Email,2025-05-27,1,1.61
CP006896,C04151,VIP Exclusive,Email,2025-12-04,1,1.61
CP006897,C02814,Summer Savings,Push,2025-06-07,0,6.86
CP006898,C00156,Electronics Week,WhatsApp,2025-11-23,0,3.04
CP006899,C04033,Summer Savings,WhatsApp,2025-03-21,1,6.57
CP006900,C04781,Fashion Days,Email,2025-08-30,0,4.74
CP006901,C00410,Festive Sale,Social,2025-09-19,0,6.53
CP006902,C00687,Festive Sale,Email,2025-01-14,0,4.46
CP006903,C03392,Electronics Week,Push,2025-02-09,0,4.05
CP006904,C02971,New Customer Welcome,WhatsApp,2025-09-02,0,4.71
CP006905,C03562,Fashion Days,Email,2025-10-10,0,0.61
CP006906,C02136,VIP Exclusive,Email,2025-04-25,0,2.13
CP006907,C01325,VIP Exclusive,Social,2025-03-14,0,7.35
CP006908,C00782,Electronics Week,Push,2025-04-07,0,2.61
CP006909,C01307,Win Back,Email,2025-03-07,0,3.65
CP006910,C02592,VIP Exclusive,Email,2025-05-22,1,2.38
CP006911,C01757,Electronics Week,Email,2025-01-22,1,6.84
CP006912,C00607,VIP Exclusive,Email,2025-05-09,1,7.96
CP006913,C00612,Summer Savings,Push,2025-10-01,0,1.42
CP006914,C03520,Fashion Days,Social,2025-03-24,0,5.5
CP006915,C01624,Festive Sale,WhatsApp,2025-05-23,0,7.76
CP006916,C03381,Fashion Days,Social,2025-01-29,0,4.33
CP006917,C04905,Festive Sale,Email,2025-01-04,0,7.21
CP006918,C00819,Fashion Days,Email,2025-07-02,0,2.14
CP006919,C01287,Festive Sale,Email,2025-07-22,0,7.15
CP006920,C02085,Summer Savings,Push,2025-04-17,1,3.82
CP006921,C00420,Festive Sale,Push,2025-02-06,0,6.47
CP006922,C03994,Win Back,Push,2025-06-07,0,6.88
CP006923,C01358,Festive Sale,Push,2025-09-06,0,3.45
CP006924,C01441,VIP Exclusive,Push,2025-05-06,0,4.6
CP006925,C03093,Electronics Week,SMS,2025-04-02,0,1.42
CP006926,C04446,Win Back,Social,2025-10-13,0,7.69
CP006927,C04922,New Customer Welcome,Push,2025-06-19,0,3.86
CP006928,C04904,VIP Exclusive,WhatsApp,2025-07-02,0,7.87
CP006929,C04703,Festive Sale,WhatsApp,2025-10-20,0,5.8
CP006930,C03246,New Customer Welcome,Push,2025-03-29,0,5.13
CP006931,C00196,VIP Exclusive,Push,2025-01-14,0,3.08
CP006932,C04825,Electronics Week,Email,2025-06-20,0,5.05
CP006933,C03176,Fashion Days,Social,2025-07-22,1,7.1
CP006934,C02401,VIP Exclusive,SMS,2025-07-05,1,2.39
CP006935,C02234,VIP Exclusive,WhatsApp,2025-02-22,1,4.42
CP006936,C00140,New Customer Welcome,Push,2025-06-30,1,2.52
CP006937,C01661,Electronics Week,SMS,2025-09-22,0,6.45
CP006938,C01286,Fashion Days,SMS,2025-08-17,0,2.44
CP006939,C02538,Festive Sale,Social,2025-05-18,0,2.16
CP006940,C03858,Festive Sale,Social,2025-05-23,0,3.8
CP006941,C00387,Summer Savings,Push,2025-11-25,1,1.84
CP006942,C02705,Festive Sale,Push,2025-12-05,0,6.37
CP006943,C03710,Fashion Days,SMS,2025-10-10,1,2.62
CP006944,C04024,Electronics Week,WhatsApp,2025-08-14,0,1.49
CP006945,C03736,Festive Sale,Email,2025-08-23,1,5.57
CP006946,C04917,Summer Savings,SMS,2025-12-06,0,5.97
CP006947,C04003,Electronics Week,Email,2025-09-10,1,7.51
CP006948,C04290,Festive Sale,Social,2025-04-30,0,2.21
CP006949,C04250,Fashion Days,WhatsApp,2025-01-25,1,1.81
CP006950,C02301,Festive Sale,SMS,2025-11-29,0,7.05
CP006951,C02149,VIP Exclusive,SMS,2025-04-26,0,0.87
CP006952,C04087,New Customer Welcome,Email,2025-02-03,0,2.32
CP006953,C00956,Summer Savings,Social,2025-11-18,0,3.74
CP006954,C02843,Electronics Week,SMS,2025-07-28,0,4.22
CP006955,C03538,VIP Exclusive,Email,2025-05-03,0,5.03
CP006956,C04430,VIP Exclusive,WhatsApp,2025-11-20,1,7.87
CP006957,C03412,Fashion Days,Email,2025-04-14,1,2.93
CP006958,C04332,Festive Sale,Email,2025-10-22,0,6.77
CP006959,C03049,Win Back,Social,2025-05-18,0,6.62
CP006960,C03294,New Customer Welcome,WhatsApp,2025-07-01,0,5.71
CP006961,C00816,Summer Savings,Email,2025-06-06,0,4.64
CP006962,C04513,Win Back,WhatsApp,2025-05-07,0,1.29
CP006963,C04150,Win Back,SMS,2025-11-27,0,6.97
CP006964,C02936,New Customer Welcome,Push,2025-05-24,1,5.48
CP006965,C01147,VIP Exclusive,SMS,2025-04-01,1,2.74
CP006966,C00417,Summer Savings,Social,2025-05-19,0,7.91
CP006967,C02964,New Customer Welcome,Push,2025-04-01,0,7.02
CP006968,C04371,Summer Savings,Email,2025-09-21,0,0.56
CP006969,C01479,VIP Exclusive,SMS,2025-02-18,0,1.04
CP006970,C01990,New Customer Welcome,WhatsApp,2025-01-03,1,1.21
CP006971,C03741,Win Back,WhatsApp,2025-10-10,0,4.61
CP006972,C01001,Electronics Week,WhatsApp,2025-05-02,0,4.03
CP006973,C02714,New Customer Welcome,WhatsApp,2025-08-20,0,4.15
CP006974,C00341,Festive Sale,Email,2025-06-08,0,6.32
CP006975,C00498,VIP Exclusive,SMS,2025-05-16,0,4.9
CP006976,C03105,Electronics Week,Email,2025-09-29,0,4.51
CP006977,C03025,Fashion Days,Email,2025-01-13,0,3.02
CP006978,C01862,Win Back,Social,2025-05-25,1,6.35
CP006979,C02640,Electronics Week,WhatsApp,2025-06-02,0,4.13
CP006980,C01346,Electronics Week,SMS,2025-08-16,0,3.53
CP006981,C03668,VIP Exclusive,Social,2025-12-01,0,0.6
CP006982,C04470,New Customer Welcome,Push,2025-08-19,0,6.22
CP006983,C03261,Win Back,Social,2025-04-21,0,4.97
CP006984,C04016,Summer Savings,WhatsApp,2025-08-15,0,7.95
CP006985,C01800,New Customer Welcome,Social,2025-03-26,0,0.98
CP006986,C00665,Electronics Week,SMS,2025-06-25,0,7.13
CP006987,C02056,Win Back,WhatsApp,2025-03-05,0,2.78
CP006988,C04125,Fashion Days,Email,2025-03-21,0,0.54
CP006989,C02926,Fashion Days,SMS,2025-02-02,0,3.36
CP006990,C00767,Win Back,Email,2025-06-01,0,7.29
CP006991,C03914,New Customer Welcome,WhatsApp,2025-10-22,0,7.64
CP006992,C04694,Festive Sale,Email,2025-07-03,0,2.13
CP006993,C04488,New Customer Welcome,WhatsApp,2025-04-09,1,7.7
CP006994,C01374,Summer Savings,Email,2025-07-18,0,7.26
CP006995,C04502,New Customer Welcome,WhatsApp,2025-08-11,0,2.78
CP006996,C00591,VIP Exclusive,Email,2025-01-21,0,3.62
CP006997,C00896,Fashion Days,WhatsApp,2025-10-24,0,2.72
CP006998,C02034,VIP Exclusive,Push,2025-05-23,0,1.11
CP006999,C01653,Win Back,SMS,2025-09-20,0,6.15
CP007000,C04256,VIP Exclusive,Social,2025-08-01,1,0.79
CP007001,C03385,VIP Exclusive,Email,2025-09-09,0,3.62
CP007002,C02385,Summer Savings,Email,2025-01-12,0,1.36
CP007003,C03475,Summer Savings,Push,2025-03-31,0,5.4
CP007004,C04548,Summer Savings,WhatsApp,2025-10-14,0,0.79
CP007005,C00277,Festive Sale,WhatsApp,2025-10-02,1,2.95
CP007006,C03852,Fashion Days,SMS,2025-06-26,0,5.84
CP007007,C04364,Electronics Week,WhatsApp,2025-02-19,0,6.14
CP007008,C00368,Fashion Days,Push,2025-10-02,0,6.84
CP007009,C02955,Electronics Week,Social,2025-06-05,0,1.1
CP007010,C00261,New Customer Welcome,Email,2025-04-02,0,2.39
CP007011,C00750,Festive Sale,SMS,2025-03-31,0,7.68
CP007012,C04865,Fashion Days,Email,2025-11-16,0,0.5
CP007013,C04218,Fashion Days,Push,2025-12-12,0,1.74
CP007014,C02862,Electronics Week,WhatsApp,2025-01-15,0,1.95
CP007015,C00241,Festive Sale,WhatsApp,2025-11-03,1,5.54
CP007016,C00597,Fashion Days,SMS,2025-12-12,0,3.4
CP007017,C03725,Festive Sale,Email,2025-08-03,1,4.83
CP007018,C02704,VIP Exclusive,Push,2025-12-08,0,1.41
CP007019,C04124,Fashion Days,WhatsApp,2025-03-19,1,7.16
CP007020,C04001,Festive Sale,Email,2025-02-12,0,4.82
CP007021,C00670,Electronics Week,Email,2025-07-11,0,1.44
CP007022,C00363,New Customer Welcome,Email,2025-08-24,0,3.18
CP007023,C00174,Electronics Week,SMS,2025-10-07,0,3.32
CP007024,C01921,VIP Exclusive,Push,2025-09-03,0,3.87
CP007025,C00760,Summer Savings,Email,2025-10-19,0,5.51
CP007026,C01424,VIP Exclusive,SMS,2025-01-25,0,1.34
CP007027,C04567,Festive Sale,Push,2025-06-27,0,6.65
CP007028,C03164,Festive Sale,SMS,2025-08-31,0,1.92
CP007029,C01434,Electronics Week,Email,2025-08-17,1,2.02
CP007030,C03541,Win Back,SMS,2025-11-17,0,2.86
CP007031,C03704,Festive Sale,Email,2025-02-22,0,7.14
CP007032,C03659,Summer Savings,Push,2025-03-29,0,7.97
CP007033,C02943,New Customer Welcome,Email,2025-12-02,0,5.98
CP007034,C04536,New Customer Welcome,WhatsApp,2025-02-02,0,5.07
CP007035,C00614,Electronics Week,Email,2025-06-08,1,3.09
CP007036,C01899,VIP Exclusive,SMS,2025-06-02,0,1.56
CP007037,C04998,Summer Savings,Email,2025-08-07,0,5.32
CP007038,C02862,Win Back,WhatsApp,2025-08-18,1,3.05
CP007039,C04301,Win Back,Email,2025-01-30,1,5.58
CP007040,C00547,VIP Exclusive,SMS,2025-02-11,0,4.71
CP007041,C02515,Electronics Week,WhatsApp,2025-05-07,1,1.33
CP007042,C01047,Fashion Days,WhatsApp,2025-07-04,0,5.84
CP007043,C02218,Festive Sale,Email,2025-12-14,1,1.79
CP007044,C00690,Summer Savings,Email,2025-10-22,0,4.74
CP007045,C03816,Fashion Days,Email,2025-06-09,0,6.0
CP007046,C04952,Win Back,Push,2025-11-13,0,5.99
CP007047,C01249,Win Back,Email,2025-07-04,0,5.02
CP007048,C01715,Win Back,Social,2025-08-08,0,5.58
CP007049,C01796,Win Back,Email,2025-12-07,0,2.87
CP007050,C00456,New Customer Welcome,WhatsApp,2025-02-02,1,6.02
CP007051,C01163,Electronics Week,WhatsApp,2025-02-04,0,2.02
CP007052,C02813,VIP Exclusive,SMS,2025-10-24,0,4.73
CP007053,C04888,VIP Exclusive,Email,2025-04-21,1,5.46
CP007054,C03505,Electronics Week,Push,2025-05-03,0,2.16
CP007055,C00496,Festive Sale,WhatsApp,2025-07-20,1,4.97
CP007056,C01936,New Customer Welcome,SMS,2025-04-22,0,3.01
CP007057,C03009,VIP Exclusive,Email,2025-02-10,0,4.44
CP007058,C01558,Festive Sale,Social,2025-04-08,0,1.64
CP007059,C01515,Win Back,Email,2025-10-26,0,7.79
CP007060,C00340,Electronics Week,Social,2025-05-29,1,3.78
CP007061,C03095,VIP Exclusive,Email,2025-02-27,1,7.82
CP007062,C02751,VIP Exclusive,Social,2025-04-08,0,3.26
CP007063,C04971,Electronics Week,Push,2025-05-20,0,4.69
CP007064,C04758,Festive Sale,Email,2025-05-28,0,2.15
CP007065,C03926,Electronics Week,SMS,2025-07-22,0,6.6
CP007066,C03832,New Customer Welcome,SMS,2025-08-19,0,7.02
CP007067,C04580,New Customer Welcome,Email,2025-12-06,0,4.26
CP007068,C00369,VIP Exclusive,SMS,2025-12-09,0,7.64
CP007069,C04661,New Customer Welcome,Push,2025-08-31,0,7.23
CP007070,C04819,Electronics Week,Email,2025-07-02,0,3.03
CP007071,C03906,VIP Exclusive,Push,2025-02-26,0,7.57
CP007072,C01036,Summer Savings,WhatsApp,2025-05-27,0,2.58
CP007073,C00473,VIP Exclusive,SMS,2025-09-28,1,5.83
CP007074,C00653,Electronics Week,Push,2025-09-20,0,5.53
CP007075,C03222,New Customer Welcome,Email,2025-02-01,0,0.88
CP007076,C02332,New Customer Welcome,Push,2025-03-13,0,4.79
CP007077,C01123,Win Back,WhatsApp,2025-12-09,0,4.03
CP007078,C02104,VIP Exclusive,Social,2025-10-16,0,5.45
CP007079,C00590,Festive Sale,Push,2025-12-14,0,2.81
CP007080,C00017,Win Back,Email,2025-05-25,1,1.63
CP007081,C04105,Summer Savings,SMS,2025-02-09,1,7.8
CP007082,C04286,Fashion Days,Push,2025-12-15,0,6.35
CP007083,C03062,Festive Sale,Email,2025-11-28,0,6.45
CP007084,C00416,New Customer Welcome,Push,2025-05-03,0,5.44
CP007085,C04601,Fashion Days,Email,2025-07-27,0,4.07
CP007086,C03692,Electronics Week,SMS,2025-02-21,0,1.72
CP007087,C00285,New Customer Welcome,Push,2025-04-18,0,1.84
CP007088,C00015,VIP Exclusive,SMS,2025-10-28,1,5.26
CP007089,C03855,Win Back,Push,2025-04-28,0,6.55
CP007090,C03362,Win Back,Email,2025-01-05,0,5.98
CP007091,C01592,Fashion Days,Push,2025-10-20,0,4.37
CP007092,C02313,Festive Sale,WhatsApp,2025-02-26,0,6.71
CP007093,C02345,Fashion Days,Email,2025-03-09,0,6.23
CP007094,C00443,Win Back,Email,2025-06-05,0,6.18
CP007095,C01192,New Customer Welcome,Email,2025-04-25,0,5.01
CP007096,C04127,VIP Exclusive,WhatsApp,2025-08-11,1,5.87
CP007097,C02008,New Customer Welcome,Email,2025-01-15,1,2.53
CP007098,C04220,Electronics Week,Push,2025-05-06,0,2.41
CP007099,C02622,New Customer Welcome,Push,2025-03-19,0,2.42
CP007100,C01255,VIP Exclusive,Social,2025-01-23,1,3.62
CP007101,C03226,Fashion Days,Email,2025-07-02,0,4.66
CP007102,C01275,Electronics Week,,2025-01-09,0,4.1
CP007103,C03012,Win Back,Email,2025-07-04,0,3.48
CP007104,C00481,New Customer Welcome,Push,2025-06-19,0,4.17
CP007105,C03238,Win Back,SMS,2025-10-10,0,0.6
CP007106,C00917,Summer Savings,Email,2025-08-29,0,5.06
CP007107,C02073,New Customer Welcome,SMS,2025-08-14,1,6.41
CP007108,C04117,Electronics Week,WhatsApp,2025-11-04,0,6.1
CP007109,C04265,New Customer Welcome,Push,2025-04-22,0,3.3
CP007110,C01376,Win Back,Push,2025-03-28,0,4.84
CP007111,C00943,Fashion Days,WhatsApp,2025-07-08,0,7.34
CP007112,C01200,Win Back,Push,2025-07-19,1,1.28
CP007113,C04967,New Customer Welcome,SMS,2025-04-29,0,2.83
CP007114,C04591,Electronics Week,Push,2025-05-08,0,7.43
CP007115,C03154,Festive Sale,WhatsApp,2025-11-26,0,2.72
CP007116,C03707,Electronics Week,Email,2025-09-15,0,2.4
CP007117,C01885,Summer Savings,Email,2025-01-13,1,6.87
CP007118,C04364,New Customer Welcome,SMS,2025-11-01,1,4.41
CP007119,C03777,Win Back,WhatsApp,2025-05-13,0,7.53
CP007120,C02600,Summer Savings,Email,2025-03-07,0,0.75
CP007121,C00291,VIP Exclusive,Email,2025-03-22,0,5.78
CP007122,C04264,Win Back,Email,2025-07-15,0,6.15
CP007123,C01455,Win Back,Email,2025-11-30,1,7.85
CP007124,C04172,Fashion Days,Push,2025-04-28,1,1.66
CP007125,C00625,Festive Sale,Email,2025-06-22,1,1.18
CP007126,C02270,Fashion Days,SMS,2025-12-14,0,2.05
CP007127,C00685,New Customer Welcome,Push,2025-01-18,0,0.61
CP007128,C01719,Electronics Week,WhatsApp,2025-10-17,0,5.74
CP007129,C03488,Fashion Days,Social,2025-07-15,1,7.13
CP007130,C03568,Summer Savings,Email,2025-02-03,0,5.65
CP007131,C01823,Electronics Week,WhatsApp,2025-08-18,0,6.02
CP007132,C01977,Win Back,Social,2025-05-07,0,4.18
CP007133,C01770,Summer Savings,Email,2025-02-26,0,4.94
CP007134,C04057,Summer Savings,Push,2025-09-20,1,5.43
CP007135,C01145,VIP Exclusive,Push,2025-05-04,1,3.12
CP007136,C00861,Fashion Days,SMS,2025-09-14,0,2.89
CP007137,C04327,New Customer Welcome,Email,2025-07-02,0,2.35
CP007138,C01839,Festive Sale,Email,2025-08-18,0,6.42
CP007139,C01343,Fashion Days,SMS,2025-08-25,0,1.24
CP007140,C01423,Win Back,Push,2025-03-29,1,5.32
CP007141,C03326,Win Back,Email,2025-06-08,0,1.93
CP007142,C02419,Fashion Days,Push,2025-08-19,0,7.64
CP007143,C04634,Festive Sale,Email,2025-08-16,0,0.74
CP007144,C00363,Electronics Week,WhatsApp,2025-07-15,1,7.21
CP007145,C02739,New Customer Welcome,Social,2025-08-25,0,1.22
CP007146,C02923,Festive Sale,WhatsApp,2025-07-07,0,4.87
CP007147,C03305,Win Back,Push,2025-02-10,1,7.24
CP007148,C00038,New Customer Welcome,Email,2025-06-28,1,1.5
CP007149,C02695,Electronics Week,Email,2025-06-18,0,1.79
CP007150,C01545,Fashion Days,WhatsApp,2025-08-27,0,7.79
CP007151,C04719,Festive Sale,Push,2025-09-30,0,7.15
CP007152,C00474,Fashion Days,Email,2025-07-05,0,1.92
CP007153,C03638,Summer Savings,WhatsApp,2025-04-29,1,1.45
CP007154,C00281,Win Back,Email,2025-11-16,0,3.9
CP007155,C03710,VIP Exclusive,Email,2025-08-16,0,1.4
CP007156,C01139,Festive Sale,WhatsApp,2025-04-28,0,6.06
CP007157,C01780,VIP Exclusive,Social,2025-10-29,0,1.42
CP007158,C03645,Win Back,Push,2025-06-05,0,5.65
CP007159,C03219,Electronics Week,WhatsApp,2025-04-13,0,5.0
CP007160,C03852,Fashion Days,Push,2025-10-27,0,7.48
CP007161,C00244,New Customer Welcome,Email,2025-02-25,0,4.74
CP007162,C01191,New Customer Welcome,Social,2025-01-03,0,7.75
CP007163,C02927,Electronics Week,WhatsApp,2025-03-10,0,7.52
CP007164,C03284,VIP Exclusive,Email,2025-11-21,0,5.95
CP007165,C01305,New Customer Welcome,Social,2025-10-30,0,6.95
CP007166,C00478,Festive Sale,SMS,2025-01-30,0,5.48
CP007167,C03341,VIP Exclusive,SMS,2025-03-24,0,1.73
CP007168,C04369,Electronics Week,Email,2025-10-16,1,4.79
CP007169,C01818,Festive Sale,Push,2025-08-25,0,7.56
CP007170,C04986,Summer Savings,Social,2025-11-10,0,1.41
CP007171,C03343,Win Back,Email,2025-05-10,0,7.25
CP007172,C00883,Summer Savings,Social,2025-08-18,0,4.76
CP007173,C01821,Summer Savings,Email,2025-08-30,0,4.04
CP007174,C02190,VIP Exclusive,Social,2025-01-25,0,4.1
CP007175,C03418,Win Back,Email,2025-08-14,0,1.61
CP007176,C04734,Summer Savings,Email,2025-05-29,0,1.07
CP007177,C03517,Summer Savings,Email,2025-06-14,1,4.45
CP007178,C03879,Fashion Days,Email,2025-01-26,0,2.65
CP007179,C01974,Win Back,SMS,2025-03-27,0,0.89
CP007180,C00837,VIP Exclusive,Email,2025-06-14,0,7.82
CP007181,C03391,Fashion Days,Push,2025-08-28,1,6.43
CP007182,C02815,New Customer Welcome,Push,2025-06-08,1,0.65
CP007183,C02521,Summer Savings,Push,2025-07-11,0,5.88
CP007184,C01399,Win Back,Social,2025-04-01,0,7.07
CP007185,C04671,Fashion Days,Social,2025-05-06,0,5.71
CP007186,C04897,Electronics Week,Email,2025-10-03,0,3.77
CP007187,C02307,Fashion Days,Email,2025-10-02,1,1.95
CP007188,C04147,Fashion Days,Social,2025-11-14,0,3.37
CP007189,C01552,Festive Sale,SMS,2025-05-21,0,6.85
CP007190,C01720,Win Back,Push,2025-11-13,0,1.8
CP007191,C04942,New Customer Welcome,Email,2025-11-30,0,2.75
CP007192,C00063,Festive Sale,Email,2025-03-30,1,6.64
CP007193,C04175,Summer Savings,WhatsApp,2025-10-28,0,4.72
CP007194,C03592,New Customer Welcome,Email,2025-12-15,1,1.33
CP007195,C00250,Fashion Days,WhatsApp,2025-10-03,1,4.94
CP007196,C02927,Electronics Week,Email,2025-11-11,1,6.89
CP007197,C02443,Festive Sale,Email,2025-11-20,0,4.96
CP007198,C04223,Festive Sale,SMS,2025-10-20,0,6.88
CP007199,C00293,Summer Savings,Email,2025-05-08,0,4.73
CP007200,C02546,New Customer Welcome,Social,2025-10-24,1,2.52
CP007201,C03916,Win Back,Email,2025-11-27,0,6.76
CP007202,C01092,Win Back,WhatsApp,2025-05-23,0,6.1
CP007203,C00163,VIP Exclusive,Push,2025-02-14,0,1.07
CP007204,C02075,New Customer Welcome,Email,2025-03-01,0,4.68
CP007205,C02220,New Customer Welcome,Email,2025-06-25,0,3.93
CP007206,C02121,New Customer Welcome,Email,2025-08-24,0,2.35
CP007207,C01059,Electronics Week,Email,2025-06-24,0,4.26
CP007208,C03066,VIP Exclusive,SMS,2025-06-10,1,6.18
CP007209,C04174,Electronics Week,Social,2025-08-06,0,0.83
CP007210,C04821,VIP Exclusive,Email,2025-05-22,0,3.69
CP007211,C02219,Fashion Days,Social,2025-02-16,0,6.57
CP007212,C04007,New Customer Welcome,SMS,2025-05-26,0,6.28
CP007213,C00677,Festive Sale,Social,2025-09-02,0,6.38
CP007214,C03326,Festive Sale,Email,2025-08-10,1,6.99
CP007215,C03426,Summer Savings,WhatsApp,2025-12-11,0,1.0
CP007216,C01738,Fashion Days,Email,2025-05-02,0,0.94
CP007217,C02632,VIP Exclusive,Email,2025-08-05,0,6.92
CP007218,C04890,VIP Exclusive,Email,2025-10-29,0,5.3
CP007219,C00287,VIP Exclusive,Email,2025-06-14,0,5.62
CP007220,C02845,Electronics Week,Email,2025-10-19,0,7.89
CP007221,C01728,Fashion Days,Email,2025-09-14,1,5.07
CP007222,C04846,Electronics Week,SMS,2025-10-08,0,6.13
CP007223,C02952,Festive Sale,Email,2025-07-06,0,4.56
CP007224,C02727,VIP Exclusive,Email,2025-09-06,0,2.84
CP007225,C00837,Summer Savings,WhatsApp,2025-02-27,0,7.24
CP007226,C03104,Summer Savings,Email,2025-12-01,0,1.98
CP007227,C04638,Summer Savings,SMS,2025-02-21,0,4.42
CP007228,C04314,Summer Savings,Push,2025-04-27,0,4.67
CP007229,C01765,Summer Savings,Social,2025-07-11,0,6.76
CP007230,C02659,Festive Sale,WhatsApp,2025-11-09,0,3.59
CP007231,C04853,New Customer Welcome,Email,2025-03-29,1,5.62
CP007232,C01547,VIP Exclusive,WhatsApp,2025-09-07,0,7.59
CP007233,C03729,Fashion Days,SMS,2025-07-25,0,4.92
CP007234,C02718,Fashion Days,Email,2025-01-07,1,6.02
CP007235,C04372,VIP Exclusive,Email,2025-02-26,1,6.81
CP007236,C00900,Festive Sale,Email,2025-04-23,0,6.09
CP007237,C01967,Summer Savings,Email,2025-10-05,1,7.4
CP007238,C02628,New Customer Welcome,Email,2025-06-10,0,1.1
CP007239,C02533,Summer Savings,Email,2025-03-06,0,3.75
CP007240,C00147,Win Back,Push,2025-03-06,0,3.93
CP007241,C04695,Fashion Days,Email,2025-12-08,1,5.06
CP007242,C00464,New Customer Welcome,Push,2025-11-23,0,5.03
CP007243,C02660,Win Back,Push,2025-05-26,1,3.21
CP007244,C01851,Summer Savings,Push,2025-07-24,1,4.93
CP007245,C01316,VIP Exclusive,SMS,2025-02-12,0,5.09
CP007246,C02830,Win Back,Push,2025-10-12,0,6.68
CP007247,C04609,VIP Exclusive,WhatsApp,2025-03-31,0,6.47
CP007248,C04314,Win Back,SMS,2025-11-22,1,2.85
CP007249,C04949,Festive Sale,Email,2025-09-07,0,5.19
CP007250,C03983,New Customer Welcome,SMS,2025-01-03,0,4.12
CP007251,C03053,New Customer Welcome,Email,2025-10-15,0,2.95
CP007252,C03522,Fashion Days,Push,2025-08-29,0,6.95
CP007253,C04328,Electronics Week,WhatsApp,2025-01-15,0,7.17
CP007254,C04094,Electronics Week,Email,2025-11-11,0,1.37
CP007255,C01515,Fashion Days,WhatsApp,2025-04-03,1,2.88
CP007256,C02188,Festive Sale,Email,2025-03-05,0,2.79
CP007257,C02096,Electronics Week,Email,2025-06-30,0,7.46
CP007258,C02657,Summer Savings,WhatsApp,2025-01-09,0,4.22
CP007259,C04853,Win Back,Email,2025-06-30,0,2.74
CP007260,C03821,New Customer Welcome,Email,2025-11-01,0,3.3
CP007261,C04018,Summer Savings,Push,2025-10-20,0,3.77
CP007262,C00537,Electronics Week,WhatsApp,2025-09-30,0,0.59
CP007263,C00947,Festive Sale,Social,2025-02-22,0,2.89
CP007264,C02982,Summer Savings,SMS,2025-06-30,0,5.85
CP007265,C04239,Electronics Week,WhatsApp,2025-12-07,1,3.89
CP007266,C01703,VIP Exclusive,Email,2025-11-04,0,5.86
CP007267,C00612,Fashion Days,Email,2025-11-23,0,0.97
CP007268,C04574,Festive Sale,SMS,2025-01-17,0,5.76
CP007269,C00571,Festive Sale,SMS,2025-10-11,0,3.76
CP007270,C01700,New Customer Welcome,Email,2025-01-29,0,0.75
CP007271,C01891,Fashion Days,Email,2025-03-04,0,4.65
CP007272,C01936,Festive Sale,Push,2025-02-25,0,7.37
CP007273,C01405,Summer Savings,Push,2025-01-24,0,5.76
CP007274,C00138,Fashion Days,Push,2025-04-21,0,4.29
CP007275,C01938,Summer Savings,Email,2025-08-11,0,3.66
CP007276,C01935,VIP Exclusive,SMS,2025-09-22,1,2.43
CP007277,C04798,New Customer Welcome,Email,2025-06-12,0,1.39
CP007278,C04779,Electronics Week,WhatsApp,2025-11-21,1,5.23
CP007279,C01987,Win Back,WhatsApp,2025-09-23,0,5.75
CP007280,C03796,Electronics Week,WhatsApp,2025-05-23,0,1.6
CP007281,C00383,Fashion Days,WhatsApp,2025-03-09,0,4.0
CP007282,C01736,Fashion Days,WhatsApp,2025-06-19,1,7.63
CP007283,C00149,Fashion Days,WhatsApp,2025-01-28,1,5.5
CP007284,C00264,Festive Sale,SMS,2025-01-28,0,2.87
CP007285,C02553,Fashion Days,Email,2025-05-20,0,4.64
CP007286,C00169,New Customer Welcome,Social,2025-08-13,0,3.54
CP007287,C03982,Festive Sale,Push,2025-06-18,0,6.43
CP007288,C02515,Fashion Days,Social,2025-08-26,0,0.7
CP007289,C03514,Festive Sale,Push,2025-10-26,0,5.63
CP007290,C02215,Summer Savings,Email,2025-09-04,0,3.92
CP007291,C03821,Electronics Week,WhatsApp,2025-08-23,0,1.88
CP007292,C04714,VIP Exclusive,Email,2025-07-28,0,7.72
CP007293,C01608,New Customer Welcome,Social,2025-05-25,0,6.74
CP007294,C01794,Festive Sale,Email,2025-08-06,0,5.84
CP007295,C00958,VIP Exclusive,Email,2025-05-26,0,0.92
CP007296,C03025,Win Back,Push,2025-08-13,0,5.23
CP007297,C00857,Summer Savings,WhatsApp,2025-09-18,0,4.48
CP007298,C01218,Electronics Week,Email,2025-10-20,0,5.29
CP007299,C04370,Summer Savings,SMS,2025-11-06,1,0.93
CP007300,C03714,Summer Savings,Email,2025-07-24,0,4.16
CP007301,C00762,Electronics Week,Email,2025-10-09,0,3.1
CP007302,C00852,Summer Savings,Email,2025-05-13,0,6.98
CP007303,C03398,Fashion Days,WhatsApp,2025-10-04,0,5.61
CP007304,C03004,VIP Exclusive,WhatsApp,2025-06-13,0,7.64
CP007305,C04027,VIP Exclusive,Push,2025-10-26,0,2.42
CP007306,C03319,Win Back,Email,2025-04-27,0,3.88
CP007307,C04183,New Customer Welcome,Email,2025-07-08,0,2.28
CP007308,C01160,New Customer Welcome,Email,2025-01-02,0,7.95
CP007309,C01956,Electronics Week,Email,2025-03-27,0,7.98
CP007310,C00447,Summer Savings,Email,2025-08-14,1,5.03
CP007311,C03922,Summer Savings,Social,2025-03-23,0,5.12
CP007312,C02768,Electronics Week,Social,2025-01-08,0,2.3
CP007313,C03820,Win Back,Email,2025-08-18,0,7.62
CP007314,C01513,Electronics Week,WhatsApp,2025-11-01,0,2.52
CP007315,C04809,Electronics Week,Email,2025-07-16,1,7.89
CP007316,C02413,Win Back,WhatsApp,2025-02-22,0,3.61
CP007317,C02388,Summer Savings,Email,2025-01-07,0,5.95
CP007318,C03143,Festive Sale,WhatsApp,2025-02-14,0,4.27
CP007319,C03871,Fashion Days,WhatsApp,2025-07-11,0,1.21
CP007320,C01852,VIP Exclusive,SMS,2025-04-11,0,1.24
CP007321,C03631,Electronics Week,WhatsApp,2025-05-11,1,4.35
CP007322,C01551,Festive Sale,Email,2025-04-23,0,2.87
CP007323,C03909,Festive Sale,Email,2025-12-01,0,1.06
CP007324,C02609,Electronics Week,SMS,2025-10-13,1,2.39
CP007325,C02618,Fashion Days,WhatsApp,2025-07-12,0,0.52
CP007326,C04412,Summer Savings,Social,2025-06-20,0,5.82
CP007327,C03700,Summer Savings,SMS,2025-08-11,0,6.22
CP007328,C04431,New Customer Welcome,WhatsApp,2025-07-19,1,6.15
CP007329,C03369,Summer Savings,SMS,2025-05-11,0,5.05
CP007330,C00960,Summer Savings,WhatsApp,2025-10-30,0,2.06
CP007331,C03616,Summer Savings,SMS,2025-07-17,1,1.98
CP007332,C02369,Electronics Week,Push,2025-04-02,0,1.07
CP007333,C00610,Fashion Days,WhatsApp,2025-05-26,1,5.18
CP007334,C02387,Win Back,WhatsApp,2025-01-30,1,3.93
CP007335,C04330,Summer Savings,WhatsApp,2025-01-28,0,4.84
CP007336,C00167,Win Back,Email,2025-07-28,0,2.01
CP007337,C02692,Win Back,Email,2025-11-10,1,1.67
CP007338,C04065,Electronics Week,Push,2025-05-18,1,4.5
CP007339,C00559,Festive Sale,WhatsApp,2025-06-23,0,3.25
CP007340,C00409,Summer Savings,Email,2025-08-24,0,4.86
CP007341,C04170,New Customer Welcome,Email,2025-08-06,0,5.61
CP007342,C03138,New Customer Welcome,Push,2025-01-21,0,3.98
CP007343,C04218,Festive Sale,Push,2025-12-07,0,7.18
CP007344,C03036,Summer Savings,WhatsApp,2025-06-11,0,4.46
CP007345,C02247,VIP Exclusive,Email,2025-03-10,0,6.18
CP007346,C00673,Festive Sale,Email,2025-11-16,0,4.82
CP007347,C01959,Summer Savings,Email,2025-08-12,0,7.36
CP007348,C01525,Fashion Days,WhatsApp,2025-12-11,0,0.64
CP007349,C00979,Electronics Week,Social,2025-06-26,0,5.06
CP007350,C03645,Summer Savings,Email,2025-10-18,0,3.22
CP007351,C00698,Fashion Days,Push,2025-09-13,0,2.02
CP007352,C00889,Summer Savings,WhatsApp,2025-03-15,0,6.68
CP007353,C02552,Festive Sale,WhatsApp,2025-08-08,0,3.8
CP007354,C04464,Festive Sale,WhatsApp,2025-03-07,0,3.99
CP007355,C00563,VIP Exclusive,Email,2025-02-11,0,4.05
CP007356,C01872,Festive Sale,Email,2025-09-27,0,6.87
CP007357,C00831,Win Back,Email,2025-08-28,0,3.85
CP007358,C01563,Win Back,SMS,2025-06-18,0,1.61
CP007359,C04849,New Customer Welcome,Push,2025-04-08,0,5.69
CP007360,C02404,New Customer Welcome,Push,2025-09-09,0,3.43
CP007361,C03192,New Customer Welcome,Email,2025-04-21,0,1.52
CP007362,C00973,Fashion Days,SMS,2025-11-13,0,4.39
CP007363,C00731,Summer Savings,Email,2025-11-24,0,2.93
CP007364,C00106,VIP Exclusive,Social,2025-11-07,1,3.32
CP007365,C04862,Fashion Days,Email,2025-05-20,0,6.67
CP007366,C01034,Electronics Week,Push,2025-04-25,0,4.45
CP007367,C02744,Summer Savings,Email,2025-05-25,0,2.14
CP007368,C02970,Summer Savings,Social,2025-06-04,0,4.44
CP007369,C02575,New Customer Welcome,Email,2025-10-09,0,2.38
CP007370,C02975,Win Back,Email,2025-02-28,0,7.63
CP007371,C04272,Festive Sale,Social,2025-12-08,0,5.5
CP007372,C00425,Festive Sale,SMS,2025-07-11,0,6.23
CP007373,C03024,Win Back,WhatsApp,2025-10-10,0,6.03
CP007374,C00977,Electronics Week,WhatsApp,2025-10-16,0,5.86
CP007375,C04223,Festive Sale,WhatsApp,2025-12-11,0,3.74
CP007376,C04181,Fashion Days,Social,2025-07-20,0,4.45
CP007377,C04277,Fashion Days,Social,2025-01-08,1,6.01
CP007378,C04469,Fashion Days,Push,2025-03-22,0,7.82
CP007379,C00457,Fashion Days,SMS,2025-07-01,0,7.98
CP007380,C02930,New Customer Welcome,Email,2025-08-14,0,3.03
CP007381,C03762,VIP Exclusive,Email,2025-10-21,0,6.21
CP007382,C01673,Festive Sale,Email,2025-11-05,1,2.06
CP007383,C00174,Summer Savings,Email,2025-07-03,0,6.31
CP007384,C01371,Festive Sale,SMS,2025-06-09,0,6.91
CP007385,C00954,VIP Exclusive,SMS,2025-06-20,0,7.87
CP007386,C02053,Summer Savings,WhatsApp,2025-10-08,0,4.28
CP007387,C00851,Win Back,SMS,2025-06-07,0,6.5
CP007388,C01077,New Customer Welcome,WhatsApp,2025-07-14,0,7.12
CP007389,C04077,Fashion Days,Email,2025-08-28,0,3.17
CP007390,C00059,New Customer Welcome,WhatsApp,2025-04-27,0,4.53
CP007391,C04796,Festive Sale,SMS,2025-11-08,0,0.69
CP007392,C02909,Summer Savings,Email,2025-06-14,0,3.49
CP007393,C02537,VIP Exclusive,Email,2025-04-26,0,1.33
CP007394,C01665,Summer Savings,WhatsApp,2025-04-07,1,7.02
CP007395,C01200,Festive Sale,Email,2025-08-02,0,6.05
CP007396,C03443,Festive Sale,Email,2025-10-20,0,1.38
CP007397,C04976,Electronics Week,Social,2025-07-18,0,7.94
CP007398,C02939,VIP Exclusive,Push,2025-07-06,0,2.69
CP007399,C01072,Fashion Days,Email,2025-10-31,0,0.51
CP007400,C02645,New Customer Welcome,Email,2025-08-23,0,1.44
CP007401,C04492,Electronics Week,Email,2025-09-06,0,7.63
CP007402,C01822,New Customer Welcome,WhatsApp,2025-12-04,0,1.93
CP007403,C03851,Electronics Week,Email,2025-08-29,0,6.2
CP007404,C00576,Summer Savings,Email,2025-11-22,0,2.76
CP007405,C00873,Summer Savings,SMS,2025-08-18,1,1.05
CP007406,C01452,Summer Savings,WhatsApp,2025-08-01,0,3.36
CP007407,C04164,Win Back,Push,2025-11-06,0,6.59
CP007408,C03534,Fashion Days,Push,2025-10-20,0,6.72
CP007409,C04263,Fashion Days,Social,2025-10-07,0,1.22
CP007410,C00129,VIP Exclusive,WhatsApp,2025-05-14,0,6.7
CP007411,C00637,New Customer Welcome,Email,2025-02-13,1,1.42
CP007412,C02705,Win Back,SMS,2025-03-26,0,5.21
CP007413,C03862,VIP Exclusive,Push,2025-09-29,0,7.17
CP007414,C03222,Electronics Week,WhatsApp,2025-10-04,0,5.61
CP007415,C03141,VIP Exclusive,WhatsApp,2025-06-29,0,0.81
CP007416,C00535,Win Back,SMS,2025-06-04,0,5.26
CP007417,C01009,Summer Savings,WhatsApp,2025-06-06,0,4.23
CP007418,C03222,Win Back,SMS,2025-06-13,0,3.11
CP007419,C03054,VIP Exclusive,SMS,2025-08-09,1,1.43
CP007420,C03661,Summer Savings,WhatsApp,2025-03-02,0,1.38
CP007421,C00848,New Customer Welcome,WhatsApp,2025-05-10,0,1.17
CP007422,C04733,Electronics Week,Push,2025-09-09,1,5.06
CP007423,C00006,Fashion Days,Social,2025-01-09,1,5.2
CP007424,C04344,VIP Exclusive,Email,2025-01-29,0,1.21
CP007425,C00075,Electronics Week,Email,2025-01-18,1,3.07
CP007426,C00983,Fashion Days,Email,2025-10-08,1,2.76
CP007427,C02243,Fashion Days,Social,2025-11-14,1,3.08
CP007428,C00391,Win Back,SMS,2025-05-19,0,5.99
CP007429,C03241,Electronics Week,SMS,2025-09-08,0,0.68
CP007430,C02196,Festive Sale,Push,2025-06-07,0,6.84
CP007431,C03335,Summer Savings,Push,2025-12-14,1,3.34
CP007432,C04309,Win Back,SMS,2025-11-08,0,2.89
CP007433,C00111,Electronics Week,WhatsApp,2025-02-10,0,1.64
CP007434,C02230,Win Back,Push,2025-01-29,1,7.05
CP007435,C02276,New Customer Welcome,Email,2025-03-22,0,4.97
CP007436,C02036,Festive Sale,WhatsApp,2025-11-27,1,6.91
CP007437,C01721,Festive Sale,Email,2025-10-30,0,1.62
CP007438,C00404,Summer Savings,Social,2025-08-03,0,7.73
CP007439,C02275,VIP Exclusive,Push,2025-08-21,0,3.42
CP007440,C00393,Electronics Week,WhatsApp,2025-05-02,0,3.6
CP007441,C02052,VIP Exclusive,Email,2025-08-07,0,5.01
CP007442,C00256,Festive Sale,WhatsApp,2025-09-16,0,5.71
CP007443,C00345,Summer Savings,WhatsApp,2025-11-09,1,6.37
CP007444,C00541,Win Back,Social,2025-07-05,0,5.57
CP007445,C03047,Fashion Days,SMS,2025-03-25,0,5.62
CP007446,C03855,Festive Sale,WhatsApp,2025-05-18,0,6.17
CP007447,C04629,Festive Sale,SMS,2025-07-12,0,5.14
CP007448,C01372,Electronics Week,WhatsApp,2025-10-20,0,4.12
CP007449,C02332,Fashion Days,Email,2025-04-27,0,5.12
CP007450,C02902,Summer Savings,WhatsApp,2025-07-10,0,6.06
CP007451,C02920,Festive Sale,Push,2025-09-18,1,1.2
CP007452,C01724,Win Back,SMS,2025-08-08,0,6.05
CP007453,C04822,New Customer Welcome,SMS,2025-10-15,1,1.98
CP007454,C04153,VIP Exclusive,Push,2025-02-28,0,0.85
CP007455,C04469,VIP Exclusive,Push,2025-01-26,0,6.45
CP007456,C00419,New Customer Welcome,Email,2025-03-15,1,5.52
CP007457,C03382,Festive Sale,Email,2025-12-07,0,1.91
CP007458,C03433,New Customer Welcome,Email,2025-08-16,0,3.62
CP007459,C01385,Electronics Week,Push,2025-11-10,0,4.98
CP007460,C04057,Fashion Days,SMS,2025-02-05,0,1.79
CP007461,C00546,VIP Exclusive,Email,2025-01-26,0,2.63
CP007462,C01090,New Customer Welcome,WhatsApp,2025-05-26,0,4.75
CP007463,C04028,VIP Exclusive,SMS,2025-02-27,0,2.61
CP007464,C02833,New Customer Welcome,Email,2025-03-26,0,6.93
CP007465,C03068,Festive Sale,SMS,2025-11-14,0,7.3
CP007466,C03129,Fashion Days,Social,2025-10-03,0,6.36
CP007467,C01704,Fashion Days,Email,2025-08-10,0,7.37
CP007468,C04134,New Customer Welcome,WhatsApp,2025-02-08,0,4.2
CP007469,C02156,Win Back,Push,2025-12-15,0,2.03
CP007470,C01486,Fashion Days,Push,2025-11-13,1,3.99
CP007471,C01102,Festive Sale,SMS,2025-07-06,1,5.54
CP007472,C01727,Festive Sale,Push,2025-02-09,0,3.48
CP007473,C01480,Win Back,Push,2025-04-26,1,4.69
CP007474,C04128,VIP Exclusive,Email,2025-07-26,0,2.17
CP007475,C01623,New Customer Welcome,Push,2025-05-24,1,4.55
CP007476,C00190,Festive Sale,WhatsApp,2025-05-24,0,2.31
CP007477,C02578,Win Back,WhatsApp,2025-09-17,0,3.44
CP007478,C01462,Fashion Days,Push,2025-11-02,0,6.34
CP007479,C01973,VIP Exclusive,WhatsApp,2025-02-16,0,5.77
CP007480,C00183,Festive Sale,Push,2025-07-29,0,6.28
CP007481,C00047,Fashion Days,Social,2025-06-22,0,6.24
CP007482,C02454,VIP Exclusive,Email,2025-03-05,1,2.95
CP007483,C00665,Win Back,Push,2025-11-01,0,7.25
CP007484,C03093,New Customer Welcome,Email,2025-09-26,0,4.69
CP007485,C00303,Summer Savings,WhatsApp,2025-04-12,1,2.38
CP007486,C03778,Festive Sale,Social,2025-11-29,0,0.52
CP007487,C04434,Win Back,SMS,2025-10-02,0,7.12
CP007488,C03402,Festive Sale,Email,2025-06-27,1,2.02
CP007489,C03680,Festive Sale,Push,2025-03-11,0,1.53
CP007490,C01578,Electronics Week,WhatsApp,2025-05-14,0,5.31
CP007491,C02274,Fashion Days,Email,2025-08-11,0,5.36
CP007492,C04339,Win Back,SMS,2025-05-26,0,4.78
CP007493,C02717,Festive Sale,Email,2025-09-06,0,6.37
CP007494,C00817,Summer Savings,Email,2025-04-03,1,5.01
CP007495,C02117,Electronics Week,WhatsApp,2025-09-03,0,1.79
CP007496,C02157,Summer Savings,Social,2025-08-19,0,7.52
CP007497,C00879,Win Back,SMS,2025-06-27,0,3.05
CP007498,C02536,Win Back,Email,2025-11-04,0,4.17
CP007499,C00464,Festive Sale,Email,2025-03-29,0,6.22
CP007500,C01498,Fashion Days,WhatsApp,2025-02-06,0,2.22
CP007501,C04958,Win Back,Email,2025-03-24,0,1.67
CP007502,C01808,Win Back,Social,2025-03-13,0,6.11
CP007503,C02320,Festive Sale,Social,2025-08-17,1,0.59
CP007504,C02327,VIP Exclusive,Social,2025-03-03,0,5.46
CP007505,C02946,Fashion Days,Email,2025-08-20,0,2.79
CP007506,C00774,Festive Sale,Email,2025-03-21,0,6.94
CP007507,C02609,Win Back,Push,2025-11-24,0,3.54
CP007508,C00689,Festive Sale,Email,2025-08-27,0,2.92
CP007509,C00014,Festive Sale,Push,2025-01-07,1,6.14
CP007510,C04440,New Customer Welcome,SMS,2025-08-31,1,4.89
CP007511,C02734,Electronics Week,Email,2025-07-27,0,4.98
CP007512,C00374,Summer Savings,Email,2025-06-08,0,2.56
CP007513,C03882,Win Back,Push,2025-11-28,0,5.06
CP007514,C03807,Fashion Days,Social,2025-06-23,0,2.76
CP007515,C03429,Electronics Week,WhatsApp,2025-04-10,0,6.1
CP007516,C00232,New Customer Welcome,Push,2025-06-15,0,2.42
CP007517,C04021,Win Back,Push,2025-09-23,0,4.37
CP007518,C02663,Summer Savings,WhatsApp,2025-05-14,0,2.04
CP007519,C00726,VIP Exclusive,WhatsApp,2025-08-13,1,6.1
CP007520,C02815,New Customer Welcome,SMS,2025-07-11,0,2.25
CP007521,C04644,Festive Sale,Email,2025-09-09,1,0.77
CP007522,C01525,Win Back,Email,2025-12-05,0,3.05
CP007523,C04694,Win Back,Push,2025-03-20,1,2.33
CP007524,C00968,New Customer Welcome,SMS,2025-03-09,0,3.16
CP007525,C03957,Summer Savings,WhatsApp,2025-05-29,0,4.29
CP007526,C01248,Fashion Days,Email,2025-02-16,0,6.53
CP007527,C02519,Festive Sale,Email,2025-04-18,0,3.27
CP007528,C01603,VIP Exclusive,Social,2025-01-30,0,6.97
CP007529,C01528,New Customer Welcome,Email,2025-11-15,0,3.33
CP007530,C03612,Win Back,Push,2025-09-13,0,0.83
CP007531,C03800,Fashion Days,Email,2025-08-04,0,7.83
CP007532,C02597,New Customer Welcome,WhatsApp,2025-01-09,0,2.47
CP007533,C01638,Festive Sale,WhatsApp,2025-09-28,0,2.94
CP007534,C04581,Festive Sale,SMS,2025-02-02,0,4.68
CP007535,C00494,New Customer Welcome,Email,2025-05-25,0,5.78
CP007536,C04123,VIP Exclusive,Email,2025-01-10,1,6.44
CP007537,C03995,Summer Savings,Email,2025-06-29,0,5.97
CP007538,C01550,Win Back,WhatsApp,2025-10-01,1,4.26
CP007539,C03983,Summer Savings,Email,2025-10-20,1,7.84
CP007540,C00108,Fashion Days,SMS,2025-02-11,0,1.33
CP007541,C01268,Electronics Week,Push,2025-09-23,1,7.87
CP007542,C00673,Fashion Days,Push,2025-05-31,0,5.55
CP007543,C04675,New Customer Welcome,WhatsApp,2025-01-10,0,5.53
CP007544,C02016,Electronics Week,Email,2025-04-14,1,6.98
CP007545,C01581,Fashion Days,Push,2025-01-06,0,3.2
CP007546,C02805,VIP Exclusive,Push,2025-12-13,0,6.94
CP007547,C01843,Electronics Week,SMS,2025-09-01,1,5.03
CP007548,C03824,New Customer Welcome,Social,2025-04-27,1,3.12
CP007549,C00865,Fashion Days,Push,2025-05-19,0,6.16
CP007550,C02335,Electronics Week,SMS,2025-07-28,0,6.57
CP007551,C03684,Summer Savings,Social,2025-02-09,0,2.42
CP007552,C03480,New Customer Welcome,Push,2025-02-12,1,0.68
CP007553,C02282,Summer Savings,WhatsApp,2025-09-12,1,5.31
CP007554,C02934,Win Back,Push,2025-04-25,0,1.76
CP007555,C00575,New Customer Welcome,WhatsApp,2025-01-03,1,6.31
CP007556,C01420,New Customer Welcome,WhatsApp,2025-08-05,0,2.98
CP007557,C03768,Summer Savings,Email,2025-11-10,0,5.11
CP007558,C00385,Summer Savings,WhatsApp,2025-02-26,0,1.06
CP007559,C00479,New Customer Welcome,SMS,2025-07-18,0,7.95
CP007560,C00193,VIP Exclusive,Push,2025-06-04,0,2.14
CP007561,C03359,Festive Sale,SMS,2025-03-29,1,3.03
CP007562,C01154,Fashion Days,WhatsApp,2025-10-01,0,6.12
CP007563,C04559,New Customer Welcome,Social,2025-10-14,1,1.95
CP007564,C00275,Festive Sale,SMS,2025-05-14,0,6.28
CP007565,C02170,Win Back,WhatsApp,2025-10-13,0,1.73
CP007566,C02715,VIP Exclusive,WhatsApp,2025-08-18,1,0.82
CP007567,C02480,Electronics Week,Social,2025-02-23,0,6.11
CP007568,C04515,VIP Exclusive,Social,2025-04-09,0,3.4
CP007569,C01485,Electronics Week,Push,2025-10-27,0,2.14
CP007570,C01475,Fashion Days,Social,2025-02-21,1,4.7
CP007571,C04322,Summer Savings,Push,2025-07-26,1,7.64
CP007572,C02606,New Customer Welcome,Push,2025-08-14,1,7.93
CP007573,C03829,Festive Sale,Email,2025-08-28,1,4.08
CP007574,C02660,New Customer Welcome,WhatsApp,2025-01-27,0,1.93
CP007575,C01718,VIP Exclusive,Email,2025-09-14,0,5.65
CP007576,C00668,VIP Exclusive,SMS,2025-02-05,0,3.79
CP007577,C00363,Electronics Week,Social,2025-11-03,0,3.58
CP007578,C01842,Win Back,WhatsApp,2025-07-31,0,0.96
CP007579,C00159,Electronics Week,Email,2025-03-22,1,5.55
CP007580,C01253,Fashion Days,Email,2025-01-27,1,2.03
CP007581,C00585,New Customer Welcome,Email,2025-09-18,1,1.0
CP007582,C01438,Summer Savings,SMS,2025-02-15,1,5.04
CP007583,C03534,Summer Savings,SMS,2025-07-02,0,6.96
CP007584,C04796,Fashion Days,SMS,2025-05-28,0,7.7
CP007585,C00969,Summer Savings,WhatsApp,2025-10-30,0,7.27
CP007586,C01855,Summer Savings,Email,2025-01-16,1,5.01
CP007587,C00177,Win Back,Social,2025-03-04,0,6.42
CP007588,C01650,New Customer Welcome,WhatsApp,2025-03-09,1,2.03
CP007589,C01619,Electronics Week,WhatsApp,2025-02-14,0,5.56
CP007590,C01625,Festive Sale,SMS,2025-09-22,0,3.03
CP007591,C04020,VIP Exclusive,Email,2025-11-10,0,4.77
CP007592,C04610,Summer Savings,SMS,2025-09-01,0,7.3
CP007593,C01332,VIP Exclusive,Push,2025-03-29,0,4.71
CP007594,C00259,Fashion Days,SMS,2025-06-21,0,3.97
CP007595,C04611,VIP Exclusive,Email,2025-11-09,0,6.68
CP007596,C03243,VIP Exclusive,Push,2025-06-27,1,2.09
CP007597,C04585,VIP Exclusive,Push,2025-10-03,0,7.91
CP007598,C01530,VIP Exclusive,WhatsApp,2025-09-23,0,1.48
CP007599,C01105,Win Back,Email,2025-07-03,0,3.5
CP007600,C02886,Festive Sale,Push,2025-11-19,0,2.95
CP007601,C02224,Festive Sale,Push,2025-05-13,0,2.55
CP007602,C02927,Electronics Week,Push,2025-12-05,0,4.94
CP007603,C02878,New Customer Welcome,Push,2025-07-20,0,2.6
CP007604,C01393,New Customer Welcome,Email,2025-09-27,1,4.08
CP007605,C03546,VIP Exclusive,WhatsApp,2025-07-29,0,2.26
CP007606,C01896,VIP Exclusive,Email,2025-06-15,0,6.66
CP007607,C03479,New Customer Welcome,Social,2025-04-05,0,5.43
CP007608,C04535,Summer Savings,Push,2025-09-01,0,6.66
CP007609,C03082,Festive Sale,Social,2025-03-29,0,6.07
CP007610,C00631,Festive Sale,SMS,2025-05-22,0,1.73
CP007611,C02710,Fashion Days,Email,2025-04-15,0,3.7
CP007612,C00298,VIP Exclusive,SMS,2025-02-22,0,3.84
CP007613,C03110,Electronics Week,Push,2025-09-20,0,5.76
CP007614,C04588,Win Back,WhatsApp,2025-09-01,0,2.43
CP007615,C04322,Summer Savings,Push,2025-11-27,0,1.99
CP007616,C04968,Fashion Days,SMS,2025-10-29,0,5.88
CP007617,C01216,Electronics Week,Push,2025-02-19,0,7.88
CP007618,C00478,Win Back,WhatsApp,2025-04-17,1,4.37
CP007619,C04018,VIP Exclusive,Push,2025-05-04,0,1.42
CP007620,C02099,VIP Exclusive,Email,2025-03-27,0,2.19
CP007621,C00495,New Customer Welcome,Social,2025-02-27,0,3.44
CP007622,C01871,Electronics Week,Push,2025-10-13,0,4.78
CP007623,C01952,Summer Savings,Email,2025-08-10,0,5.96
CP007624,C04386,New Customer Welcome,Email,2025-02-23,0,5.49
CP007625,C04637,VIP Exclusive,Push,2025-06-14,1,7.16
CP007626,C03918,Win Back,WhatsApp,2025-09-12,0,7.72
CP007627,C02277,Fashion Days,SMS,2025-03-23,0,0.72
CP007628,C01053,Win Back,Social,2025-04-28,0,6.17
CP007629,C03153,Electronics Week,WhatsApp,2025-04-30,0,0.77
CP007630,C02317,VIP Exclusive,SMS,2025-08-12,0,2.34
CP007631,C02497,Win Back,Push,2025-12-08,0,6.06
CP007632,C01162,New Customer Welcome,Push,2025-10-27,0,4.05
CP007633,C00202,Summer Savings,Push,2025-07-01,1,7.31
CP007634,C04152,Win Back,WhatsApp,2025-09-02,0,7.34
CP007635,C01123,New Customer Welcome,Push,2025-03-13,0,4.85
CP007636,C00279,Fashion Days,Email,2025-01-20,0,5.81
CP007637,C00318,Electronics Week,Push,2025-02-06,1,4.68
CP007638,C02460,Festive Sale,Email,2025-07-18,0,3.57
CP007639,C03799,Festive Sale,SMS,2025-03-31,0,7.33
CP007640,C01081,Festive Sale,WhatsApp,2025-12-08,0,2.76
CP007641,C00172,Electronics Week,Email,2025-01-26,0,4.99
CP007642,C00988,Fashion Days,Push,2025-06-25,1,6.84
CP007643,C02665,Electronics Week,WhatsApp,2025-08-07,1,5.79
CP007644,C00607,VIP Exclusive,SMS,2025-03-20,0,5.93
CP007645,C02112,Electronics Week,Social,2025-10-24,0,1.91
CP007646,C02840,VIP Exclusive,Email,2025-03-27,0,6.52
CP007647,C04493,Festive Sale,Email,2025-10-06,0,4.19
CP007648,C04165,Summer Savings,WhatsApp,2025-06-22,0,3.35
CP007649,C03639,New Customer Welcome,Email,2025-07-02,0,7.64
CP007650,C03842,Win Back,SMS,2025-06-18,0,2.23
CP007651,C00564,Win Back,Email,2025-08-20,0,6.83
CP007652,C01956,VIP Exclusive,Email,2025-11-30,0,6.93
CP007653,C03971,Electronics Week,SMS,2025-06-10,0,4.24
CP007654,C00454,Electronics Week,WhatsApp,2025-06-23,0,3.67
CP007655,C03025,VIP Exclusive,Email,2025-01-16,0,0.9
CP007656,C00661,Electronics Week,Email,2025-09-26,0,6.15
CP007657,C02721,Win Back,Email,2025-12-12,1,4.49
CP007658,C04488,Festive Sale,Social,2025-07-12,0,5.39
CP007659,C04623,Fashion Days,SMS,2025-08-22,0,1.35
CP007660,C00591,VIP Exclusive,SMS,2025-01-18,0,3.53
CP007661,C04553,VIP Exclusive,WhatsApp,2025-02-26,1,5.68
CP007662,C03878,New Customer Welcome,SMS,2025-10-10,1,4.74
CP007663,C04490,Win Back,SMS,2025-08-20,0,3.92
CP007664,C04696,Win Back,Email,2025-10-04,1,4.41
CP007665,C01843,Electronics Week,Email,2025-12-09,0,4.05
CP007666,C00417,New Customer Welcome,Email,2025-08-23,0,2.48
CP007667,C01028,Win Back,Push,2025-03-07,0,5.44
CP007668,C00726,New Customer Welcome,Email,2025-10-24,0,6.35
CP007669,C03292,Electronics Week,Email,2025-03-20,0,5.27
CP007670,C01801,Summer Savings,Email,2025-11-13,0,0.69
CP007671,C02458,Summer Savings,Push,2025-08-28,1,4.02
CP007672,C04678,Summer Savings,WhatsApp,2025-04-06,1,5.28
CP007673,C04247,Festive Sale,SMS,2025-01-09,0,1.84
CP007674,C01846,Win Back,Email,2025-01-14,0,2.07
CP007675,C01198,VIP Exclusive,Email,2025-11-06,0,6.28
CP007676,C01318,Fashion Days,Email,2025-10-17,1,3.05
CP007677,C04679,VIP Exclusive,Social,2025-12-10,0,3.36
CP007678,C00296,Festive Sale,WhatsApp,2025-09-18,0,5.7
CP007679,C03961,Festive Sale,WhatsApp,2025-10-16,0,6.14
CP007680,C04445,Summer Savings,SMS,2025-10-06,0,3.68
CP007681,C03585,Fashion Days,WhatsApp,2025-09-15,0,4.67
CP007682,C00155,Summer Savings,WhatsApp,2025-11-11,0,5.97
CP007683,C03531,Win Back,WhatsApp,2025-02-03,0,5.91
CP007684,C04889,Electronics Week,SMS,2025-08-30,0,3.94
CP007685,C03998,Electronics Week,SMS,2025-06-09,1,2.62
CP007686,C02837,Festive Sale,Push,2025-11-09,1,2.8
CP007687,C01387,VIP Exclusive,Push,2025-08-24,1,6.68
CP007688,C02860,Festive Sale,Email,2025-03-29,0,1.58
CP007689,C02413,New Customer Welcome,SMS,2025-06-06,1,2.41
CP007690,C04961,Festive Sale,WhatsApp,2025-04-25,1,7.79
CP007691,C01708,Fashion Days,Email,2025-06-05,0,5.9
CP007692,C00075,Fashion Days,WhatsApp,2025-12-15,0,5.24
CP007693,C02855,Win Back,Email,2025-09-12,0,0.68
CP007694,C04149,VIP Exclusive,Email,2025-06-29,0,4.71
CP007695,C02299,Summer Savings,Email,2025-01-30,0,5.93
CP007696,C02656,New Customer Welcome,WhatsApp,2025-02-28,0,4.43
CP007697,C03682,New Customer Welcome,Social,2025-02-16,0,2.69
CP007698,C04775,Electronics Week,Push,2025-04-30,0,7.41
CP007699,C00396,VIP Exclusive,Email,2025-03-04,0,4.33
CP007700,C01611,Electronics Week,Email,2025-10-01,1,1.01
CP007701,C03410,Festive Sale,Email,2025-04-08,0,5.85
CP007702,C03734,New Customer Welcome,Email,2025-07-22,0,1.65
CP007703,C01995,Summer Savings,Email,2025-01-21,0,2.27
CP007704,C02201,Fashion Days,Email,2025-06-28,0,5.15
CP007705,C03746,Electronics Week,Email,2025-10-12,0,6.23
CP007706,C03560,Win Back,SMS,2025-10-10,0,5.37
CP007707,C01215,Electronics Week,SMS,2025-03-11,1,0.93
CP007708,C02144,Festive Sale,Email,2025-08-09,1,7.68
CP007709,C02441,Win Back,Push,2025-12-08,0,7.73
CP007710,C01141,Fashion Days,Social,2025-06-22,0,1.51
CP007711,C01629,Fashion Days,Email,2025-05-13,1,7.19
CP007712,C02387,New Customer Welcome,Push,2025-05-19,0,6.86
CP007713,C01811,New Customer Welcome,SMS,2025-10-29,0,3.83
CP007714,C01441,New Customer Welcome,SMS,2025-03-24,0,3.8
CP007715,C02283,Festive Sale,Social,2025-05-17,1,2.66
CP007716,C04428,Festive Sale,Email,2025-02-24,0,7.19
CP007717,C04168,Festive Sale,Email,2025-09-22,0,1.5
CP007718,C02643,Festive Sale,WhatsApp,2025-02-08,0,3.73
CP007719,C03568,New Customer Welcome,SMS,2025-05-19,0,2.02
CP007720,C02629,Win Back,WhatsApp,2025-11-15,0,4.74
CP007721,C02155,VIP Exclusive,Email,2025-10-25,0,3.99
CP007722,C02994,Summer Savings,WhatsApp,2025-06-02,0,6.78
CP007723,C02044,VIP Exclusive,Push,2025-08-26,0,5.35
CP007724,C00722,Fashion Days,WhatsApp,2025-09-07,1,7.75
CP007725,C03019,VIP Exclusive,Email,2025-10-04,0,5.89
CP007726,C01314,Electronics Week,Email,2025-08-02,1,7.97
CP007727,C01371,Win Back,Push,2025-02-11,0,3.11
CP007728,C03551,Summer Savings,SMS,2025-09-23,0,0.98
CP007729,C03177,New Customer Welcome,WhatsApp,2025-03-16,1,2.89
CP007730,C04208,Summer Savings,SMS,2025-03-24,0,4.4
CP007731,C02940,Festive Sale,Email,2025-02-15,0,5.14
CP007732,C01150,Electronics Week,Push,2025-08-14,0,5.6
CP007733,C02471,Festive Sale,Email,2025-12-03,0,6.15
CP007734,C04923,Festive Sale,Email,2025-11-05,0,7.22
CP007735,C02321,Summer Savings,Email,2025-11-27,0,1.74
CP007736,C01427,Electronics Week,Social,2025-04-18,1,1.6
CP007737,C00267,Win Back,Email,2025-04-05,0,5.38
CP007738,C01984,Fashion Days,,2025-10-27,0,6.76
CP007739,C04001,New Customer Welcome,SMS,2025-03-30,1,0.81
CP007740,C02603,VIP Exclusive,SMS,2025-05-09,0,4.78
CP007741,C00423,Win Back,SMS,2025-11-05,0,2.96
CP007742,C03052,Fashion Days,Email,2025-06-23,1,1.61
CP007743,C00834,New Customer Welcome,Push,2025-07-01,0,1.27
CP007744,C02154,VIP Exclusive,WhatsApp,2025-02-15,0,6.36
CP007745,C01549,New Customer Welcome,Push,2025-07-17,0,3.91
CP007746,C04638,New Customer Welcome,WhatsApp,2025-07-22,1,4.21
CP007747,C01612,Win Back,Push,2025-06-19,0,4.17
CP007748,C03117,Summer Savings,WhatsApp,2025-10-27,0,5.58
CP007749,C00097,Fashion Days,Push,2025-05-03,0,2.96
CP007750,C02580,Summer Savings,WhatsApp,2025-09-17,1,1.83
CP007751,C00637,New Customer Welcome,WhatsApp,2025-08-14,0,1.49
CP007752,C03753,Summer Savings,Push,2025-01-30,0,4.75
CP007753,C00449,Electronics Week,Push,2025-11-24,0,7.43
CP007754,C00644,Fashion Days,Push,2025-09-19,0,3.43
CP007755,C02487,Fashion Days,Email,2025-08-23,0,2.54
CP007756,C03020,Festive Sale,SMS,2025-08-19,0,1.71
CP007757,C01945,Fashion Days,Email,2025-01-11,0,3.11
CP007758,C01314,Summer Savings,Email,2025-05-08,0,5.62
CP007759,C04238,Electronics Week,Push,2025-03-27,1,1.49
CP007760,C01352,Festive Sale,Email,2025-03-13,0,7.72
CP007761,C03698,Fashion Days,Push,2025-08-12,1,2.15
CP007762,C02783,Summer Savings,SMS,2025-03-08,0,1.66
CP007763,C00541,Win Back,Email,2025-02-08,1,5.92
CP007764,C01895,Fashion Days,WhatsApp,2025-02-14,0,2.05
CP007765,C00559,Fashion Days,Email,2025-05-12,1,5.78
CP007766,C01857,Festive Sale,SMS,2025-01-28,0,5.1
CP007767,C01252,Summer Savings,Push,2025-12-03,1,3.35
CP007768,C03438,Electronics Week,Email,2025-11-26,0,4.88
CP007769,C02466,Summer Savings,SMS,2025-09-17,0,3.92
CP007770,C00021,New Customer Welcome,Push,2025-06-21,0,3.77
CP007771,C00455,Festive Sale,SMS,2025-11-05,0,6.36
CP007772,C01168,Summer Savings,Push,2025-12-12,0,3.85
CP007773,C03847,Festive Sale,WhatsApp,2025-08-24,0,3.58
CP007774,C00115,Fashion Days,Email,2025-08-05,0,4.32
CP007775,C01037,New Customer Welcome,Email,2025-10-18,0,7.38
CP007776,C02971,Summer Savings,WhatsApp,2025-03-30,0,2.13
CP007777,C02993,Win Back,Email,2025-10-15,0,1.55
CP007778,C00685,New Customer Welcome,SMS,2025-08-12,0,1.49
CP007779,C03852,Festive Sale,WhatsApp,2025-06-05,0,2.29
CP007780,C03781,VIP Exclusive,Email,2025-06-21,0,6.17
CP007781,C01375,Festive Sale,SMS,2025-05-08,1,0.8
CP007782,C03873,New Customer Welcome,Email,2025-11-13,0,4.9
CP007783,C04143,VIP Exclusive,Push,2025-04-27,1,6.09
CP007784,C02532,VIP Exclusive,Push,2025-03-15,0,3.57
CP007785,C01688,Win Back,WhatsApp,2025-01-09,0,7.5
CP007786,C04611,Festive Sale,Email,2025-08-12,1,1.67
CP007787,C01212,New Customer Welcome,Email,2025-02-06,1,3.66
CP007788,C02154,Electronics Week,SMS,2025-09-23,0,7.58
CP007789,C02379,Fashion Days,Social,2025-01-26,0,0.91
CP007790,C02958,VIP Exclusive,Email,2025-04-19,0,3.07
CP007791,C02603,Fashion Days,WhatsApp,2025-11-13,0,6.05
CP007792,C00646,Summer Savings,Email,2025-10-04,0,4.95
CP007793,C01372,Summer Savings,SMS,2025-02-27,0,1.15
CP007794,C02354,VIP Exclusive,Email,2025-02-27,0,3.76
CP007795,C03097,Win Back,Push,2025-09-07,0,5.99
CP007796,C02198,Win Back,Email,2025-05-11,0,4.29
CP007797,C01920,Electronics Week,WhatsApp,2025-07-20,0,7.56
CP007798,C02076,Summer Savings,Push,2025-04-12,0,0.63
CP007799,C00632,VIP Exclusive,Social,2025-05-02,0,5.44
CP007800,C00128,Festive Sale,Email,2025-05-29,0,1.04
CP007801,C01802,Win Back,WhatsApp,2025-05-05,0,2.02
CP007802,C00127,New Customer Welcome,SMS,2025-01-30,0,1.68
CP007803,C03992,Win Back,Email,2025-02-26,0,7.64
CP007804,C01550,Summer Savings,WhatsApp,2025-02-04,1,3.27
CP007805,C03718,Win Back,Push,2025-08-16,0,1.92
CP007806,C04039,Festive Sale,SMS,2025-05-24,0,4.49
CP007807,C03107,Summer Savings,Social,2025-02-06,0,6.41
CP007808,C03609,New Customer Welcome,Email,2025-01-23,0,4.66
CP007809,C04495,Festive Sale,Email,2025-02-01,0,5.54
CP007810,C04876,Electronics Week,Email,2025-04-29,0,4.56
CP007811,C02393,Win Back,WhatsApp,2025-09-28,1,3.09
CP007812,C02019,Electronics Week,SMS,2025-10-02,0,4.5
CP007813,C04179,Summer Savings,WhatsApp,2025-05-05,1,7.7
CP007814,C04976,Win Back,WhatsApp,2025-10-12,0,7.16
CP007815,C02018,Fashion Days,SMS,2025-11-19,0,1.85
CP007816,C01495,Electronics Week,Email,2025-04-12,0,2.12
CP007817,C01496,Festive Sale,Push,2025-01-08,0,2.83
CP007818,C02744,VIP Exclusive,Push,2025-06-23,0,3.25
CP007819,C04933,Fashion Days,WhatsApp,2025-10-04,0,6.37
CP007820,C01153,Summer Savings,SMS,2025-06-01,0,5.45
CP007821,C04130,VIP Exclusive,Social,2025-01-30,0,3.47
CP007822,C04164,VIP Exclusive,Social,2025-04-29,1,5.13
CP007823,C00349,Electronics Week,Push,2025-03-03,1,5.71
CP007824,C00216,Festive Sale,SMS,2025-02-21,1,7.44
CP007825,C00665,Fashion Days,Email,2025-08-04,0,0.81
CP007826,C04902,Electronics Week,Email,2025-10-31,0,7.44
CP007827,C03489,Win Back,Social,2025-11-05,0,3.99
CP007828,C01805,Fashion Days,SMS,2025-03-01,0,2.0
CP007829,C04773,Electronics Week,Push,2025-08-08,0,2.31
CP007830,C03049,Fashion Days,Email,2025-10-18,0,4.85
CP007831,C04409,Summer Savings,Email,2025-04-01,1,5.78
CP007832,C01489,Fashion Days,Push,2025-11-08,1,3.77
CP007833,C01519,Win Back,SMS,2025-10-22,1,3.22
CP007834,C03027,Summer Savings,WhatsApp,2025-06-07,0,1.77
CP007835,C04571,VIP Exclusive,Email,2025-10-14,0,0.74
CP007836,C02060,New Customer Welcome,WhatsApp,2025-11-18,0,3.93
CP007837,C00219,Electronics Week,Push,2025-06-01,0,4.35
CP007838,C01663,Festive Sale,Social,2025-03-31,0,4.3
CP007839,C04662,VIP Exclusive,WhatsApp,2025-10-30,0,5.51
CP007840,C02710,New Customer Welcome,WhatsApp,2025-11-04,0,1.77
CP007841,C03020,Festive Sale,Push,2025-08-31,0,3.23
CP007842,C03017,New Customer Welcome,WhatsApp,2025-02-14,0,3.81
CP007843,C00873,Fashion Days,Email,2025-03-11,0,7.06
CP007844,C00857,Win Back,WhatsApp,2025-12-04,0,0.5
CP007845,C03359,Electronics Week,WhatsApp,2025-04-23,0,1.08
CP007846,C00920,Electronics Week,SMS,2025-06-04,1,2.31
CP007847,C01034,Win Back,Email,2025-05-30,0,3.06
CP007848,C00333,Electronics Week,WhatsApp,2025-08-15,0,1.24
CP007849,C00573,Win Back,Email,2025-04-11,0,2.5
CP007850,C01578,Summer Savings,Email,2025-07-14,0,0.61
CP007851,C04794,Win Back,Email,2025-10-06,0,6.4
CP007852,C04324,Summer Savings,Email,2025-11-05,1,1.65
CP007853,C02332,Win Back,Push,2025-12-04,0,1.5
CP007854,C04516,New Customer Welcome,SMS,2025-10-17,0,6.61
CP007855,C03786,Summer Savings,SMS,2025-06-29,0,1.86
CP007856,C01993,Electronics Week,Social,2025-03-29,1,6.84
CP007857,C00706,Electronics Week,Email,2025-05-15,0,4.17
CP007858,C04182,Summer Savings,Email,2025-01-07,0,0.94
CP007859,C00797,Electronics Week,Email,2025-04-27,0,2.69
CP007860,C02906,New Customer Welcome,SMS,2025-04-27,0,7.44
CP007861,C03344,VIP Exclusive,Push,2025-05-28,0,4.99
CP007862,C01867,Win Back,Social,2025-09-02,0,7.79
CP007863,C03646,Fashion Days,Email,2025-02-13,0,4.46
CP007864,C00885,Electronics Week,Social,2025-01-15,0,1.65
CP007865,C03355,Electronics Week,Social,2025-08-10,0,7.37
CP007866,C04196,New Customer Welcome,Email,2025-04-11,0,7.29
CP007867,C02583,Summer Savings,Social,2025-10-04,0,6.02
CP007868,C04811,VIP Exclusive,Social,2025-08-30,0,1.32
CP007869,C04869,Festive Sale,Email,2025-10-20,0,1.02
CP007870,C00471,Fashion Days,Email,2025-10-28,0,3.39
CP007871,C02689,Festive Sale,Email,2025-02-19,0,5.92
CP007872,C01369,New Customer Welcome,WhatsApp,2025-11-23,0,2.83
CP007873,C03663,New Customer Welcome,Push,2025-04-23,1,3.85
CP007874,C01921,New Customer Welcome,SMS,2025-07-11,1,1.74
CP007875,C01381,Summer Savings,WhatsApp,2025-07-07,1,7.91
CP007876,C01805,Fashion Days,WhatsApp,2025-06-28,0,7.34
CP007877,C02515,Win Back,Push,2025-03-20,0,4.64
CP007878,C00404,Win Back,Email,2025-03-31,0,5.62
CP007879,C04815,New Customer Welcome,SMS,2025-11-05,0,3.92
CP007880,C04951,Summer Savings,WhatsApp,2025-08-26,1,3.99
CP007881,C04179,Win Back,Push,2025-04-03,0,7.69
CP007882,C02555,Electronics Week,Email,2025-04-30,0,5.34
CP007883,C04748,Summer Savings,SMS,2025-09-12,1,0.81
CP007884,C03116,Win Back,Email,2025-04-05,0,6.98
CP007885,C00473,Festive Sale,SMS,2025-04-11,0,6.13
CP007886,C03494,VIP Exclusive,WhatsApp,2025-11-18,0,5.11
CP007887,C03059,Fashion Days,Email,2025-05-24,0,4.84
CP007888,C03847,New Customer Welcome,WhatsApp,2025-04-24,0,2.66
CP007889,C03165,Win Back,Push,2025-09-23,1,0.97
CP007890,C04960,Festive Sale,Email,2025-01-07,1,1.33
CP007891,C01954,New Customer Welcome,Email,2025-08-17,0,3.51
CP007892,C04238,New Customer Welcome,Push,2025-08-01,0,6.79
CP007893,C02094,Win Back,SMS,2025-05-06,1,1.61
CP007894,C02829,Festive Sale,Email,2025-10-10,0,2.88
CP007895,C01116,Electronics Week,SMS,2025-07-27,0,3.55
CP007896,C04875,Summer Savings,Email,2025-06-14,1,6.92
CP007897,C00124,Electronics Week,SMS,2025-11-28,0,5.42
CP007898,C00640,Summer Savings,SMS,2025-06-10,1,7.5
CP007899,C01014,Summer Savings,Email,2025-08-31,1,1.13
CP007900,C03120,Summer Savings,WhatsApp,2025-05-14,0,1.96
CP007901,C04212,Summer Savings,Email,2025-03-03,0,7.66
CP007902,C02417,Win Back,Push,2025-09-18,0,1.11
CP007903,C03764,Fashion Days,Push,2025-02-14,1,1.35
CP007904,C00021,Electronics Week,Social,2025-08-24,1,5.91
CP007905,C04186,Festive Sale,WhatsApp,2025-10-30,1,3.81
CP007906,C01738,Festive Sale,Social,2025-07-22,0,3.15
CP007907,C01988,Win Back,WhatsApp,2025-12-15,0,4.6
CP007908,C01379,Win Back,WhatsApp,2025-04-02,1,5.16
CP007909,C03118,Electronics Week,Push,2025-09-08,0,4.69
CP007910,C04697,Electronics Week,Email,2025-05-15,0,6.82
CP007911,C02259,VIP Exclusive,WhatsApp,2025-03-30,0,0.98
CP007912,C02518,New Customer Welcome,SMS,2025-07-23,0,5.73
CP007913,C02794,Fashion Days,WhatsApp,2025-02-12,0,0.99
CP007914,C03631,New Customer Welcome,Social,2025-01-09,0,4.77
CP007915,C01166,Summer Savings,SMS,2025-08-06,0,4.56
CP007916,C02221,Win Back,Email,2025-05-18,0,7.79
CP007917,C01386,New Customer Welcome,Social,2025-09-19,1,4.68
CP007918,C02597,Summer Savings,WhatsApp,2025-09-13,0,5.25
CP007919,C02678,Festive Sale,SMS,2025-03-21,1,5.05
CP007920,C00635,Summer Savings,SMS,2025-06-11,0,5.09
CP007921,C03569,Win Back,WhatsApp,2025-10-07,0,2.53
CP007922,C01523,Festive Sale,WhatsApp,2025-05-04,1,7.89
CP007923,C02637,VIP Exclusive,Push,2025-01-18,0,3.91
CP007924,C01706,Electronics Week,WhatsApp,2025-06-07,0,0.53
CP007925,C00641,Electronics Week,Social,2025-08-17,0,1.54
CP007926,C03641,VIP Exclusive,Push,2025-08-28,1,3.15
CP007927,C04635,Win Back,Push,2025-11-10,0,5.72
CP007928,C02553,Festive Sale,Push,2025-12-06,0,6.61
CP007929,C04536,VIP Exclusive,Push,2025-07-15,0,7.31
CP007930,C03102,Win Back,SMS,2025-09-12,0,4.81
CP007931,C02623,Summer Savings,Email,2025-11-23,1,3.99
CP007932,C03027,New Customer Welcome,Email,2025-04-16,0,6.75
CP007933,C04698,Summer Savings,Social,2025-11-10,0,5.05
CP007934,C03819,VIP Exclusive,Social,2025-10-24,1,3.77
CP007935,C01987,VIP Exclusive,Email,2025-02-21,0,5.3
CP007936,C01491,Win Back,Social,2025-04-30,1,0.92
CP007937,C02688,VIP Exclusive,WhatsApp,2025-11-27,0,6.06
CP007938,C03256,Win Back,Push,2025-12-08,0,5.01
CP007939,C00211,New Customer Welcome,SMS,2025-03-27,0,0.64
CP007940,C02714,Festive Sale,Email,2025-07-27,0,6.42
CP007941,C03949,Festive Sale,WhatsApp,2025-07-29,1,2.4
CP007942,C04937,VIP Exclusive,Email,2025-02-19,0,1.49
CP007943,C03327,Festive Sale,Push,2025-04-11,1,2.85
CP007944,C00229,New Customer Welcome,Email,2025-12-11,0,5.8
CP007945,C04099,Win Back,SMS,2025-02-28,0,0.55
CP007946,C04436,New Customer Welcome,Push,2025-07-30,0,7.04
CP007947,C02294,Summer Savings,Email,2025-03-30,0,4.35
CP007948,C02082,Electronics Week,Push,2025-08-11,0,3.63
CP007949,C00381,Festive Sale,SMS,2025-05-11,1,7.88
CP007950,C04881,Electronics Week,Push,2025-05-02,0,5.79
CP007951,C02864,New Customer Welcome,Push,2025-06-11,1,1.74
CP007952,C02934,VIP Exclusive,Email,2025-07-16,0,7.36
CP007953,C04016,Festive Sale,WhatsApp,2025-04-09,0,5.95
CP007954,C01227,Electronics Week,SMS,2025-07-05,0,3.59
CP007955,C03541,Summer Savings,SMS,2025-06-06,1,4.14
CP007956,C01637,Win Back,Push,2025-06-13,1,7.25
CP007957,C00144,Festive Sale,Email,2025-01-11,0,1.75
CP007958,C03069,Fashion Days,SMS,2025-07-25,0,6.38
CP007959,C01412,Festive Sale,Email,2025-08-07,0,2.25
CP007960,C01040,Fashion Days,Push,2025-03-12,1,5.37
CP007961,C03091,Fashion Days,Push,2025-07-15,1,7.14
CP007962,C01631,New Customer Welcome,WhatsApp,2025-07-16,1,1.01
CP007963,C00806,VIP Exclusive,Push,2025-06-12,0,4.41
CP007964,C03403,New Customer Welcome,Email,2025-11-13,1,7.47
CP007965,C04550,Win Back,Social,2025-02-02,0,3.11
CP007966,C01868,Festive Sale,WhatsApp,2025-02-17,1,7.51
CP007967,C04026,Fashion Days,SMS,2025-01-30,1,2.28
CP007968,C03810,Festive Sale,WhatsApp,2025-06-18,0,3.97
CP007969,C04923,Festive Sale,Email,2025-08-11,0,4.44
CP007970,C03399,Fashion Days,Push,2025-04-10,1,4.34
CP007971,C02765,Summer Savings,Push,2025-05-13,0,7.17
CP007972,C01986,Summer Savings,Email,2025-08-25,1,3.86
CP007973,C04937,Summer Savings,WhatsApp,2025-10-10,1,4.14
CP007974,C03730,New Customer Welcome,WhatsApp,2025-04-05,1,7.12
CP007975,C01295,Summer Savings,Social,2025-01-14,0,7.16
CP007976,C00624,Fashion Days,SMS,2025-04-09,1,4.29
CP007977,C03379,Electronics Week,SMS,2025-03-10,0,3.71
CP007978,C03328,Win Back,Social,2025-10-31,1,3.28
CP007979,C01909,Festive Sale,Social,2025-08-17,0,7.23
CP007980,C02851,Win Back,Email,2025-01-27,1,7.13
CP007981,C04239,Festive Sale,SMS,2025-02-23,0,3.09
CP007982,C04694,Festive Sale,WhatsApp,2025-03-11,0,2.01
CP007983,C04676,Summer Savings,WhatsApp,2025-01-19,0,4.57
CP007984,C02163,Festive Sale,Email,2025-01-31,0,5.78
CP007985,C02567,New Customer Welcome,Social,2025-07-25,0,4.88
CP007986,C02164,Electronics Week,Push,2025-05-22,0,2.36
CP007987,C03261,Summer Savings,Email,2025-11-03,1,0.7
CP007988,C01782,VIP Exclusive,WhatsApp,2025-05-07,0,4.77
CP007989,C01300,Fashion Days,Push,2025-07-08,0,2.65
CP007990,C03658,New Customer Welcome,WhatsApp,2025-10-11,0,6.16
CP007991,C02146,New Customer Welcome,Push,2025-01-08,1,0.9
CP007992,C04657,New Customer Welcome,WhatsApp,2025-01-31,0,7.54
CP007993,C00649,VIP Exclusive,Push,2025-05-10,0,0.99
CP007994,C00508,Fashion Days,SMS,2025-10-08,0,2.76
CP007995,C04684,New Customer Welcome,Social,2025-04-22,1,1.6
CP007996,C00353,Electronics Week,Push,2025-03-02,0,7.91
CP007997,C04921,Electronics Week,Email,2025-09-01,0,0.55
CP007998,C00360,Electronics Week,Push,2025-10-29,0,1.72
CP007999,C03047,Win Back,Push,2025-04-28,1,1.77
CP008000,C00821,Fashion Days,Email,2025-11-07,0,6.33
CP008001,C03930,Electronics Week,SMS,2025-07-24,0,7.03
CP008002,C03131,VIP Exclusive,Push,2025-01-21,0,7.66
CP008003,C01967,Festive Sale,WhatsApp,2025-05-02,0,1.31
CP008004,C02920,Festive Sale,Email,2025-10-24,0,1.51
CP008005,C00096,New Customer Welcome,SMS,2025-09-18,0,7.98
CP008006,C03713,Festive Sale,Email,2025-06-09,0,0.82
CP008007,C04327,Festive Sale,Email,2025-10-06,0,5.07
CP008008,C01218,VIP Exclusive,Email,2025-04-10,1,2.23
CP008009,C02487,Festive Sale,Email,2025-05-05,0,6.78
CP008010,C00517,Fashion Days,Social,2025-04-24,0,0.59
CP008011,C00184,Festive Sale,Email,2025-07-13,0,1.54
CP008012,C00702,Electronics Week,Email,2025-05-07,0,2.79
CP008013,C03329,Fashion Days,Push,2025-02-06,0,3.97
CP008014,C03380,VIP Exclusive,WhatsApp,2025-05-10,0,3.73
CP008015,C02197,Win Back,Push,2025-01-21,0,6.55
CP008016,C01195,Fashion Days,Email,2025-07-12,0,1.33
CP008017,C02330,Festive Sale,Push,2025-06-13,1,5.67
CP008018,C04939,Fashion Days,Email,2025-10-31,0,5.66
CP008019,C01370,New Customer Welcome,Social,2025-07-18,0,7.97
CP008020,C03328,Win Back,Push,2025-06-29,0,5.25
CP008021,C00127,Win Back,Email,2025-03-31,0,2.99
CP008022,C01902,Fashion Days,SMS,2025-03-30,0,2.94
CP008023,C01431,VIP Exclusive,SMS,2025-09-04,0,5.4
CP008024,C03188,Fashion Days,WhatsApp,2025-07-15,0,5.25
CP008025,C03497,Festive Sale,Push,2025-10-07,1,5.9
CP008026,C03415,VIP Exclusive,Email,2025-09-10,0,5.31
CP008027,C02788,Summer Savings,SMS,2025-03-05,0,1.88
CP008028,C00415,New Customer Welcome,Push,2025-11-19,0,3.83
CP008029,C01430,VIP Exclusive,WhatsApp,2025-01-06,0,2.23
CP008030,C04871,Summer Savings,SMS,2025-03-02,0,5.6
CP008031,C03323,Fashion Days,WhatsApp,2025-11-21,1,6.14
CP008032,C00840,VIP Exclusive,Push,2025-04-14,0,4.48
CP008033,C00360,Summer Savings,Social,2025-06-28,0,6.58
CP008034,C03744,Festive Sale,SMS,2025-08-11,0,7.01
CP008035,C00595,Win Back,Email,2025-12-14,0,6.48
CP008036,C02995,Win Back,Push,2025-03-11,0,5.55
CP008037,C03335,Festive Sale,Social,2025-10-15,1,2.67
CP008038,C02955,VIP Exclusive,SMS,2025-07-27,0,3.94
CP008039,C01159,Fashion Days,SMS,2025-11-15,0,7.15
CP008040,C00134,Fashion Days,WhatsApp,2025-03-27,1,2.51
CP008041,C02781,Electronics Week,Push,2025-02-16,0,5.4
CP008042,C00763,Summer Savings,SMS,2025-10-04,0,6.87
CP008043,C01100,VIP Exclusive,Email,2025-06-10,0,7.83
CP008044,C03470,Fashion Days,Social,2025-03-16,0,3.93
CP008045,C02593,Festive Sale,WhatsApp,2025-09-21,0,6.9
CP008046,C04077,Festive Sale,SMS,2025-11-30,0,1.9
CP008047,C02116,Electronics Week,Social,2025-10-02,0,4.9
CP008048,C03201,Electronics Week,Email,2025-02-20,0,6.6
CP008049,C04879,Festive Sale,WhatsApp,2025-08-28,0,0.57
CP008050,C00890,VIP Exclusive,WhatsApp,2025-03-07,0,3.25
CP008051,C04581,New Customer Welcome,Push,2025-01-12,1,5.91
CP008052,C03741,Summer Savings,Email,2025-11-10,0,1.82
CP008053,C00843,Fashion Days,SMS,2025-08-21,0,7.84
CP008054,C02567,Fashion Days,Email,2025-09-27,0,7.25
CP008055,C03433,Electronics Week,SMS,2025-10-03,0,5.26
CP008056,C00527,New Customer Welcome,Email,2025-04-04,0,2.14
CP008057,C04793,Win Back,Email,2025-07-25,0,5.34
CP008058,C02990,Win Back,Social,2025-09-21,0,5.36
CP008059,C04929,Win Back,WhatsApp,2025-01-25,1,5.43
CP008060,C02044,Win Back,SMS,2025-03-14,0,2.42
CP008061,C01238,VIP Exclusive,Email,2025-01-03,0,4.57
CP008062,C04803,New Customer Welcome,Push,2025-06-28,0,2.04
CP008063,C04960,Win Back,Email,2025-09-07,0,1.55
CP008064,C00881,Fashion Days,Push,2025-11-22,0,3.24
CP008065,C00535,Festive Sale,Email,2025-02-05,0,1.56
CP008066,C02919,Electronics Week,SMS,2025-06-11,0,4.96
CP008067,C03730,Electronics Week,Email,2025-06-23,0,6.1
CP008068,C00092,Electronics Week,Push,2025-01-16,1,5.61
CP008069,C04965,Electronics Week,Push,2025-10-11,1,5.02
CP008070,C02591,Summer Savings,SMS,2025-10-03,0,4.86
CP008071,C03472,New Customer Welcome,WhatsApp,2025-01-18,0,1.33
CP008072,C03375,Electronics Week,SMS,2025-10-18,0,0.67
CP008073,C00700,Win Back,WhatsApp,2025-08-20,0,5.49
CP008074,C01278,Summer Savings,WhatsApp,2025-03-12,0,7.58
CP008075,C00124,VIP Exclusive,Email,2025-10-14,0,7.61
CP008076,C03279,Festive Sale,Email,2025-10-07,0,5.33
CP008077,C01353,Win Back,Push,2025-01-01,0,3.87
CP008078,C04373,Electronics Week,SMS,2025-10-13,0,5.36
CP008079,C03739,Win Back,SMS,2025-01-17,0,1.45
CP008080,C00188,Electronics Week,Email,2025-07-11,0,1.01
CP008081,C00713,Festive Sale,SMS,2025-07-16,0,2.55
CP008082,C02365,VIP Exclusive,Email,2025-07-02,1,7.83
CP008083,C04283,VIP Exclusive,SMS,2025-01-24,0,6.49
CP008084,C01935,Electronics Week,SMS,2025-10-31,0,3.22
CP008085,C02502,VIP Exclusive,Push,2025-12-07,0,7.02
CP008086,C02362,Electronics Week,WhatsApp,2025-11-19,1,3.11
CP008087,C04762,Fashion Days,Email,2025-03-11,0,6.8
CP008088,C03989,Festive Sale,Email,2025-08-26,0,4.37
CP008089,C01060,Festive Sale,Email,2025-04-23,1,7.17
CP008090,C01794,Fashion Days,SMS,2025-05-21,0,4.59
CP008091,C02771,New Customer Welcome,SMS,2025-09-25,0,6.09
CP008092,C03037,VIP Exclusive,Email,2025-10-08,1,3.48
CP008093,C04723,New Customer Welcome,Email,2025-06-26,0,5.08
CP008094,C00828,New Customer Welcome,SMS,2025-04-26,0,3.02
CP008095,C03055,Fashion Days,Push,2025-07-12,0,3.81
CP008096,C01240,Fashion Days,SMS,2025-06-10,0,1.92
CP008097,C00272,Summer Savings,WhatsApp,2025-11-07,1,2.78
CP008098,C03420,VIP Exclusive,Email,2025-02-04,0,3.59
CP008099,C03027,Festive Sale,WhatsApp,2025-09-19,0,7.78
CP008100,C03084,Festive Sale,Push,2025-06-07,0,1.5
CP008101,C02950,New Customer Welcome,Push,2025-05-20,0,4.01
CP008102,C02782,Festive Sale,SMS,2025-09-15,0,4.09
CP008103,C01470,Summer Savings,SMS,2025-07-07,0,3.8
CP008104,C04071,Win Back,Push,2025-04-14,1,0.65
CP008105,C01580,Summer Savings,Email,2025-05-14,0,7.56
CP008106,C01391,Fashion Days,WhatsApp,2025-09-02,0,4.33
CP008107,C00734,New Customer Welcome,Email,2025-08-30,0,4.42
CP008108,C02486,VIP Exclusive,Email,2025-08-18,0,1.37
CP008109,C03739,New Customer Welcome,Email,2025-10-18,0,5.0
CP008110,C01414,New Customer Welcome,WhatsApp,2025-04-08,0,5.54
CP008111,C04160,Fashion Days,SMS,2025-05-01,0,2.77
CP008112,C04189,New Customer Welcome,SMS,2025-09-26,0,5.11
CP008113,C03337,Festive Sale,SMS,2025-04-16,0,1.88
CP008114,C03226,VIP Exclusive,Email,2025-06-21,0,4.38
CP008115,C04613,Electronics Week,Social,2025-01-20,0,1.7
CP008116,C02284,Win Back,SMS,2025-01-13,1,3.06
CP008117,C02079,Win Back,Email,2025-01-07,0,0.74
CP008118,C03827,Electronics Week,Social,2025-02-21,0,7.94
CP008119,C01801,Fashion Days,SMS,2025-09-13,0,7.59
CP008120,C01450,Electronics Week,SMS,2025-01-18,0,0.54
CP008121,C00340,Electronics Week,Email,2025-12-05,1,5.67
CP008122,C03864,Summer Savings,WhatsApp,2025-07-16,0,5.13
CP008123,C02063,New Customer Welcome,Push,2025-04-14,0,0.82
CP008124,C00092,Festive Sale,Social,2025-10-13,1,5.91
CP008125,C03935,Electronics Week,Email,2025-11-28,0,6.91
CP008126,C00071,Win Back,WhatsApp,2025-06-09,0,6.83
CP008127,C01517,Electronics Week,Push,2025-12-11,1,5.48
CP008128,C04151,Summer Savings,Email,2025-05-01,1,7.27
CP008129,C02702,Summer Savings,Push,2025-01-20,0,6.3
CP008130,C01538,Electronics Week,SMS,2025-04-12,0,6.59
CP008131,C00725,Win Back,WhatsApp,2025-07-05,1,5.76
CP008132,C03864,New Customer Welcome,WhatsApp,2025-08-01,0,5.0
CP008133,C01411,Fashion Days,Push,2025-03-21,0,4.24
CP008134,C00179,Fashion Days,Email,2025-11-02,1,2.55
CP008135,C02795,Festive Sale,Email,2025-04-17,0,7.21
CP008136,C01893,VIP Exclusive,Email,2025-06-26,0,1.38
CP008137,C04062,Festive Sale,Email,2025-07-27,1,7.51
CP008138,C01331,Electronics Week,WhatsApp,2025-02-06,0,2.94
CP008139,C04601,Win Back,Email,2025-03-01,1,5.99
CP008140,C04280,VIP Exclusive,Push,2025-04-22,0,2.27
CP008141,C03974,Win Back,Push,2025-01-14,0,0.73
CP008142,C04567,Summer Savings,Social,2025-03-01,0,4.95
CP008143,C00855,Win Back,Push,2025-05-10,1,6.61
CP008144,C01088,Win Back,Push,2025-05-25,0,1.37
CP008145,C01432,Electronics Week,Email,2025-08-04,1,3.17
CP008146,C01902,VIP Exclusive,SMS,2025-05-23,0,3.69
CP008147,C00477,Win Back,Push,2025-10-08,0,1.97
CP008148,C02893,Win Back,Push,2025-03-28,0,0.84
CP008149,C01639,Festive Sale,Email,2025-01-03,0,4.69
CP008150,C02828,Fashion Days,Email,2025-08-28,0,7.76
CP008151,C02898,Win Back,SMS,2025-12-10,1,2.66
CP008152,C02773,Festive Sale,Push,2025-01-08,0,0.82
CP008153,C04198,Summer Savings,SMS,2025-09-18,0,4.41
CP008154,C03807,Electronics Week,SMS,2025-10-27,1,5.42
CP008155,C04642,Win Back,Social,2025-10-30,0,5.02
CP008156,C03535,Electronics Week,Email,2025-05-21,0,3.57
CP008157,C03520,Win Back,Email,2025-08-17,1,3.2
CP008158,C00898,VIP Exclusive,Email,2025-09-03,0,2.28
CP008159,C04268,Electronics Week,Email,2025-01-02,0,2.47
CP008160,C01129,Summer Savings,SMS,2025-03-15,1,7.7
CP008161,C04958,Festive Sale,Social,2025-07-24,0,0.71
CP008162,C01071,Fashion Days,WhatsApp,2025-09-02,1,1.12
CP008163,C00313,Fashion Days,Email,2025-02-27,0,0.75
CP008164,C03336,Festive Sale,Email,2025-09-13,0,6.56
CP008165,C02560,New Customer Welcome,WhatsApp,2025-10-23,0,4.83
CP008166,C04052,Summer Savings,Email,2025-01-01,0,3.22
CP008167,C00536,Summer Savings,Email,2025-03-21,1,1.86
CP008168,C01929,Summer Savings,SMS,2025-09-15,0,6.64
CP008169,C03692,Win Back,Push,2025-03-24,0,4.01
CP008170,C00437,Festive Sale,WhatsApp,2025-06-19,0,2.61
CP008171,C03863,Fashion Days,WhatsApp,2025-01-26,0,7.44
CP008172,C02773,Win Back,Email,2025-03-30,1,0.56
CP008173,C01061,Fashion Days,Push,2025-07-09,1,3.11
CP008174,C00684,Electronics Week,SMS,2025-07-13,0,0.8
CP008175,C01256,Electronics Week,Push,2025-11-29,1,2.21
CP008176,C00444,New Customer Welcome,Push,2025-10-20,1,7.55
CP008177,C03593,New Customer Welcome,Email,2025-09-26,0,3.9
CP008178,C03348,VIP Exclusive,WhatsApp,2025-02-11,0,5.55
CP008179,C00752,Fashion Days,Email,2025-02-18,1,1.49
CP008180,C00690,Electronics Week,Push,2025-01-07,0,6.27
CP008181,C01952,New Customer Welcome,Social,2025-10-09,0,2.87
CP008182,C00979,Fashion Days,Email,2025-08-24,0,0.99
CP008183,C03433,Win Back,Email,2025-10-22,1,4.75
CP008184,C02770,Summer Savings,SMS,2025-08-16,0,4.52
CP008185,C02902,VIP Exclusive,SMS,2025-05-22,1,4.75
CP008186,C01425,New Customer Welcome,Email,2025-07-05,0,2.64
CP008187,C02896,Festive Sale,Email,2025-01-12,0,0.71
CP008188,C00231,Win Back,WhatsApp,2025-04-07,0,7.39
CP008189,C03126,Electronics Week,WhatsApp,2025-02-21,1,4.9
CP008190,C03736,Festive Sale,SMS,2025-10-28,0,5.19
CP008191,C03623,Fashion Days,Social,2025-11-29,0,0.55
CP008192,C02644,Electronics Week,Email,2025-01-25,0,7.08
CP008193,C03153,Win Back,SMS,2025-11-18,0,6.81
CP008194,C01949,New Customer Welcome,Email,2025-02-27,0,7.61
CP008195,C04301,Summer Savings,WhatsApp,2025-10-13,0,6.82
CP008196,C00469,VIP Exclusive,SMS,2025-02-17,1,7.22
CP008197,C04433,New Customer Welcome,Push,2025-07-06,0,1.37
CP008198,C03605,Win Back,Email,2025-02-15,0,6.91
CP008199,C01897,Electronics Week,Push,2025-08-06,0,7.59
CP008200,C02809,New Customer Welcome,Social,2025-09-12,0,7.56
CP008201,C04522,Fashion Days,WhatsApp,2025-09-16,0,3.91
CP008202,C01246,Fashion Days,Push,2025-03-19,0,5.51
CP008203,C01726,Win Back,WhatsApp,2025-07-13,0,7.65
CP008204,C00538,New Customer Welcome,Social,2025-11-22,1,3.35
CP008205,C04547,New Customer Welcome,SMS,2025-02-15,0,3.57
CP008206,C00538,Summer Savings,Social,2025-08-11,0,2.59
CP008207,C03324,Festive Sale,SMS,2025-04-30,0,4.96
CP008208,C03072,Festive Sale,Push,2025-11-01,0,1.2
CP008209,C04314,Electronics Week,Social,2025-12-10,0,4.35
CP008210,C00064,Summer Savings,Email,2025-09-21,0,1.27
CP008211,C01206,Festive Sale,WhatsApp,2025-12-12,0,7.29
CP008212,C01680,Electronics Week,Push,2025-05-21,0,7.77
CP008213,C01717,Electronics Week,Email,2025-08-03,1,0.74
CP008214,C02027,New Customer Welcome,SMS,2025-03-30,1,4.47
CP008215,C02055,Electronics Week,SMS,2025-07-12,1,7.7
CP008216,C03211,Fashion Days,Push,2025-08-21,0,1.48
CP008217,C04032,Electronics Week,Social,2025-03-23,0,4.39
CP008218,C00518,Win Back,SMS,2025-03-22,1,0.78
CP008219,C01058,Electronics Week,Email,2025-11-07,0,2.37
CP008220,C04371,New Customer Welcome,Social,2025-09-03,1,4.1
CP008221,C03751,New Customer Welcome,Email,2025-05-29,0,5.63
CP008222,C03194,Fashion Days,SMS,2025-03-05,0,5.02
CP008223,C01911,Win Back,Email,2025-05-20,0,2.08
CP008224,C02112,Festive Sale,Social,2025-04-14,0,1.15
CP008225,C01219,Summer Savings,SMS,2025-10-20,0,2.41
CP008226,C03249,Electronics Week,WhatsApp,2025-04-22,0,1.08
CP008227,C01497,Win Back,Email,2025-10-12,0,5.63
CP008228,C01403,New Customer Welcome,Push,2025-03-24,0,0.59
CP008229,C01787,VIP Exclusive,SMS,2025-04-28,0,3.4
CP008230,C04388,Fashion Days,SMS,2025-02-25,0,7.08
CP008231,C03513,Summer Savings,Email,2025-01-14,0,3.98
CP008232,C02437,Festive Sale,SMS,2025-10-08,0,0.8
CP008233,C01997,Festive Sale,Social,2025-11-13,0,1.81
CP008234,C04916,Summer Savings,Email,2025-02-17,0,2.81
CP008235,C01494,Summer Savings,Push,2025-11-08,0,5.84
CP008236,C02054,Electronics Week,SMS,2025-05-03,0,3.88
CP008237,C02380,Win Back,SMS,2025-01-06,0,7.09
CP008238,C01869,Win Back,WhatsApp,2025-01-16,0,0.89
CP008239,C04887,Fashion Days,SMS,2025-02-16,0,0.8
CP008240,C01192,Fashion Days,Push,2025-07-03,0,4.38
CP008241,C00490,Fashion Days,Social,2025-11-23,0,3.51
CP008242,C00621,VIP Exclusive,SMS,2025-11-22,0,4.89
CP008243,C00348,New Customer Welcome,Email,2025-10-23,0,4.05
CP008244,C00143,Fashion Days,Email,2025-09-06,1,4.87
CP008245,C00142,VIP Exclusive,Email,2025-05-05,0,2.38
CP008246,C02026,Fashion Days,Social,2025-05-16,0,5.98
CP008247,C01914,Fashion Days,Push,2025-01-24,1,6.1
CP008248,C02133,Win Back,Social,2025-05-04,0,1.17
CP008249,C03664,Fashion Days,WhatsApp,2025-09-19,0,3.59
CP008250,C00581,Electronics Week,Email,2025-08-03,0,5.14
CP008251,C01188,New Customer Welcome,Email,2025-10-14,0,7.22
CP008252,C04094,Win Back,Push,2025-08-16,0,4.91
CP008253,C01155,Win Back,Push,2025-07-25,0,7.28
CP008254,C02257,Festive Sale,WhatsApp,2025-05-06,0,2.97
CP008255,C00457,New Customer Welcome,WhatsApp,2025-08-01,0,4.5
CP008256,C04787,Win Back,Email,2025-06-14,0,2.06
CP008257,C00757,Summer Savings,WhatsApp,2025-02-20,0,3.18
CP008258,C00110,Win Back,Push,2025-07-27,0,5.41
CP008259,C03424,Fashion Days,Email,2025-11-25,0,3.61
CP008260,C03532,Summer Savings,WhatsApp,2025-10-29,0,4.09
CP008261,C02175,New Customer Welcome,Push,2025-10-28,0,3.19
CP008262,C02381,New Customer Welcome,Email,2025-06-20,0,4.06
CP008263,C02813,New Customer Welcome,WhatsApp,2025-09-10,0,5.61
CP008264,C00044,Festive Sale,WhatsApp,2025-08-12,0,2.13
CP008265,C03227,Summer Savings,Push,2025-08-19,0,1.03
CP008266,C02034,Festive Sale,Social,2025-04-06,1,1.57
CP008267,C03092,New Customer Welcome,WhatsApp,2025-02-17,0,4.76
CP008268,C01771,Electronics Week,WhatsApp,2025-11-14,1,2.51
CP008269,C03712,VIP Exclusive,Push,2025-08-01,0,2.04
CP008270,C03077,VIP Exclusive,WhatsApp,2025-07-08,0,6.34
CP008271,C01050,VIP Exclusive,Email,2025-12-03,1,2.49
CP008272,C04385,New Customer Welcome,Email,2025-05-07,0,2.79
CP008273,C04162,VIP Exclusive,Push,2025-09-01,0,5.39
CP008274,C01730,Summer Savings,WhatsApp,2025-02-06,0,1.99
CP008275,C03385,Electronics Week,Email,2025-06-22,0,4.62
CP008276,C01303,Fashion Days,Push,2025-11-24,0,1.79
CP008277,C01047,Fashion Days,SMS,2025-10-18,0,4.22
CP008278,C04222,New Customer Welcome,SMS,2025-04-12,0,2.93
CP008279,C01032,Fashion Days,Social,2025-03-19,0,5.06
CP008280,C03075,Electronics Week,Email,2025-09-25,1,6.24
CP008281,C03694,Win Back,Email,2025-07-03,1,1.46
CP008282,C02459,Fashion Days,Push,2025-07-24,0,2.75
CP008283,C00975,Summer Savings,WhatsApp,2025-08-12,0,5.05
CP008284,C02141,New Customer Welcome,Email,2025-03-28,1,2.69
CP008285,C02085,New Customer Welcome,WhatsApp,2025-08-13,0,5.14
CP008286,C02486,Festive Sale,Email,2025-01-27,0,6.82
CP008287,C00484,Fashion Days,SMS,2025-05-04,1,3.05
CP008288,C04546,VIP Exclusive,WhatsApp,2025-04-19,0,4.46
CP008289,C03341,VIP Exclusive,Push,2025-11-18,0,2.67
CP008290,C04931,New Customer Welcome,SMS,2025-02-14,0,6.95
CP008291,C01413,VIP Exclusive,WhatsApp,2025-03-25,1,7.35
CP008292,C03601,New Customer Welcome,WhatsApp,2025-06-18,0,2.96
CP008293,C04944,VIP Exclusive,Email,2025-10-25,0,3.43
CP008294,C01425,Win Back,WhatsApp,2025-02-10,0,2.46
CP008295,C01311,New Customer Welcome,Push,2025-01-08,1,1.98
CP008296,C00698,Summer Savings,Push,2025-04-30,0,3.4
CP008297,C04502,VIP Exclusive,SMS,2025-11-20,1,1.41
CP008298,C04145,Fashion Days,WhatsApp,2025-05-14,0,4.64
CP008299,C01279,VIP Exclusive,Email,2025-10-11,1,2.78
CP008300,C02926,Festive Sale,Push,2025-01-24,0,6.12
CP008301,C02452,Win Back,Social,2025-08-09,0,4.96
CP008302,C02572,Win Back,Social,2025-10-22,0,1.95
CP008303,C01527,New Customer Welcome,SMS,2025-01-19,0,3.82
CP008304,C03398,New Customer Welcome,SMS,2025-07-06,1,1.19
CP008305,C04187,Fashion Days,Email,2025-05-02,0,0.83
CP008306,C04109,Electronics Week,WhatsApp,2025-05-16,0,4.41
CP008307,C03050,Win Back,Email,2025-11-13,0,4.4
CP008308,C01082,Win Back,Push,2025-04-16,0,1.65
CP008309,C01280,Win Back,WhatsApp,2025-05-11,0,4.77
CP008310,C03965,Electronics Week,Push,2025-01-27,0,1.84
CP008311,C01553,Electronics Week,Email,2025-03-18,0,5.41
CP008312,C00057,Win Back,,2025-01-18,0,5.08
CP008313,C01467,Electronics Week,Email,2025-03-11,1,1.18
CP008314,C04221,New Customer Welcome,Email,2025-07-07,1,6.15
CP008315,C03460,Summer Savings,WhatsApp,2025-02-05,0,5.47
CP008316,C01333,Summer Savings,Push,2025-01-27,0,1.32
CP008317,C00769,Summer Savings,Email,2025-10-22,1,4.12
CP008318,C03186,Fashion Days,Push,2025-07-19,0,1.03
CP008319,C01758,Fashion Days,Email,2025-08-23,0,2.23
CP008320,C04131,Festive Sale,Email,2025-06-25,0,7.62
CP008321,C03203,Electronics Week,WhatsApp,2025-01-08,0,5.21
CP008322,C04172,New Customer Welcome,WhatsApp,2025-01-06,0,6.17
CP008323,C04470,Summer Savings,Social,2025-02-04,1,4.96
CP008324,C02536,New Customer Welcome,Push,2025-04-23,0,4.97
CP008325,C02352,Summer Savings,SMS,2025-06-14,0,3.99
CP008326,C04240,Festive Sale,WhatsApp,2025-02-19,0,6.34
CP008327,C00395,Festive Sale,SMS,2025-02-14,0,6.09
CP008328,C04146,Win Back,Email,2025-07-22,1,7.2
CP008329,C03848,Win Back,Push,2025-07-15,0,7.5
CP008330,C01998,Win Back,Push,2025-05-15,0,0.91
CP008331,C01127,Festive Sale,Email,2025-12-06,0,2.39
CP008332,C01256,New Customer Welcome,Email,2025-03-15,0,4.32
CP008333,C00403,Electronics Week,WhatsApp,2025-04-30,0,3.23
CP008334,C04832,VIP Exclusive,Push,2025-06-07,0,5.17
CP008335,C01575,Win Back,Email,2025-10-17,0,6.12
CP008336,C01733,VIP Exclusive,WhatsApp,2025-01-15,1,7.06
CP008337,C01107,New Customer Welcome,Email,2025-02-13,0,1.97
CP008338,C00441,Fashion Days,Social,2025-01-30,0,3.91
CP008339,C00427,Electronics Week,SMS,2025-10-27,0,5.08
CP008340,C01154,Festive Sale,Email,2025-11-01,0,7.57
CP008341,C02258,Electronics Week,Social,2025-03-06,1,1.66
CP008342,C00033,Festive Sale,Push,2025-07-26,0,0.88
CP008343,C01327,Fashion Days,Social,2025-09-01,1,6.44
CP008344,C02923,VIP Exclusive,Social,2025-07-10,0,6.13
CP008345,C00589,Electronics Week,Social,2025-07-01,0,3.19
CP008346,C04025,Electronics Week,Email,2025-03-13,0,3.9
CP008347,C03319,New Customer Welcome,Push,2025-03-30,0,0.79
CP008348,C02716,Festive Sale,Email,2025-04-11,0,5.69
CP008349,C04846,Summer Savings,Push,2025-10-12,0,5.7
CP008350,C00301,Win Back,WhatsApp,2025-02-16,1,6.1
CP008351,C01584,New Customer Welcome,Email,2025-11-02,0,6.57
CP008352,C03952,Festive Sale,Email,2025-07-24,1,3.26
CP008353,C01897,New Customer Welcome,Push,2025-02-13,0,0.87
CP008354,C03144,Electronics Week,Social,2025-02-21,0,6.88
CP008355,C04018,Festive Sale,Email,2025-08-17,0,2.83
CP008356,C03978,VIP Exclusive,SMS,2025-02-26,0,0.99
CP008357,C00178,New Customer Welcome,WhatsApp,2025-08-24,0,6.12
CP008358,C04940,Win Back,SMS,2025-02-03,0,1.36
CP008359,C02277,Summer Savings,SMS,2025-09-11,0,3.36
CP008360,C03339,Summer Savings,Email,2025-05-08,0,6.55
CP008361,C02916,Electronics Week,Push,2025-04-12,1,1.59
CP008362,C03642,Festive Sale,Email,2025-02-23,0,6.76
CP008363,C00867,Festive Sale,Social,2025-12-15,0,5.82
CP008364,C03235,New Customer Welcome,SMS,2025-10-21,0,4.14
CP008365,C03653,Fashion Days,Social,2025-02-06,0,7.39
CP008366,C04760,Festive Sale,SMS,2025-05-03,0,7.85
CP008367,C00661,Summer Savings,Social,2025-11-05,0,4.18
CP008368,C02421,Win Back,Email,2025-03-23,0,4.08
CP008369,C00335,Win Back,Email,2025-05-19,0,7.56
CP008370,C04343,Fashion Days,Push,2025-12-08,0,5.16
CP008371,C03385,Win Back,Email,2025-03-31,0,4.52
CP008372,C01620,VIP Exclusive,Push,2025-01-17,1,5.14
CP008373,C01588,VIP Exclusive,WhatsApp,2025-05-30,1,2.51
CP008374,C01887,Electronics Week,SMS,2025-07-20,0,4.19
CP008375,C02723,Summer Savings,WhatsApp,2025-07-01,0,3.65
CP008376,C02822,Summer Savings,Email,2025-01-25,0,5.56
CP008377,C00659,New Customer Welcome,WhatsApp,2025-02-27,1,2.3
CP008378,C01883,Summer Savings,Social,2025-10-10,0,7.96
CP008379,C00656,Electronics Week,Email,2025-12-13,1,3.95
CP008380,C03978,New Customer Welcome,Email,2025-01-26,0,7.44
CP008381,C02337,Festive Sale,WhatsApp,2025-09-01,0,2.38
CP008382,C02653,VIP Exclusive,SMS,2025-07-13,0,6.48
CP008383,C01059,VIP Exclusive,Push,2025-07-21,0,7.17
CP008384,C01171,VIP Exclusive,WhatsApp,2025-11-18,0,7.26
CP008385,C02318,VIP Exclusive,Email,2025-01-03,0,5.46
CP008386,C02254,Summer Savings,Email,2025-10-10,0,6.61
CP008387,C03749,Festive Sale,Email,2025-02-20,1,2.08
CP008388,C01537,New Customer Welcome,SMS,2025-04-19,0,4.67
CP008389,C02575,Electronics Week,WhatsApp,2025-01-19,1,6.34
CP008390,C00640,Festive Sale,WhatsApp,2025-07-07,0,2.19
CP008391,C01177,Festive Sale,Push,2025-09-20,0,3.48
CP008392,C04791,Summer Savings,Email,2025-08-30,1,7.45
CP008393,C00354,New Customer Welcome,WhatsApp,2025-11-03,0,0.95
CP008394,C04072,Festive Sale,Email,2025-01-29,0,5.41
CP008395,C02671,Festive Sale,Email,2025-05-27,0,2.32
CP008396,C04430,Electronics Week,WhatsApp,2025-08-25,0,0.59
CP008397,C02194,Festive Sale,SMS,2025-01-02,0,7.32
CP008398,C02529,VIP Exclusive,Social,2025-04-17,0,6.21
CP008399,C01723,Festive Sale,Email,2025-08-16,0,5.41
CP008400,C04884,Summer Savings,WhatsApp,2025-08-03,0,5.19
CP008401,C03704,Win Back,Email,2025-09-27,1,7.74
CP008402,C04551,Summer Savings,WhatsApp,2025-08-15,1,1.73
CP008403,C00773,Electronics Week,WhatsApp,2025-08-14,0,2.34
CP008404,C02884,Summer Savings,Email,2025-10-22,0,7.01
CP008405,C04612,Summer Savings,Email,2025-03-29,0,2.59
CP008406,C03685,VIP Exclusive,Social,2025-05-08,0,0.52
CP008407,C00002,Win Back,Email,2025-04-09,0,6.64
CP008408,C03245,Electronics Week,Email,2025-04-21,1,5.58
CP008409,C03465,New Customer Welcome,WhatsApp,2025-04-20,0,4.49
CP008410,C02632,Win Back,SMS,2025-04-25,0,4.63
CP008411,C04417,Win Back,Social,2025-12-06,0,6.28
CP008412,C02825,New Customer Welcome,SMS,2025-04-29,0,5.49
CP008413,C02825,Festive Sale,WhatsApp,2025-09-21,0,2.45
CP008414,C00665,Win Back,Email,2025-02-05,1,5.76
CP008415,C04899,Electronics Week,Email,2025-02-25,0,7.63
CP008416,C02224,Electronics Week,Push,2025-09-10,1,5.6
CP008417,C03506,Electronics Week,Push,2025-03-10,0,1.01
CP008418,C04853,Summer Savings,Social,2025-08-27,1,5.38
CP008419,C00236,New Customer Welcome,Push,2025-08-10,0,5.02
CP008420,C01642,New Customer Welcome,SMS,2025-03-09,0,1.81
CP008421,C03525,Fashion Days,Email,2025-04-01,0,6.23
CP008422,C04318,VIP Exclusive,Social,2025-09-12,0,3.41
CP008423,C04746,Win Back,WhatsApp,2025-08-12,0,4.66
CP008424,C02302,Festive Sale,Social,2025-05-18,0,2.85
CP008425,C04266,Win Back,Email,2025-07-20,0,0.53
CP008426,C02252,Win Back,Push,2025-03-06,1,3.07
CP008427,C03808,VIP Exclusive,Push,2025-09-05,0,1.94
CP008428,C04428,Electronics Week,Email,2025-08-10,0,1.73
CP008429,C03443,New Customer Welcome,Email,2025-12-13,0,7.49
CP008430,C01069,New Customer Welcome,Email,2025-12-02,0,4.14
CP008431,C01230,VIP Exclusive,Email,2025-05-14,0,4.86
CP008432,C01668,Electronics Week,WhatsApp,2025-09-18,0,1.47
CP008433,C01636,Electronics Week,Email,2025-10-06,0,3.17
CP008434,C01917,Win Back,WhatsApp,2025-05-30,0,7.78
CP008435,C01754,Summer Savings,Social,2025-12-03,1,6.47
CP008436,C03962,Win Back,Email,2025-02-27,0,3.7
CP008437,C03860,Electronics Week,,2025-12-05,0,4.25
CP008438,C00958,New Customer Welcome,WhatsApp,2025-06-02,1,2.11
CP008439,C02871,New Customer Welcome,Email,2025-08-24,0,5.13
CP008440,C02217,Win Back,Push,2025-05-03,0,3.89
CP008441,C02113,Summer Savings,SMS,2025-09-19,1,5.42
CP008442,C00014,Win Back,Social,2025-06-15,0,1.98
CP008443,C02027,Fashion Days,WhatsApp,2025-06-05,0,1.99
CP008444,C00886,Fashion Days,Social,2025-03-01,1,4.55
CP008445,C00472,Electronics Week,Push,2025-11-26,0,3.66
CP008446,C01942,Fashion Days,Push,2025-02-11,0,1.88
CP008447,C02018,New Customer Welcome,SMS,2025-04-16,0,5.97
CP008448,C01370,Summer Savings,SMS,2025-06-16,1,7.44
CP008449,C02989,New Customer Welcome,SMS,2025-09-23,0,3.94
CP008450,C01921,New Customer Welcome,Social,2025-11-11,0,5.58
CP008451,C02540,VIP Exclusive,WhatsApp,2025-08-10,1,4.36
CP008452,C04687,Electronics Week,Social,2025-07-26,0,3.15
CP008453,C01298,Summer Savings,SMS,2025-06-16,0,1.12
CP008454,C00765,Fashion Days,Email,2025-11-15,0,6.94
CP008455,C00966,New Customer Welcome,Push,2025-02-13,0,2.65
CP008456,C00100,Fashion Days,SMS,2025-09-08,1,1.16
CP008457,C00009,Fashion Days,Email,2025-08-28,0,1.61
CP008458,C02062,VIP Exclusive,Push,2025-09-30,0,5.33
CP008459,C03659,Festive Sale,Email,2025-04-09,1,1.76
CP008460,C04089,Summer Savings,Email,2025-11-07,1,1.64
CP008461,C01233,Fashion Days,SMS,2025-12-09,0,1.34
CP008462,C01772,New Customer Welcome,Push,2025-04-05,0,1.31
CP008463,C02456,VIP Exclusive,Social,2025-06-24,1,4.99
CP008464,C00376,Electronics Week,Push,2025-03-01,0,5.24
CP008465,C01967,Electronics Week,Email,2025-01-17,0,1.85
CP008466,C03538,Fashion Days,Email,2025-01-17,0,1.03
CP008467,C02574,Festive Sale,Email,2025-06-12,0,4.32
CP008468,C02729,Festive Sale,SMS,2025-10-22,1,5.72
CP008469,C03183,New Customer Welcome,WhatsApp,2025-07-10,1,2.65
CP008470,C04901,Electronics Week,WhatsApp,2025-11-22,1,0.53
CP008471,C02620,Win Back,SMS,2025-03-15,1,6.5
CP008472,C01174,VIP Exclusive,Email,2025-03-17,0,3.28
CP008473,C02842,Electronics Week,Email,2025-06-02,1,6.95
CP008474,C03018,Electronics Week,WhatsApp,2025-02-24,0,6.16
CP008475,C04407,Fashion Days,Social,2025-11-24,0,5.35
CP008476,C02368,Festive Sale,Push,2025-05-21,0,0.66
CP008477,C01024,Win Back,WhatsApp,2025-10-13,0,0.7
CP008478,C02841,Summer Savings,Email,2025-06-03,0,3.99
CP008479,C03695,Win Back,Push,2025-01-27,0,4.26
CP008480,C04162,Electronics Week,Email,2025-06-14,0,2.75
CP008481,C03242,Fashion Days,SMS,2025-05-29,0,6.22
CP008482,C01279,VIP Exclusive,Push,2025-10-09,1,4.48
CP008483,C04977,Electronics Week,Push,2025-03-06,0,4.87
CP008484,C00053,Summer Savings,WhatsApp,2025-01-15,0,5.65
CP008485,C00847,Festive Sale,Email,2025-02-09,1,4.19
CP008486,C01906,Win Back,Email,2025-01-15,0,0.73
CP008487,C00105,Fashion Days,Social,2025-11-20,0,3.1
CP008488,C04249,VIP Exclusive,WhatsApp,2025-11-26,0,3.02
CP008489,C01750,VIP Exclusive,SMS,2025-01-01,1,4.68
CP008490,C00915,Fashion Days,Email,2025-02-18,0,2.88
CP008491,C03398,New Customer Welcome,Email,2025-02-20,0,5.62
CP008492,C04296,VIP Exclusive,Email,2025-05-17,0,6.18
CP008493,C02013,Summer Savings,Push,2025-06-24,1,7.85
CP008494,C04271,Electronics Week,Email,2025-05-29,0,5.51
CP008495,C04448,Win Back,Push,2025-03-08,1,5.43
CP008496,C02652,Win Back,Email,2025-10-11,0,7.3
CP008497,C00099,Electronics Week,Push,2025-07-20,0,2.21
CP008498,C02633,Festive Sale,Email,2025-09-20,1,1.74
CP008499,C01282,Win Back,SMS,2025-04-06,0,4.8
CP008500,C03735,Fashion Days,Email,2025-06-10,0,6.07
CP008501,C02631,Win Back,SMS,2025-10-27,0,1.73
CP008502,C02076,VIP Exclusive,Email,2025-06-07,0,5.97
CP008503,C02937,Win Back,Push,2025-03-16,0,7.37
CP008504,C04880,Win Back,Push,2025-08-19,0,1.42
CP008505,C02313,Festive Sale,SMS,2025-08-11,0,2.53
CP008506,C04561,Summer Savings,SMS,2025-12-12,1,3.84
CP008507,C04322,New Customer Welcome,Email,2025-08-27,0,5.13
CP008508,C00073,Summer Savings,Email,2025-03-05,0,7.04
CP008509,C01151,Festive Sale,WhatsApp,2025-12-13,1,5.25
CP008510,C00917,Fashion Days,Social,2025-04-25,0,6.53
CP008511,C04944,Electronics Week,Social,2025-04-17,0,1.93
CP008512,C01161,Electronics Week,SMS,2025-08-02,0,4.21
CP008513,C02077,Fashion Days,Social,2025-04-15,0,3.94
CP008514,C02252,VIP Exclusive,SMS,2025-09-09,0,4.5
CP008515,C03469,Win Back,Push,2025-06-01,0,3.2
CP008516,C01776,Electronics Week,WhatsApp,2025-02-03,0,0.54
CP008517,C00333,Win Back,Push,2025-11-20,0,1.17
CP008518,C02692,New Customer Welcome,SMS,2025-11-12,0,6.86
CP008519,C02385,Win Back,WhatsApp,2025-12-14,1,4.58
CP008520,C02370,New Customer Welcome,Email,2025-12-02,0,5.21
CP008521,C02671,New Customer Welcome,Email,2025-06-29,0,3.25
CP008522,C02087,Festive Sale,SMS,2025-04-05,0,2.46
CP008523,C02845,Summer Savings,Social,2025-09-26,0,3.84
CP008524,C02663,New Customer Welcome,WhatsApp,2025-08-29,1,4.95
CP008525,C04827,VIP Exclusive,Email,2025-05-20,0,0.5
CP008526,C01840,New Customer Welcome,Email,2025-02-28,1,5.63
CP008527,C04267,Fashion Days,Email,2025-02-05,0,6.49
CP008528,C02173,Festive Sale,Email,2025-11-30,0,3.38
CP008529,C02512,Festive Sale,WhatsApp,2025-05-14,0,2.89
CP008530,C01253,Fashion Days,SMS,2025-01-09,0,4.12
CP008531,C04483,Summer Savings,Email,2025-01-01,0,1.75
CP008532,C01788,Summer Savings,SMS,2025-09-16,0,4.4
CP008533,C02856,Fashion Days,WhatsApp,2025-03-02,0,4.13
CP008534,C01003,Festive Sale,SMS,2025-08-09,0,2.48
CP008535,C00070,Electronics Week,SMS,2025-12-02,0,7.56
CP008536,C01351,VIP Exclusive,Email,2025-06-08,0,5.68
CP008537,C03212,VIP Exclusive,Push,2025-09-29,1,1.65
CP008538,C02510,Summer Savings,WhatsApp,2025-02-28,0,3.76
CP008539,C00388,Win Back,SMS,2025-01-11,0,5.4
CP008540,C01667,Summer Savings,Push,2025-05-14,0,6.95
CP008541,C02069,Fashion Days,Email,2025-07-24,0,1.47
CP008542,C03273,New Customer Welcome,Email,2025-01-07,0,3.88
CP008543,C03551,VIP Exclusive,Email,2025-09-23,1,6.56
CP008544,C03563,Electronics Week,Push,2025-05-09,0,1.97
CP008545,C03867,New Customer Welcome,Email,2025-06-09,0,7.18
CP008546,C01783,New Customer Welcome,WhatsApp,2025-06-07,0,6.17
CP008547,C02193,New Customer Welcome,Push,2025-05-02,0,3.72
CP008548,C00833,Festive Sale,WhatsApp,2025-01-06,0,4.87
CP008549,C04000,Fashion Days,SMS,2025-10-04,0,7.24
CP008550,C02479,New Customer Welcome,Push,2025-09-24,0,3.61
CP008551,C01345,Win Back,Email,2025-03-20,0,0.85
CP008552,C00481,Win Back,WhatsApp,2025-09-16,1,3.58
CP008553,C04643,Win Back,Social,2025-07-24,0,4.03
CP008554,C03877,VIP Exclusive,Social,2025-09-05,0,6.87
CP008555,C00853,New Customer Welcome,WhatsApp,2025-02-21,0,3.74
CP008556,C03223,Summer Savings,Push,2025-02-01,0,6.01
CP008557,C04674,Electronics Week,Push,2025-10-22,0,0.53
CP008558,C04593,Fashion Days,Push,2025-09-07,0,0.52
CP008559,C00551,Summer Savings,SMS,2025-05-11,0,4.43
CP008560,C04917,Festive Sale,Email,2025-06-09,0,3.56
CP008561,C01986,Win Back,Email,2025-10-01,0,4.09
CP008562,C00015,VIP Exclusive,Email,2025-08-18,0,1.43
CP008563,C04966,Summer Savings,WhatsApp,2025-08-24,1,7.03
CP008564,C02977,Fashion Days,Email,2025-08-12,0,5.64
CP008565,C01895,New Customer Welcome,Push,2025-08-09,0,3.05
CP008566,C04323,Fashion Days,Social,2025-11-26,0,5.54
CP008567,C00457,Electronics Week,Push,2025-10-14,0,3.08
CP008568,C01646,Win Back,Push,2025-01-12,0,2.23
CP008569,C02690,Summer Savings,WhatsApp,2025-02-15,1,1.32
CP008570,C04419,VIP Exclusive,Social,2025-06-04,0,5.7
CP008571,C01061,Electronics Week,WhatsApp,2025-04-08,0,7.51
CP008572,C01268,New Customer Welcome,Push,2025-03-24,1,2.19
CP008573,C02403,VIP Exclusive,Social,2025-06-21,0,7.87
CP008574,C02785,Summer Savings,Email,2025-01-21,0,2.78
CP008575,C00752,Win Back,Push,2025-01-15,0,4.65
CP008576,C00374,Win Back,SMS,2025-03-01,0,4.45
CP008577,C02031,Win Back,WhatsApp,2025-05-03,1,6.56
CP008578,C01647,VIP Exclusive,SMS,2025-07-06,0,6.15
CP008579,C02676,VIP Exclusive,WhatsApp,2025-09-23,0,7.52
CP008580,C03353,Fashion Days,Email,2025-09-10,0,2.23
CP008581,C02405,VIP Exclusive,WhatsApp,2025-02-06,0,5.43
CP008582,C04108,Summer Savings,Email,2025-04-12,0,6.98
CP008583,C00060,Electronics Week,SMS,2025-04-12,1,2.82
CP008584,C04963,Electronics Week,WhatsApp,2025-08-07,0,0.71
CP008585,C03544,Electronics Week,Email,2025-02-17,0,1.11
CP008586,C03189,VIP Exclusive,WhatsApp,2025-01-14,1,6.23
CP008587,C00765,Electronics Week,Social,2025-11-11,1,1.52
CP008588,C00608,Festive Sale,Email,2025-08-07,0,4.14
CP008589,C01087,Win Back,Push,2025-06-13,0,3.74
CP008590,C00535,VIP Exclusive,Social,2025-03-24,0,2.65
CP008591,C01422,New Customer Welcome,Email,2025-06-08,0,4.17
CP008592,C01660,VIP Exclusive,Push,2025-01-04,0,4.84
CP008593,C01588,Electronics Week,Social,2025-10-14,1,6.45
CP008594,C04848,Summer Savings,Email,2025-05-13,0,6.87
CP008595,C04721,Festive Sale,Email,2025-04-10,0,7.26
CP008596,C00825,Electronics Week,SMS,2025-06-15,0,4.76
CP008597,C01801,Fashion Days,Push,2025-06-02,0,6.37
CP008598,C01978,Electronics Week,Social,2025-06-21,0,2.13
CP008599,C00519,Summer Savings,WhatsApp,2025-03-08,0,6.74
CP008600,C00783,Fashion Days,Email,2025-02-18,1,3.22
CP008601,C01376,VIP Exclusive,Email,2025-01-27,1,3.86
CP008602,C03682,Fashion Days,SMS,2025-08-27,1,5.71
CP008603,C02753,VIP Exclusive,SMS,2025-01-07,0,7.72
CP008604,C02877,Fashion Days,WhatsApp,2025-10-11,0,7.21
CP008605,C03234,New Customer Welcome,Email,2025-09-01,0,3.45
CP008606,C00814,Electronics Week,Social,2025-01-19,0,5.66
CP008607,C00302,Electronics Week,Email,2025-03-23,0,4.72
CP008608,C00045,Summer Savings,WhatsApp,2025-10-18,1,2.77
CP008609,C03766,Fashion Days,SMS,2025-04-17,1,0.62
CP008610,C00988,Summer Savings,SMS,2025-01-13,0,4.37
CP008611,C04667,Festive Sale,Push,2025-02-24,0,1.47
CP008612,C01838,Electronics Week,WhatsApp,2025-04-21,0,6.62
CP008613,C03882,VIP Exclusive,SMS,2025-09-02,0,2.55
CP008614,C04962,Fashion Days,SMS,2025-11-22,1,6.3
CP008615,C01423,Win Back,Push,2025-11-01,1,2.78
CP008616,C04262,VIP Exclusive,Email,2025-02-17,0,0.94
CP008617,C02767,Win Back,Email,2025-07-25,0,2.96
CP008618,C02839,Festive Sale,SMS,2025-02-05,0,5.6
CP008619,C03938,Festive Sale,SMS,2025-04-08,0,2.38
CP008620,C01925,Festive Sale,WhatsApp,2025-08-22,0,0.8
CP008621,C00421,Festive Sale,SMS,2025-04-07,0,1.57
CP008622,C02987,Fashion Days,WhatsApp,2025-09-12,0,5.58
CP008623,C00036,New Customer Welcome,Email,2025-07-29,1,7.74
CP008624,C00460,Summer Savings,SMS,2025-09-23,0,3.91
CP008625,C02634,Summer Savings,Push,2025-03-28,0,3.87
CP008626,C02291,Festive Sale,Email,2025-06-08,0,3.66
CP008627,C02471,New Customer Welcome,Push,2025-03-19,1,5.62
CP008628,C04834,Electronics Week,Email,2025-06-15,0,7.69
CP008629,C01992,Electronics Week,Email,2025-09-27,0,3.74
CP008630,C00589,New Customer Welcome,WhatsApp,2025-04-09,0,1.45
CP008631,C03155,Summer Savings,Email,2025-03-22,1,5.81
CP008632,C02809,Fashion Days,WhatsApp,2025-03-28,0,5.7
CP008633,C01791,Fashion Days,Push,2025-02-18,0,0.75
CP008634,C04455,Fashion Days,SMS,2025-11-12,1,4.81
CP008635,C03955,New Customer Welcome,Social,2025-04-30,0,2.12
CP008636,C03975,Fashion Days,WhatsApp,2025-11-05,0,3.21
CP008637,C04240,Summer Savings,SMS,2025-04-11,0,3.93
CP008638,C02725,Win Back,SMS,2025-03-23,0,7.84
CP008639,C01982,VIP Exclusive,Email,2025-03-31,1,7.64
CP008640,C01003,Summer Savings,WhatsApp,2025-07-24,1,3.21
CP008641,C03414,Summer Savings,Social,2025-07-29,1,0.94
CP008642,C00558,Electronics Week,Social,2025-02-04,0,7.12
CP008643,C04882,Electronics Week,WhatsApp,2025-03-01,1,2.2
CP008644,C03694,VIP Exclusive,Email,2025-03-23,0,1.42
CP008645,C00529,VIP Exclusive,WhatsApp,2025-12-07,1,4.65
CP008646,C01627,Festive Sale,Email,2025-01-13,1,6.4
CP008647,C00962,Fashion Days,Email,2025-07-14,1,7.24
CP008648,C03273,Summer Savings,Social,2025-01-21,0,6.11
CP008649,C00439,Win Back,WhatsApp,2025-10-28,0,7.67
CP008650,C03584,Festive Sale,WhatsApp,2025-03-29,1,4.5
CP008651,C02716,New Customer Welcome,SMS,2025-09-26,0,7.21
CP008652,C01374,VIP Exclusive,Social,2025-10-08,0,3.56
CP008653,C03383,Fashion Days,WhatsApp,2025-09-22,0,6.94
CP008654,C03746,Fashion Days,Push,2025-03-26,0,4.13
CP008655,C03224,Fashion Days,Social,2025-08-16,0,1.62
CP008656,C03950,VIP Exclusive,Email,2025-07-07,0,3.86
CP008657,C02529,New Customer Welcome,Email,2025-11-02,0,1.48
CP008658,C01421,Electronics Week,Social,2025-11-02,0,3.68
CP008659,C03423,Fashion Days,WhatsApp,2025-02-08,0,2.6
CP008660,C04515,New Customer Welcome,Social,2025-10-27,0,7.6
CP008661,C00341,New Customer Welcome,Push,2025-10-15,0,5.2
CP008662,C00255,VIP Exclusive,SMS,2025-04-10,0,3.81
CP008663,C02012,VIP Exclusive,Push,2025-04-18,0,0.86
CP008664,C03660,Electronics Week,SMS,2025-02-09,0,6.97
CP008665,C02322,VIP Exclusive,WhatsApp,2025-06-11,0,5.76
CP008666,C03810,Electronics Week,Email,2025-11-28,0,5.44
CP008667,C01577,VIP Exclusive,Push,2025-08-09,1,6.19
CP008668,C03182,Win Back,Email,2025-07-31,0,4.29
CP008669,C03235,VIP Exclusive,Email,2025-10-05,0,7.19
CP008670,C01484,Summer Savings,Email,2025-09-15,0,4.65
CP008671,C04342,Summer Savings,Push,2025-03-14,0,2.53
CP008672,C01640,Summer Savings,Email,2025-08-11,0,4.81
CP008673,C04071,Fashion Days,Email,2025-06-19,1,1.58
CP008674,C04946,VIP Exclusive,SMS,2025-06-03,0,4.9
CP008675,C02943,VIP Exclusive,WhatsApp,2025-12-14,0,3.87
CP008676,C03034,Summer Savings,SMS,2025-08-26,1,7.28
CP008677,C04601,Summer Savings,Social,2025-08-04,0,5.34
CP008678,C02937,Summer Savings,WhatsApp,2025-05-28,0,7.51
CP008679,C01802,VIP Exclusive,Push,2025-01-14,1,3.34
CP008680,C03519,Electronics Week,Social,2025-07-21,0,4.25
CP008681,C00337,New Customer Welcome,Email,2025-10-17,0,5.3
CP008682,C03390,New Customer Welcome,SMS,2025-03-16,1,3.49
CP008683,C01519,Electronics Week,Social,2025-10-30,1,7.36
CP008684,C03211,Electronics Week,Email,2025-06-18,1,2.73
CP008685,C00684,Summer Savings,Email,2025-09-28,0,6.01
CP008686,C02747,Fashion Days,Push,2025-06-09,0,2.41
CP008687,C03698,VIP Exclusive,Social,2025-03-15,0,2.63
CP008688,C00970,New Customer Welcome,Push,2025-10-31,1,0.99
CP008689,C01743,Electronics Week,SMS,2025-01-08,0,4.98
CP008690,C02971,New Customer Welcome,Email,2025-01-22,0,7.96
CP008691,C00510,Win Back,Social,2025-05-03,0,3.89
CP008692,C01737,Fashion Days,WhatsApp,2025-03-11,1,2.27
CP008693,C04217,Festive Sale,WhatsApp,2025-06-02,0,1.06
CP008694,C01332,Win Back,Email,2025-02-03,0,4.45
CP008695,C00700,Summer Savings,Push,2025-03-04,0,5.22
CP008696,C04252,Fashion Days,SMS,2025-07-23,0,6.79
CP008697,C02020,Festive Sale,Email,2025-08-27,0,7.31
CP008698,C02793,New Customer Welcome,Push,2025-01-15,0,7.72
CP008699,C04578,Summer Savings,Email,2025-09-08,1,6.85
CP008700,C01737,Festive Sale,WhatsApp,2025-05-03,0,5.16
CP008701,C02876,Festive Sale,WhatsApp,2025-11-05,0,0.82
CP008702,C02975,Win Back,Email,2025-10-10,0,6.85
CP008703,C04984,Summer Savings,WhatsApp,2025-01-19,1,6.77
CP008704,C02718,Fashion Days,Social,2025-08-14,0,3.29
CP008705,C02437,Electronics Week,Email,2025-06-07,1,5.78
CP008706,C04635,Festive Sale,WhatsApp,2025-07-05,1,0.97
CP008707,C04228,Festive Sale,Push,2025-03-20,0,3.79
CP008708,C02679,Summer Savings,Push,2025-09-26,0,6.48
CP008709,C02721,VIP Exclusive,Push,2025-10-14,0,7.36
CP008710,C03170,Summer Savings,Push,2025-07-08,0,6.71
CP008711,C02466,Festive Sale,WhatsApp,2025-05-04,1,3.05
CP008712,C04452,New Customer Welcome,Email,2025-11-27,1,3.56
CP008713,C01791,VIP Exclusive,WhatsApp,2025-02-02,0,1.14
CP008714,C03670,Fashion Days,Push,2025-02-23,0,7.28
CP008715,C00025,Summer Savings,Email,2025-09-22,0,3.6
CP008716,C02210,New Customer Welcome,SMS,2025-06-02,0,5.73
CP008717,C04837,Win Back,Email,2025-01-02,0,4.4
CP008718,C01215,VIP Exclusive,WhatsApp,2025-03-05,0,3.06
CP008719,C00722,Summer Savings,Email,2025-07-13,0,7.64
CP008720,C02730,Win Back,Email,2025-11-19,0,5.35
CP008721,C02930,Festive Sale,Push,2025-02-13,0,7.59
CP008722,C02153,New Customer Welcome,SMS,2025-12-11,0,1.42
CP008723,C03328,Electronics Week,Social,2025-02-04,0,2.48
CP008724,C04840,Fashion Days,WhatsApp,2025-05-02,0,0.97
CP008725,C01567,VIP Exclusive,Email,2025-11-07,0,4.77
CP008726,C04309,VIP Exclusive,Push,2025-08-30,0,3.18
CP008727,C00364,VIP Exclusive,WhatsApp,2025-03-31,1,7.41
CP008728,C01623,Summer Savings,Email,2025-03-07,0,3.87
CP008729,C00161,New Customer Welcome,Social,2025-09-23,1,7.02
CP008730,C04505,Electronics Week,WhatsApp,2025-08-08,0,3.08
CP008731,C04506,New Customer Welcome,Push,2025-01-08,0,0.74
CP008732,C00258,Win Back,SMS,2025-09-01,1,7.17
CP008733,C02292,Summer Savings,WhatsApp,2025-10-06,1,4.51
CP008734,C02218,VIP Exclusive,WhatsApp,2025-07-22,0,4.98
CP008735,C02221,Electronics Week,SMS,2025-06-16,0,3.87
CP008736,C03778,Summer Savings,Email,2025-03-16,0,5.78
CP008737,C03079,Win Back,Email,2025-06-08,1,7.7
CP008738,C01448,Festive Sale,Push,2025-03-20,1,3.16
CP008739,C01411,New Customer Welcome,WhatsApp,2025-04-07,1,1.48
CP008740,C02197,VIP Exclusive,Social,2025-03-26,0,2.48
CP008741,C02017,Summer Savings,Email,2025-10-29,0,2.06
CP008742,C03190,Win Back,Social,2025-11-19,0,2.81
CP008743,C02104,Summer Savings,WhatsApp,2025-04-29,0,5.65
CP008744,C04818,VIP Exclusive,WhatsApp,2025-10-24,0,5.31
CP008745,C04718,Win Back,WhatsApp,2025-01-03,0,2.42
CP008746,C01120,Festive Sale,Email,2025-11-09,0,7.64
CP008747,C04675,VIP Exclusive,Push,2025-06-25,1,4.2
CP008748,C00992,Fashion Days,SMS,2025-02-27,1,7.69
CP008749,C00776,Electronics Week,WhatsApp,2025-07-02,1,0.52
CP008750,C04470,Win Back,Email,2025-06-19,1,4.56
CP008751,C02822,VIP Exclusive,Email,2025-06-10,1,4.75
CP008752,C04016,Electronics Week,SMS,2025-06-04,0,0.51
CP008753,C01354,Summer Savings,Push,2025-09-14,1,3.61
CP008754,C02160,Festive Sale,Email,2025-04-16,0,3.04
CP008755,C03259,VIP Exclusive,Email,2025-06-23,0,3.1
CP008756,C02764,Fashion Days,SMS,2025-10-23,1,2.95
CP008757,C02580,New Customer Welcome,Email,2025-09-01,0,1.07
CP008758,C04165,Festive Sale,Email,2025-07-20,0,4.64
CP008759,C02822,New Customer Welcome,Social,2025-03-19,0,4.63
CP008760,C02095,Win Back,Email,2025-10-16,1,7.96
CP008761,C04062,Fashion Days,WhatsApp,2025-04-16,0,7.49
CP008762,C01088,New Customer Welcome,Email,2025-03-14,0,4.15
CP008763,C00113,VIP Exclusive,WhatsApp,2025-07-04,0,3.11
CP008764,C02643,New Customer Welcome,SMS,2025-10-01,0,7.77
CP008765,C01696,Electronics Week,WhatsApp,2025-06-09,0,1.34
CP008766,C03990,New Customer Welcome,Email,2025-09-07,1,4.18
CP008767,C02842,Fashion Days,WhatsApp,2025-05-04,1,2.51
CP008768,C00569,New Customer Welcome,SMS,2025-06-24,0,2.92
CP008769,C01591,Summer Savings,Email,2025-08-07,1,4.51
CP008770,C04312,Summer Savings,SMS,2025-09-16,0,7.43
CP008771,C04304,Win Back,WhatsApp,2025-12-04,0,5.59
CP008772,C03983,New Customer Welcome,WhatsApp,2025-03-21,0,1.03
CP008773,C03322,New Customer Welcome,WhatsApp,2025-06-20,0,3.15
CP008774,C02905,VIP Exclusive,Push,2025-09-30,0,6.56
CP008775,C02346,Win Back,Email,2025-11-12,0,4.66
CP008776,C04846,Fashion Days,Email,2025-11-26,0,6.99
CP008777,C02123,Electronics Week,Push,2025-03-02,0,5.31
CP008778,C03544,Win Back,Email,2025-03-13,0,5.77
CP008779,C00595,Fashion Days,Push,2025-09-13,0,3.17
CP008780,C02110,Win Back,Email,2025-01-18,0,1.24
CP008781,C04150,Summer Savings,Push,2025-06-22,1,7.02
CP008782,C03866,VIP Exclusive,SMS,2025-03-13,0,5.6
CP008783,C02956,New Customer Welcome,Email,2025-07-25,0,4.08
CP008784,C02688,VIP Exclusive,Push,2025-02-12,0,2.03
CP008785,C00823,VIP Exclusive,Email,2025-09-17,0,6.47
CP008786,C04573,Electronics Week,Social,2025-10-05,0,3.24
CP008787,C04138,Electronics Week,WhatsApp,2025-02-03,1,2.16
CP008788,C04738,Fashion Days,Push,2025-05-26,0,6.0
CP008789,C00649,VIP Exclusive,Email,2025-04-27,0,4.63
CP008790,C00746,VIP Exclusive,Social,2025-06-22,0,7.45
CP008791,C01176,VIP Exclusive,SMS,2025-10-21,1,1.86
CP008792,C02684,Summer Savings,SMS,2025-06-27,0,3.4
CP008793,C00688,Win Back,WhatsApp,2025-02-09,0,0.8
CP008794,C04660,Win Back,Push,2025-01-30,0,4.25
CP008795,C00691,Fashion Days,WhatsApp,2025-07-07,0,1.56
CP008796,C03075,Electronics Week,Push,2025-11-16,0,3.72
CP008797,C01264,Fashion Days,WhatsApp,2025-06-02,0,6.97
CP008798,C03770,Fashion Days,WhatsApp,2025-11-21,0,3.04
CP008799,C04427,Fashion Days,Push,2025-05-14,0,6.3
CP008800,C01829,Fashion Days,WhatsApp,2025-02-26,1,7.8
CP008801,C03925,New Customer Welcome,WhatsApp,2025-05-18,0,7.36
CP008802,C00125,Fashion Days,Email,2025-02-21,0,5.55
CP008803,C00899,Win Back,SMS,2025-05-06,0,1.41
CP008804,C00452,New Customer Welcome,Email,2025-11-11,0,2.44
CP008805,C01658,Summer Savings,Email,2025-01-17,1,3.23
CP008806,C04247,Win Back,WhatsApp,2025-03-21,0,6.04
CP008807,C01425,Summer Savings,SMS,2025-07-12,0,6.3
CP008808,C04988,Festive Sale,Email,2025-10-30,0,7.58
CP008809,C02582,Fashion Days,WhatsApp,2025-10-20,0,2.63
CP008810,C04152,Festive Sale,WhatsApp,2025-10-16,1,3.39
CP008811,C03403,Summer Savings,WhatsApp,2025-02-18,0,4.62
CP008812,C01859,Festive Sale,Email,2025-02-24,1,3.33
CP008813,C01547,Win Back,Email,2025-08-20,0,2.41
CP008814,C02386,Fashion Days,Email,2025-03-24,0,7.13
CP008815,C03196,Summer Savings,WhatsApp,2025-07-26,1,1.4
CP008816,C01379,Win Back,WhatsApp,2025-06-01,0,3.51
CP008817,C01085,Summer Savings,SMS,2025-02-17,0,5.48
CP008818,C04295,New Customer Welcome,SMS,2025-07-05,1,1.49
CP008819,C00773,Win Back,WhatsApp,2025-10-27,1,2.28
CP008820,C03905,New Customer Welcome,SMS,2025-01-19,1,7.68
CP008821,C04231,Win Back,Email,2025-09-19,0,6.95
CP008822,C03449,Fashion Days,SMS,2025-02-14,0,7.11
CP008823,C03773,Electronics Week,Push,2025-12-07,0,7.06
CP008824,C04621,New Customer Welcome,SMS,2025-08-04,0,3.92
CP008825,C01267,Festive Sale,Email,2025-01-12,0,3.98
CP008826,C03700,New Customer Welcome,SMS,2025-05-28,1,7.13
CP008827,C00789,VIP Exclusive,WhatsApp,2025-06-07,0,1.28
CP008828,C04048,Win Back,Email,2025-01-02,0,1.49
CP008829,C00944,Electronics Week,WhatsApp,2025-04-21,1,0.58
CP008830,C00646,Festive Sale,SMS,2025-09-07,0,7.23
CP008831,C03877,Electronics Week,SMS,2025-08-16,0,2.8
CP008832,C01705,Summer Savings,SMS,2025-08-13,0,6.92
CP008833,C03298,Fashion Days,Email,2025-04-12,0,7.14
CP008834,C01544,Electronics Week,Push,2025-10-25,0,0.99
CP008835,C02006,Win Back,SMS,2025-10-17,0,7.05
CP008836,C00639,Electronics Week,Social,2025-01-01,0,4.65
CP008837,C01813,Fashion Days,Push,2025-06-11,0,0.83
CP008838,C04558,New Customer Welcome,SMS,2025-10-11,0,7.75
CP008839,C04149,Fashion Days,Social,2025-10-02,0,0.82
CP008840,C03318,Electronics Week,Email,2025-05-26,0,7.78
CP008841,C03679,Summer Savings,Email,2025-06-03,0,7.13
CP008842,C00849,Fashion Days,WhatsApp,2025-05-14,0,3.21
CP008843,C04913,Festive Sale,Email,2025-12-15,0,4.19
CP008844,C01873,New Customer Welcome,Email,2025-01-27,0,7.31
CP008845,C01502,Win Back,WhatsApp,2025-05-06,0,4.86
CP008846,C01005,Win Back,Push,2025-01-01,1,3.83
CP008847,C00943,Electronics Week,SMS,2025-02-18,0,6.45
CP008848,C04063,Win Back,Social,2025-04-20,0,0.67
CP008849,C04849,Electronics Week,Email,2025-04-16,0,7.66
CP008850,C00540,Summer Savings,Email,2025-02-01,1,7.01
CP008851,C04570,Festive Sale,SMS,2025-07-30,0,6.85
CP008852,C04793,Fashion Days,Email,2025-10-19,0,0.74
CP008853,C04737,Summer Savings,Email,2025-01-16,0,3.14
CP008854,C00002,New Customer Welcome,Email,2025-10-17,1,6.24
CP008855,C03952,VIP Exclusive,SMS,2025-04-06,0,6.63
CP008856,C00920,New Customer Welcome,SMS,2025-08-20,1,6.07
CP008857,C00737,Festive Sale,SMS,2025-10-10,0,4.78
CP008858,C04526,Fashion Days,Email,2025-06-27,0,3.71
CP008859,C01987,Festive Sale,Social,2025-09-20,0,6.08
CP008860,C03202,Summer Savings,Push,2025-06-20,0,7.33
CP008861,C03094,New Customer Welcome,SMS,2025-12-08,1,6.27
CP008862,C01571,Festive Sale,Email,2025-02-11,0,5.7
CP008863,C04694,Festive Sale,Email,2025-10-03,0,1.96
CP008864,C01808,VIP Exclusive,Email,2025-10-20,0,2.15
CP008865,C00586,Fashion Days,Social,2025-03-11,0,3.06
CP008866,C02022,Win Back,Email,2025-12-09,1,2.77
CP008867,C00059,Summer Savings,SMS,2025-06-10,1,2.49
CP008868,C02229,New Customer Welcome,Email,2025-09-21,0,2.32
CP008869,C00382,Festive Sale,SMS,2025-09-05,0,6.32
CP008870,C04389,Win Back,Email,2025-08-09,1,7.4
CP008871,C01803,VIP Exclusive,Email,2025-05-05,0,4.2
CP008872,C04489,Win Back,SMS,2025-12-02,0,7.47
CP008873,C04435,VIP Exclusive,SMS,2025-05-12,0,5.24
CP008874,C02476,VIP Exclusive,WhatsApp,2025-07-20,0,7.07
CP008875,C03293,Win Back,WhatsApp,2025-09-26,1,0.8
CP008876,C04548,Electronics Week,Email,2025-05-19,0,6.4
CP008877,C00431,VIP Exclusive,SMS,2025-12-01,0,5.48
CP008878,C04128,Summer Savings,SMS,2025-09-17,0,5.31
CP008879,C04181,VIP Exclusive,Push,2025-08-25,0,5.51
CP008880,C00797,New Customer Welcome,Email,2025-04-18,0,5.26
CP008881,C03155,Fashion Days,Email,2025-04-20,0,3.9
CP008882,C00946,Fashion Days,Email,2025-04-14,0,1.93
CP008883,C01174,Win Back,Push,2025-10-25,0,1.28
CP008884,C00327,VIP Exclusive,Push,2025-01-17,0,0.99
CP008885,C02117,Win Back,Social,2025-11-26,1,0.8
CP008886,C00271,Win Back,WhatsApp,2025-08-21,1,3.26
CP008887,C04306,VIP Exclusive,WhatsApp,2025-05-20,1,2.4
CP008888,C04869,Fashion Days,Email,2025-06-11,0,0.74
CP008889,C01015,New Customer Welcome,WhatsApp,2025-03-05,1,4.51
CP008890,C02905,Festive Sale,Push,2025-08-09,0,5.54
CP008891,C01868,Fashion Days,Social,2025-03-13,0,4.63
CP008892,C02588,Electronics Week,Push,2025-11-15,0,4.1
CP008893,C00141,Festive Sale,Push,2025-08-15,0,5.24
CP008894,C02565,Summer Savings,Email,2025-01-29,0,1.37
CP008895,C00611,Electronics Week,Email,2025-10-28,1,7.65
CP008896,C03125,Fashion Days,SMS,2025-11-13,0,3.42
CP008897,C00616,Festive Sale,Push,2025-06-19,0,7.99
CP008898,C02299,Festive Sale,WhatsApp,2025-10-30,0,2.86
CP008899,C04491,VIP Exclusive,Email,2025-02-25,1,4.8
CP008900,C00082,Fashion Days,SMS,2025-12-08,1,6.14
CP008901,C04434,New Customer Welcome,Email,2025-01-02,0,5.07
CP008902,C03110,Festive Sale,WhatsApp,2025-12-03,0,4.44
CP008903,C02090,Festive Sale,Push,2025-12-14,0,6.52
CP008904,C01767,Summer Savings,WhatsApp,2025-10-19,0,6.22
CP008905,C02939,VIP Exclusive,WhatsApp,2025-01-20,0,2.7
CP008906,C04333,Win Back,Push,2025-05-15,0,3.55
CP008907,C02910,VIP Exclusive,Email,2025-04-06,0,3.65
CP008908,C02201,Festive Sale,Push,2025-07-09,1,4.41
CP008909,C02147,VIP Exclusive,Push,2025-03-20,0,3.44
CP008910,C00258,Win Back,Email,2025-07-31,1,3.54
CP008911,C01761,VIP Exclusive,Social,2025-10-16,0,5.54
CP008912,C04239,VIP Exclusive,Email,2025-10-19,0,1.35
CP008913,C01143,New Customer Welcome,Push,2025-04-01,0,5.78
CP008914,C03903,Summer Savings,SMS,2025-02-04,0,3.25
CP008915,C00172,Electronics Week,Social,2025-09-13,1,7.33
CP008916,C00728,Summer Savings,SMS,2025-07-30,1,2.94
CP008917,C04614,Fashion Days,Push,2025-01-04,0,3.31
CP008918,C01711,Win Back,Push,2025-06-14,1,2.58
CP008919,C03901,New Customer Welcome,Push,2025-08-08,0,7.19
CP008920,C00342,New Customer Welcome,Social,2025-10-22,0,0.78
CP008921,C01773,Electronics Week,Push,2025-03-30,0,4.14
CP008922,C01211,Win Back,Email,2025-12-08,0,1.33
CP008923,C02454,Summer Savings,Email,2025-03-18,0,2.34
CP008924,C02273,VIP Exclusive,Social,2025-06-02,0,6.88
CP008925,C03064,Electronics Week,WhatsApp,2025-06-27,0,6.8
CP008926,C04384,Festive Sale,WhatsApp,2025-01-14,0,7.86
CP008927,C03387,Fashion Days,Email,2025-08-02,1,5.28
CP008928,C04332,Summer Savings,Email,2025-11-09,0,2.66
CP008929,C02621,Win Back,Push,2025-09-20,1,1.74
CP008930,C04765,Win Back,SMS,2025-11-24,0,6.97
CP008931,C04976,Win Back,SMS,2025-02-17,0,1.25
CP008932,C04785,Win Back,SMS,2025-11-03,1,6.39
CP008933,C01846,Fashion Days,SMS,2025-11-13,1,2.38
CP008934,C00757,Summer Savings,Email,2025-01-20,0,4.19
CP008935,C03093,Festive Sale,Push,2025-11-29,1,2.26
CP008936,C00499,VIP Exclusive,Email,2025-01-02,0,2.61
CP008937,C04971,Electronics Week,WhatsApp,2025-05-06,1,0.54
CP008938,C01199,Win Back,Push,2025-05-17,0,2.57
CP008939,C01575,Festive Sale,WhatsApp,2025-01-11,0,6.98
CP008940,C00863,Electronics Week,Push,2025-01-21,0,6.76
CP008941,C00090,Summer Savings,Social,2025-06-29,1,3.03
CP008942,C00363,Summer Savings,Social,2025-02-10,0,3.76
CP008943,C00012,Festive Sale,Email,2025-09-19,0,2.78
CP008944,C03182,VIP Exclusive,SMS,2025-03-05,1,7.9
CP008945,C01731,Electronics Week,Push,2025-07-02,0,6.95
CP008946,C02474,VIP Exclusive,WhatsApp,2025-08-31,0,6.44
CP008947,C04754,VIP Exclusive,WhatsApp,2025-09-15,0,6.9
CP008948,C03989,Electronics Week,Email,2025-08-06,0,0.57
CP008949,C04107,Electronics Week,Push,2025-10-28,0,4.31
CP008950,C04280,Fashion Days,Email,2025-05-31,0,0.6
CP008951,C04707,VIP Exclusive,Email,2025-10-30,0,6.42
CP008952,C01380,Electronics Week,Email,2025-06-30,0,2.71
CP008953,C03932,Win Back,Push,2025-01-09,0,5.0
CP008954,C04970,Win Back,Email,2025-07-18,0,2.12
CP008955,C04338,Fashion Days,Social,2025-12-05,0,1.17
CP008956,C03796,New Customer Welcome,SMS,2025-10-19,0,2.57
CP008957,C02847,Win Back,Social,2025-03-03,0,6.52
CP008958,C04859,Win Back,Push,2025-07-14,0,0.92
CP008959,C04011,New Customer Welcome,Email,2025-02-16,1,0.66
CP008960,C03764,Summer Savings,Social,2025-11-17,0,7.1
CP008961,C01176,New Customer Welcome,Push,2025-11-27,1,2.3
CP008962,C03069,Festive Sale,SMS,2025-04-06,1,1.41
CP008963,C00484,Win Back,Email,2025-05-26,0,6.27
CP008964,C01403,Summer Savings,Push,2025-03-04,0,5.31
CP008965,C01736,Fashion Days,Email,2025-12-10,0,7.21
CP008966,C01626,New Customer Welcome,Push,2025-06-24,0,6.9
CP008967,C04863,Electronics Week,Email,2025-08-04,0,5.24
CP008968,C04307,VIP Exclusive,WhatsApp,2025-11-29,0,2.88
CP008969,C03963,New Customer Welcome,SMS,2025-05-02,1,0.78
CP008970,C03793,New Customer Welcome,Push,2025-09-13,0,2.02
CP008971,C03986,Fashion Days,SMS,2025-06-02,0,0.94
CP008972,C04590,Electronics Week,Push,2025-11-14,1,0.57
CP008973,C02356,Festive Sale,Email,2025-02-13,0,3.19
CP008974,C02028,VIP Exclusive,Email,2025-05-13,0,2.19
CP008975,C01901,Win Back,Push,2025-10-18,0,6.34
CP008976,C04876,Electronics Week,SMS,2025-05-29,0,5.4
CP008977,C03433,Summer Savings,Email,2025-02-10,0,0.79
CP008978,C02567,Festive Sale,SMS,2025-01-16,0,3.01
CP008979,C01080,Festive Sale,SMS,2025-10-09,0,3.56
CP008980,C03700,Electronics Week,WhatsApp,2025-08-03,0,3.35
CP008981,C01786,Win Back,Push,2025-10-03,0,2.83
CP008982,C02733,New Customer Welcome,Email,2025-08-20,0,1.73
CP008983,C00673,New Customer Welcome,Push,2025-07-27,0,7.12
CP008984,C01514,Summer Savings,Social,2025-09-29,0,2.76
CP008985,C00638,New Customer Welcome,Social,2025-02-14,0,1.28
CP008986,C03931,Fashion Days,Email,2025-11-04,1,1.77
CP008987,C02439,Win Back,WhatsApp,2025-04-09,0,5.41
CP008988,C04488,Win Back,Email,2025-07-10,0,1.9
CP008989,C03333,Electronics Week,Email,2025-01-14,0,2.35
CP008990,C04514,VIP Exclusive,WhatsApp,2025-12-12,1,1.29
CP008991,C03013,Festive Sale,Email,2025-06-27,0,2.71
CP008992,C03176,Summer Savings,Email,2025-11-24,0,1.82
CP008993,C04090,Fashion Days,Email,2025-10-11,0,7.16
CP008994,C04270,Electronics Week,WhatsApp,2025-05-11,1,5.66
CP008995,C01578,Win Back,Push,2025-11-06,0,5.87
CP008996,C04846,Win Back,Social,2025-11-10,0,4.01
CP008997,C00211,Summer Savings,Email,2025-03-24,1,1.95
CP008998,C02898,Electronics Week,Email,2025-06-08,0,1.87
CP008999,C02617,Electronics Week,Email,2025-09-09,0,5.37
CP009000,C01583,VIP Exclusive,Push,2025-06-11,0,3.43
CP009001,C03032,Win Back,WhatsApp,2025-05-28,0,1.35
CP009002,C00469,Summer Savings,Email,2025-04-06,0,5.06
CP009003,C04807,Festive Sale,WhatsApp,2025-06-10,1,4.55
CP009004,C00502,New Customer Welcome,WhatsApp,2025-08-25,0,6.41
CP009005,C02968,Fashion Days,Email,2025-10-17,1,6.5
CP009006,C03293,Electronics Week,WhatsApp,2025-09-22,0,5.51
CP009007,C04366,Win Back,Push,2025-12-11,0,5.88
CP009008,C03981,Electronics Week,Push,2025-09-09,0,6.47
CP009009,C03138,Electronics Week,SMS,2025-08-03,0,6.71
CP009010,C00526,Festive Sale,Email,2025-05-21,0,6.57
CP009011,C03835,New Customer Welcome,Push,2025-08-01,0,4.5
CP009012,C02255,Summer Savings,Email,2025-11-21,0,6.78
CP009013,C01660,Summer Savings,WhatsApp,2025-11-16,0,2.02
CP009014,C00355,Festive Sale,Push,2025-02-04,0,1.84
CP009015,C01617,Fashion Days,Email,2025-07-28,0,5.51
CP009016,C01125,Festive Sale,Push,2025-05-12,0,1.14
CP009017,C03137,Festive Sale,Email,2025-05-12,1,4.18
CP009018,C00185,Festive Sale,Email,2025-05-03,0,6.67
CP009019,C00801,New Customer Welcome,Email,2025-04-17,0,2.48
CP009020,C04224,Summer Savings,Email,2025-06-06,0,2.88
CP009021,C03686,Summer Savings,Push,2025-11-05,0,1.71
CP009022,C00470,Win Back,Email,2025-03-14,1,2.73
CP009023,C00329,Fashion Days,WhatsApp,2025-06-29,0,1.75
CP009024,C03360,Summer Savings,Email,2025-08-15,1,4.28
CP009025,C03494,Electronics Week,WhatsApp,2025-11-21,0,2.98
CP009026,C01245,Electronics Week,SMS,2025-06-15,0,0.9
CP009027,C01822,New Customer Welcome,Email,2025-05-06,0,1.56
CP009028,C02238,Summer Savings,Push,2025-04-29,1,6.81
CP009029,C00579,Win Back,Email,2025-01-13,1,3.89
CP009030,C01346,New Customer Welcome,SMS,2025-05-08,0,4.29
CP009031,C03773,Electronics Week,SMS,2025-05-24,0,6.19
CP009032,C04842,VIP Exclusive,Push,2025-08-24,0,1.19
CP009033,C00379,New Customer Welcome,SMS,2025-01-31,1,4.84
CP009034,C02778,Festive Sale,Email,2025-11-10,0,3.84
CP009035,C02890,New Customer Welcome,Email,2025-09-30,1,4.67
CP009036,C02671,New Customer Welcome,Push,2025-05-06,0,1.05
CP009037,C04803,VIP Exclusive,SMS,2025-06-13,0,0.81
CP009038,C01017,Electronics Week,SMS,2025-01-15,0,4.37
CP009039,C01806,Electronics Week,Email,2025-10-10,0,7.26
CP009040,C04995,Festive Sale,Social,2025-05-24,0,7.42
CP009041,C01283,New Customer Welcome,SMS,2025-04-20,0,3.9
CP009042,C03647,VIP Exclusive,Social,2025-02-25,0,6.13
CP009043,C01124,VIP Exclusive,WhatsApp,2025-11-06,0,1.36
CP009044,C00977,Fashion Days,SMS,2025-01-27,0,2.81
CP009045,C04825,New Customer Welcome,Email,2025-05-19,0,1.79
CP009046,C02011,VIP Exclusive,Email,2025-06-17,0,2.13
CP009047,C01171,Festive Sale,Email,2025-02-03,0,2.07
CP009048,C04141,Win Back,WhatsApp,2025-09-18,0,2.1
CP009049,C02915,Electronics Week,Push,2025-02-27,0,1.18
CP009050,C02321,Electronics Week,SMS,2025-04-20,0,1.54
CP009051,C02981,Summer Savings,Push,2025-04-25,0,4.16
CP009052,C03950,Win Back,Social,2025-12-15,0,2.77
CP009053,C04440,Festive Sale,Email,2025-08-18,1,3.75
CP009054,C01116,Electronics Week,SMS,2025-11-25,0,1.48
CP009055,C01801,Win Back,Push,2025-06-09,0,1.38
CP009056,C03960,Electronics Week,SMS,2025-06-12,0,1.73
CP009057,C02835,Fashion Days,WhatsApp,2025-04-30,1,0.73
CP009058,C03308,VIP Exclusive,Social,2025-03-24,0,3.86
CP009059,C04897,New Customer Welcome,WhatsApp,2025-10-27,1,5.71
CP009060,C03953,Fashion Days,Email,2025-09-30,1,4.23
CP009061,C00351,VIP Exclusive,SMS,2025-07-05,0,4.4
CP009062,C03115,Fashion Days,Push,2025-08-28,1,0.77
CP009063,C00820,New Customer Welcome,Social,2025-02-20,0,3.82
CP009064,C03622,Fashion Days,SMS,2025-07-22,0,2.04
CP009065,C04920,New Customer Welcome,Email,2025-10-23,0,2.38
CP009066,C04411,Fashion Days,Email,2025-03-10,1,4.65
CP009067,C01203,VIP Exclusive,Push,2025-01-13,0,3.03
CP009068,C01503,Fashion Days,Push,2025-12-06,1,4.5
CP009069,C04672,Festive Sale,Social,2025-10-01,0,6.16
CP009070,C04906,Summer Savings,Push,2025-02-28,0,0.93
CP009071,C03900,Festive Sale,Email,2025-06-27,0,0.99
CP009072,C02218,VIP Exclusive,Email,2025-11-26,0,4.63
CP009073,C03584,New Customer Welcome,Email,2025-07-03,0,5.78
CP009074,C03806,Festive Sale,Push,2025-07-29,0,1.07
CP009075,C04880,Electronics Week,Social,2025-07-24,1,6.26
CP009076,C04308,Win Back,Email,2025-08-28,1,1.29
CP009077,C02097,Win Back,SMS,2025-09-25,1,5.24
CP009078,C03843,Summer Savings,Email,2025-05-01,1,3.75
CP009079,C01327,Electronics Week,Push,2025-08-15,1,7.95
CP009080,C04420,Electronics Week,Social,2025-11-29,0,3.98
CP009081,C03557,Electronics Week,WhatsApp,2025-01-02,1,2.26
CP009082,C01370,Win Back,Email,2025-04-20,0,7.14
CP009083,C03808,Festive Sale,Email,2025-10-08,1,6.47
CP009084,C02533,VIP Exclusive,Push,2025-07-06,1,6.43
CP009085,C04290,Festive Sale,Push,2025-06-27,1,2.51
CP009086,C01517,Win Back,Email,2025-04-30,0,1.52
CP009087,C01547,VIP Exclusive,Email,2025-07-30,0,1.55
CP009088,C00582,Summer Savings,Push,2025-11-16,0,3.53
CP009089,C00551,VIP Exclusive,Email,2025-04-02,0,0.6
CP009090,C01521,VIP Exclusive,WhatsApp,2025-07-08,0,2.47
CP009091,C04172,New Customer Welcome,WhatsApp,2025-02-16,0,5.47
CP009092,C00214,Electronics Week,Push,2025-02-12,0,3.77
CP009093,C04882,Electronics Week,Email,2025-01-04,0,4.3
CP009094,C03525,Fashion Days,Email,2025-03-08,0,4.37
CP009095,C04067,New Customer Welcome,Email,2025-12-14,0,6.97
CP009096,C00210,New Customer Welcome,Social,2025-01-18,0,6.03
CP009097,C01211,Fashion Days,Email,2025-10-01,0,7.61
CP009098,C04669,New Customer Welcome,Push,2025-02-23,0,1.49
CP009099,C04861,Festive Sale,Push,2025-05-10,1,0.87
CP009100,C02433,Festive Sale,Social,2025-07-16,0,1.72
CP009101,C00178,Win Back,WhatsApp,2025-10-30,0,5.61
CP009102,C03190,Electronics Week,Push,2025-05-15,0,1.41
CP009103,C00721,Summer Savings,Push,2025-11-02,0,0.81
CP009104,C04694,Fashion Days,Push,2025-10-31,0,5.81
CP009105,C04185,Electronics Week,Email,2025-10-28,0,7.61
CP009106,C04752,New Customer Welcome,Push,2025-05-28,0,2.96
CP009107,C00063,New Customer Welcome,Email,2025-04-30,0,7.83
CP009108,C03035,Win Back,Push,2025-10-22,0,1.7
CP009109,C02536,Festive Sale,Push,2025-07-10,1,4.75
CP009110,C01907,VIP Exclusive,Social,2025-01-29,0,7.57
CP009111,C00663,Electronics Week,SMS,2025-05-17,1,3.87
CP009112,C00034,Electronics Week,WhatsApp,2025-04-26,0,6.73
CP009113,C04116,Fashion Days,Push,2025-07-31,0,7.73
CP009114,C01830,VIP Exclusive,Email,2025-01-21,0,0.84
CP009115,C01639,Summer Savings,Social,2025-03-10,1,7.55
CP009116,C04397,Electronics Week,Email,2025-08-07,0,3.13
CP009117,C03558,New Customer Welcome,WhatsApp,2025-09-26,0,4.84
CP009118,C03086,Festive Sale,SMS,2025-08-23,0,5.75
CP009119,C04186,Summer Savings,WhatsApp,2025-11-20,1,7.7
CP009120,C02311,New Customer Welcome,SMS,2025-05-05,0,5.55
CP009121,C00232,VIP Exclusive,SMS,2025-08-07,0,3.43
CP009122,C00522,New Customer Welcome,SMS,2025-04-27,0,7.99
CP009123,C00692,Fashion Days,Push,2025-06-28,0,6.42
CP009124,C01815,VIP Exclusive,SMS,2025-08-06,0,2.11
CP009125,C04849,Fashion Days,Push,2025-05-30,0,4.11
CP009126,C01201,VIP Exclusive,Push,2025-10-29,0,2.1
CP009127,C00403,Festive Sale,Email,2025-10-28,0,7.72
CP009128,C03106,Electronics Week,Social,2025-10-11,0,2.29
CP009129,C01014,Fashion Days,Push,2025-11-19,0,6.31
CP009130,C01263,New Customer Welcome,Email,2025-04-19,0,1.9
CP009131,C01716,Fashion Days,Social,2025-10-27,0,2.99
CP009132,C03485,Electronics Week,SMS,2025-06-03,0,2.5
CP009133,C03109,New Customer Welcome,WhatsApp,2025-09-12,0,6.95
CP009134,C00428,Fashion Days,Social,2025-08-11,1,5.15
CP009135,C03586,Electronics Week,Push,2025-05-08,1,3.79
CP009136,C04606,Summer Savings,SMS,2025-04-26,0,3.9
CP009137,C01593,Win Back,Push,2025-04-13,0,5.45
CP009138,C04209,Win Back,Push,2025-10-06,0,3.88
CP009139,C03935,VIP Exclusive,Email,2025-02-21,1,2.1
CP009140,C03376,Electronics Week,WhatsApp,2025-05-05,0,3.6
CP009141,C01559,Fashion Days,Email,2025-02-15,0,2.35
CP009142,C01664,Festive Sale,Push,2025-02-03,0,6.42
CP009143,C00530,Win Back,Push,2025-07-03,0,5.67
CP009144,C04502,Win Back,Email,2025-04-25,0,7.26
CP009145,C02538,Win Back,Push,2025-03-15,0,3.54
CP009146,C04415,New Customer Welcome,Push,2025-11-11,1,1.35
CP009147,C00606,New Customer Welcome,Email,2025-11-29,0,3.52
CP009148,C03913,Festive Sale,Social,2025-04-25,0,6.68
CP009149,C04081,Festive Sale,Social,2025-08-23,0,4.22
CP009150,C02912,VIP Exclusive,Push,2025-05-07,0,7.58
CP009151,C02108,Win Back,Email,2025-01-07,0,1.24
CP009152,C02410,Fashion Days,Push,2025-11-02,0,3.74
CP009153,C02290,Electronics Week,Push,2025-10-13,0,3.68
CP009154,C00587,Summer Savings,SMS,2025-04-18,0,4.52
CP009155,C03296,Electronics Week,Social,2025-05-26,1,5.14
CP009156,C01067,Win Back,Email,2025-07-20,0,7.61
CP009157,C02351,Fashion Days,Push,2025-04-07,1,3.34
CP009158,C02079,New Customer Welcome,SMS,2025-02-11,1,1.75
CP009159,C00039,Summer Savings,SMS,2025-10-17,0,1.53
CP009160,C03134,New Customer Welcome,WhatsApp,2025-04-11,0,6.08
CP009161,C00427,Festive Sale,Social,2025-06-29,0,5.06
CP009162,C00366,Fashion Days,Social,2025-05-13,1,1.97
CP009163,C00673,Summer Savings,Email,2025-09-08,0,5.64
CP009164,C04173,VIP Exclusive,SMS,2025-04-12,0,3.05
CP009165,C01097,VIP Exclusive,SMS,2025-06-17,0,6.69
CP009166,C00300,New Customer Welcome,Social,2025-09-23,0,5.37
CP009167,C02888,VIP Exclusive,Social,2025-03-04,0,6.85
CP009168,C03947,Fashion Days,Email,2025-06-28,0,1.13
CP009169,C01075,Festive Sale,Social,2025-04-03,0,4.07
CP009170,C02828,VIP Exclusive,Social,2025-01-16,0,2.03
CP009171,C04238,Summer Savings,Email,2025-01-14,0,1.85
CP009172,C00057,Electronics Week,WhatsApp,2025-03-06,0,5.95
CP009173,C04717,Summer Savings,SMS,2025-07-12,1,1.17
CP009174,C01520,VIP Exclusive,Push,2025-04-22,0,7.53
CP009175,C04252,Electronics Week,Email,2025-03-18,0,3.2
CP009176,C04414,New Customer Welcome,Email,2025-10-07,0,6.24
CP009177,C03846,Festive Sale,Push,2025-08-10,0,4.88
CP009178,C01743,New Customer Welcome,SMS,2025-06-24,0,7.1
CP009179,C01824,Festive Sale,Email,2025-04-15,1,4.95
CP009180,C03389,New Customer Welcome,Email,2025-10-03,1,5.11
CP009181,C03889,Fashion Days,Email,2025-10-22,0,1.93
CP009182,C03185,Festive Sale,WhatsApp,2025-02-18,1,5.77
CP009183,C00612,Festive Sale,SMS,2025-11-23,0,7.29
CP009184,C02227,Electronics Week,WhatsApp,2025-11-28,0,7.75
CP009185,C01144,Win Back,WhatsApp,2025-12-07,0,2.89
CP009186,C00618,Electronics Week,Push,2025-06-22,0,7.38
CP009187,C01200,New Customer Welcome,SMS,2025-08-03,0,6.95
CP009188,C02470,Win Back,Push,2025-06-18,1,7.47
CP009189,C02165,Electronics Week,Email,2025-02-07,1,6.74
CP009190,C01719,VIP Exclusive,SMS,2025-03-11,0,6.42
CP009191,C03537,VIP Exclusive,WhatsApp,2025-10-13,0,1.61
CP009192,C00250,New Customer Welcome,WhatsApp,2025-08-21,0,7.43
CP009193,C03497,VIP Exclusive,WhatsApp,2025-10-27,0,6.1
CP009194,C04406,VIP Exclusive,Push,2025-10-05,0,6.5
CP009195,C02018,Summer Savings,WhatsApp,2025-04-12,1,7.88
CP009196,C02898,Summer Savings,Email,2025-08-11,0,6.21
CP009197,C03387,Electronics Week,Social,2025-03-30,1,3.06
CP009198,C01408,Festive Sale,Social,2025-08-22,1,6.97
CP009199,C03301,Festive Sale,SMS,2025-10-04,0,5.09
CP009200,C04772,VIP Exclusive,SMS,2025-06-28,0,2.0
CP009201,C04221,VIP Exclusive,Push,2025-03-29,0,5.19
CP009202,C04378,New Customer Welcome,SMS,2025-04-26,1,0.99
CP009203,C02434,Festive Sale,Push,2025-09-09,0,4.96
CP009204,C01435,Electronics Week,Email,2025-02-04,0,2.45
CP009205,C03329,Festive Sale,WhatsApp,2025-11-18,0,3.9
CP009206,C02123,Festive Sale,Push,2025-01-09,0,6.72
CP009207,C03303,VIP Exclusive,WhatsApp,2025-11-17,0,4.94
CP009208,C01113,Fashion Days,SMS,2025-11-16,1,5.28
CP009209,C00060,Festive Sale,SMS,2025-10-09,0,1.48
CP009210,C01778,Summer Savings,WhatsApp,2025-04-21,0,7.97
CP009211,C00606,Fashion Days,Email,2025-02-04,0,3.67
CP009212,C00412,Electronics Week,Email,2025-04-24,1,7.52
CP009213,C02481,Electronics Week,Email,2025-06-21,0,4.29
CP009214,C00095,Festive Sale,SMS,2025-04-12,0,7.84
CP009215,C04837,New Customer Welcome,WhatsApp,2025-06-18,0,5.05
CP009216,C04953,VIP Exclusive,WhatsApp,2025-07-01,0,2.84
CP009217,C02964,VIP Exclusive,WhatsApp,2025-05-29,0,4.1
CP009218,C02798,Win Back,Push,2025-04-28,1,1.47
CP009219,C03860,Festive Sale,SMS,2025-12-03,0,7.36
CP009220,C00904,VIP Exclusive,WhatsApp,2025-01-16,0,3.0
CP009221,C04140,Electronics Week,Email,2025-06-06,0,2.28
CP009222,C01500,Electronics Week,SMS,2025-03-01,1,6.6
CP009223,C04890,New Customer Welcome,Email,2025-03-09,0,5.72
CP009224,C03396,Festive Sale,SMS,2025-12-07,0,4.2
CP009225,C01539,Electronics Week,SMS,2025-09-05,0,0.66
CP009226,C04950,VIP Exclusive,WhatsApp,2025-12-11,1,1.47
CP009227,C01889,VIP Exclusive,SMS,2025-03-09,1,2.08
CP009228,C01924,Win Back,Email,2025-08-08,0,4.01
CP009229,C02322,Festive Sale,Push,2025-05-08,0,2.17
CP009230,C03547,New Customer Welcome,WhatsApp,2025-07-08,1,4.24
CP009231,C04453,Fashion Days,Social,2025-08-14,0,3.83
CP009232,C00178,New Customer Welcome,WhatsApp,2025-04-02,1,2.7
CP009233,C04093,New Customer Welcome,Email,2025-01-21,0,5.32
CP009234,C02357,Festive Sale,WhatsApp,2025-01-10,0,6.21
CP009235,C04100,Electronics Week,Email,2025-05-15,0,3.66
CP009236,C04928,Fashion Days,WhatsApp,2025-01-29,0,2.96
CP009237,C04727,New Customer Welcome,Email,2025-06-28,1,4.48
CP009238,C01953,VIP Exclusive,Push,2025-04-21,0,0.77
CP009239,C02243,Win Back,WhatsApp,2025-10-14,1,7.41
CP009240,C03358,New Customer Welcome,WhatsApp,2025-04-23,0,5.09
CP009241,C01360,Win Back,WhatsApp,2025-03-01,0,0.72
CP009242,C03683,VIP Exclusive,Push,2025-05-15,0,4.57
CP009243,C03376,Electronics Week,Push,2025-03-27,0,2.19
CP009244,C04639,New Customer Welcome,Social,2025-05-29,0,5.32
CP009245,C04263,New Customer Welcome,Push,2025-04-12,0,4.47
CP009246,C04593,Fashion Days,SMS,2025-01-07,0,2.21
CP009247,C00802,VIP Exclusive,Email,2025-04-10,0,5.43
CP009248,C00239,Electronics Week,SMS,2025-01-15,0,7.42
CP009249,C01167,Electronics Week,Email,2025-05-09,0,4.34
CP009250,C00368,Festive Sale,Email,2025-09-23,0,5.26
CP009251,C02321,Fashion Days,Social,2025-11-04,1,6.16
CP009252,C01491,Summer Savings,Email,2025-11-13,0,3.03
CP009253,C03130,Festive Sale,Social,2025-06-03,0,6.9
CP009254,C02074,Win Back,SMS,2025-06-22,1,0.97
CP009255,C04424,Fashion Days,Email,2025-05-18,0,4.13
CP009256,C04267,Festive Sale,Email,2025-06-13,0,7.92
CP009257,C02191,Win Back,Push,2025-06-22,0,3.76
CP009258,C00079,Win Back,Social,2025-03-12,0,5.45
CP009259,C03044,VIP Exclusive,WhatsApp,2025-06-03,0,5.1
CP009260,C03837,Festive Sale,WhatsApp,2025-02-26,0,4.23
CP009261,C04902,Fashion Days,WhatsApp,2025-02-10,1,7.09
CP009262,C02064,VIP Exclusive,Push,2025-01-10,0,7.72
CP009263,C01484,Fashion Days,WhatsApp,2025-10-02,0,5.19
CP009264,C02823,VIP Exclusive,WhatsApp,2025-02-27,0,0.9
CP009265,C03540,Fashion Days,Email,2025-01-12,0,4.81
CP009266,C03047,New Customer Welcome,WhatsApp,2025-02-19,1,5.33
CP009267,C03838,Electronics Week,Push,2025-11-28,0,2.15
CP009268,C03846,New Customer Welcome,WhatsApp,2025-07-14,1,7.09
CP009269,C04042,New Customer Welcome,Email,2025-05-04,0,2.4
CP009270,C04591,Summer Savings,Email,2025-09-16,0,5.07
CP009271,C00626,Win Back,WhatsApp,2025-04-04,0,3.19
CP009272,C04566,New Customer Welcome,WhatsApp,2025-06-20,0,6.05
CP009273,C03621,Win Back,Push,2025-07-18,0,3.65
CP009274,C04377,Electronics Week,Push,2025-04-26,0,3.45
CP009275,C00701,Electronics Week,Push,2025-10-25,0,7.05
CP009276,C00585,New Customer Welcome,SMS,2025-05-22,0,3.28
CP009277,C02389,Electronics Week,Social,2025-03-21,1,4.41
CP009278,C01577,Electronics Week,WhatsApp,2025-06-01,0,3.34
CP009279,C03696,Fashion Days,Push,2025-07-21,1,2.74
CP009280,C01666,Electronics Week,Email,2025-08-29,1,0.97
CP009281,C04559,VIP Exclusive,WhatsApp,2025-11-20,0,2.84
CP009282,C01928,Festive Sale,Social,2025-06-24,0,4.33
CP009283,C03031,Win Back,SMS,2025-11-07,0,3.57
CP009284,C04694,Electronics Week,Email,2025-04-09,0,0.67
CP009285,C00286,Electronics Week,Push,2025-07-12,0,1.5
CP009286,C00764,Win Back,Email,2025-04-18,0,2.56
CP009287,C02375,New Customer Welcome,WhatsApp,2025-02-08,0,2.0
CP009288,C00166,VIP Exclusive,Push,2025-04-24,0,5.52
CP009289,C04016,New Customer Welcome,Email,2025-01-22,0,7.21
CP009290,C01280,Festive Sale,SMS,2025-06-20,0,4.99
CP009291,C02032,Festive Sale,Email,2025-04-02,1,1.28
CP009292,C00786,Festive Sale,WhatsApp,2025-09-26,0,1.48
CP009293,C01388,Summer Savings,Push,2025-07-23,1,1.67
CP009294,C02085,Festive Sale,WhatsApp,2025-10-25,1,5.88
CP009295,C03662,Win Back,SMS,2025-05-14,1,1.92
CP009296,C04668,VIP Exclusive,Email,2025-06-24,0,7.62
CP009297,C03060,VIP Exclusive,Social,2025-06-16,0,4.01
CP009298,C02424,Electronics Week,Email,2025-09-11,1,2.71
CP009299,C01107,Fashion Days,WhatsApp,2025-08-27,0,2.88
CP009300,C01815,Electronics Week,Push,2025-10-31,0,7.28
CP009301,C04150,Electronics Week,WhatsApp,2025-02-23,0,0.84
CP009302,C01786,New Customer Welcome,SMS,2025-07-28,1,5.67
CP009303,C00033,Summer Savings,Push,2025-03-31,0,4.22
CP009304,C00370,New Customer Welcome,WhatsApp,2025-03-15,0,1.91
CP009305,C02208,Festive Sale,Social,2025-04-05,0,4.24
CP009306,C04900,Summer Savings,WhatsApp,2025-03-01,0,1.22
CP009307,C04000,Festive Sale,Email,2025-08-14,0,5.5
CP009308,C02712,Festive Sale,Email,2025-06-27,1,3.62
CP009309,C02804,New Customer Welcome,Email,2025-06-02,0,2.51
CP009310,C04057,VIP Exclusive,SMS,2025-10-10,1,6.08
CP009311,C02706,Fashion Days,Email,2025-11-22,1,5.28
CP009312,C00716,Summer Savings,WhatsApp,2025-02-20,0,2.72
CP009313,C01324,Fashion Days,Email,2025-02-01,0,5.72
CP009314,C00692,Fashion Days,Social,2025-06-18,0,2.11
CP009315,C02505,Win Back,SMS,2025-10-01,1,7.95
CP009316,C04916,Win Back,SMS,2025-05-09,0,2.08
CP009317,C03258,VIP Exclusive,Social,2025-03-22,0,6.77
CP009318,C00144,Fashion Days,Push,2025-04-28,1,6.14
CP009319,C03021,New Customer Welcome,Email,2025-02-28,1,2.94
CP009320,C04388,Win Back,Push,2025-07-11,0,2.88
CP009321,C04297,Electronics Week,Push,2025-10-13,0,7.7
CP009322,C02696,Festive Sale,WhatsApp,2025-08-21,0,1.97
CP009323,C02395,Festive Sale,SMS,2025-08-23,0,3.99
CP009324,C04883,New Customer Welcome,WhatsApp,2025-02-25,0,3.97
CP009325,C00686,Summer Savings,Push,2025-09-23,0,7.49
CP009326,C02594,Electronics Week,Email,2025-02-12,0,4.82
CP009327,C00375,Summer Savings,Email,2025-09-21,0,1.72
CP009328,C01983,VIP Exclusive,Push,2025-04-27,0,3.33
CP009329,C04065,Win Back,Push,2025-02-02,0,0.88
CP009330,C03812,Electronics Week,Social,2025-08-04,1,1.76
CP009331,C04639,Win Back,Social,2025-03-31,0,6.1
CP009332,C00586,VIP Exclusive,WhatsApp,2025-04-02,1,3.5
CP009333,C03611,VIP Exclusive,WhatsApp,2025-05-12,1,6.56
CP009334,C00872,Win Back,WhatsApp,2025-06-27,1,6.67
CP009335,C02481,Summer Savings,Push,2025-10-06,0,2.54
CP009336,C03374,VIP Exclusive,SMS,2025-07-19,1,6.61
CP009337,C02721,Festive Sale,SMS,2025-04-09,1,4.72
CP009338,C04501,New Customer Welcome,Push,2025-12-06,1,3.01
CP009339,C03092,Summer Savings,Push,2025-05-24,0,1.97
CP009340,C04336,Festive Sale,Push,2025-03-26,0,2.99
CP009341,C00913,New Customer Welcome,Push,2025-06-24,0,7.78
CP009342,C01167,Fashion Days,Email,2025-08-15,1,4.32
CP009343,C02976,Festive Sale,Push,2025-06-22,0,5.05
CP009344,C02651,Festive Sale,Email,2025-03-10,1,5.49
CP009345,C04462,Fashion Days,SMS,2025-04-27,0,1.21
CP009346,C00152,Festive Sale,Social,2025-07-20,0,7.58
CP009347,C00331,Summer Savings,WhatsApp,2025-01-08,0,0.87
CP009348,C01845,Electronics Week,WhatsApp,2025-05-06,1,3.21
CP009349,C00791,Festive Sale,Push,2025-04-23,1,6.67
CP009350,C03330,Win Back,Email,2025-08-21,0,3.01
CP009351,C04433,Festive Sale,WhatsApp,2025-08-16,1,3.17
CP009352,C01742,VIP Exclusive,Push,2025-08-23,1,0.98
CP009353,C03291,New Customer Welcome,WhatsApp,2025-05-01,0,1.96
CP009354,C04717,Electronics Week,Social,2025-11-07,0,5.43
CP009355,C02236,Fashion Days,SMS,2025-03-22,0,0.86
CP009356,C02468,VIP Exclusive,Social,2025-04-15,0,5.07
CP009357,C04282,VIP Exclusive,Push,2025-11-11,0,0.8
CP009358,C00940,Fashion Days,WhatsApp,2025-04-18,1,5.5
CP009359,C02398,New Customer Welcome,WhatsApp,2025-08-19,0,7.86
CP009360,C03530,Summer Savings,WhatsApp,2025-02-25,0,4.87
CP009361,C00816,Fashion Days,Email,2025-08-02,0,5.77
CP009362,C01408,Electronics Week,Push,2025-11-18,1,4.92
CP009363,C03557,New Customer Welcome,Email,2025-07-29,0,7.15
CP009364,C00240,Win Back,Push,2025-03-18,0,5.49
CP009365,C04255,Fashion Days,WhatsApp,2025-05-18,0,4.63
CP009366,C03269,Fashion Days,Email,2025-07-21,0,3.19
CP009367,C01173,Festive Sale,WhatsApp,2025-08-08,1,5.43
CP009368,C01150,Summer Savings,WhatsApp,2025-08-04,0,6.91
CP009369,C04158,Summer Savings,Social,2025-06-20,1,1.86
CP009370,C00956,Win Back,WhatsApp,2025-04-17,0,4.11
CP009371,C04137,Fashion Days,Social,2025-05-17,0,4.36
CP009372,C03526,Summer Savings,Social,2025-07-11,0,4.09
CP009373,C01330,Win Back,SMS,2025-08-21,1,5.92
CP009374,C02353,Electronics Week,Push,2025-06-02,0,6.06
CP009375,C01349,Electronics Week,Social,2025-01-30,1,5.08
CP009376,C04315,Festive Sale,SMS,2025-11-26,0,2.59
CP009377,C03873,Summer Savings,Email,2025-07-07,0,2.75
CP009378,C03859,Win Back,WhatsApp,2025-01-26,0,5.59
CP009379,C01601,Festive Sale,Push,2025-09-21,0,1.03
CP009380,C01447,Summer Savings,WhatsApp,2025-05-26,0,3.52
CP009381,C01337,New Customer Welcome,Push,2025-01-26,1,2.96
CP009382,C05000,Festive Sale,WhatsApp,2025-06-11,0,5.18
CP009383,C03033,Fashion Days,,2025-09-21,0,5.62
CP009384,C04019,Win Back,SMS,2025-06-11,0,6.56
CP009385,C02910,Win Back,Push,2025-07-02,0,4.47
CP009386,C00011,Festive Sale,Email,2025-11-23,0,2.59
CP009387,C04862,New Customer Welcome,SMS,2025-02-14,0,7.1
CP009388,C03433,Win Back,Push,2025-08-25,0,6.59
CP009389,C02445,Win Back,Email,2025-02-11,0,5.91
CP009390,C04576,Win Back,Email,2025-09-16,0,4.64
CP009391,C02241,Fashion Days,Push,2025-07-18,1,3.67
CP009392,C02180,Electronics Week,Email,2025-07-05,0,4.49
CP009393,C02813,Win Back,SMS,2025-12-02,1,7.78
CP009394,C03609,Summer Savings,SMS,2025-11-06,0,3.73
CP009395,C03865,New Customer Welcome,Email,2025-01-06,1,4.36
CP009396,C04467,Summer Savings,Email,2025-10-02,0,7.7
CP009397,C03807,VIP Exclusive,Email,2025-08-26,0,6.54
CP009398,C01831,Electronics Week,Social,2025-08-22,0,1.43
CP009399,C04711,Festive Sale,Push,2025-08-07,0,1.37
CP009400,C01692,Electronics Week,Social,2025-02-07,0,2.57
CP009401,C03850,Festive Sale,Social,2025-10-19,0,5.09
CP009402,C00038,New Customer Welcome,Email,2025-09-07,0,2.38
CP009403,C04801,Fashion Days,Push,2025-02-23,1,6.73
CP009404,C04364,VIP Exclusive,SMS,2025-08-07,0,7.05
CP009405,C01225,Electronics Week,WhatsApp,2025-07-14,1,5.56
CP009406,C02330,Festive Sale,SMS,2025-11-11,0,7.27
CP009407,C02965,Fashion Days,Email,2025-09-29,0,7.18
CP009408,C03844,VIP Exclusive,WhatsApp,2025-02-26,0,3.12
CP009409,C01151,Fashion Days,WhatsApp,2025-06-19,0,0.62
CP009410,C00577,Electronics Week,WhatsApp,2025-02-22,0,5.81
CP009411,C01258,Summer Savings,WhatsApp,2025-12-09,0,6.44
CP009412,C01201,Fashion Days,Email,2025-09-29,1,5.9
CP009413,C00221,New Customer Welcome,Email,2025-03-29,0,1.59
CP009414,C01747,Win Back,WhatsApp,2025-08-25,0,4.75
CP009415,C00429,VIP Exclusive,WhatsApp,2025-08-05,0,1.82
CP009416,C04126,Win Back,Social,2025-10-03,0,4.84
CP009417,C01006,Win Back,Push,2025-08-23,0,2.82
CP009418,C03389,Festive Sale,Push,2025-06-04,0,6.11
CP009419,C02005,Fashion Days,SMS,2025-12-13,0,2.35
CP009420,C04899,New Customer Welcome,WhatsApp,2025-04-15,1,3.73
CP009421,C02369,Electronics Week,WhatsApp,2025-08-15,0,6.68
CP009422,C00825,Fashion Days,Email,2025-05-23,0,1.65
CP009423,C04137,Electronics Week,WhatsApp,2025-06-01,1,3.61
CP009424,C02423,Electronics Week,WhatsApp,2025-01-02,0,3.19
CP009425,C02413,VIP Exclusive,Push,2025-02-16,0,0.92
CP009426,C03503,Win Back,SMS,2025-06-05,1,0.92
CP009427,C04653,New Customer Welcome,SMS,2025-12-05,1,5.24
CP009428,C03640,Win Back,Push,2025-09-30,0,2.58
CP009429,C02864,Summer Savings,Email,2025-03-02,1,2.51
CP009430,C02831,Summer Savings,WhatsApp,2025-09-01,0,2.53
CP009431,C00170,Win Back,WhatsApp,2025-06-06,0,2.14
CP009432,C04697,Fashion Days,WhatsApp,2025-09-30,0,3.24
CP009433,C02034,New Customer Welcome,Push,2025-11-04,0,6.54
CP009434,C03898,Summer Savings,WhatsApp,2025-09-06,1,3.45
CP009435,C02230,Win Back,WhatsApp,2025-10-09,0,3.47
CP009436,C03967,New Customer Welcome,Email,2025-05-11,0,0.82
CP009437,C02346,VIP Exclusive,SMS,2025-12-08,0,0.6
CP009438,C03326,Electronics Week,Email,2025-11-30,0,4.55
CP009439,C01130,Festive Sale,Email,2025-06-03,0,4.45
CP009440,C00023,Win Back,WhatsApp,2025-01-10,1,1.53
CP009441,C03008,New Customer Welcome,WhatsApp,2025-09-04,0,4.42
CP009442,C03582,Festive Sale,SMS,2025-05-02,0,0.65
CP009443,C04410,VIP Exclusive,WhatsApp,2025-03-14,0,3.85
CP009444,C00046,Win Back,WhatsApp,2025-02-14,1,3.94
CP009445,C02939,Electronics Week,SMS,2025-01-11,0,5.88
CP009446,C04431,Win Back,Social,2025-08-06,0,5.81
CP009447,C04256,Fashion Days,SMS,2025-06-03,0,7.94
CP009448,C03442,Summer Savings,WhatsApp,2025-05-31,0,6.19
CP009449,C01737,VIP Exclusive,Email,2025-09-14,0,6.02
CP009450,C02647,Fashion Days,Email,2025-08-15,0,4.62
CP009451,C03629,VIP Exclusive,Email,2025-11-26,0,1.83
CP009452,C01506,New Customer Welcome,SMS,2025-04-03,0,2.32
CP009453,C00574,New Customer Welcome,Email,2025-03-16,1,0.87
CP009454,C04566,Win Back,SMS,2025-08-06,0,5.92
CP009455,C03770,Fashion Days,Push,2025-04-01,1,2.48
CP009456,C03819,Win Back,Push,2025-07-04,0,3.79
CP009457,C01947,New Customer Welcome,WhatsApp,2025-02-27,0,5.18
CP009458,C01024,Summer Savings,Email,2025-07-23,1,2.72
CP009459,C03676,Electronics Week,WhatsApp,2025-03-29,0,6.73
CP009460,C03352,Electronics Week,WhatsApp,2025-03-27,0,7.55
CP009461,C04557,Electronics Week,SMS,2025-09-14,0,3.33
CP009462,C04473,VIP Exclusive,Email,2025-11-30,0,3.17
CP009463,C02046,Festive Sale,Email,2025-02-25,1,4.01
CP009464,C03997,Summer Savings,Push,2025-07-01,0,4.6
CP009465,C03679,Win Back,SMS,2025-07-04,0,3.23
CP009466,C04985,VIP Exclusive,Email,2025-09-05,1,5.16
CP009467,C00771,Electronics Week,Email,2025-01-02,0,4.11
CP009468,C03420,Summer Savings,Push,2025-09-27,1,5.83
CP009469,C00278,VIP Exclusive,Push,2025-02-01,0,4.02
CP009470,C01308,Win Back,Email,2025-03-03,0,6.22
CP009471,C04070,Festive Sale,Social,2025-03-19,0,1.96
CP009472,C00676,Fashion Days,Push,2025-06-17,0,2.66
CP009473,C03368,Fashion Days,WhatsApp,2025-05-17,0,4.93
CP009474,C02741,Festive Sale,Social,2025-11-02,1,2.17
CP009475,C01824,Festive Sale,Email,2025-05-30,1,3.31
CP009476,C02650,New Customer Welcome,WhatsApp,2025-03-01,0,6.64
CP009477,C03576,Fashion Days,Email,2025-02-05,0,6.87
CP009478,C03869,VIP Exclusive,Push,2025-06-23,1,0.82
CP009479,C01997,New Customer Welcome,Email,2025-07-23,0,4.95
CP009480,C03900,Summer Savings,Push,2025-03-31,1,5.58
CP009481,C02118,New Customer Welcome,Email,2025-11-16,0,4.02
CP009482,C04541,VIP Exclusive,Email,2025-05-24,0,5.22
CP009483,C00845,VIP Exclusive,Social,2025-10-07,0,6.81
CP009484,C04643,Fashion Days,Social,2025-09-25,0,0.52
CP009485,C01657,Win Back,Email,2025-02-05,0,4.13
CP009486,C01525,New Customer Welcome,Email,2025-06-13,0,6.97
CP009487,C03689,VIP Exclusive,SMS,2025-08-09,0,5.36
CP009488,C03463,Win Back,WhatsApp,2025-08-31,0,1.02
CP009489,C01263,New Customer Welcome,Social,2025-11-04,1,1.3
CP009490,C00254,Win Back,WhatsApp,2025-08-30,0,7.4
CP009491,C04821,New Customer Welcome,SMS,2025-10-21,1,3.53
CP009492,C04115,Electronics Week,WhatsApp,2025-11-20,0,7.14
CP009493,C01121,Win Back,Email,2025-05-13,0,4.68
CP009494,C02070,Summer Savings,WhatsApp,2025-11-07,0,4.11
CP009495,C01496,New Customer Welcome,SMS,2025-01-19,0,5.65
CP009496,C01552,Win Back,Email,2025-05-13,0,0.97
CP009497,C04754,New Customer Welcome,SMS,2025-11-16,0,5.43
CP009498,C01510,Fashion Days,Email,2025-08-01,0,7.65
CP009499,C02842,Festive Sale,Push,2025-10-16,1,5.13
CP009500,C04758,Fashion Days,Push,2025-11-22,0,6.77
CP009501,C02452,Electronics Week,Push,2025-04-13,1,0.61
CP009502,C02605,New Customer Welcome,Email,2025-10-21,0,7.31
CP009503,C03669,VIP Exclusive,Email,2025-01-06,0,2.86
CP009504,C04319,VIP Exclusive,SMS,2025-08-28,0,0.8
CP009505,C04259,VIP Exclusive,WhatsApp,2025-01-14,0,5.67
CP009506,C03088,Win Back,WhatsApp,2025-10-30,0,2.46
CP009507,C01912,VIP Exclusive,Push,2025-09-23,0,7.05
CP009508,C00034,Fashion Days,Email,2025-10-12,1,7.82
CP009509,C01965,VIP Exclusive,SMS,2025-01-20,1,4.89
CP009510,C01653,Summer Savings,Email,2025-08-14,0,5.67
CP009511,C01651,Fashion Days,WhatsApp,2025-01-29,1,0.54
CP009512,C03426,Win Back,WhatsApp,2025-07-04,0,6.19
CP009513,C00978,Fashion Days,Push,2025-10-22,0,1.01
CP009514,C00799,Festive Sale,WhatsApp,2025-07-12,0,0.79
CP009515,C04929,Summer Savings,Email,2025-11-23,0,1.97
CP009516,C02884,Win Back,Social,2025-04-29,0,3.47
CP009517,C04750,Win Back,Social,2025-01-04,1,6.76
CP009518,C04538,VIP Exclusive,WhatsApp,2025-04-29,0,6.59
CP009519,C02201,VIP Exclusive,SMS,2025-08-27,0,1.62
CP009520,C02661,Fashion Days,Social,2025-06-11,0,2.96
CP009521,C04414,Win Back,WhatsApp,2025-05-24,1,1.16
CP009522,C00369,Festive Sale,SMS,2025-07-12,0,6.39
CP009523,C04689,VIP Exclusive,SMS,2025-03-14,0,0.86
CP009524,C00395,Summer Savings,WhatsApp,2025-01-01,0,5.07
CP009525,C01961,Fashion Days,Email,2025-09-20,0,6.59
CP009526,C01559,VIP Exclusive,WhatsApp,2025-05-04,1,2.44
CP009527,C02793,VIP Exclusive,Email,2025-10-03,0,7.37
CP009528,C02005,New Customer Welcome,Push,2025-09-22,0,5.04
CP009529,C00894,Win Back,Push,2025-01-24,0,3.98
CP009530,C03297,Festive Sale,SMS,2025-03-21,0,6.64
CP009531,C00871,VIP Exclusive,Email,2025-06-15,0,5.48
CP009532,C01233,Summer Savings,Email,2025-03-18,0,6.89
CP009533,C01104,Fashion Days,WhatsApp,2025-03-28,1,6.4
CP009534,C01767,New Customer Welcome,WhatsApp,2025-04-19,0,0.99
CP009535,C01484,Summer Savings,Push,2025-02-09,1,7.11
CP009536,C00245,Summer Savings,Social,2025-08-14,0,1.24
CP009537,C02338,New Customer Welcome,WhatsApp,2025-05-03,0,6.47
CP009538,C00131,Electronics Week,WhatsApp,2025-05-09,0,2.26
CP009539,C00701,Festive Sale,SMS,2025-11-27,0,4.0
CP009540,C04432,New Customer Welcome,Email,2025-01-24,0,7.88
CP009541,C04477,Summer Savings,Email,2025-07-17,1,5.73
CP009542,C02653,New Customer Welcome,Social,2025-01-24,0,6.29
CP009543,C02527,Summer Savings,WhatsApp,2025-07-16,1,2.33
CP009544,C02931,Electronics Week,WhatsApp,2025-04-15,0,6.85
CP009545,C03027,Electronics Week,SMS,2025-07-09,0,1.34
CP009546,C00709,Festive Sale,Email,2025-11-28,0,3.19
CP009547,C03293,Fashion Days,Social,2025-08-02,0,5.15
CP009548,C03498,Fashion Days,SMS,2025-08-14,1,7.69
CP009549,C02917,New Customer Welcome,WhatsApp,2025-06-22,0,5.9
CP009550,C03894,Summer Savings,SMS,2025-08-21,1,6.64
CP009551,C04020,New Customer Welcome,Email,2025-04-29,1,3.17
CP009552,C01036,Summer Savings,Push,2025-01-12,0,3.62
CP009553,C04856,New Customer Welcome,Push,2025-03-03,0,4.27
CP009554,C03852,Summer Savings,Push,2025-04-22,0,0.86
CP009555,C04797,Win Back,Push,2025-03-12,0,5.59
CP009556,C04148,Electronics Week,WhatsApp,2025-04-20,0,4.75
CP009557,C00281,New Customer Welcome,WhatsApp,2025-10-24,0,1.07
CP009558,C04768,Fashion Days,Email,2025-07-01,0,5.46
CP009559,C00294,Fashion Days,SMS,2025-01-03,1,2.87
CP009560,C04927,VIP Exclusive,Push,2025-06-09,0,4.99
CP009561,C01708,Summer Savings,Email,2025-01-31,1,0.53
CP009562,C02774,New Customer Welcome,SMS,2025-05-25,0,0.94
CP009563,C02718,Fashion Days,Push,2025-08-13,0,1.16
CP009564,C04984,Summer Savings,Email,2025-05-31,0,6.54
CP009565,C01328,Fashion Days,Push,2025-12-05,0,2.4
CP009566,C01469,Win Back,Push,2025-07-04,0,2.93
CP009567,C02122,Festive Sale,SMS,2025-05-15,0,6.62
CP009568,C04233,Fashion Days,WhatsApp,2025-11-22,0,7.47
CP009569,C04535,Win Back,Email,2025-09-28,0,7.5
CP009570,C00246,Summer Savings,SMS,2025-07-09,1,6.38
CP009571,C03692,Summer Savings,Push,2025-11-12,0,2.15
CP009572,C03480,New Customer Welcome,Push,2025-11-26,0,5.53
CP009573,C03263,Fashion Days,Push,2025-11-16,0,5.96
CP009574,C03658,Electronics Week,WhatsApp,2025-04-25,0,6.06
CP009575,C00247,New Customer Welcome,,2025-03-01,0,3.28
CP009576,C00719,New Customer Welcome,Social,2025-05-18,0,3.8
CP009577,C04434,VIP Exclusive,Push,2025-05-27,0,5.24
CP009578,C04536,Electronics Week,Push,2025-11-17,0,7.97
CP009579,C00029,Fashion Days,Push,2025-01-12,0,4.61
CP009580,C03571,New Customer Welcome,Push,2025-03-16,0,0.96
CP009581,C00601,Festive Sale,WhatsApp,2025-06-18,0,3.41
CP009582,C04195,Summer Savings,Push,2025-01-28,0,7.06
CP009583,C01955,Festive Sale,SMS,2025-01-10,0,2.38
CP009584,C04595,Fashion Days,WhatsApp,2025-09-27,0,7.3
CP009585,C04572,Summer Savings,WhatsApp,2025-05-23,1,6.69
CP009586,C01113,Summer Savings,WhatsApp,2025-06-04,0,2.2
CP009587,C02549,Electronics Week,Email,2025-06-30,0,5.7
CP009588,C04247,Fashion Days,WhatsApp,2025-02-19,0,5.09
CP009589,C04862,Electronics Week,Push,2025-09-16,1,2.35
CP009590,C03984,VIP Exclusive,Push,2025-09-06,0,5.21
CP009591,C03315,Festive Sale,WhatsApp,2025-04-17,1,2.3
CP009592,C04150,Summer Savings,Push,2025-10-10,1,5.6
CP009593,C04011,Electronics Week,WhatsApp,2025-04-29,1,5.13
CP009594,C02112,Festive Sale,Social,2025-06-17,0,5.6
CP009595,C01936,Summer Savings,Push,2025-05-28,0,4.2
CP009596,C02322,New Customer Welcome,Social,2025-06-02,0,7.07
CP009597,C00546,Win Back,WhatsApp,2025-09-11,0,7.22
CP009598,C03969,Fashion Days,Email,2025-02-18,0,6.68
CP009599,C00556,Fashion Days,SMS,2025-11-15,0,3.26
CP009600,C03290,Electronics Week,Email,2025-09-04,0,6.05
CP009601,C04702,Summer Savings,Social,2025-01-13,0,3.79
CP009602,C02103,New Customer Welcome,SMS,2025-08-14,1,5.24
CP009603,C02283,New Customer Welcome,Email,2025-07-25,0,2.01
CP009604,C03907,Festive Sale,Push,2025-08-12,0,3.38
CP009605,C04800,VIP Exclusive,Email,2025-06-08,0,1.89
CP009606,C00514,New Customer Welcome,SMS,2025-10-24,1,5.82
CP009607,C04332,Fashion Days,Push,2025-11-20,0,6.38
CP009608,C03964,Summer Savings,Email,2025-04-15,0,2.58
CP009609,C04312,Electronics Week,SMS,2025-08-26,1,3.15
CP009610,C03124,Fashion Days,SMS,2025-07-19,0,4.41
CP009611,C03190,Summer Savings,SMS,2025-11-15,0,0.53
CP009612,C03697,Electronics Week,SMS,2025-02-08,0,0.91
CP009613,C02225,Fashion Days,SMS,2025-05-29,0,4.04
CP009614,C04087,Fashion Days,WhatsApp,2025-08-05,1,3.92
CP009615,C00488,VIP Exclusive,Email,2025-04-03,1,2.53
CP009616,C04862,Festive Sale,WhatsApp,2025-08-04,0,6.12
CP009617,C00416,Summer Savings,Email,2025-11-27,0,4.21
CP009618,C03789,Fashion Days,Social,2025-09-20,0,6.08
CP009619,C00868,VIP Exclusive,Social,2025-09-23,0,7.85
CP009620,C03779,VIP Exclusive,Email,2025-04-24,0,5.24
CP009621,C04390,VIP Exclusive,WhatsApp,2025-02-01,1,5.53
CP009622,C00793,New Customer Welcome,SMS,2025-10-09,0,4.76
CP009623,C00578,Electronics Week,WhatsApp,2025-06-10,1,2.01
CP009624,C02378,Festive Sale,Email,2025-04-19,1,3.76
CP009625,C03021,New Customer Welcome,SMS,2025-07-28,0,6.16
CP009626,C01264,Fashion Days,Social,2025-03-14,0,0.94
CP009627,C00635,Festive Sale,SMS,2025-06-11,0,1.12
CP009628,C01276,New Customer Welcome,Social,2025-03-29,0,2.46
CP009629,C02499,Fashion Days,Email,2025-07-18,0,5.1
CP009630,C04736,Electronics Week,Email,2025-11-02,0,5.65
CP009631,C01410,VIP Exclusive,WhatsApp,2025-09-15,0,3.26
CP009632,C03334,Festive Sale,Push,2025-06-15,0,0.98
CP009633,C00527,Win Back,Email,2025-05-31,0,4.53
CP009634,C01713,Summer Savings,SMS,2025-07-10,0,6.45
CP009635,C04999,Electronics Week,Email,2025-10-14,0,3.01
CP009636,C02886,Festive Sale,Push,2025-06-04,1,0.82
CP009637,C00306,Win Back,Email,2025-11-23,0,6.6
CP009638,C01253,Win Back,Email,2025-02-18,0,6.9
CP009639,C03600,Festive Sale,Email,2025-06-24,0,3.8
CP009640,C04009,Festive Sale,Push,2025-06-28,1,3.12
CP009641,C00720,VIP Exclusive,WhatsApp,2025-03-23,0,4.8
CP009642,C02586,Summer Savings,SMS,2025-10-04,1,1.02
CP009643,C00596,New Customer Welcome,SMS,2025-09-30,0,4.83
CP009644,C00452,New Customer Welcome,WhatsApp,2025-08-26,0,2.81
CP009645,C00318,New Customer Welcome,Email,2025-08-19,0,6.05
CP009646,C02945,New Customer Welcome,WhatsApp,2025-12-01,1,0.88
CP009647,C03433,Win Back,WhatsApp,2025-02-06,0,5.32
CP009648,C01274,Win Back,SMS,2025-08-05,0,7.11
CP009649,C00670,Electronics Week,WhatsApp,2025-11-26,1,7.49
CP009650,C02060,Electronics Week,SMS,2025-07-13,0,5.19
CP009651,C01819,Festive Sale,Email,2025-11-02,0,1.65
CP009652,C02736,Fashion Days,Push,2025-10-15,0,6.09
CP009653,C02925,Festive Sale,SMS,2025-11-23,0,2.0
CP009654,C02051,VIP Exclusive,SMS,2025-04-22,0,2.08
CP009655,C01917,Fashion Days,Email,2025-05-02,1,1.11
CP009656,C01388,Summer Savings,SMS,2025-02-13,0,7.56
CP009657,C03182,Festive Sale,Push,2025-01-11,0,1.45
CP009658,C03459,VIP Exclusive,Email,2025-04-14,0,4.79
CP009659,C04055,New Customer Welcome,WhatsApp,2025-11-03,1,0.56
CP009660,C04638,Summer Savings,Email,2025-05-08,0,7.17
CP009661,C04394,Win Back,Social,2025-08-02,0,1.19
CP009662,C03438,Summer Savings,Email,2025-11-08,0,2.33
CP009663,C01522,New Customer Welcome,Social,2025-03-06,0,0.54
CP009664,C01712,Festive Sale,Email,2025-09-17,0,3.25
CP009665,C03975,Electronics Week,SMS,2025-06-13,0,2.63
CP009666,C02176,VIP Exclusive,WhatsApp,2025-11-06,0,3.46
CP009667,C02126,New Customer Welcome,Social,2025-02-08,0,2.23
CP009668,C04535,Summer Savings,Social,2025-03-11,0,4.52
CP009669,C02456,New Customer Welcome,Push,2025-02-08,0,5.33
CP009670,C04263,VIP Exclusive,WhatsApp,2025-01-28,0,1.91
CP009671,C03047,Electronics Week,Push,2025-01-05,1,2.88
CP009672,C01833,Electronics Week,SMS,2025-11-24,0,1.89
CP009673,C04499,Electronics Week,SMS,2025-05-17,1,5.08
CP009674,C00728,VIP Exclusive,Email,2025-08-11,1,5.52
CP009675,C01349,New Customer Welcome,Social,2025-05-12,0,0.84
CP009676,C01045,Summer Savings,WhatsApp,2025-03-02,0,1.12
CP009677,C01442,Festive Sale,WhatsApp,2025-03-17,0,5.16
CP009678,C00797,New Customer Welcome,Email,2025-12-02,0,7.04
CP009679,C03553,Festive Sale,WhatsApp,2025-10-10,0,2.0
CP009680,C02358,New Customer Welcome,Email,2025-07-02,0,3.84
CP009681,C00250,VIP Exclusive,Email,2025-05-30,0,1.68
CP009682,C00281,Electronics Week,WhatsApp,2025-06-07,0,3.33
CP009683,C04183,Summer Savings,Social,2025-03-16,1,7.04
CP009684,C00820,New Customer Welcome,Social,2025-03-21,0,3.03
CP009685,C01418,Fashion Days,Email,2025-05-08,1,2.97
CP009686,C03806,VIP Exclusive,WhatsApp,2025-04-23,0,2.73
CP009687,C01802,Summer Savings,SMS,2025-11-06,1,2.51
CP009688,C04543,Win Back,Email,2025-11-11,0,5.97
CP009689,C03496,Summer Savings,Email,2025-03-30,0,7.38
CP009690,C04157,Win Back,Email,2025-01-20,0,4.8
CP009691,C02273,New Customer Welcome,Email,2025-05-08,0,7.91
CP009692,C02275,New Customer Welcome,WhatsApp,2025-06-22,0,2.96
CP009693,C02874,VIP Exclusive,SMS,2025-03-08,0,4.22
CP009694,C00835,New Customer Welcome,WhatsApp,2025-05-30,1,2.11
CP009695,C01374,Fashion Days,Email,2025-11-24,1,6.22
CP009696,C03812,Fashion Days,SMS,2025-01-02,0,6.91
CP009697,C02915,Festive Sale,SMS,2025-09-29,0,1.1
CP009698,C01385,Fashion Days,Social,2025-04-28,0,1.03
CP009699,C04273,VIP Exclusive,Push,2025-10-03,0,3.3
CP009700,C04852,Electronics Week,WhatsApp,2025-11-18,0,1.08
CP009701,C01678,Fashion Days,Email,2025-06-01,0,6.36
CP009702,C01832,New Customer Welcome,WhatsApp,2025-06-10,1,3.77
CP009703,C01048,Electronics Week,Social,2025-01-15,0,3.34
CP009704,C03979,Summer Savings,Email,2025-04-21,0,2.89
CP009705,C01594,Fashion Days,SMS,2025-05-05,0,4.53
CP009706,C02743,Win Back,WhatsApp,2025-08-21,0,6.8
CP009707,C02045,Summer Savings,WhatsApp,2025-04-26,0,5.31
CP009708,C00017,Win Back,SMS,2025-06-27,1,7.42
CP009709,C01230,Festive Sale,WhatsApp,2025-02-11,0,5.26
CP009710,C04427,Festive Sale,Email,2025-09-20,1,7.73
CP009711,C04127,New Customer Welcome,Email,2025-02-05,1,6.97
CP009712,C03566,VIP Exclusive,Social,2025-09-05,1,2.44
CP009713,C02278,VIP Exclusive,Push,2025-05-25,0,5.33
CP009714,C00561,New Customer Welcome,Email,2025-05-04,0,1.05
CP009715,C00307,Summer Savings,WhatsApp,2025-06-18,0,7.21
CP009716,C03485,Fashion Days,Social,2025-05-22,0,6.95
CP009717,C01593,Festive Sale,SMS,2025-07-30,0,2.93
CP009718,C04118,VIP Exclusive,SMS,2025-10-02,0,1.42
CP009719,C02586,Festive Sale,Push,2025-10-24,0,7.33
CP009720,C03808,Electronics Week,WhatsApp,2025-08-02,1,1.31
CP009721,C01742,Electronics Week,Push,2025-10-13,0,0.9
CP009722,C00767,VIP Exclusive,Email,2025-12-09,0,5.88
CP009723,C00317,Fashion Days,WhatsApp,2025-04-09,0,7.05
CP009724,C01675,Festive Sale,Push,2025-01-08,1,5.13
CP009725,C04469,New Customer Welcome,Push,2025-09-14,0,4.54
CP009726,C00506,Win Back,Email,2025-10-07,0,4.07
CP009727,C01033,Fashion Days,SMS,2025-01-21,0,5.06
CP009728,C04323,Summer Savings,Email,2025-10-11,0,3.1
CP009729,C04589,Win Back,Social,2025-08-29,1,6.09
CP009730,C04171,Summer Savings,Push,2025-10-18,1,5.98
CP009731,C02160,Festive Sale,SMS,2025-06-26,0,3.05
CP009732,C00797,Win Back,WhatsApp,2025-11-15,0,6.7
CP009733,C01065,VIP Exclusive,WhatsApp,2025-07-12,0,0.71
CP009734,C02241,Electronics Week,Push,2025-10-26,0,3.5
CP009735,C00267,New Customer Welcome,WhatsApp,2025-09-09,0,7.32
CP009736,C04163,Win Back,Push,2025-12-08,0,5.3
CP009737,C04127,New Customer Welcome,Push,2025-09-11,0,2.71
CP009738,C03671,Festive Sale,Social,2025-06-04,0,7.95
CP009739,C04958,Fashion Days,Email,2025-06-22,0,3.98
CP009740,C01288,Summer Savings,Push,2025-08-04,1,2.64
CP009741,C03267,Fashion Days,SMS,2025-10-08,0,2.35
CP009742,C02385,Fashion Days,SMS,2025-12-08,0,1.81
CP009743,C01341,Fashion Days,WhatsApp,2025-08-19,1,7.22
CP009744,C00636,Fashion Days,WhatsApp,2025-09-24,0,2.18
CP009745,C02775,Win Back,Social,2025-08-29,0,5.69
CP009746,C00833,Summer Savings,Social,2025-12-08,0,7.0
CP009747,C04071,Festive Sale,SMS,2025-09-09,0,4.95
CP009748,C01632,Electronics Week,SMS,2025-03-14,0,6.56
CP009749,C03372,Electronics Week,Push,2025-02-09,0,5.57
CP009750,C03241,VIP Exclusive,Email,2025-11-22,0,4.64
CP009751,C04814,Festive Sale,SMS,2025-06-26,1,7.35
CP009752,C01109,Win Back,Email,2025-02-19,1,5.86
CP009753,C00145,New Customer Welcome,Email,2025-04-05,0,4.39
CP009754,C01949,Electronics Week,SMS,2025-07-16,0,7.0
CP009755,C02743,Electronics Week,Push,2025-04-04,0,0.56
CP009756,C04640,Electronics Week,SMS,2025-01-27,0,7.47
CP009757,C01428,Win Back,WhatsApp,2025-05-06,0,7.23
CP009758,C03486,Electronics Week,Social,2025-07-24,1,7.03
CP009759,C00141,New Customer Welcome,WhatsApp,2025-02-03,0,1.82
CP009760,C04265,VIP Exclusive,WhatsApp,2025-03-16,1,1.79
CP009761,C04435,Electronics Week,Email,2025-06-20,0,4.5
CP009762,C04980,Win Back,Social,2025-06-04,0,2.81
CP009763,C03450,Electronics Week,Push,2025-07-26,0,3.97
CP009764,C03575,Fashion Days,Email,2025-10-15,0,1.26
CP009765,C02613,Electronics Week,WhatsApp,2025-06-17,0,3.28
CP009766,C03488,VIP Exclusive,Email,2025-06-06,1,2.37
CP009767,C04274,Win Back,Push,2025-06-24,0,5.57
CP009768,C03209,Fashion Days,Email,2025-05-23,0,7.16
CP009769,C00183,Fashion Days,Push,2025-10-06,0,2.33
CP009770,C01640,Fashion Days,SMS,2025-06-10,1,4.69
CP009771,C00253,Summer Savings,,2025-03-17,1,3.04
CP009772,C04797,New Customer Welcome,Social,2025-06-04,0,0.74
CP009773,C01143,Festive Sale,Push,2025-04-02,0,1.21
CP009774,C02384,VIP Exclusive,SMS,2025-02-12,0,2.94
CP009775,C04544,Win Back,SMS,2025-01-12,1,2.51
CP009776,C02492,New Customer Welcome,WhatsApp,2025-05-28,0,3.36
CP009777,C02489,VIP Exclusive,SMS,2025-11-19,1,5.23
CP009778,C02121,New Customer Welcome,Social,2025-09-24,0,7.87
CP009779,C03206,Win Back,SMS,2025-09-25,0,3.58
CP009780,C00510,VIP Exclusive,Email,2025-12-05,0,2.59
CP009781,C00566,Festive Sale,,2025-12-01,0,7.17
CP009782,C02272,Fashion Days,Email,2025-06-23,1,1.71
CP009783,C03177,Summer Savings,Push,2025-11-03,0,1.17
CP009784,C01324,New Customer Welcome,Social,2025-04-15,0,5.94
CP009785,C03758,Summer Savings,SMS,2025-03-28,0,0.68
CP009786,C02780,Win Back,SMS,2025-04-13,0,1.06
CP009787,C03163,New Customer Welcome,Push,2025-03-31,0,7.65
CP009788,C02712,Fashion Days,WhatsApp,2025-01-06,0,3.86
CP009789,C02323,Summer Savings,WhatsApp,2025-11-14,0,0.61
CP009790,C01090,Electronics Week,Push,2025-03-20,0,3.51
CP009791,C00698,Electronics Week,WhatsApp,2025-04-01,0,3.27
CP009792,C01791,Festive Sale,SMS,2025-10-15,0,4.73
CP009793,C04900,New Customer Welcome,Social,2025-06-20,0,0.75
CP009794,C01639,Win Back,SMS,2025-05-31,0,7.22
CP009795,C03872,VIP Exclusive,SMS,2025-03-28,1,5.3
CP009796,C04734,Summer Savings,Email,2025-08-21,0,5.56
CP009797,C02090,Electronics Week,Social,2025-06-06,0,7.62
CP009798,C04132,Fashion Days,Push,2025-07-05,0,3.17
CP009799,C03346,Win Back,Push,2025-04-07,0,5.23
CP009800,C01681,Electronics Week,Push,2025-03-01,1,6.79
CP009801,C04243,Fashion Days,Email,2025-06-02,0,3.6
CP009802,C03194,Electronics Week,SMS,2025-02-23,0,0.66
CP009803,C03519,VIP Exclusive,Push,2025-04-16,1,3.61
CP009804,C01152,VIP Exclusive,Email,2025-08-08,0,2.18
CP009805,C04308,Fashion Days,Push,2025-06-21,0,3.82
CP009806,C01936,Fashion Days,WhatsApp,2025-06-11,0,1.88
CP009807,C04429,Fashion Days,SMS,2025-01-21,0,5.93
CP009808,C01171,Festive Sale,Push,2025-07-10,0,5.79
CP009809,C01165,Fashion Days,WhatsApp,2025-11-12,1,2.22
CP009810,C00863,Electronics Week,Email,2025-05-04,0,5.7
CP009811,C03426,Summer Savings,WhatsApp,2025-09-19,1,5.53
CP009812,C02128,Electronics Week,WhatsApp,2025-02-21,0,6.19
CP009813,C01607,Electronics Week,WhatsApp,2025-08-10,0,6.32
CP009814,C00761,Summer Savings,WhatsApp,2025-01-05,0,4.19
CP009815,C01679,Win Back,WhatsApp,2025-02-25,0,5.12
CP009816,C04776,Electronics Week,Email,2025-08-14,0,3.46
CP009817,C00304,Fashion Days,Social,2025-03-05,0,5.15
CP009818,C03182,New Customer Welcome,Social,2025-01-26,1,7.43
CP009819,C01533,Fashion Days,WhatsApp,2025-10-27,0,6.82
CP009820,C04265,Summer Savings,WhatsApp,2025-05-18,0,0.84
CP009821,C01246,New Customer Welcome,Social,2025-08-25,1,1.37
CP009822,C03095,VIP Exclusive,SMS,2025-09-02,1,4.42
CP009823,C03601,Summer Savings,SMS,2025-01-18,0,0.89
CP009824,C03136,Fashion Days,Email,2025-09-26,1,2.83
CP009825,C04871,Win Back,Email,2025-01-03,1,4.49
CP009826,C03779,Electronics Week,SMS,2025-08-04,0,2.73
CP009827,C01406,Fashion Days,Push,2025-06-26,0,4.13
CP009828,C04520,Festive Sale,Email,2025-10-08,0,4.14
CP009829,C02523,Electronics Week,Email,2025-08-01,1,3.61
CP009830,C00917,VIP Exclusive,WhatsApp,2025-07-09,0,5.64
CP009831,C03947,New Customer Welcome,Social,2025-04-04,0,3.03
CP009832,C02758,Festive Sale,WhatsApp,2025-07-10,0,1.69
CP009833,C00154,Electronics Week,WhatsApp,2025-01-06,0,7.12
CP009834,C04171,VIP Exclusive,Push,2025-07-02,0,0.96
CP009835,C03277,Summer Savings,Push,2025-09-26,0,4.63
CP009836,C01503,Win Back,Email,2025-02-11,0,2.85
CP009837,C03610,Summer Savings,WhatsApp,2025-03-10,0,6.93
CP009838,C03844,Win Back,Email,2025-11-28,0,0.83
CP009839,C04320,VIP Exclusive,Push,2025-06-08,0,7.66
CP009840,C04002,Summer Savings,Email,2025-06-17,0,1.11
CP009841,C02000,VIP Exclusive,WhatsApp,2025-08-06,1,4.7
CP009842,C01839,Win Back,Push,2025-01-09,0,2.86
CP009843,C01311,Electronics Week,Social,2025-04-03,0,4.41
CP009844,C01980,Fashion Days,Push,2025-09-14,0,1.59
CP009845,C02704,Summer Savings,SMS,2025-01-22,1,5.31
CP009846,C00426,VIP Exclusive,SMS,2025-05-11,0,7.98
CP009847,C02706,Festive Sale,Push,2025-10-19,0,4.56
CP009848,C03217,VIP Exclusive,Email,2025-03-18,0,5.06
CP009849,C00150,Fashion Days,Email,2025-06-29,0,4.85
CP009850,C01719,New Customer Welcome,SMS,2025-11-21,0,3.51
CP009851,C04139,New Customer Welcome,Email,2025-08-10,0,1.1
CP009852,C02288,Electronics Week,Push,2025-12-03,1,4.38
CP009853,C04744,VIP Exclusive,Push,2025-11-20,0,4.49
CP009854,C04661,VIP Exclusive,Email,2025-04-21,0,3.44
CP009855,C04924,New Customer Welcome,WhatsApp,2025-02-24,0,6.14
CP009856,C04442,Festive Sale,Social,2025-08-24,0,5.85
CP009857,C04387,Electronics Week,Email,2025-06-30,0,7.9
CP009858,C02607,Electronics Week,SMS,2025-07-31,0,7.94
CP009859,C03510,VIP Exclusive,SMS,2025-11-23,0,6.43
CP009860,C01772,Fashion Days,WhatsApp,2025-06-30,0,7.62
CP009861,C01854,Festive Sale,SMS,2025-07-29,1,6.18
CP009862,C04797,Win Back,SMS,2025-11-18,0,3.34
CP009863,C01860,Summer Savings,Social,2025-01-31,0,6.53
CP009864,C04161,Win Back,Email,2025-10-10,0,5.63
CP009865,C02586,Summer Savings,SMS,2025-01-08,0,7.85
CP009866,C04091,VIP Exclusive,SMS,2025-09-28,1,5.78
CP009867,C02167,Summer Savings,Social,2025-08-05,0,5.45
CP009868,C01564,Summer Savings,SMS,2025-04-10,0,0.99
CP009869,C04517,New Customer Welcome,SMS,2025-06-01,0,2.67
CP009870,C02388,Electronics Week,Push,2025-04-14,1,3.6
CP009871,C04257,Summer Savings,Push,2025-01-16,0,0.76
CP009872,C03534,Festive Sale,WhatsApp,2025-08-07,0,7.6
CP009873,C04728,Electronics Week,Email,2025-09-24,1,7.5
CP009874,C02312,Fashion Days,SMS,2025-06-17,1,4.74
CP009875,C01860,New Customer Welcome,SMS,2025-04-21,0,0.67
CP009876,C01744,Win Back,Email,2025-06-03,0,0.5
CP009877,C03354,Win Back,Push,2025-01-17,1,1.76
CP009878,C02437,New Customer Welcome,SMS,2025-07-26,1,0.66
CP009879,C00755,Win Back,SMS,2025-03-18,1,6.95
CP009880,C02641,Electronics Week,Email,2025-11-30,0,7.77
CP009881,C03253,Fashion Days,WhatsApp,2025-05-18,0,5.27
CP009882,C02058,Festive Sale,SMS,2025-03-21,0,1.96
CP009883,C04805,New Customer Welcome,Email,2025-01-28,0,1.51
CP009884,C00891,Electronics Week,SMS,2025-04-22,0,7.03
CP009885,C02219,VIP Exclusive,Push,2025-04-23,0,1.78
CP009886,C02281,Fashion Days,WhatsApp,2025-10-17,0,7.63
CP009887,C03141,New Customer Welcome,Email,2025-06-21,1,2.16
CP009888,C02315,Summer Savings,SMS,2025-11-14,0,6.37
CP009889,C03997,Win Back,Email,2025-07-19,1,7.98
CP009890,C00780,Festive Sale,WhatsApp,2025-11-19,0,1.2
CP009891,C01334,New Customer Welcome,Email,2025-11-21,0,5.7
CP009892,C03323,Electronics Week,Social,2025-08-04,0,1.31
CP009893,C03241,VIP Exclusive,WhatsApp,2025-07-31,0,5.79
CP009894,C01659,Summer Savings,WhatsApp,2025-08-24,0,3.47
CP009895,C01699,Festive Sale,Push,2025-09-19,0,4.71
CP009896,C04125,Electronics Week,WhatsApp,2025-09-25,0,4.53
CP009897,C03250,VIP Exclusive,Push,2025-10-18,0,3.35
CP009898,C03522,Festive Sale,WhatsApp,2025-10-13,1,5.56
CP009899,C00688,Electronics Week,SMS,2025-10-11,0,2.21
CP009900,C04803,New Customer Welcome,Social,2025-10-22,1,0.65
CP009901,C01097,Electronics Week,Push,2025-09-17,1,4.46
CP009902,C01589,Electronics Week,Push,2025-05-24,1,3.42
CP009903,C00505,Festive Sale,Email,2025-10-30,0,7.39
CP009904,C00468,Festive Sale,Email,2025-06-08,0,5.14
CP009905,C00678,Festive Sale,WhatsApp,2025-03-18,0,0.59
CP009906,C02727,New Customer Welcome,Email,2025-08-28,0,2.27
CP009907,C03744,Fashion Days,WhatsApp,2025-06-15,0,7.13
CP009908,C03338,New Customer Welcome,Email,2025-03-08,0,4.47
CP009909,C01526,New Customer Welcome,Email,2025-09-18,0,7.45
CP009910,C00319,Electronics Week,SMS,2025-06-25,0,1.93
CP009911,C01706,VIP Exclusive,Email,2025-09-17,0,0.56
CP009912,C00276,Electronics Week,WhatsApp,2025-02-09,0,1.82
CP009913,C00795,New Customer Welcome,Email,2025-10-13,0,3.47
CP009914,C03403,Fashion Days,Push,2025-09-11,0,2.77
CP009915,C01027,Electronics Week,SMS,2025-07-05,0,4.35
CP009916,C02505,VIP Exclusive,Email,2025-02-02,0,2.71
CP009917,C02561,Summer Savings,WhatsApp,2025-10-15,0,6.49
CP009918,C04511,Electronics Week,WhatsApp,2025-04-22,1,7.71
CP009919,C00592,VIP Exclusive,Push,2025-05-04,0,2.46
CP009920,C00484,Festive Sale,Push,2025-05-17,0,3.81
CP009921,C00250,Festive Sale,WhatsApp,2025-03-14,0,4.86
CP009922,C01797,Electronics Week,Social,2025-05-01,0,1.98
CP009923,C04942,Summer Savings,Email,2025-03-26,0,2.45
CP009924,C03548,VIP Exclusive,Email,2025-05-30,0,5.27
CP009925,C02472,Summer Savings,WhatsApp,2025-01-16,1,3.1
CP009926,C03419,Electronics Week,Social,2025-02-03,0,2.59
CP009927,C03731,New Customer Welcome,Push,2025-04-21,1,1.24
CP009928,C01167,Win Back,WhatsApp,2025-10-26,0,1.17
CP009929,C04791,Summer Savings,Push,2025-06-01,0,3.1
CP009930,C02953,Fashion Days,WhatsApp,2025-11-09,1,4.23
CP009931,C01878,Festive Sale,WhatsApp,2025-02-23,0,3.25
CP009932,C03964,New Customer Welcome,Email,2025-05-08,0,2.57
CP009933,C01503,Summer Savings,Push,2025-08-20,1,3.28
CP009934,C00718,Win Back,Social,2025-05-05,0,7.75
CP009935,C04634,New Customer Welcome,Push,2025-11-17,1,6.87
CP009936,C04439,Fashion Days,Social,2025-04-24,0,5.29
CP009937,C03079,VIP Exclusive,WhatsApp,2025-02-07,0,4.19
CP009938,C03554,Fashion Days,Social,2025-09-23,0,6.52
CP009939,C02861,Festive Sale,WhatsApp,2025-09-23,0,0.92
CP009940,C01397,Summer Savings,Social,2025-07-24,0,1.64
CP009941,C04372,Fashion Days,SMS,2025-11-24,0,5.21
CP009942,C03847,Festive Sale,WhatsApp,2025-08-10,1,1.36
CP009943,C01017,Win Back,Email,2025-01-09,0,2.07
CP009944,C04226,Electronics Week,WhatsApp,2025-09-13,0,4.33
CP009945,C02349,VIP Exclusive,Social,2025-01-30,0,7.43
CP009946,C00686,Summer Savings,Social,2025-10-21,1,2.48
CP009947,C00387,New Customer Welcome,WhatsApp,2025-10-25,0,7.86
CP009948,C01696,Fashion Days,Push,2025-10-19,0,1.31
CP009949,C01721,Fashion Days,Social,2025-05-15,0,5.01
CP009950,C02843,Electronics Week,Email,2025-05-19,1,1.35
CP009951,C03771,Electronics Week,SMS,2025-04-02,0,1.26
CP009952,C01031,Summer Savings,SMS,2025-06-09,0,3.95
CP009953,C03300,New Customer Welcome,Email,2025-02-21,0,4.35
CP009954,C01612,Festive Sale,Email,2025-05-30,0,0.65
CP009955,C04320,Summer Savings,Email,2025-03-13,0,0.54
CP009956,C03952,VIP Exclusive,Email,2025-10-17,0,4.55
CP009957,C02140,Festive Sale,Email,2025-11-28,0,1.15
CP009958,C03378,Fashion Days,Push,2025-02-13,0,2.82
CP009959,C03422,Electronics Week,Push,2025-08-21,0,6.27
CP009960,C04647,Electronics Week,WhatsApp,2025-03-19,1,6.78
CP009961,C04678,Electronics Week,Email,2025-12-05,0,5.51
CP009962,C00001,Summer Savings,Email,2025-05-23,0,6.86
CP009963,C04613,Electronics Week,Email,2025-03-05,0,5.39
CP009964,C02133,Win Back,SMS,2025-12-09,1,3.56
CP009965,C01522,Summer Savings,Social,2025-05-08,0,5.93
CP009966,C03836,New Customer Welcome,Email,2025-09-12,0,3.03
CP009967,C00221,VIP Exclusive,Social,2025-03-16,0,2.34
CP009968,C04512,VIP Exclusive,Email,2025-05-22,0,3.92
CP009969,C01567,Festive Sale,Social,2025-06-29,1,6.59
CP009970,C02707,Festive Sale,WhatsApp,2025-04-05,0,2.35
CP009971,C01254,Festive Sale,WhatsApp,2025-01-13,0,5.23
CP009972,C01984,New Customer Welcome,Email,2025-05-02,0,3.81
CP009973,C04965,Win Back,Email,2025-11-09,0,6.93
CP009974,C02686,Win Back,Push,2025-08-29,0,1.55
CP009975,C03443,Festive Sale,Social,2025-10-15,1,7.98
CP009976,C03397,Festive Sale,Email,2025-07-22,0,4.8
CP009977,C03108,New Customer Welcome,Email,2025-01-18,0,7.93
CP009978,C04722,Fashion Days,Email,2025-12-11,0,5.81
CP009979,C00376,Fashion Days,Email,2025-04-19,0,7.23
CP009980,C00310,Electronics Week,Email,2025-09-01,0,2.37
CP009981,C02822,VIP Exclusive,Email,2025-04-04,0,2.67
CP009982,C04005,Electronics Week,Push,2025-06-06,0,6.15
CP009983,C00803,Fashion Days,Push,2025-07-11,0,2.69
CP009984,C02891,Win Back,SMS,2025-07-01,0,6.85
CP009985,C00481,Summer Savings,WhatsApp,2025-07-30,0,1.37
CP009986,C03930,New Customer Welcome,Email,2025-07-12,0,2.07
CP009987,C03642,Electronics Week,Push,2025-11-05,0,6.66
CP009988,C01719,VIP Exclusive,SMS,2025-02-01,0,5.91
CP009989,C00650,VIP Exclusive,SMS,2025-04-09,1,7.33
CP009990,C03754,Win Back,Email,2025-06-04,0,1.64
CP009991,C00992,Festive Sale,Social,2025-07-01,0,2.51
CP009992,C03853,Summer Savings,Push,2025-09-04,0,3.58
CP009993,C03212,Festive Sale,Push,2025-10-23,0,3.63
CP009994,C04193,Summer Savings,WhatsApp,2025-09-13,0,5.86
CP009995,C01787,Electronics Week,Email,2025-05-19,0,1.69
CP009996,C00070,Summer Savings,Email,2025-03-01,0,1.71
CP009997,C00485,Fashion Days,WhatsApp,2025-08-09,0,7.18
CP009998,C03110,New Customer Welcome,Push,2025-07-31,0,0.99
CP009999,C04467,New Customer Welcome,WhatsApp,2025-10-03,0,1.35
CP010000,C03013,Summer Savings,WhatsApp,2025-08-25,0,1.65
CP010001,C00035,Festive Sale,Push,2025-01-16,1,7.25
CP010002,C02241,Win Back,Email,2025-02-22,0,0.93
CP010003,C04219,Electronics Week,Email,2025-10-29,0,4.8
CP010004,C02315,Summer Savings,Push,2025-05-22,0,4.59
CP010005,C02936,Summer Savings,WhatsApp,2025-08-15,0,0.53
CP010006,C03579,New Customer Welcome,Push,2025-01-30,0,4.74
CP010007,C04953,Win Back,WhatsApp,2025-09-18,0,6.94
CP010008,C04457,Summer Savings,WhatsApp,2025-02-22,0,1.99
CP010009,C02335,Festive Sale,Push,2025-02-14,1,3.9
CP010010,C04972,Summer Savings,Social,2025-03-30,0,5.72
CP010011,C00157,Win Back,Social,2025-02-02,0,5.79
CP010012,C03784,Electronics Week,Email,2025-09-10,1,4.36
CP010013,C00486,Summer Savings,Push,2025-07-05,0,1.94
CP010014,C02821,VIP Exclusive,WhatsApp,2025-01-29,0,3.53
CP010015,C01625,New Customer Welcome,Email,2025-09-01,0,7.7
CP010016,C04736,Electronics Week,WhatsApp,2025-05-20,1,5.86
CP010017,C02036,Festive Sale,Social,2025-01-29,0,4.79
CP010018,C04649,VIP Exclusive,WhatsApp,2025-06-15,0,4.8
CP010019,C03229,Summer Savings,Email,2025-06-20,1,7.62
CP010020,C02088,Fashion Days,WhatsApp,2025-05-16,0,7.2
CP010021,C02000,Fashion Days,WhatsApp,2025-01-29,0,0.72
CP010022,C00225,Festive Sale,SMS,2025-06-12,0,7.47
CP010023,C00187,Festive Sale,Email,2025-11-07,0,1.37
CP010024,C03502,Festive Sale,WhatsApp,2025-02-01,1,4.39
CP010025,C04752,Festive Sale,Push,2025-04-10,0,2.58
CP010026,C00756,Fashion Days,SMS,2025-03-22,0,7.61
CP010027,C02517,VIP Exclusive,Social,2025-04-17,0,4.87
CP010028,C03093,Fashion Days,Social,2025-07-21,1,7.21
CP010029,C04352,Fashion Days,SMS,2025-02-08,0,1.01
CP010030,C00755,Summer Savings,Push,2025-10-31,0,4.58
CP010031,C02878,Electronics Week,Push,2025-03-10,1,7.57
CP010032,C00545,Electronics Week,Social,2025-10-02,0,1.62
CP010033,C04304,Electronics Week,WhatsApp,2025-02-24,0,4.24
CP010034,C01436,Electronics Week,Email,2025-05-31,0,3.6
CP010035,C01122,Win Back,Email,2025-01-09,0,4.17
CP010036,C01488,New Customer Welcome,Push,2025-10-25,1,1.07
CP010037,C01614,VIP Exclusive,SMS,2025-04-20,0,2.62
CP010038,C00864,Win Back,WhatsApp,2025-04-14,0,3.86
CP010039,C01403,Win Back,Push,2025-09-15,0,6.21
CP010040,C01316,Festive Sale,Push,2025-12-07,0,5.34
CP010041,C02947,Win Back,Email,2025-08-30,1,0.94
CP010042,C00026,New Customer Welcome,Push,2025-09-03,1,5.9
CP010043,C00374,Win Back,Push,2025-03-31,0,7.0
CP010044,C00422,Summer Savings,Push,2025-04-15,0,2.88
CP010045,C03664,Electronics Week,Social,2025-03-08,0,4.58
CP010046,C00028,Festive Sale,Email,2025-05-21,1,4.17
CP010047,C03757,VIP Exclusive,Email,2025-01-14,0,3.49
CP010048,C02411,Electronics Week,Email,2025-11-02,0,3.38
CP010049,C04452,Summer Savings,Email,2025-05-14,0,6.92
CP010050,C02052,VIP Exclusive,Push,2025-07-19,1,0.53
CP010051,C01117,Fashion Days,Push,2025-11-27,0,1.29
CP010052,C01975,Summer Savings,Push,2025-08-24,0,1.64
CP010053,C02012,New Customer Welcome,Push,2025-12-10,1,1.87
CP010054,C01658,Win Back,SMS,2025-09-08,0,6.04
CP010055,C04554,Win Back,Push,2025-01-31,1,2.25
CP010056,C04307,Festive Sale,SMS,2025-08-24,0,3.01
CP010057,C00303,Fashion Days,Email,2025-01-24,0,2.47
CP010058,C04966,New Customer Welcome,WhatsApp,2025-03-08,0,7.4
CP010059,C03216,Electronics Week,Push,2025-07-16,0,0.73
CP010060,C00863,Festive Sale,SMS,2025-01-14,0,6.53
CP010061,C04554,Fashion Days,Push,2025-05-31,0,6.25
CP010062,C04602,VIP Exclusive,WhatsApp,2025-02-12,0,1.23
CP010063,C03647,Electronics Week,Email,2025-01-24,1,2.27
CP010064,C04149,VIP Exclusive,WhatsApp,2025-05-01,0,2.82
CP010065,C02451,Festive Sale,WhatsApp,2025-10-30,0,5.97
CP010066,C03272,Fashion Days,SMS,2025-04-05,0,4.86
CP010067,C00547,Electronics Week,Email,2025-02-23,0,6.89
CP010068,C02782,Festive Sale,Email,2025-10-27,1,1.44
CP010069,C01689,Fashion Days,Email,2025-03-16,1,5.62
CP010070,C03725,Electronics Week,Push,2025-11-15,0,1.13
CP010071,C03293,New Customer Welcome,Email,2025-06-23,0,4.97
CP010072,C00023,Fashion Days,Push,2025-06-06,0,1.9
CP010073,C04581,New Customer Welcome,WhatsApp,2025-05-10,0,1.92
CP010074,C00565,New Customer Welcome,Push,2025-03-13,0,0.94
CP010075,C02448,Summer Savings,Social,2025-10-10,1,5.95
CP010076,C02032,Win Back,Push,2025-01-04,0,7.26
CP010077,C00281,New Customer Welcome,Social,2025-07-12,0,6.6
CP010078,C00380,Win Back,SMS,2025-06-27,0,3.89
CP010079,C03151,Electronics Week,Push,2025-07-22,0,1.17
CP010080,C04452,VIP Exclusive,Push,2025-07-18,1,7.66
CP010081,C00379,Festive Sale,WhatsApp,2025-01-31,1,5.2
CP010082,C00290,Win Back,Social,2025-08-10,0,2.43
CP010083,C01141,Win Back,WhatsApp,2025-02-13,0,4.9
CP010084,C04292,Win Back,SMS,2025-10-14,0,7.51
CP010085,C00499,Fashion Days,WhatsApp,2025-09-04,0,2.61
CP010086,C04112,Win Back,WhatsApp,2025-08-01,1,3.51
CP010087,C02275,Summer Savings,Email,2025-12-11,0,3.22
CP010088,C02183,Festive Sale,Push,2025-05-06,0,4.54
CP010089,C03943,Electronics Week,SMS,2025-04-15,0,4.56
CP010090,C02988,VIP Exclusive,SMS,2025-06-26,0,1.83
CP010091,C04492,Fashion Days,Email,2025-08-24,0,5.06
CP010092,C00018,New Customer Welcome,Email,2025-10-23,0,1.06
CP010093,C01807,Festive Sale,Push,2025-06-29,0,4.63
CP010094,C01640,Festive Sale,WhatsApp,2025-03-15,1,1.88
CP010095,C04190,Summer Savings,Email,2025-03-26,0,3.41
CP010096,C04727,Electronics Week,Push,2025-07-21,0,0.8
CP010097,C03120,Festive Sale,Email,2025-06-20,0,5.49
CP010098,C04091,Fashion Days,Social,2025-05-28,1,7.8
CP010099,C01112,Electronics Week,Push,2025-01-05,0,1.29
CP010100,C02598,Win Back,Social,2025-01-27,0,3.15
CP010101,C01434,Festive Sale,Push,2025-10-07,0,3.73
CP010102,C02770,New Customer Welcome,Social,2025-04-25,0,2.19
CP010103,C04771,Electronics Week,SMS,2025-11-04,0,6.82
CP010104,C00751,New Customer Welcome,WhatsApp,2025-06-17,0,4.28
CP010105,C04691,Electronics Week,WhatsApp,2025-06-08,1,7.7
CP010106,C00799,Summer Savings,Push,2025-11-13,0,4.19
CP010107,C02535,Festive Sale,Push,2025-02-19,0,6.75
CP010108,C01804,VIP Exclusive,WhatsApp,2025-09-14,0,7.52
CP010109,C04690,Fashion Days,Push,2025-03-20,0,0.93
CP010110,C03542,New Customer Welcome,WhatsApp,2025-06-06,0,7.41
CP010111,C03241,Summer Savings,WhatsApp,2025-10-01,0,3.45
CP010112,C01748,Electronics Week,Push,2025-05-11,0,0.72
CP010113,C00203,Electronics Week,Email,2025-09-27,0,3.06
CP010114,C01986,Win Back,Push,2025-09-23,0,4.93
CP010115,C01070,Fashion Days,Social,2025-09-22,0,7.69
CP010116,C02591,Fashion Days,WhatsApp,2025-10-10,0,3.95
CP010117,C01560,VIP Exclusive,Email,2025-04-28,1,5.71
CP010118,C03192,Fashion Days,Push,2025-11-08,0,2.08
CP010119,C02692,Festive Sale,Push,2025-10-18,0,3.95
CP010120,C01819,Win Back,SMS,2025-11-24,0,4.46
CP010121,C04082,Win Back,Push,2025-10-16,1,2.31
CP010122,C00782,Win Back,Email,2025-06-22,0,3.56
CP010123,C00247,Electronics Week,Social,2025-08-21,0,5.87
CP010124,C02607,New Customer Welcome,Social,2025-06-07,0,4.33
CP010125,C02186,VIP Exclusive,Social,2025-05-15,0,6.05
CP010126,C01962,New Customer Welcome,Social,2025-05-22,0,4.26
CP010127,C01676,Electronics Week,Email,2025-03-25,0,3.76
CP010128,C04975,VIP Exclusive,Push,2025-06-11,0,2.69
CP010129,C00206,VIP Exclusive,Email,2025-11-19,0,1.48
CP010130,C01955,New Customer Welcome,Push,2025-05-24,1,2.01
CP010131,C03475,Fashion Days,Email,2025-11-05,0,3.43
CP010132,C01305,Festive Sale,WhatsApp,2025-01-10,0,4.45
CP010133,C00092,Win Back,WhatsApp,2025-04-11,0,7.53
CP010134,C03398,Win Back,Push,2025-05-19,1,6.91
CP010135,C04157,New Customer Welcome,WhatsApp,2025-08-17,0,4.06
CP010136,C01379,Win Back,SMS,2025-03-08,0,2.18
CP010137,C03061,VIP Exclusive,Email,2025-09-24,0,7.24
CP010138,C01866,New Customer Welcome,Email,2025-11-18,1,5.86
CP010139,C00877,New Customer Welcome,WhatsApp,2025-05-16,0,0.54
CP010140,C01373,Fashion Days,Email,2025-11-14,0,7.69
CP010141,C00324,Festive Sale,WhatsApp,2025-03-20,0,3.33
CP010142,C01556,Win Back,Push,2025-02-27,0,1.73
CP010143,C00661,Win Back,Push,2025-02-14,1,2.05
CP010144,C04583,Win Back,WhatsApp,2025-08-10,0,2.02
CP010145,C03190,Electronics Week,Push,2025-01-07,0,0.61
CP010146,C01173,Summer Savings,Email,2025-08-29,1,1.06
CP010147,C01318,Electronics Week,WhatsApp,2025-01-03,0,2.11
CP010148,C04216,Festive Sale,WhatsApp,2025-10-08,0,7.56
CP010149,C02646,Fashion Days,Email,2025-08-10,0,5.45
CP010150,C00656,Electronics Week,WhatsApp,2025-04-07,0,5.89
CP010151,C00487,Win Back,Email,2025-11-17,1,7.76
CP010152,C04437,Fashion Days,Email,2025-03-02,0,1.65
CP010153,C02739,Electronics Week,Social,2025-06-23,0,6.89
CP010154,C01093,Win Back,WhatsApp,2025-01-08,0,0.55
CP010155,C00305,Electronics Week,Email,2025-07-20,0,5.17
CP010156,C01354,Win Back,Email,2025-11-05,0,3.1
CP010157,C03133,Electronics Week,Email,2025-05-28,1,1.6
CP010158,C04266,VIP Exclusive,Social,2025-11-21,1,6.61
CP010159,C01615,Win Back,WhatsApp,2025-11-03,0,6.06
CP010160,C02125,New Customer Welcome,Social,2025-03-05,0,3.58
CP010161,C04840,Festive Sale,Email,2025-06-04,0,6.44
CP010162,C00595,Summer Savings,WhatsApp,2025-08-03,0,3.8
CP010163,C02741,Summer Savings,SMS,2025-03-14,1,4.61
CP010164,C01173,Electronics Week,SMS,2025-04-13,0,2.04
CP010165,C00187,Electronics Week,Email,2025-10-05,0,3.33
CP010166,C03480,Fashion Days,Push,2025-09-12,0,7.41
CP010167,C03929,Fashion Days,SMS,2025-10-12,0,1.89
CP010168,C03369,New Customer Welcome,SMS,2025-06-18,1,6.55
CP010169,C02729,VIP Exclusive,SMS,2025-08-16,0,5.4
CP010170,C00301,Festive Sale,Email,2025-07-15,0,3.2
CP010171,C00689,New Customer Welcome,Email,2025-12-13,0,6.64
CP010172,C00225,Festive Sale,WhatsApp,2025-10-03,0,1.51
CP010173,C03666,Electronics Week,Email,2025-03-18,1,6.42
CP010174,C04591,Fashion Days,Email,2025-11-22,0,0.98
CP010175,C02014,Win Back,Email,2025-05-08,0,7.06
CP010176,C04006,Electronics Week,WhatsApp,2025-03-15,0,2.8
CP010177,C02236,Festive Sale,WhatsApp,2025-11-27,0,6.77
CP010178,C00572,Summer Savings,SMS,2025-09-28,0,3.0
CP010179,C04460,VIP Exclusive,Social,2025-08-27,0,0.89
CP010180,C01050,Summer Savings,SMS,2025-05-31,0,3.43
CP010181,C01801,VIP Exclusive,SMS,2025-08-09,0,6.76
CP010182,C01012,VIP Exclusive,SMS,2025-08-03,1,7.11
CP010183,C02788,Fashion Days,Push,2025-05-08,0,7.52
CP010184,C04410,Electronics Week,WhatsApp,2025-09-23,0,6.22
CP010185,C04460,VIP Exclusive,Push,2025-05-26,0,3.6
CP010186,C01993,Summer Savings,WhatsApp,2025-06-15,0,1.35
CP010187,C03363,Festive Sale,SMS,2025-12-07,1,2.03
CP010188,C03934,Fashion Days,WhatsApp,2025-09-29,0,1.86
CP010189,C02569,Electronics Week,WhatsApp,2025-07-02,1,4.7
CP010190,C01112,VIP Exclusive,Email,2025-11-10,0,6.99
CP010191,C04148,Fashion Days,WhatsApp,2025-07-10,0,2.85
CP010192,C03249,Summer Savings,SMS,2025-10-05,1,6.63
CP010193,C04973,VIP Exclusive,Email,2025-11-06,0,4.54
CP010194,C01140,Summer Savings,SMS,2025-09-26,0,5.1
CP010195,C03572,New Customer Welcome,Email,2025-09-09,0,0.89
CP010196,C02096,Electronics Week,Email,2025-05-01,0,2.29
CP010197,C01097,Festive Sale,Email,2025-04-14,0,3.18
CP010198,C03967,Electronics Week,Push,2025-02-19,0,2.66
CP010199,C01368,Fashion Days,Push,2025-04-03,0,2.47
CP010200,C02252,Summer Savings,SMS,2025-02-04,1,7.95
CP010201,C03217,Win Back,Email,2025-11-25,0,5.48
CP010202,C03874,Festive Sale,Email,2025-05-12,1,1.84
CP010203,C01498,Win Back,Social,2025-07-02,0,2.31
CP010204,C03323,Electronics Week,Push,2025-11-20,0,7.83
CP010205,C01027,VIP Exclusive,Social,2025-09-18,0,4.15
CP010206,C02533,New Customer Welcome,Social,2025-02-07,0,7.86
CP010207,C04544,New Customer Welcome,SMS,2025-04-27,1,0.53
CP010208,C01126,Festive Sale,WhatsApp,2025-10-08,0,4.99
CP010209,C03493,Fashion Days,WhatsApp,2025-03-18,0,5.14
CP010210,C03713,Summer Savings,Email,2025-08-04,0,7.4
CP010211,C00740,Fashion Days,Social,2025-07-04,0,3.22
CP010212,C00944,Electronics Week,Push,2025-11-02,1,1.65
CP010213,C02036,Fashion Days,Email,2025-06-28,0,3.76
CP010214,C04610,Fashion Days,Push,2025-11-22,1,4.84
CP010215,C01676,Win Back,WhatsApp,2025-01-25,0,0.8
CP010216,C00686,VIP Exclusive,WhatsApp,2025-06-27,0,2.93
CP010217,C03891,Fashion Days,Email,2025-02-19,0,6.79
CP010218,C03825,New Customer Welcome,SMS,2025-01-09,1,6.91
CP010219,C04215,Summer Savings,WhatsApp,2025-06-27,1,7.61
CP010220,C03348,New Customer Welcome,Email,2025-02-06,0,6.09
CP010221,C00134,Fashion Days,Push,2025-03-10,0,1.89
CP010222,C03735,Electronics Week,Email,2025-11-21,0,5.09
CP010223,C04241,VIP Exclusive,Email,2025-10-19,0,4.45
CP010224,C03274,New Customer Welcome,Email,2025-10-10,0,2.65
CP010225,C03283,Summer Savings,Email,2025-11-23,0,1.77
CP010226,C04603,Electronics Week,WhatsApp,2025-08-01,1,5.24
CP010227,C01411,Fashion Days,Email,2025-09-24,1,5.8
CP010228,C02385,New Customer Welcome,WhatsApp,2025-11-07,1,7.67
CP010229,C02192,Festive Sale,SMS,2025-06-21,1,1.31
CP010230,C03620,Summer Savings,Social,2025-02-09,0,5.92
CP010231,C02440,VIP Exclusive,Social,2025-05-22,0,7.89
CP010232,C03166,Electronics Week,WhatsApp,2025-12-12,0,7.84
CP010233,C03998,Fashion Days,WhatsApp,2025-10-19,0,2.97
CP010234,C03224,Electronics Week,Email,2025-07-09,0,1.62
CP010235,C00470,Summer Savings,SMS,2025-12-06,0,5.7
CP010236,C01863,Summer Savings,Email,2025-09-03,0,1.73
CP010237,C02516,New Customer Welcome,SMS,2025-06-30,0,0.83
CP010238,C00715,Summer Savings,Push,2025-03-10,0,1.38
CP010239,C03509,Festive Sale,Push,2025-09-14,0,6.92
CP010240,C03991,Summer Savings,Email,2025-05-05,1,1.96
CP010241,C03117,Win Back,Push,2025-08-23,0,5.0
CP010242,C04010,Electronics Week,Email,2025-11-09,0,7.12
CP010243,C02272,Summer Savings,Email,2025-01-11,0,7.0
CP010244,C03529,Summer Savings,WhatsApp,2025-03-20,0,5.74
CP010245,C01888,Fashion Days,Push,2025-02-22,0,6.22
CP010246,C01648,Win Back,Push,2025-04-15,0,1.28
CP010247,C02439,Win Back,SMS,2025-08-03,0,2.07
CP010248,C03130,Summer Savings,WhatsApp,2025-05-23,0,2.33
CP010249,C01359,Fashion Days,Push,2025-04-22,0,7.9
CP010250,C04882,Fashion Days,SMS,2025-01-08,0,4.48
CP010251,C02031,New Customer Welcome,Push,2025-05-08,0,1.88
CP010252,C03961,New Customer Welcome,WhatsApp,2025-08-12,0,3.11
CP010253,C03714,Festive Sale,Email,2025-07-02,0,3.2
CP010254,C01434,Win Back,Email,2025-05-21,0,3.04
CP010255,C04412,Summer Savings,Email,2025-12-02,0,5.52
CP010256,C01909,VIP Exclusive,Email,2025-06-03,0,3.03
CP010257,C02460,Festive Sale,Email,2025-11-10,0,1.35
CP010258,C02060,Electronics Week,Email,2025-11-19,0,0.6
CP010259,C00533,Win Back,Push,2025-01-21,0,7.1
CP010260,C03331,New Customer Welcome,WhatsApp,2025-09-13,0,4.51
CP010261,C00144,Summer Savings,Email,2025-06-29,1,7.24
CP010262,C04048,Electronics Week,Email,2025-06-13,0,6.07
CP010263,C01169,VIP Exclusive,WhatsApp,2025-09-22,0,3.01
CP010264,C04757,Fashion Days,Email,2025-03-22,0,3.08
CP010265,C03960,Win Back,Email,2025-02-17,1,6.65
CP010266,C00266,Fashion Days,Social,2025-11-25,0,5.22
CP010267,C04285,Festive Sale,WhatsApp,2025-09-26,0,4.58
CP010268,C04034,Fashion Days,WhatsApp,2025-06-28,0,7.58
CP010269,C03638,VIP Exclusive,Email,2025-05-12,0,7.57
CP010270,C03897,Electronics Week,Push,2025-02-09,1,1.11
CP010271,C01396,Win Back,Social,2025-03-27,0,6.16
CP010272,C00076,VIP Exclusive,Social,2025-10-10,0,0.88
CP010273,C01157,VIP Exclusive,Email,2025-11-20,1,5.43
CP010274,C00067,Fashion Days,Email,2025-07-08,0,0.7
CP010275,C04982,VIP Exclusive,Push,2025-03-31,1,2.8
CP010276,C04158,New Customer Welcome,Email,2025-05-25,0,1.66
CP010277,C04937,Fashion Days,WhatsApp,2025-02-27,0,3.01
CP010278,C00386,Electronics Week,Push,2025-05-28,0,5.88
CP010279,C01949,Summer Savings,Push,2025-03-15,0,4.35
CP010280,C01561,Festive Sale,Email,2025-05-25,0,1.38
CP010281,C03376,Electronics Week,Email,2025-10-27,0,2.22
CP010282,C03299,Festive Sale,WhatsApp,2025-02-14,1,2.46
CP010283,C01980,Festive Sale,Social,2025-06-22,0,4.35
CP010284,C01847,VIP Exclusive,SMS,2025-07-17,0,5.26
CP010285,C04354,Fashion Days,Push,2025-02-21,1,1.52
CP010286,C04405,Festive Sale,WhatsApp,2025-05-22,0,6.32
CP010287,C02286,Summer Savings,Email,2025-11-02,0,5.96
CP010288,C00816,New Customer Welcome,WhatsApp,2025-10-05,0,7.61
CP010289,C02428,Win Back,Email,2025-02-15,0,1.22
CP010290,C03759,VIP Exclusive,Email,2025-05-07,0,6.61
CP010291,C02336,Festive Sale,SMS,2025-02-09,0,1.17
CP010292,C02383,Fashion Days,SMS,2025-02-13,0,4.19
CP010293,C04222,Win Back,WhatsApp,2025-05-27,1,7.21
CP010294,C02851,Summer Savings,Email,2025-07-27,0,2.12
CP010295,C01012,New Customer Welcome,Push,2025-06-17,1,2.9
CP010296,C01848,Electronics Week,Email,2025-10-08,1,3.54
CP010297,C04028,Summer Savings,Push,2025-04-30,0,1.73
CP010298,C00462,Summer Savings,Push,2025-07-12,0,4.17
CP010299,C01704,Festive Sale,Email,2025-03-01,0,3.57
CP010300,C00392,Electronics Week,WhatsApp,2025-03-18,0,4.29
CP010301,C01715,Summer Savings,WhatsApp,2025-04-08,1,6.01
CP010302,C04693,Electronics Week,WhatsApp,2025-08-26,0,7.14
CP010303,C02752,Win Back,SMS,2025-03-18,0,7.56
CP010304,C03513,Fashion Days,Push,2025-04-25,0,3.77
CP010305,C02060,Electronics Week,Email,2025-05-16,0,3.97
CP010306,C03849,Summer Savings,SMS,2025-02-11,1,3.89
CP010307,C04979,New Customer Welcome,WhatsApp,2025-01-11,0,3.58
CP010308,C04084,Festive Sale,Email,2025-03-31,0,1.93
CP010309,C04099,VIP Exclusive,WhatsApp,2025-07-20,1,4.07
CP010310,C01039,Summer Savings,Email,2025-10-02,0,3.07
CP010311,C03824,Summer Savings,WhatsApp,2025-03-06,0,2.24
CP010312,C04276,Festive Sale,Email,2025-05-17,0,5.07
CP010313,C01925,VIP Exclusive,Social,2025-07-25,0,5.25
CP010314,C00220,Win Back,SMS,2025-07-30,0,4.52
CP010315,C04358,Festive Sale,SMS,2025-09-25,0,3.08
CP010316,C03941,Summer Savings,Email,2025-01-04,0,5.03
CP010317,C01813,Festive Sale,Email,2025-01-15,1,6.4
CP010318,C02395,Electronics Week,Email,2025-05-12,0,6.97
CP010319,C03722,Fashion Days,Email,2025-09-25,1,6.3
CP010320,C00861,Fashion Days,SMS,2025-04-11,0,4.66
CP010321,C03501,Fashion Days,WhatsApp,2025-09-01,0,1.8
CP010322,C00684,Festive Sale,SMS,2025-09-24,0,2.78
CP010323,C03911,VIP Exclusive,WhatsApp,2025-05-24,1,2.35
CP010324,C04134,VIP Exclusive,SMS,2025-12-12,0,7.76
CP010325,C03063,New Customer Welcome,Email,2025-03-17,0,3.64
CP010326,C04378,New Customer Welcome,Push,2025-02-28,0,0.72
CP010327,C00656,VIP Exclusive,Push,2025-04-25,1,4.9
CP010328,C04493,Electronics Week,SMS,2025-09-24,1,2.43
CP010329,C04027,New Customer Welcome,WhatsApp,2025-10-17,0,1.54
CP010330,C03046,VIP Exclusive,Push,2025-06-19,0,1.84
CP010331,C00912,New Customer Welcome,Push,2025-04-11,1,3.76
CP010332,C03996,Win Back,SMS,2025-01-08,0,4.66
CP010333,C03048,Fashion Days,SMS,2025-03-20,0,1.5
CP010334,C01979,New Customer Welcome,WhatsApp,2025-05-13,0,4.69
CP010335,C04412,Fashion Days,SMS,2025-11-04,0,0.79
CP010336,C02482,Win Back,Email,2025-01-14,0,4.69
CP010337,C02043,Electronics Week,Email,2025-02-22,0,1.72
CP010338,C03144,Summer Savings,Social,2025-09-13,0,3.26
CP010339,C01981,Fashion Days,Social,2025-01-09,1,7.77
CP010340,C00121,Fashion Days,Email,2025-02-17,0,6.03
CP010341,C00723,Electronics Week,WhatsApp,2025-11-13,0,7.54
CP010342,C02840,Electronics Week,Email,2025-01-05,1,4.14
CP010343,C00204,VIP Exclusive,Email,2025-11-30,1,1.14
CP010344,C01727,VIP Exclusive,Push,2025-11-24,1,4.97
CP010345,C00378,VIP Exclusive,Email,2025-08-17,0,0.74
CP010346,C01316,Summer Savings,WhatsApp,2025-10-30,0,3.52
CP010347,C00116,Summer Savings,Email,2025-01-03,0,6.26
CP010348,C04941,Electronics Week,WhatsApp,2025-08-02,1,2.27
CP010349,C00704,Electronics Week,SMS,2025-07-24,0,5.27
CP010350,C00108,Fashion Days,Push,2025-05-01,0,4.05
CP010351,C02180,Festive Sale,Push,2025-10-09,0,0.82
CP010352,C00420,Fashion Days,SMS,2025-01-24,0,2.99
CP010353,C04083,Fashion Days,Email,2025-01-22,0,6.06
CP010354,C01931,Summer Savings,SMS,2025-06-13,0,0.63
CP010355,C00610,Win Back,Email,2025-12-09,0,6.13
CP010356,C01734,Festive Sale,Push,2025-04-17,0,7.69
CP010357,C02239,Festive Sale,WhatsApp,2025-06-13,0,5.09
CP010358,C00803,Win Back,Email,2025-10-12,0,2.66
CP010359,C03674,Festive Sale,Email,2025-03-04,0,7.88
CP010360,C01591,VIP Exclusive,Social,2025-07-20,0,6.77
CP010361,C00883,New Customer Welcome,Push,2025-07-24,0,1.02
CP010362,C04384,Win Back,WhatsApp,2025-08-03,0,7.68
CP010363,C00892,Win Back,Email,2025-08-12,0,7.67
CP010364,C04745,Summer Savings,WhatsApp,2025-09-21,0,7.68
CP010365,C00643,Electronics Week,WhatsApp,2025-05-18,0,1.17
CP010366,C01887,New Customer Welcome,Email,2025-07-08,0,1.99
CP010367,C00337,Festive Sale,WhatsApp,2025-07-17,0,6.94
CP010368,C03866,Win Back,SMS,2025-07-20,0,3.87
CP010369,C03946,Fashion Days,WhatsApp,2025-12-04,0,1.76
CP010370,C01520,VIP Exclusive,SMS,2025-09-04,0,1.38
CP010371,C01959,Electronics Week,Push,2025-04-29,0,2.58
CP010372,C04871,Fashion Days,Push,2025-03-28,0,4.74
CP010373,C01703,Summer Savings,WhatsApp,2025-05-16,0,7.98
CP010374,C03720,Festive Sale,SMS,2025-06-03,0,1.68
CP010375,C04394,Electronics Week,WhatsApp,2025-05-28,0,1.55
CP010376,C03466,Electronics Week,Email,2025-11-18,0,1.16
CP010377,C01545,Fashion Days,Push,2025-08-23,1,0.74
CP010378,C02844,VIP Exclusive,Social,2025-02-03,0,4.6
CP010379,C02839,VIP Exclusive,SMS,2025-06-01,0,6.6
CP010380,C04486,VIP Exclusive,Email,2025-03-05,0,5.67
CP010381,C03911,Electronics Week,WhatsApp,2025-10-08,0,1.31
CP010382,C02934,Win Back,Push,2025-03-31,0,2.16
CP010383,C03781,New Customer Welcome,WhatsApp,2025-03-02,0,2.1
CP010384,C04904,Win Back,WhatsApp,2025-03-25,0,3.79
CP010385,C04580,Electronics Week,SMS,2025-09-14,0,1.87
CP010386,C01424,Fashion Days,Push,2025-10-15,0,1.95
CP010387,C02199,VIP Exclusive,Push,2025-01-19,0,3.0
CP010388,C04490,New Customer Welcome,WhatsApp,2025-03-07,1,6.64
CP010389,C00552,Summer Savings,Email,2025-09-25,1,5.08
CP010390,C03523,Fashion Days,WhatsApp,2025-09-27,0,0.66
CP010391,C02572,Electronics Week,,2025-02-27,0,1.68
CP010392,C02027,VIP Exclusive,SMS,2025-03-08,0,6.95
CP010393,C01568,Festive Sale,Email,2025-10-12,0,6.41
CP010394,C00479,Festive Sale,SMS,2025-07-18,1,2.9
CP010395,C02720,Fashion Days,Email,2025-07-26,1,2.83
CP010396,C03334,Fashion Days,Push,2025-01-27,0,2.47
CP010397,C03103,Festive Sale,Email,2025-08-07,0,2.23
CP010398,C00903,Fashion Days,Social,2025-08-08,0,7.15
CP010399,C00796,Win Back,Push,2025-08-24,0,5.89
CP010400,C01628,Electronics Week,Push,2025-08-24,0,6.65
CP010401,C00655,Summer Savings,Social,2025-09-14,1,4.69
CP010402,C04323,New Customer Welcome,Email,2025-01-04,0,6.3
CP010403,C03791,Festive Sale,WhatsApp,2025-08-12,0,3.97
CP010404,C04996,Win Back,WhatsApp,2025-02-28,0,2.32
CP010405,C01408,Fashion Days,WhatsApp,2025-07-13,0,4.66
CP010406,C00033,Festive Sale,SMS,2025-12-06,0,3.2
CP010407,C03686,Fashion Days,Email,2025-04-02,0,3.0
CP010408,C02803,VIP Exclusive,Push,2025-09-24,0,0.65
CP010409,C02932,Fashion Days,Push,2025-04-04,1,4.48
CP010410,C02186,VIP Exclusive,SMS,2025-08-19,0,6.78
CP010411,C02302,Win Back,SMS,2025-03-18,0,6.24
CP010412,C02402,New Customer Welcome,SMS,2025-11-20,0,4.72
CP010413,C01500,Win Back,WhatsApp,2025-01-30,1,7.06
CP010414,C01266,VIP Exclusive,WhatsApp,2025-08-28,0,7.42
CP010415,C02200,VIP Exclusive,Push,2025-09-19,0,2.12
CP010416,C03425,Fashion Days,SMS,2025-12-05,1,7.62
CP010417,C03425,Festive Sale,Push,2025-02-19,0,3.26
CP010418,C01668,Festive Sale,Social,2025-06-29,0,3.14
CP010419,C02641,VIP Exclusive,Email,2025-05-04,0,3.74
CP010420,C04128,VIP Exclusive,Social,2025-10-22,0,7.79
CP010421,C01257,Win Back,Email,2025-06-08,0,4.12
CP010422,C01880,Win Back,Email,2025-11-07,0,7.93
CP010423,C03236,Fashion Days,Email,2025-10-31,0,7.53
CP010424,C02903,Electronics Week,Social,2025-10-03,1,2.19
CP010425,C04430,Summer Savings,Email,2025-05-22,0,7.42
CP010426,C00946,Electronics Week,Email,2025-10-16,0,5.18
CP010427,C03865,Win Back,Email,2025-04-30,0,5.03
CP010428,C01445,Summer Savings,Email,2025-09-12,0,2.25
CP010429,C01084,Festive Sale,SMS,2025-02-03,0,7.53
CP010430,C03381,Win Back,WhatsApp,2025-08-16,0,3.82
CP010431,C02873,Electronics Week,Social,2025-12-11,0,5.22
CP010432,C01097,Summer Savings,Email,2025-02-15,1,5.21
CP010433,C03022,Festive Sale,Email,2025-04-05,0,4.72
CP010434,C01415,Summer Savings,SMS,2025-01-15,1,4.81
CP010435,C04684,Win Back,Push,2025-08-26,0,6.56
CP010436,C00006,Summer Savings,Email,2025-04-08,0,6.01
CP010437,C02715,Summer Savings,Email,2025-06-24,1,2.22
CP010438,C00954,Fashion Days,Email,2025-09-21,0,4.66
CP010439,C02899,Summer Savings,WhatsApp,2025-05-14,0,3.46
CP010440,C02830,New Customer Welcome,Push,2025-03-13,0,4.44
CP010441,C01643,Fashion Days,Email,2025-10-06,0,7.32
CP010442,C04836,Summer Savings,Social,2025-05-23,0,5.92
CP010443,C01520,Fashion Days,WhatsApp,2025-09-22,0,7.46
CP010444,C01932,Summer Savings,Email,2025-07-22,1,3.26
CP010445,C03699,Electronics Week,Push,2025-08-31,0,1.83
CP010446,C04655,Summer Savings,Email,2025-07-28,0,4.7
CP010447,C04603,VIP Exclusive,Social,2025-07-30,0,1.95
CP010448,C01092,VIP Exclusive,Push,2025-07-20,0,3.49
CP010449,C02726,Festive Sale,Email,2025-07-17,0,6.93
CP010450,C02946,New Customer Welcome,Email,2025-09-30,0,4.27
CP010451,C00508,New Customer Welcome,Social,2025-10-26,0,7.71
CP010452,C03973,New Customer Welcome,SMS,2025-06-05,0,2.43
CP010453,C00395,Summer Savings,Push,2025-11-25,0,5.15
CP010454,C04058,Win Back,Email,2025-07-07,0,3.52
CP010455,C00397,Fashion Days,Email,2025-08-12,0,2.73
CP010456,C02391,New Customer Welcome,Push,2025-09-27,1,6.09
CP010457,C01177,Festive Sale,WhatsApp,2025-03-21,1,5.13
CP010458,C01202,Festive Sale,WhatsApp,2025-09-12,0,2.04
CP010459,C00549,Win Back,Push,2025-07-15,0,3.32
CP010460,C02571,Electronics Week,SMS,2025-03-26,0,6.05
CP010461,C04508,New Customer Welcome,Email,2025-07-13,0,3.98
CP010462,C03352,New Customer Welcome,WhatsApp,2025-09-30,1,5.67
CP010463,C04317,VIP Exclusive,WhatsApp,2025-01-09,0,7.84
CP010464,C01977,VIP Exclusive,Social,2025-10-28,0,2.81
CP010465,C04604,New Customer Welcome,Push,2025-10-04,0,2.08
CP010466,C00880,Fashion Days,Email,2025-03-20,1,4.97
CP010467,C00568,Win Back,Email,2025-08-21,0,6.25
CP010468,C01251,Festive Sale,WhatsApp,2025-12-04,0,5.78
CP010469,C01084,VIP Exclusive,WhatsApp,2025-05-12,1,4.3
CP010470,C04507,Summer Savings,Social,2025-12-12,0,4.9
CP010471,C01883,New Customer Welcome,Push,2025-03-05,0,4.33
CP010472,C00649,Win Back,Email,2025-11-02,0,5.74
CP010473,C00273,Electronics Week,Push,2025-11-23,0,3.09
CP010474,C02340,VIP Exclusive,Email,2025-08-14,0,2.2
CP010475,C00667,Win Back,Email,2025-07-21,0,7.17
CP010476,C02122,Win Back,Social,2025-05-19,0,4.56
CP010477,C01050,VIP Exclusive,WhatsApp,2025-05-11,0,4.31
CP010478,C04331,New Customer Welcome,Email,2025-02-09,0,3.31
CP010479,C01887,VIP Exclusive,Email,2025-07-12,1,5.45
CP010480,C03804,Win Back,WhatsApp,2025-01-20,1,0.88
CP010481,C04850,Electronics Week,SMS,2025-09-22,0,3.11
CP010482,C02891,Win Back,Social,2025-02-22,1,4.31
CP010483,C03936,Festive Sale,Email,2025-05-08,0,5.69
CP010484,C01278,Electronics Week,Social,2025-02-17,0,5.05
CP010485,C00527,Festive Sale,SMS,2025-01-08,0,3.37
CP010486,C01282,New Customer Welcome,Email,2025-12-14,0,3.22
CP010487,C00253,Electronics Week,WhatsApp,2025-07-09,0,4.02
CP010488,C04671,New Customer Welcome,Push,2025-09-16,0,0.99
CP010489,C01706,New Customer Welcome,Email,2025-07-09,1,2.76
CP010490,C00697,Summer Savings,WhatsApp,2025-12-10,0,2.91
CP010491,C02341,Summer Savings,WhatsApp,2025-08-29,1,7.43
CP010492,C02177,Electronics Week,Email,2025-05-25,0,4.73
CP010493,C04857,Electronics Week,Email,2025-09-08,0,4.28
CP010494,C03503,Summer Savings,Social,2025-07-31,1,6.16
CP010495,C00306,New Customer Welcome,Push,2025-12-07,0,2.9
CP010496,C03443,Electronics Week,WhatsApp,2025-06-26,0,6.87
CP010497,C02744,Electronics Week,Email,2025-06-24,0,0.84
CP010498,C04453,New Customer Welcome,WhatsApp,2025-02-19,0,5.37
CP010499,C00905,Festive Sale,SMS,2025-03-29,0,6.07
CP010500,C04530,Electronics Week,Email,2025-06-29,0,5.81
CP010501,C01487,Win Back,Email,2025-02-28,0,2.76
CP010502,C02122,Summer Savings,Social,2025-10-04,0,2.02
CP010503,C00113,New Customer Welcome,Social,2025-02-03,0,5.38
CP010504,C01856,Festive Sale,Email,2025-03-25,0,2.48
CP010505,C00886,VIP Exclusive,Social,2025-03-03,0,2.95
CP010506,C02173,VIP Exclusive,Email,2025-05-02,0,4.17
CP010507,C00049,New Customer Welcome,Email,2025-08-13,0,7.97
CP010508,C04888,Electronics Week,Email,2025-03-05,0,5.57
CP010509,C01079,Win Back,SMS,2025-05-21,0,1.72
CP010510,C03929,Summer Savings,SMS,2025-03-07,0,5.35
CP010511,C03568,Win Back,Push,2025-04-16,0,5.43
CP010512,C04234,Festive Sale,WhatsApp,2025-10-30,0,5.46
CP010513,C02865,Summer Savings,Push,2025-01-02,0,3.34
CP010514,C04211,Electronics Week,SMS,2025-04-20,1,6.91
CP010515,C04822,Electronics Week,Social,2025-12-13,0,1.41
CP010516,C04403,Fashion Days,Push,2025-08-25,0,5.1
CP010517,C00453,VIP Exclusive,Push,2025-12-06,0,3.39
CP010518,C03477,Fashion Days,WhatsApp,2025-01-13,1,4.38
CP010519,C00609,Fashion Days,Email,2025-06-11,0,4.45
CP010520,C01474,Fashion Days,WhatsApp,2025-06-06,0,6.15
CP010521,C00107,Summer Savings,Push,2025-04-01,0,4.84
CP010522,C02527,Electronics Week,Social,2025-01-13,0,1.2
CP010523,C02651,Festive Sale,SMS,2025-07-29,0,2.9
CP010524,C00733,Electronics Week,WhatsApp,2025-04-14,0,3.87
CP010525,C01984,Win Back,Social,2025-12-05,1,0.75
CP010526,C03818,New Customer Welcome,Email,2025-07-30,0,1.68
CP010527,C04404,New Customer Welcome,Email,2025-07-27,0,6.53
CP010528,C02305,Win Back,SMS,2025-07-25,1,7.32
CP010529,C04125,Win Back,Push,2025-08-25,0,1.46
CP010530,C02253,Electronics Week,Email,2025-07-21,0,2.05
CP010531,C00016,Win Back,Email,2025-06-01,1,0.57
CP010532,C03276,Electronics Week,Social,2025-08-24,0,4.71
CP010533,C04776,VIP Exclusive,Email,2025-04-09,0,6.6
CP010534,C03054,Fashion Days,Email,2025-08-02,1,6.58
CP010535,C00414,Win Back,Push,2025-08-19,0,7.62
CP010536,C00759,Electronics Week,SMS,2025-09-08,1,4.16
CP010537,C01799,New Customer Welcome,Social,2025-02-12,0,2.75
CP010538,C03303,Win Back,WhatsApp,2025-01-28,0,1.5
CP010539,C03400,New Customer Welcome,Social,2025-04-12,0,3.5
CP010540,C04097,Summer Savings,WhatsApp,2025-09-12,1,2.31
CP010541,C02700,New Customer Welcome,Push,2025-03-21,0,3.46
CP010542,C00793,Fashion Days,Social,2025-07-14,1,2.45
CP010543,C04299,Summer Savings,Push,2025-05-13,0,5.56
CP010544,C01358,Summer Savings,,2025-12-14,0,3.15
CP010545,C03395,New Customer Welcome,WhatsApp,2025-10-19,0,3.13
CP010546,C02804,Festive Sale,SMS,2025-06-27,0,1.13
CP010547,C00476,Festive Sale,Push,2025-06-14,0,3.48
CP010548,C03973,Festive Sale,Push,2025-02-02,1,7.49
CP010549,C03185,Summer Savings,WhatsApp,2025-09-18,0,1.98
CP010550,C03370,Festive Sale,Email,2025-09-06,0,6.59
CP010551,C03777,VIP Exclusive,WhatsApp,2025-09-06,0,7.62
CP010552,C01118,New Customer Welcome,WhatsApp,2025-11-13,0,5.19
CP010553,C00955,Win Back,Email,2025-08-02,0,1.84
CP010554,C00908,Win Back,SMS,2025-03-15,1,4.53
CP010555,C00419,Fashion Days,Email,2025-07-07,0,2.76
CP010556,C01355,Festive Sale,Email,2025-11-18,0,5.36
CP010557,C03154,Festive Sale,SMS,2025-08-07,0,1.59
CP010558,C04179,New Customer Welcome,Email,2025-04-20,1,6.4
CP010559,C03400,New Customer Welcome,Push,2025-07-03,0,4.47
CP010560,C00943,New Customer Welcome,Push,2025-04-12,1,4.88
CP010561,C00197,New Customer Welcome,Email,2025-03-17,0,1.74
CP010562,C04576,Fashion Days,Email,2025-09-21,0,1.39
CP010563,C03106,Festive Sale,WhatsApp,2025-11-23,0,4.65
CP010564,C01032,Summer Savings,WhatsApp,2025-05-17,0,6.52
CP010565,C04379,Win Back,WhatsApp,2025-10-18,1,4.11
CP010566,C01594,Win Back,SMS,2025-12-15,0,1.02
CP010567,C00484,Fashion Days,SMS,2025-03-05,0,1.61
CP010568,C03256,New Customer Welcome,Push,2025-11-29,0,2.63
CP010569,C03601,New Customer Welcome,Push,2025-02-26,0,7.29
CP010570,C02970,Electronics Week,Push,2025-02-19,0,5.74
CP010571,C02903,Festive Sale,Social,2025-03-07,1,3.84
CP010572,C04481,Festive Sale,WhatsApp,2025-09-26,1,5.15
CP010573,C02659,Win Back,WhatsApp,2025-11-24,0,4.22
CP010574,C00501,Summer Savings,Email,2025-11-01,0,3.11
CP010575,C03408,Fashion Days,Email,2025-03-19,0,2.0
CP010576,C00568,Fashion Days,Social,2025-03-02,0,0.8
CP010577,C01448,Festive Sale,Push,2025-10-08,0,5.08
CP010578,C03178,Win Back,Email,2025-12-03,1,5.83
CP010579,C02615,Win Back,Social,2025-11-04,1,7.9
CP010580,C00499,New Customer Welcome,Social,2025-09-06,0,1.17
CP010581,C04766,Festive Sale,Email,2025-05-26,0,0.92
CP010582,C01233,Fashion Days,Social,2025-11-13,1,3.43
CP010583,C01668,Summer Savings,Social,2025-08-05,0,1.63
CP010584,C02228,Summer Savings,Email,2025-05-16,0,7.64
CP010585,C04594,Electronics Week,Push,2025-11-16,0,2.04
CP010586,C01563,Fashion Days,Email,2025-10-03,1,5.2
CP010587,C00733,New Customer Welcome,Email,2025-09-12,0,2.29
CP010588,C04524,VIP Exclusive,WhatsApp,2025-07-07,0,6.61
CP010589,C01172,New Customer Welcome,WhatsApp,2025-05-25,0,3.49
CP010590,C02477,VIP Exclusive,Push,2025-02-10,0,1.22
CP010591,C01442,New Customer Welcome,Email,2025-07-24,0,1.6
CP010592,C04498,Win Back,Social,2025-11-28,0,6.16
CP010593,C04809,Fashion Days,Push,2025-11-16,1,3.25
CP010594,C03317,Summer Savings,Push,2025-06-09,0,3.69
CP010595,C03091,Summer Savings,Email,2025-08-05,0,0.94
CP010596,C04276,Electronics Week,Social,2025-02-07,0,5.57
CP010597,C04723,Win Back,Email,2025-09-23,0,2.9
CP010598,C00027,Electronics Week,Social,2025-07-16,1,0.88
CP010599,C04226,Summer Savings,Email,2025-08-18,0,6.21
CP010600,C03415,Win Back,SMS,2025-09-15,0,6.08
CP010601,C01315,Win Back,Email,2025-07-30,0,1.96
CP010602,C01428,Summer Savings,WhatsApp,2025-06-04,0,7.12
CP010603,C02145,New Customer Welcome,WhatsApp,2025-01-22,1,7.0
CP010604,C03036,Summer Savings,Email,2025-08-30,0,1.03
CP010605,C01349,Electronics Week,WhatsApp,2025-11-22,0,3.48
CP010606,C03469,Fashion Days,Social,2025-10-04,1,5.93
CP010607,C04367,Electronics Week,SMS,2025-09-22,0,7.27
CP010608,C00497,Win Back,WhatsApp,2025-01-26,0,6.12
CP010609,C02655,Summer Savings,WhatsApp,2025-01-10,1,6.28
CP010610,C00080,Fashion Days,Push,2025-08-03,1,2.34
CP010611,C04724,Win Back,Push,2025-03-04,0,2.91
CP010612,C03394,New Customer Welcome,WhatsApp,2025-01-01,1,0.51
CP010613,C01592,Fashion Days,Push,2025-06-27,1,0.95
CP010614,C00569,VIP Exclusive,WhatsApp,2025-01-04,0,2.69
CP010615,C00110,Summer Savings,Push,2025-10-16,0,3.44
CP010616,C03034,New Customer Welcome,SMS,2025-02-06,0,6.62
CP010617,C00409,Electronics Week,Push,2025-03-13,0,7.92
CP010618,C02702,Fashion Days,SMS,2025-04-30,0,3.82
CP010619,C03371,VIP Exclusive,Social,2025-11-09,0,3.23
CP010620,C01067,VIP Exclusive,Push,2025-04-16,1,5.96
CP010621,C04176,Summer Savings,Email,2025-08-25,1,1.29
CP010622,C03965,Summer Savings,Push,2025-01-31,1,3.69
CP010623,C03842,Electronics Week,Social,2025-02-13,0,5.07
CP010624,C00752,Electronics Week,Social,2025-05-21,0,7.97
CP010625,C03319,Win Back,WhatsApp,2025-07-22,0,5.41
CP010626,C04090,Win Back,Push,2025-05-24,1,5.91
CP010627,C03252,Win Back,Social,2025-08-12,1,3.37
CP010628,C03498,Festive Sale,WhatsApp,2025-01-08,0,2.43
CP010629,C03333,New Customer Welcome,WhatsApp,2025-07-12,0,4.15
CP010630,C00369,Electronics Week,Push,2025-02-16,0,5.7
CP010631,C03248,Summer Savings,Social,2025-04-08,0,3.93
CP010632,C03669,New Customer Welcome,SMS,2025-12-10,0,2.42
CP010633,C00691,Summer Savings,Push,2025-03-30,1,2.0
CP010634,C02565,Electronics Week,Email,2025-09-10,0,0.85
CP010635,C01289,Summer Savings,WhatsApp,2025-03-19,0,3.43
CP010636,C00199,VIP Exclusive,Push,2025-06-18,0,7.89
CP010637,C02406,Win Back,Push,2025-02-03,0,3.49
CP010638,C01990,Electronics Week,Push,2025-03-12,0,2.75
CP010639,C01154,New Customer Welcome,WhatsApp,2025-04-19,0,4.96
CP010640,C00252,Summer Savings,Email,2025-03-20,0,6.75
CP010641,C03572,New Customer Welcome,WhatsApp,2025-03-02,1,1.81
CP010642,C00727,VIP Exclusive,SMS,2025-02-06,0,1.9
CP010643,C00123,Summer Savings,Push,2025-04-09,0,4.72
CP010644,C04686,Electronics Week,WhatsApp,2025-08-21,0,6.95
CP010645,C04793,Summer Savings,Email,2025-05-21,1,5.33
CP010646,C01340,VIP Exclusive,Push,2025-04-16,0,1.62
CP010647,C04635,Summer Savings,WhatsApp,2025-08-09,0,1.05
CP010648,C00732,VIP Exclusive,WhatsApp,2025-03-25,1,1.04
CP010649,C02319,Summer Savings,SMS,2025-06-07,0,0.63
CP010650,C04928,Summer Savings,WhatsApp,2025-01-26,0,4.38
CP010651,C01071,Win Back,SMS,2025-07-01,0,5.19
CP010652,C01046,Electronics Week,Social,2025-05-31,0,0.95
CP010653,C03185,New Customer Welcome,Email,2025-02-02,1,3.94
CP010654,C04951,Win Back,WhatsApp,2025-02-23,1,2.63
CP010655,C04508,Electronics Week,WhatsApp,2025-10-20,0,2.65
CP010656,C00367,Electronics Week,Social,2025-02-12,0,6.98
CP010657,C00668,New Customer Welcome,SMS,2025-04-21,1,0.7
CP010658,C00723,Electronics Week,WhatsApp,2025-08-24,0,2.97
CP010659,C03776,Electronics Week,SMS,2025-10-10,0,7.44
CP010660,C02186,New Customer Welcome,Email,2025-08-31,0,4.5
CP010661,C00674,VIP Exclusive,SMS,2025-10-13,0,7.51
CP010662,C03102,Win Back,SMS,2025-01-30,1,1.32
CP010663,C04826,VIP Exclusive,Email,2025-09-02,1,3.31
CP010664,C02833,Summer Savings,Email,2025-01-16,0,4.9
CP010665,C01055,Summer Savings,Social,2025-12-13,1,7.24
CP010666,C04765,VIP Exclusive,SMS,2025-10-17,0,5.35
CP010667,C00709,Summer Savings,Push,2025-05-20,0,6.32
CP010668,C01935,Summer Savings,Email,2025-08-14,0,4.34
CP010669,C00416,Summer Savings,WhatsApp,2025-10-19,0,3.71
CP010670,C03028,VIP Exclusive,WhatsApp,2025-11-18,0,4.75
CP010671,C02313,New Customer Welcome,Push,2025-08-07,0,1.59
CP010672,C04141,New Customer Welcome,SMS,2025-07-26,0,7.08
CP010673,C03365,VIP Exclusive,Push,2025-02-22,1,6.54
CP010674,C01525,Festive Sale,Push,2025-04-14,1,0.53
CP010675,C01907,Electronics Week,Push,2025-02-21,1,5.1
CP010676,C01889,Festive Sale,WhatsApp,2025-08-26,0,7.22
CP010677,C04845,Festive Sale,SMS,2025-12-09,0,3.62
CP010678,C01019,Festive Sale,SMS,2025-12-05,0,2.19
CP010679,C03212,Electronics Week,Email,2025-07-18,0,1.42
CP010680,C01267,Summer Savings,Email,2025-07-26,0,6.19
CP010681,C01499,Electronics Week,Email,2025-09-21,0,0.67
CP010682,C04727,VIP Exclusive,WhatsApp,2025-04-24,0,6.38
CP010683,C04397,New Customer Welcome,Email,2025-09-22,0,6.78
CP010684,C01575,Festive Sale,SMS,2025-08-19,0,0.73
CP010685,C04026,Festive Sale,Social,2025-11-18,1,6.06
CP010686,C02225,Fashion Days,WhatsApp,2025-03-17,0,7.54
CP010687,C02424,Fashion Days,SMS,2025-07-24,0,5.37
CP010688,C00997,Win Back,Email,2025-06-05,1,2.84
CP010689,C01638,Festive Sale,Push,2025-09-01,1,4.85
CP010690,C04295,VIP Exclusive,Email,2025-08-01,1,0.63
CP010691,C03313,Fashion Days,WhatsApp,2025-03-23,0,1.29
CP010692,C00620,VIP Exclusive,WhatsApp,2025-11-08,0,6.7
CP010693,C04433,VIP Exclusive,Email,2025-05-19,0,6.39
CP010694,C00856,VIP Exclusive,Email,2025-04-30,1,7.67
CP010695,C00144,Summer Savings,SMS,2025-04-26,1,2.67
CP010696,C01457,Festive Sale,Push,2025-04-26,0,4.75
CP010697,C00708,New Customer Welcome,Social,2025-10-02,0,6.2
CP010698,C04086,Electronics Week,SMS,2025-05-04,0,7.54
CP010699,C02693,Electronics Week,Email,2025-02-17,0,5.73
CP010700,C02648,New Customer Welcome,Email,2025-03-17,0,2.4
CP010701,C01195,Summer Savings,Email,2025-02-18,0,1.43
CP010702,C01188,Electronics Week,Email,2025-10-04,0,3.57
CP010703,C00187,Festive Sale,Email,2025-01-21,1,3.23
CP010704,C04404,New Customer Welcome,Push,2025-11-30,0,7.16
CP010705,C02637,Festive Sale,Push,2025-03-11,0,4.76
CP010706,C03969,Summer Savings,WhatsApp,2025-11-15,1,4.06
CP010707,C03185,VIP Exclusive,Push,2025-04-06,1,3.47
CP010708,C04249,Summer Savings,Social,2025-03-10,0,3.02
CP010709,C02048,New Customer Welcome,Push,2025-09-23,0,1.57
CP010710,C00932,Win Back,SMS,2025-03-22,1,3.63
CP010711,C00470,VIP Exclusive,Email,2025-01-31,1,6.46
CP010712,C02423,Win Back,WhatsApp,2025-02-01,0,7.37
CP010713,C04837,Electronics Week,Email,2025-12-04,0,1.0
CP010714,C04010,Festive Sale,WhatsApp,2025-01-15,0,5.26
CP010715,C01388,Electronics Week,Email,2025-06-07,0,4.86
CP010716,C03101,Festive Sale,Push,2025-11-24,0,6.62
CP010717,C01124,Fashion Days,Email,2025-12-05,0,7.43
CP010718,C04227,Electronics Week,Email,2025-04-28,1,1.48
CP010719,C00193,VIP Exclusive,Email,2025-11-30,0,4.38
CP010720,C02089,Win Back,SMS,2025-09-24,0,6.28
CP010721,C04089,New Customer Welcome,Email,2025-05-09,1,3.42
CP010722,C03184,New Customer Welcome,Email,2025-08-17,0,3.84
CP010723,C04434,Summer Savings,WhatsApp,2025-04-24,0,4.3
CP010724,C00064,Festive Sale,WhatsApp,2025-07-01,0,4.22
CP010725,C00235,New Customer Welcome,Push,2025-06-22,0,2.34
CP010726,C03224,Win Back,Email,2025-08-22,0,3.91
CP010727,C00990,Win Back,Push,2025-04-03,1,6.34
CP010728,C03752,Festive Sale,SMS,2025-05-29,1,7.25
CP010729,C04299,Festive Sale,Email,2025-07-16,1,6.29
CP010730,C04500,Win Back,Email,2025-05-08,0,3.95
CP010731,C02155,Electronics Week,WhatsApp,2025-06-26,0,5.1
CP010732,C03586,Summer Savings,Email,2025-05-10,0,7.84
CP010733,C00986,Electronics Week,SMS,2025-04-20,1,4.46
CP010734,C02417,Summer Savings,SMS,2025-02-06,0,1.04
CP010735,C01651,VIP Exclusive,SMS,2025-01-23,1,4.71
CP010736,C02175,VIP Exclusive,Social,2025-11-24,1,1.92
CP010737,C03815,Summer Savings,Email,2025-07-19,0,3.19
CP010738,C03352,Fashion Days,SMS,2025-08-06,0,4.19
CP010739,C03509,Festive Sale,Email,2025-09-20,0,3.23
CP010740,C01901,New Customer Welcome,Email,2025-12-09,0,0.54
CP010741,C01729,New Customer Welcome,WhatsApp,2025-01-13,0,1.98
CP010742,C03501,VIP Exclusive,Push,2025-10-28,0,2.91
CP010743,C02940,VIP Exclusive,WhatsApp,2025-10-18,0,5.7
CP010744,C03808,New Customer Welcome,SMS,2025-09-05,0,1.32
CP010745,C00482,VIP Exclusive,WhatsApp,2025-06-04,0,3.81
CP010746,C00708,Electronics Week,Email,2025-02-20,0,6.72
CP010747,C03561,New Customer Welcome,SMS,2025-04-19,0,7.57
CP010748,C02364,Win Back,Social,2025-02-12,0,3.55
CP010749,C01531,Win Back,SMS,2025-12-09,0,2.46
CP010750,C04767,Fashion Days,Email,2025-07-12,0,7.13
CP010751,C02203,Win Back,WhatsApp,2025-10-05,0,7.08
CP010752,C01855,VIP Exclusive,WhatsApp,2025-02-09,1,4.29
CP010753,C00657,VIP Exclusive,SMS,2025-04-19,0,5.62
CP010754,C00463,Summer Savings,WhatsApp,2025-05-09,0,5.82
CP010755,C02948,Summer Savings,,2025-04-05,1,7.13
CP010756,C00255,Electronics Week,Email,2025-08-30,1,6.53
CP010757,C00805,Electronics Week,Email,2025-11-14,0,6.44
CP010758,C01530,Electronics Week,Social,2025-05-04,0,3.21
CP010759,C01970,Summer Savings,WhatsApp,2025-08-31,0,5.41
CP010760,C03313,Win Back,Push,2025-06-14,0,7.48
CP010761,C03269,Fashion Days,Push,2025-11-24,0,6.52
CP010762,C01654,Electronics Week,SMS,2025-04-14,0,5.81
CP010763,C00187,Fashion Days,WhatsApp,2025-03-19,1,6.13
CP010764,C04973,VIP Exclusive,SMS,2025-04-02,0,6.31
CP010765,C02239,New Customer Welcome,Email,2025-01-16,1,5.56
CP010766,C00383,Fashion Days,SMS,2025-03-20,1,1.74
CP010767,C01808,Summer Savings,SMS,2025-12-02,1,0.92
CP010768,C00623,Win Back,SMS,2025-02-08,1,1.34
CP010769,C00397,Win Back,Push,2025-01-19,1,0.78
CP010770,C03681,Win Back,Email,2025-11-08,0,6.59
CP010771,C02549,Fashion Days,WhatsApp,2025-05-31,0,2.91
CP010772,C04232,Fashion Days,Push,2025-08-31,0,6.52
CP010773,C04109,Summer Savings,SMS,2025-04-02,1,6.83
CP010774,C01540,Win Back,Email,2025-07-02,0,7.78
CP010775,C01148,VIP Exclusive,Push,2025-07-09,0,3.35
CP010776,C01027,Summer Savings,WhatsApp,2025-03-30,0,4.32
CP010777,C04623,Fashion Days,Email,2025-03-31,0,1.13
CP010778,C03476,Fashion Days,SMS,2025-06-18,0,5.97
CP010779,C02506,New Customer Welcome,Social,2025-08-11,0,2.45
CP010780,C03186,VIP Exclusive,Email,2025-06-17,0,2.69
CP010781,C00826,Summer Savings,SMS,2025-01-09,0,3.64
CP010782,C03792,New Customer Welcome,Email,2025-03-21,0,6.02
CP010783,C02901,Summer Savings,SMS,2025-06-23,0,5.87
CP010784,C01772,Festive Sale,Push,2025-05-01,0,3.95
CP010785,C00882,Win Back,Push,2025-08-19,0,7.89
CP010786,C00037,New Customer Welcome,Push,2025-03-09,1,3.64
CP010787,C02378,Win Back,WhatsApp,2025-03-04,0,1.32
CP010788,C01030,VIP Exclusive,Social,2025-11-30,0,4.71
CP010789,C03183,Win Back,WhatsApp,2025-04-12,0,4.51
CP010790,C02023,Fashion Days,SMS,2025-07-18,0,1.84
CP010791,C01437,New Customer Welcome,WhatsApp,2025-06-07,1,0.64
CP010792,C04460,VIP Exclusive,SMS,2025-08-20,0,7.29
CP010793,C03466,VIP Exclusive,Social,2025-06-27,0,5.28
CP010794,C02451,Win Back,WhatsApp,2025-09-02,0,5.27
CP010795,C02768,New Customer Welcome,SMS,2025-11-16,0,2.63
CP010796,C03005,Summer Savings,WhatsApp,2025-05-31,0,7.88
CP010797,C02229,Summer Savings,WhatsApp,2025-04-07,0,3.09
CP010798,C02412,VIP Exclusive,WhatsApp,2025-06-03,1,7.8
CP010799,C00315,Electronics Week,WhatsApp,2025-11-29,0,6.41
CP010800,C04853,Festive Sale,Email,2025-09-01,0,1.38
CP010801,C02292,Win Back,Email,2025-05-06,0,2.94
CP010802,C01833,Electronics Week,Push,2025-03-27,0,7.93
CP010803,C00110,VIP Exclusive,WhatsApp,2025-05-14,1,6.98
CP010804,C02902,Fashion Days,SMS,2025-08-22,1,2.45
CP010805,C02763,Electronics Week,Email,2025-06-07,0,4.0
CP010806,C03605,Win Back,Email,2025-03-23,0,3.98
CP010807,C02107,Electronics Week,Social,2025-03-14,1,2.46
CP010808,C01058,Fashion Days,SMS,2025-05-16,0,3.07
CP010809,C02872,New Customer Welcome,WhatsApp,2025-05-29,0,0.8
CP010810,C03369,VIP Exclusive,WhatsApp,2025-12-05,1,6.53
CP010811,C02758,Win Back,Push,2025-10-27,1,1.55
CP010812,C00172,Fashion Days,Email,2025-05-01,0,6.82
CP010813,C00134,New Customer Welcome,WhatsApp,2025-12-11,0,3.69
CP010814,C03865,Electronics Week,Push,2025-06-15,0,6.98
CP010815,C02067,Win Back,SMS,2025-10-16,0,7.52
CP010816,C00549,Festive Sale,Email,2025-10-18,0,7.34
CP010817,C00899,Win Back,WhatsApp,2025-08-03,0,7.23
CP010818,C04194,Win Back,Push,2025-05-17,0,1.9
CP010819,C04223,Summer Savings,Email,2025-01-16,0,5.88
CP010820,C02835,New Customer Welcome,SMS,2025-01-23,0,3.45
CP010821,C02078,Summer Savings,WhatsApp,2025-06-06,0,6.62
CP010822,C01131,Electronics Week,SMS,2025-07-21,0,7.44
CP010823,C03610,Fashion Days,Social,2025-03-24,0,3.94
CP010824,C02028,Electronics Week,SMS,2025-01-08,0,5.3
CP010825,C04003,Festive Sale,Push,2025-09-02,0,2.02
CP010826,C00961,New Customer Welcome,Push,2025-10-26,0,5.07
CP010827,C00379,Fashion Days,SMS,2025-12-14,0,1.26
CP010828,C02762,Summer Savings,SMS,2025-06-17,0,4.08
CP010829,C01252,Win Back,WhatsApp,2025-09-25,0,1.82
CP010830,C02703,Festive Sale,WhatsApp,2025-09-08,1,4.42
CP010831,C02140,Festive Sale,Email,2025-01-13,1,6.78
CP010832,C02964,New Customer Welcome,Email,2025-07-19,0,5.51
CP010833,C01625,Electronics Week,WhatsApp,2025-09-09,0,7.9
CP010834,C02851,Summer Savings,SMS,2025-10-11,1,7.07
CP010835,C02298,Electronics Week,WhatsApp,2025-11-11,0,3.05
CP010836,C00434,Fashion Days,WhatsApp,2025-04-03,1,2.4
CP010837,C04084,VIP Exclusive,WhatsApp,2025-07-31,1,4.86
CP010838,C01696,Fashion Days,Email,2025-03-31,1,7.3
CP010839,C02416,Electronics Week,WhatsApp,2025-01-14,1,5.25
CP010840,C00273,Summer Savings,Push,2025-01-24,0,5.81
CP010841,C02562,Summer Savings,Push,2025-11-01,0,2.65
CP010842,C02325,Fashion Days,Push,2025-12-01,0,2.94
CP010843,C00064,Festive Sale,Email,2025-09-06,0,3.44
CP010844,C01818,Fashion Days,Email,2025-12-12,0,3.76
CP010845,C00793,Electronics Week,SMS,2025-03-20,0,5.46
CP010846,C04415,VIP Exclusive,SMS,2025-05-07,0,1.58
CP010847,C01921,New Customer Welcome,SMS,2025-06-08,1,3.66
CP010848,C01633,VIP Exclusive,Email,2025-10-09,0,7.57
CP010849,C03331,Electronics Week,Social,2025-02-19,0,5.92
CP010850,C02076,Summer Savings,Email,2025-09-17,0,2.13
CP010851,C03033,Win Back,Push,2025-06-16,0,1.54
CP010852,C02455,Fashion Days,Push,2025-11-18,0,2.92
CP010853,C01271,New Customer Welcome,Email,2025-03-05,1,4.84
CP010854,C03926,Festive Sale,Social,2025-09-16,0,0.62
CP010855,C04105,Win Back,Email,2025-01-16,1,4.89
CP010856,C03099,Festive Sale,Push,2025-04-10,0,6.93
CP010857,C03461,VIP Exclusive,Push,2025-09-23,1,5.53
CP010858,C00436,Win Back,Email,2025-03-02,1,4.64
CP010859,C02591,VIP Exclusive,Email,2025-09-08,0,6.22
CP010860,C03827,Festive Sale,Email,2025-07-09,0,4.03
CP010861,C01471,Win Back,WhatsApp,2025-04-27,0,1.4
CP010862,C02217,Electronics Week,SMS,2025-03-13,1,7.67
CP010863,C01043,Fashion Days,Push,2025-05-04,0,4.43
CP010864,C01983,VIP Exclusive,SMS,2025-09-12,0,3.79
CP010865,C02892,Win Back,WhatsApp,2025-01-29,0,7.09
CP010866,C01889,Fashion Days,SMS,2025-04-11,1,1.49
CP010867,C01219,Festive Sale,Email,2025-07-11,1,4.07
CP010868,C03914,Electronics Week,SMS,2025-01-04,0,1.73
CP010869,C02449,VIP Exclusive,Email,2025-11-02,0,4.46
CP010870,C03728,New Customer Welcome,WhatsApp,2025-10-10,0,3.37
CP010871,C01855,Win Back,Email,2025-05-18,0,2.79
CP010872,C01111,VIP Exclusive,WhatsApp,2025-08-30,0,3.12
CP010873,C02911,Summer Savings,Social,2025-04-06,0,7.41
CP010874,C04050,Win Back,WhatsApp,2025-11-29,0,3.64
CP010875,C00238,VIP Exclusive,Email,2025-02-21,0,3.5
CP010876,C01836,New Customer Welcome,SMS,2025-11-04,0,1.79
CP010877,C01334,VIP Exclusive,Social,2025-12-02,0,5.81
CP010878,C00544,Festive Sale,WhatsApp,2025-03-02,0,3.55
CP010879,C01445,Fashion Days,,2025-05-20,1,0.67
CP010880,C02299,Summer Savings,SMS,2025-06-26,0,4.18
CP010881,C02607,Electronics Week,Push,2025-02-20,0,5.41
CP010882,C02127,New Customer Welcome,WhatsApp,2025-05-05,0,3.07
CP010883,C02160,Win Back,Push,2025-01-30,0,3.41
CP010884,C00906,Festive Sale,Email,2025-01-27,0,0.6
CP010885,C01408,Summer Savings,Push,2025-01-29,0,7.9
CP010886,C03979,Electronics Week,SMS,2025-09-15,0,7.87
CP010887,C03691,Summer Savings,Email,2025-02-14,0,3.54
CP010888,C01759,Summer Savings,SMS,2025-01-27,0,6.88
CP010889,C00552,New Customer Welcome,Social,2025-02-26,0,5.8
CP010890,C00587,Win Back,Push,2025-08-06,0,5.18
CP010891,C01665,Festive Sale,WhatsApp,2025-10-30,0,6.99
CP010892,C03365,Win Back,Email,2025-04-16,0,5.81
CP010893,C04239,Festive Sale,SMS,2025-08-19,0,2.64
CP010894,C04821,Fashion Days,Push,2025-08-28,0,6.6
CP010895,C03549,Electronics Week,Push,2025-07-03,0,7.17
CP010896,C00905,VIP Exclusive,WhatsApp,2025-09-08,1,3.48
CP010897,C02127,Festive Sale,Push,2025-02-14,0,6.4
CP010898,C03120,Win Back,SMS,2025-03-14,0,7.12
CP010899,C00628,Festive Sale,Push,2025-10-09,1,1.25
CP010900,C02124,Win Back,SMS,2025-06-15,0,7.95
CP010901,C03545,Festive Sale,SMS,2025-10-02,0,5.21
CP010902,C04692,Fashion Days,WhatsApp,2025-07-01,0,2.67
CP010903,C04526,Summer Savings,Social,2025-03-02,0,7.48
CP010904,C00682,Electronics Week,WhatsApp,2025-03-03,0,4.99
CP010905,C04947,Win Back,Email,2025-02-21,0,7.37
CP010906,C01626,Electronics Week,Email,2025-08-28,1,6.87
CP010907,C02247,Summer Savings,Push,2025-02-09,0,4.96
CP010908,C02269,New Customer Welcome,Push,2025-06-26,0,6.28
CP010909,C04416,Summer Savings,SMS,2025-08-09,0,7.87
CP010910,C01389,New Customer Welcome,WhatsApp,2025-09-14,0,4.4
CP010911,C04162,Festive Sale,Push,2025-03-14,0,1.11
CP010912,C02589,Electronics Week,Email,2025-07-02,1,5.2
CP010913,C04358,VIP Exclusive,Push,2025-05-06,0,3.79
CP010914,C03824,Festive Sale,Email,2025-07-24,0,0.51
CP010915,C04983,Fashion Days,Social,2025-07-31,0,3.31
CP010916,C01542,Win Back,WhatsApp,2025-07-20,0,4.63
CP010917,C02479,Electronics Week,,2025-07-01,0,3.29
CP010918,C03684,Summer Savings,WhatsApp,2025-04-03,0,4.05
CP010919,C01265,Electronics Week,Push,2025-07-04,1,4.75
CP010920,C01853,Festive Sale,Email,2025-11-19,0,6.57
CP010921,C00057,Summer Savings,WhatsApp,2025-11-06,0,6.45
CP010922,C01787,New Customer Welcome,Email,2025-01-17,0,7.7
CP010923,C02387,New Customer Welcome,Email,2025-03-30,0,1.34
CP010924,C00824,Festive Sale,Email,2025-11-21,1,3.0
CP010925,C03326,Summer Savings,SMS,2025-10-02,0,6.53
CP010926,C02616,Festive Sale,Social,2025-03-22,0,4.53
CP010927,C01045,Electronics Week,Email,2025-10-16,0,7.86
CP010928,C01825,Win Back,Push,2025-02-10,0,5.82
CP010929,C03022,VIP Exclusive,Social,2025-03-02,0,1.56
CP010930,C02005,Electronics Week,WhatsApp,2025-07-03,0,5.49
CP010931,C01180,VIP Exclusive,WhatsApp,2025-05-17,0,4.73
CP010932,C00289,Fashion Days,Push,2025-02-10,0,1.1
CP010933,C02805,Win Back,WhatsApp,2025-08-21,0,6.76
CP010934,C02609,Festive Sale,Social,2025-07-01,0,7.2
CP010935,C01032,Fashion Days,Email,2025-09-22,0,3.35
CP010936,C00675,VIP Exclusive,Social,2025-09-14,0,5.19
CP010937,C02192,New Customer Welcome,Push,2025-07-10,0,6.19
CP010938,C03445,VIP Exclusive,Social,2025-05-06,1,6.02
CP010939,C04140,Festive Sale,Email,2025-10-11,1,5.31
CP010940,C03038,Festive Sale,WhatsApp,2025-07-12,0,4.45
CP010941,C04966,Summer Savings,Email,2025-02-07,0,2.38
CP010942,C03085,Festive Sale,SMS,2025-10-24,0,7.82
CP010943,C04078,VIP Exclusive,WhatsApp,2025-02-02,0,7.35
CP010944,C03627,New Customer Welcome,SMS,2025-01-10,1,1.78
CP010945,C03407,Win Back,Email,2025-03-13,0,2.83
CP010946,C03356,New Customer Welcome,SMS,2025-09-26,1,1.08
CP010947,C00452,New Customer Welcome,WhatsApp,2025-09-18,0,6.34
CP010948,C00527,Electronics Week,SMS,2025-03-14,0,1.76
CP010949,C03826,Electronics Week,Email,2025-05-21,0,1.3
CP010950,C02025,Festive Sale,WhatsApp,2025-04-18,0,3.88
CP010951,C02437,Summer Savings,WhatsApp,2025-01-28,0,5.82
CP010952,C02203,Festive Sale,Social,2025-03-06,1,1.96
CP010953,C02622,New Customer Welcome,Push,2025-06-07,0,5.24
CP010954,C02559,Festive Sale,SMS,2025-06-06,0,4.66
CP010955,C04090,New Customer Welcome,Push,2025-02-03,1,6.35
CP010956,C01259,New Customer Welcome,Email,2025-06-21,0,3.93
CP010957,C03413,Electronics Week,SMS,2025-09-10,0,5.81
CP010958,C02487,Summer Savings,Email,2025-03-05,0,6.3
CP010959,C04350,Summer Savings,WhatsApp,2025-02-04,0,2.32
CP010960,C02543,Win Back,Push,2025-04-20,0,0.98
CP010961,C04383,Fashion Days,Email,2025-08-18,0,5.98
CP010962,C00378,New Customer Welcome,WhatsApp,2025-02-06,0,6.86
CP010963,C04400,Electronics Week,Social,2025-10-01,0,3.6
CP010964,C02121,Fashion Days,Email,2025-04-09,1,2.67
CP010965,C00369,Win Back,SMS,2025-07-20,0,4.92
CP010966,C02375,VIP Exclusive,Email,2025-11-30,1,5.56
CP010967,C04318,New Customer Welcome,Push,2025-04-13,0,4.76
CP010968,C02326,Festive Sale,Push,2025-10-01,1,1.87
CP010969,C03731,New Customer Welcome,SMS,2025-08-24,1,7.83
CP010970,C04833,Fashion Days,Push,2025-06-12,1,0.64
CP010971,C01768,VIP Exclusive,Email,2025-03-09,0,4.31
CP010972,C01947,New Customer Welcome,Email,2025-11-28,0,1.33
CP010973,C01071,New Customer Welcome,SMS,2025-06-09,0,3.16
CP010974,C03581,Summer Savings,Email,2025-10-31,0,5.46
CP010975,C02044,Fashion Days,Email,2025-10-01,0,1.4
CP010976,C04916,Summer Savings,Email,2025-07-10,0,7.65
CP010977,C03915,New Customer Welcome,Email,2025-05-30,0,1.13
CP010978,C01989,New Customer Welcome,SMS,2025-12-06,0,3.35
CP010979,C01677,Win Back,SMS,2025-01-10,0,3.81
CP010980,C03216,VIP Exclusive,SMS,2025-07-09,0,3.2
CP010981,C03367,Festive Sale,Social,2025-06-19,0,6.43
CP010982,C04359,VIP Exclusive,SMS,2025-06-30,0,7.13
CP010983,C01398,Win Back,SMS,2025-09-24,0,3.4
CP010984,C02164,Festive Sale,SMS,2025-05-02,0,4.11
CP010985,C04837,VIP Exclusive,Social,2025-05-18,0,3.69
CP010986,C02018,Summer Savings,SMS,2025-06-19,0,5.02
CP010987,C00277,Summer Savings,Push,2025-08-25,0,1.59
CP010988,C04710,VIP Exclusive,Email,2025-02-28,0,1.96
CP010989,C00493,Summer Savings,WhatsApp,2025-10-13,0,4.25
CP010990,C00476,VIP Exclusive,SMS,2025-04-23,0,1.75
CP010991,C02140,Electronics Week,WhatsApp,2025-03-29,0,7.14
CP010992,C04001,Win Back,WhatsApp,2025-09-19,1,4.01
CP010993,C00878,Electronics Week,WhatsApp,2025-04-02,0,4.04
CP010994,C00622,VIP Exclusive,WhatsApp,2025-04-22,0,7.48
CP010995,C00259,Summer Savings,WhatsApp,2025-01-20,0,2.15
CP010996,C04117,Festive Sale,Push,2025-07-28,0,6.33
CP010997,C02556,Electronics Week,Social,2025-09-07,1,7.29
CP010998,C01834,Festive Sale,WhatsApp,2025-12-03,0,4.85
CP010999,C03899,Summer Savings,WhatsApp,2025-10-17,0,1.41
CP011000,C02273,Summer Savings,WhatsApp,2025-02-09,1,7.86
CP011001,C03781,Festive Sale,WhatsApp,2025-04-19,1,5.21
CP011002,C01631,Fashion Days,WhatsApp,2025-08-27,0,2.96
CP011003,C04041,New Customer Welcome,WhatsApp,2025-10-21,0,2.25
CP011004,C01114,Fashion Days,Push,2025-07-28,0,3.24
CP011005,C01291,New Customer Welcome,SMS,2025-01-10,1,6.05
CP011006,C02922,Summer Savings,SMS,2025-02-24,0,3.6
CP011007,C04990,VIP Exclusive,Email,2025-09-01,1,3.15
CP011008,C01584,Win Back,Push,2025-03-04,0,1.49
CP011009,C03887,Festive Sale,Email,2025-08-31,1,2.73
CP011010,C03877,Electronics Week,SMS,2025-09-16,0,1.41
CP011011,C00123,VIP Exclusive,WhatsApp,2025-02-10,0,7.45
CP011012,C03177,Festive Sale,Email,2025-02-17,0,7.58
CP011013,C04885,Summer Savings,Email,2025-03-18,1,1.1
CP011014,C00724,Electronics Week,SMS,2025-07-12,0,1.03
CP011015,C00134,Fashion Days,Push,2025-06-24,0,7.7
CP011016,C03828,Fashion Days,Push,2025-10-02,0,1.48
CP011017,C03995,Summer Savings,Email,2025-06-27,0,3.25
CP011018,C00779,Festive Sale,Email,2025-03-15,0,6.18
CP011019,C01578,Festive Sale,Email,2025-12-12,0,7.1
CP011020,C04581,Electronics Week,Email,2025-09-05,0,5.38
CP011021,C04370,Win Back,Email,2025-02-13,0,4.94
CP011022,C01854,Win Back,Push,2025-08-02,1,6.47
CP011023,C04538,Win Back,WhatsApp,2025-02-25,0,7.95
CP011024,C04561,New Customer Welcome,Email,2025-06-24,0,0.72
CP011025,C02285,New Customer Welcome,Push,2025-09-21,0,5.62
CP011026,C02183,Fashion Days,Email,2025-10-29,0,3.14
CP011027,C02953,Festive Sale,WhatsApp,2025-02-23,0,1.79
CP011028,C01702,Electronics Week,WhatsApp,2025-09-16,0,4.53
CP011029,C04620,Fashion Days,Social,2025-05-21,0,0.88
CP011030,C04610,Win Back,Social,2025-08-23,0,1.25
CP011031,C00940,Fashion Days,Push,2025-09-10,0,4.72
CP011032,C00117,Fashion Days,SMS,2025-02-11,0,3.01
CP011033,C03793,Summer Savings,Social,2025-01-20,0,5.95
CP011034,C04935,New Customer Welcome,WhatsApp,2025-03-26,1,2.71
CP011035,C01538,Electronics Week,WhatsApp,2025-04-13,0,7.34
CP011036,C02275,Electronics Week,Push,2025-11-23,1,1.14
CP011037,C03478,Summer Savings,WhatsApp,2025-10-08,0,5.15
CP011038,C04262,New Customer Welcome,Push,2025-09-16,1,5.64
CP011039,C02739,VIP Exclusive,Push,2025-05-21,0,7.07
CP011040,C01035,Festive Sale,Email,2025-04-19,0,7.58
CP011041,C04926,Electronics Week,SMS,2025-03-12,1,3.87
CP011042,C03295,Win Back,WhatsApp,2025-04-04,0,0.75
CP011043,C00653,Festive Sale,WhatsApp,2025-07-08,0,3.97
CP011044,C02546,Summer Savings,Email,2025-06-04,1,3.23
CP011045,C03617,Festive Sale,WhatsApp,2025-09-27,0,2.64
CP011046,C00785,VIP Exclusive,SMS,2025-06-30,0,4.7
CP011047,C03336,VIP Exclusive,Push,2025-09-20,0,3.05
CP011048,C00998,New Customer Welcome,Email,2025-02-08,0,2.0
CP011049,C02010,Electronics Week,Social,2025-02-25,1,5.39
CP011050,C03501,Fashion Days,Push,2025-08-12,0,4.93
CP011051,C04260,Summer Savings,Push,2025-04-07,0,0.79
CP011052,C01806,VIP Exclusive,Push,2025-06-19,0,4.02
CP011053,C01445,Summer Savings,Push,2025-02-22,0,2.66
CP011054,C00592,Festive Sale,WhatsApp,2025-07-12,0,3.92
CP011055,C01739,Festive Sale,WhatsApp,2025-09-04,1,3.15
CP011056,C02854,VIP Exclusive,WhatsApp,2025-11-16,0,4.46
CP011057,C04293,Electronics Week,Email,2025-02-04,0,3.41
CP011058,C01305,Summer Savings,WhatsApp,2025-06-18,0,2.33
CP011059,C00654,Festive Sale,Push,2025-06-15,0,0.58
CP011060,C01956,Summer Savings,Email,2025-12-06,0,6.67
CP011061,C02423,Win Back,Social,2025-09-25,0,6.19
CP011062,C04577,New Customer Welcome,SMS,2025-10-01,1,5.51
CP011063,C02013,Fashion Days,SMS,2025-06-16,0,1.5
CP011064,C00788,Festive Sale,SMS,2025-06-10,0,5.83
CP011065,C04855,VIP Exclusive,Push,2025-12-15,0,5.57
CP011066,C04489,Electronics Week,Push,2025-03-05,0,4.55
CP011067,C04978,New Customer Welcome,Push,2025-10-05,0,2.59
CP011068,C03673,Summer Savings,WhatsApp,2025-10-31,0,5.55
CP011069,C03621,Fashion Days,SMS,2025-02-03,0,7.39
CP011070,C02185,Summer Savings,WhatsApp,2025-02-20,0,5.26
CP011071,C02994,Electronics Week,Push,2025-10-22,1,1.05
CP011072,C02429,Win Back,Email,2025-11-29,0,1.64
CP011073,C03935,Win Back,Email,2025-08-14,0,3.83
CP011074,C01646,Electronics Week,WhatsApp,2025-05-15,0,7.11
CP011075,C01731,Festive Sale,Push,2025-06-29,0,1.9
CP011076,C01456,Fashion Days,Social,2025-03-01,1,5.35
CP011077,C04838,VIP Exclusive,WhatsApp,2025-02-23,0,3.0
CP011078,C04418,Electronics Week,WhatsApp,2025-09-22,1,1.3
CP011079,C00759,Fashion Days,Email,2025-03-14,0,3.82
CP011080,C03901,VIP Exclusive,SMS,2025-11-16,0,1.04
CP011081,C02631,Fashion Days,Push,2025-04-14,1,4.59
CP011082,C00909,Summer Savings,SMS,2025-12-01,0,7.88
CP011083,C03762,Festive Sale,Push,2025-05-17,0,3.64
CP011084,C00950,Win Back,Email,2025-11-18,0,4.0
CP011085,C01075,Festive Sale,Email,2025-02-11,0,1.81
CP011086,C00634,Summer Savings,Push,2025-09-11,1,5.62
CP011087,C01978,New Customer Welcome,SMS,2025-07-18,0,7.44
CP011088,C01892,Electronics Week,Email,2025-03-28,1,4.26
CP011089,C02480,Win Back,Email,2025-10-13,1,5.23
CP011090,C03057,Fashion Days,Push,2025-05-27,1,7.49
CP011091,C03136,VIP Exclusive,SMS,2025-10-18,0,1.51
CP011092,C01307,Win Back,WhatsApp,2025-02-24,0,7.09
CP011093,C03591,New Customer Welcome,WhatsApp,2025-03-20,1,2.42
CP011094,C00508,Summer Savings,Email,2025-07-07,0,1.93
CP011095,C04409,Electronics Week,SMS,2025-06-26,0,6.53
CP011096,C03959,Win Back,WhatsApp,2025-03-19,0,5.14
CP011097,C01363,VIP Exclusive,Email,2025-11-23,0,4.63
CP011098,C04558,Summer Savings,Push,2025-06-16,0,3.97
CP011099,C02025,Fashion Days,SMS,2025-01-08,0,3.84
CP011100,C04951,Fashion Days,Email,2025-03-29,0,1.16
CP011101,C02391,Festive Sale,Email,2025-08-26,0,6.65
CP011102,C04550,New Customer Welcome,Email,2025-04-19,0,1.33
CP011103,C02622,Fashion Days,Email,2025-02-07,0,1.46
CP011104,C01522,Festive Sale,Push,2025-07-22,1,3.64
CP011105,C03065,Festive Sale,WhatsApp,2025-12-03,0,7.62
CP011106,C01604,Summer Savings,SMS,2025-02-16,0,1.35
CP011107,C00922,New Customer Welcome,SMS,2025-08-02,0,6.24
CP011108,C02216,Fashion Days,Social,2025-01-23,1,4.79
CP011109,C03967,Win Back,Email,2025-04-21,0,7.28
CP011110,C01236,VIP Exclusive,Social,2025-05-29,0,2.85
CP011111,C02642,New Customer Welcome,SMS,2025-06-24,0,5.69
CP011112,C02252,Electronics Week,WhatsApp,2025-10-05,0,5.75
CP011113,C00612,VIP Exclusive,WhatsApp,2025-05-23,1,2.8
CP011114,C04834,VIP Exclusive,Email,2025-06-05,0,2.28
CP011115,C01435,Fashion Days,Push,2025-11-02,1,5.79
CP011116,C00248,Electronics Week,WhatsApp,2025-11-09,1,0.81
CP011117,C04472,Electronics Week,WhatsApp,2025-04-09,0,1.9
CP011118,C04551,Summer Savings,Email,2025-04-23,0,3.99
CP011119,C00639,Electronics Week,Email,2025-03-03,0,0.8
CP011120,C04247,Electronics Week,Social,2025-02-28,0,3.69
CP011121,C01080,Win Back,WhatsApp,2025-01-08,0,2.47
CP011122,C04867,Summer Savings,Social,2025-08-29,1,0.86
CP011123,C00679,Summer Savings,Email,2025-11-26,1,2.3
CP011124,C00201,Festive Sale,WhatsApp,2025-11-02,0,4.35
CP011125,C01098,Festive Sale,Email,2025-08-20,1,1.5
CP011126,C03919,VIP Exclusive,WhatsApp,2025-07-17,1,4.37
CP011127,C01407,Win Back,Push,2025-08-17,1,1.84
CP011128,C03940,Fashion Days,Push,2025-11-09,0,1.73
CP011129,C01343,Fashion Days,SMS,2025-03-07,0,5.34
CP011130,C04312,Summer Savings,Email,2025-09-10,1,1.46
CP011131,C03613,Summer Savings,Push,2025-06-26,0,0.98
CP011132,C01006,New Customer Welcome,WhatsApp,2025-01-24,1,3.24
CP011133,C01660,Win Back,Email,2025-03-21,1,6.98
CP011134,C01704,VIP Exclusive,SMS,2025-10-11,0,0.81
CP011135,C00707,Electronics Week,Push,2025-11-13,0,6.52
CP011136,C02313,VIP Exclusive,SMS,2025-08-31,0,3.18
CP011137,C01304,New Customer Welcome,Email,2025-06-02,0,1.18
CP011138,C01160,New Customer Welcome,Email,2025-02-25,0,1.62
CP011139,C00696,Win Back,Social,2025-09-28,0,2.8
CP011140,C02595,VIP Exclusive,Email,2025-12-07,0,3.4
CP011141,C04350,Summer Savings,SMS,2025-11-27,0,5.06
CP011142,C04423,VIP Exclusive,SMS,2025-01-20,0,5.96
CP011143,C01932,Festive Sale,Email,2025-08-30,1,4.11
CP011144,C01736,Win Back,WhatsApp,2025-06-02,0,3.99
CP011145,C02998,VIP Exclusive,WhatsApp,2025-10-03,0,5.66
CP011146,C01876,VIP Exclusive,SMS,2025-03-01,0,1.43
CP011147,C01850,VIP Exclusive,SMS,2025-03-29,0,6.44
CP011148,C02478,Electronics Week,Push,2025-05-26,0,0.52
CP011149,C01372,Fashion Days,Social,2025-01-02,0,1.85
CP011150,C03348,Summer Savings,Push,2025-06-02,0,3.57
CP011151,C03188,Festive Sale,WhatsApp,2025-03-14,0,4.04
CP011152,C00187,VIP Exclusive,Social,2025-04-16,0,0.77
CP011153,C03156,Festive Sale,WhatsApp,2025-01-10,1,4.28
CP011154,C00510,Fashion Days,WhatsApp,2025-07-23,1,5.98
CP011155,C02928,Summer Savings,Email,2025-01-31,0,1.52
CP011156,C00307,Fashion Days,WhatsApp,2025-04-30,0,2.14
CP011157,C02205,Electronics Week,Push,2025-05-18,0,6.39
CP011158,C00911,Summer Savings,Email,2025-03-14,0,7.48
CP011159,C04070,Summer Savings,Push,2025-02-25,1,1.99
CP011160,C04755,New Customer Welcome,Social,2025-07-07,1,2.67
CP011161,C00782,Electronics Week,SMS,2025-02-03,0,3.14
CP011162,C00080,Electronics Week,Email,2025-07-08,1,3.17
CP011163,C00596,New Customer Welcome,SMS,2025-12-09,0,3.75
CP011164,C03765,VIP Exclusive,SMS,2025-05-03,1,0.74
CP011165,C00511,Electronics Week,Email,2025-03-20,0,6.29
CP011166,C00800,Festive Sale,Push,2025-02-15,0,2.34
CP011167,C04528,Fashion Days,Email,2025-11-25,0,6.62
CP011168,C02131,VIP Exclusive,Push,2025-02-22,1,0.68
CP011169,C01535,Electronics Week,Email,2025-05-06,0,7.95
CP011170,C00010,VIP Exclusive,SMS,2025-05-22,0,3.84
CP011171,C02677,Summer Savings,Push,2025-07-30,0,4.74
CP011172,C00179,Electronics Week,Social,2025-01-10,0,0.85
CP011173,C02400,VIP Exclusive,WhatsApp,2025-05-25,0,3.41
CP011174,C00980,Summer Savings,Email,2025-01-26,0,1.42
CP011175,C04197,VIP Exclusive,SMS,2025-11-27,1,6.19
CP011176,C00518,Fashion Days,Social,2025-04-11,0,7.98
CP011177,C03369,Electronics Week,WhatsApp,2025-06-27,0,2.27
CP011178,C00944,Win Back,SMS,2025-03-13,0,0.87
CP011179,C01743,Electronics Week,WhatsApp,2025-02-24,0,0.68
CP011180,C02114,Summer Savings,Email,2025-03-16,0,3.11
CP011181,C04881,Summer Savings,Push,2025-01-08,0,5.14
CP011182,C04497,Festive Sale,WhatsApp,2025-08-11,1,5.54
CP011183,C00685,Win Back,Email,2025-02-13,0,5.57
CP011184,C00179,Festive Sale,Social,2025-09-23,0,7.36
CP011185,C03710,Fashion Days,Email,2025-01-20,0,3.77
CP011186,C00647,Summer Savings,Email,2025-05-20,0,3.56
CP011187,C04765,New Customer Welcome,Push,2025-11-24,0,4.37
CP011188,C04002,Fashion Days,Email,2025-02-14,0,7.92
CP011189,C02652,Fashion Days,WhatsApp,2025-07-13,0,5.47
CP011190,C03473,Fashion Days,Email,2025-10-11,0,5.78
CP011191,C03970,Festive Sale,WhatsApp,2025-03-01,0,3.34
CP011192,C03778,New Customer Welcome,Email,2025-03-03,0,7.79
CP011193,C02921,Fashion Days,Email,2025-10-31,1,6.93
CP011194,C02846,Festive Sale,Push,2025-10-31,1,3.97
CP011195,C00516,New Customer Welcome,WhatsApp,2025-07-17,0,7.3
CP011196,C03639,Win Back,Social,2025-08-09,0,3.48
CP011197,C01469,Win Back,SMS,2025-08-15,0,4.13
CP011198,C01701,Summer Savings,Push,2025-08-03,0,5.38
CP011199,C00453,New Customer Welcome,Push,2025-09-18,0,5.15
CP011200,C02612,Fashion Days,WhatsApp,2025-07-07,0,3.5
CP011201,C02137,Festive Sale,SMS,2025-04-02,0,4.25
CP011202,C01399,Fashion Days,WhatsApp,2025-08-25,0,6.46
CP011203,C01319,Festive Sale,SMS,2025-08-10,0,4.68
CP011204,C02284,Festive Sale,SMS,2025-03-01,1,6.16
CP011205,C03953,VIP Exclusive,Social,2025-11-13,1,3.3
CP011206,C01515,Fashion Days,WhatsApp,2025-07-26,0,4.15
CP011207,C03294,Electronics Week,WhatsApp,2025-10-26,0,4.45
CP011208,C02300,Electronics Week,WhatsApp,2025-01-02,0,1.46
CP011209,C04541,Festive Sale,WhatsApp,2025-10-09,0,3.07
CP011210,C02412,Festive Sale,Email,2025-03-26,0,7.03
CP011211,C01582,Fashion Days,Email,2025-04-16,0,6.38
CP011212,C03483,Summer Savings,WhatsApp,2025-04-28,1,6.75
CP011213,C03579,New Customer Welcome,Push,2025-06-22,0,7.58
CP011214,C03639,Festive Sale,WhatsApp,2025-02-18,0,6.59
CP011215,C02177,Fashion Days,Email,2025-05-05,0,3.59
CP011216,C02838,New Customer Welcome,Push,2025-07-09,1,3.3
CP011217,C03939,Summer Savings,SMS,2025-09-14,0,1.66
CP011218,C00024,Win Back,SMS,2025-09-20,0,7.12
CP011219,C02616,Summer Savings,Email,2025-10-14,0,6.85
CP011220,C00924,VIP Exclusive,Push,2025-04-20,0,2.05
CP011221,C04038,VIP Exclusive,Email,2025-09-09,1,5.96
CP011222,C03928,Summer Savings,WhatsApp,2025-03-24,0,7.39
CP011223,C02942,Summer Savings,Push,2025-07-19,0,6.27
CP011224,C04912,VIP Exclusive,Email,2025-03-31,1,1.17
CP011225,C00236,New Customer Welcome,Push,2025-11-18,0,6.7
CP011226,C01849,Summer Savings,Email,2025-05-06,0,4.1
CP011227,C02873,Festive Sale,Social,2025-08-13,0,7.28
CP011228,C04680,New Customer Welcome,Push,2025-11-29,0,1.31
CP011229,C00933,Win Back,Email,2025-08-02,0,2.06
CP011230,C00068,Fashion Days,WhatsApp,2025-11-05,0,7.57
CP011231,C04840,Electronics Week,Email,2025-02-14,0,3.49
CP011232,C00913,VIP Exclusive,Social,2025-03-11,0,1.92
CP011233,C02626,Win Back,Push,2025-08-17,0,6.14
CP011234,C02699,Summer Savings,Push,2025-12-15,0,5.6
CP011235,C01362,Win Back,Email,2025-12-05,0,6.41
CP011236,C02712,Win Back,Email,2025-07-10,0,4.73
CP011237,C00174,Win Back,SMS,2025-02-17,0,1.26
CP011238,C00844,Fashion Days,Email,2025-06-05,0,7.38
CP011239,C01670,New Customer Welcome,Push,2025-09-07,0,3.25
CP011240,C04961,Festive Sale,Push,2025-07-18,0,6.52
CP011241,C00406,Festive Sale,WhatsApp,2025-02-13,1,2.41
CP011242,C02943,Win Back,SMS,2025-05-25,0,3.08
CP011243,C01503,Fashion Days,SMS,2025-10-19,0,6.51
CP011244,C01875,Fashion Days,Push,2025-05-15,1,4.11
CP011245,C03909,Electronics Week,SMS,2025-08-04,0,6.43
CP011246,C00059,Fashion Days,SMS,2025-09-11,0,7.04
CP011247,C03352,Festive Sale,Push,2025-04-14,0,2.43
CP011248,C04837,Summer Savings,WhatsApp,2025-05-10,0,1.11
CP011249,C00626,New Customer Welcome,Push,2025-02-24,0,7.29
CP011250,C02389,Win Back,Social,2025-02-27,0,7.4
CP011251,C01852,Summer Savings,Push,2025-10-17,0,2.78
CP011252,C03540,VIP Exclusive,Email,2025-10-01,0,1.66
CP011253,C01991,Summer Savings,Email,2025-04-23,0,3.49
CP011254,C04644,New Customer Welcome,Social,2025-05-13,1,1.94
CP011255,C02895,Summer Savings,Push,2025-12-06,1,2.35
CP011256,C02151,Fashion Days,SMS,2025-09-23,0,2.09
CP011257,C04209,Electronics Week,WhatsApp,2025-10-18,0,2.18
CP011258,C01056,Summer Savings,SMS,2025-06-23,0,2.38
CP011259,C02203,Summer Savings,Social,2025-02-06,0,5.85
CP011260,C01063,Festive Sale,Social,2025-08-12,0,6.36
CP011261,C04902,Festive Sale,Social,2025-10-19,0,7.58
CP011262,C04666,VIP Exclusive,Push,2025-07-02,0,7.65
CP011263,C00134,Win Back,Email,2025-11-20,1,6.08
CP011264,C00106,Electronics Week,Email,2025-05-18,0,5.86
CP011265,C02370,Electronics Week,Email,2025-04-13,0,0.94
CP011266,C01225,Summer Savings,Push,2025-04-13,0,1.33
CP011267,C01265,Electronics Week,WhatsApp,2025-06-29,1,4.83
CP011268,C02240,Electronics Week,Push,2025-06-02,1,4.52
CP011269,C01459,Fashion Days,WhatsApp,2025-04-28,0,3.79
CP011270,C02119,New Customer Welcome,Social,2025-11-26,1,2.75
CP011271,C00958,Electronics Week,SMS,2025-09-18,0,0.65
CP011272,C01245,Festive Sale,Social,2025-09-04,0,1.7
CP011273,C00311,New Customer Welcome,SMS,2025-12-08,0,7.9
CP011274,C01590,Electronics Week,SMS,2025-01-19,0,6.66
CP011275,C02243,Summer Savings,WhatsApp,2025-12-07,0,4.22
CP011276,C00112,Festive Sale,WhatsApp,2025-04-10,0,2.05
CP011277,C04642,Summer Savings,Push,2025-03-25,0,2.63
CP011278,C04914,VIP Exclusive,Push,2025-10-05,1,1.64
CP011279,C04569,VIP Exclusive,Email,2025-02-23,0,7.29
CP011280,C04608,New Customer Welcome,WhatsApp,2025-08-14,0,7.83
CP011281,C00235,Win Back,Email,2025-03-05,1,2.88
CP011282,C01846,Fashion Days,Push,2025-01-11,0,1.03
CP011283,C00111,VIP Exclusive,WhatsApp,2025-02-02,0,1.06
CP011284,C04727,Electronics Week,SMS,2025-10-02,0,7.91
CP011285,C01784,Fashion Days,Email,2025-11-07,1,4.52
CP011286,C01409,VIP Exclusive,WhatsApp,2025-11-25,0,5.14
CP011287,C04720,VIP Exclusive,Push,2025-01-15,1,1.29
CP011288,C02259,Festive Sale,WhatsApp,2025-01-31,0,6.01
CP011289,C02691,New Customer Welcome,Push,2025-06-24,1,2.73
CP011290,C02378,Electronics Week,WhatsApp,2025-12-05,0,1.65
CP011291,C04337,Fashion Days,SMS,2025-11-26,0,6.27
CP011292,C02169,Summer Savings,Email,2025-02-12,0,6.87
CP011293,C02661,Summer Savings,WhatsApp,2025-07-09,0,4.74
CP011294,C01840,Festive Sale,SMS,2025-01-06,0,4.37
CP011295,C02983,Festive Sale,Email,2025-06-05,0,1.35
CP011296,C04972,Electronics Week,WhatsApp,2025-06-10,0,1.91
CP011297,C00025,VIP Exclusive,Social,2025-10-12,1,6.21
CP011298,C04296,Electronics Week,Push,2025-09-01,0,3.34
CP011299,C02877,Win Back,WhatsApp,2025-03-14,0,4.94
CP011300,C00366,VIP Exclusive,Push,2025-09-25,0,5.57
CP011301,C01997,Fashion Days,Email,2025-08-09,0,3.69
CP011302,C04487,Summer Savings,WhatsApp,2025-08-26,0,7.07
CP011303,C02874,Electronics Week,WhatsApp,2025-04-15,0,0.84
CP011304,C03717,Fashion Days,Social,2025-11-16,0,7.45
CP011305,C04301,New Customer Welcome,Push,2025-04-02,0,2.53
CP011306,C01119,VIP Exclusive,Email,2025-03-12,0,3.81
CP011307,C02304,Win Back,WhatsApp,2025-07-26,0,0.69
CP011308,C04630,Summer Savings,SMS,2025-07-25,0,5.82
CP011309,C03025,Electronics Week,Push,2025-05-06,1,3.08
CP011310,C00759,Electronics Week,Email,2025-02-07,0,6.7
CP011311,C03454,Win Back,SMS,2025-06-07,0,6.34
CP011312,C01589,Fashion Days,Email,2025-08-07,0,7.81
CP011313,C03432,VIP Exclusive,Email,2025-06-05,0,5.0
CP011314,C03252,Summer Savings,Email,2025-09-17,1,5.26
CP011315,C00741,VIP Exclusive,SMS,2025-10-18,0,5.36
CP011316,C00335,Win Back,Email,2025-03-17,0,6.74
CP011317,C01680,VIP Exclusive,Push,2025-02-11,0,6.08
CP011318,C00168,New Customer Welcome,SMS,2025-04-25,0,6.34
CP011319,C01073,Electronics Week,WhatsApp,2025-09-10,0,7.81
CP011320,C03223,VIP Exclusive,Push,2025-05-08,0,4.69
CP011321,C03026,Summer Savings,SMS,2025-10-22,0,4.92
CP011322,C01725,Fashion Days,Push,2025-11-26,0,1.89
CP011323,C02216,VIP Exclusive,WhatsApp,2025-08-21,0,1.53
CP011324,C03427,VIP Exclusive,SMS,2025-01-02,0,6.46
CP011325,C01082,Electronics Week,Email,2025-01-26,0,7.35
CP011326,C01754,Summer Savings,Email,2025-02-11,1,7.11
CP011327,C02833,Fashion Days,Email,2025-01-03,1,4.26
CP011328,C04374,New Customer Welcome,Email,2025-01-14,0,5.38
CP011329,C01153,Fashion Days,Social,2025-08-02,0,2.37
CP011330,C03299,Summer Savings,Email,2025-08-14,0,1.81
CP011331,C01314,Summer Savings,Push,2025-04-18,0,7.57
CP011332,C02239,Festive Sale,Social,2025-02-05,0,1.74
CP011333,C02567,Summer Savings,Push,2025-07-03,0,1.74
CP011334,C04403,New Customer Welcome,Email,2025-02-25,1,6.19
CP011335,C03464,Electronics Week,Push,2025-05-12,0,7.12
CP011336,C03689,Fashion Days,Social,2025-11-25,0,4.67
CP011337,C01288,Electronics Week,Email,2025-01-15,0,7.86
CP011338,C01325,Summer Savings,Email,2025-09-07,0,5.59
CP011339,C02281,Win Back,Push,2025-10-04,0,7.62
CP011340,C04705,VIP Exclusive,WhatsApp,2025-10-16,0,1.1
CP011341,C02930,VIP Exclusive,SMS,2025-01-17,0,3.24
CP011342,C00792,Festive Sale,Email,2025-12-10,0,4.81
CP011343,C01965,Summer Savings,Social,2025-02-01,0,1.45
CP011344,C01658,Electronics Week,Social,2025-08-28,0,2.18
CP011345,C03763,Fashion Days,WhatsApp,2025-06-24,0,5.19
CP011346,C04137,Win Back,Email,2025-01-13,0,6.23
CP011347,C04655,Win Back,WhatsApp,2025-10-02,1,2.05
CP011348,C03855,Fashion Days,WhatsApp,2025-07-08,0,4.89
CP011349,C01122,VIP Exclusive,WhatsApp,2025-06-14,0,1.57
CP011350,C03287,Win Back,Email,2025-10-15,0,2.07
CP011351,C03565,Electronics Week,WhatsApp,2025-01-10,0,5.06
CP011352,C00276,Summer Savings,WhatsApp,2025-11-14,0,3.73
CP011353,C02562,VIP Exclusive,Push,2025-11-24,1,7.73
CP011354,C02648,Electronics Week,Email,2025-01-25,0,5.6
CP011355,C03017,New Customer Welcome,Email,2025-12-06,1,3.78
CP011356,C04066,Electronics Week,SMS,2025-06-06,1,7.94
CP011357,C01114,VIP Exclusive,Push,2025-07-28,0,6.35
CP011358,C01412,Win Back,Push,2025-10-25,1,0.6
CP011359,C04062,Festive Sale,Email,2025-06-15,0,1.8
CP011360,C02122,Festive Sale,Email,2025-03-27,0,1.1
CP011361,C00387,VIP Exclusive,WhatsApp,2025-05-07,0,1.77
CP011362,C03291,Electronics Week,Push,2025-01-15,0,1.66
CP011363,C00193,Win Back,SMS,2025-10-10,1,1.5
CP011364,C01564,New Customer Welcome,WhatsApp,2025-10-16,0,0.89
CP011365,C01305,Festive Sale,SMS,2025-04-10,0,4.5
CP011366,C04829,Festive Sale,SMS,2025-05-05,0,5.47
CP011367,C00701,Festive Sale,Social,2025-08-23,0,4.25
CP011368,C04483,Festive Sale,Email,2025-04-09,1,4.79
CP011369,C02017,Summer Savings,Email,2025-11-08,1,4.3
CP011370,C02728,VIP Exclusive,SMS,2025-07-22,1,4.83
CP011371,C03310,Festive Sale,Email,2025-10-05,0,6.08
CP011372,C03841,Summer Savings,Email,2025-05-19,0,6.83
CP011373,C01871,Win Back,Social,2025-01-18,0,3.13
CP011374,C03416,Win Back,SMS,2025-04-28,1,3.13
CP011375,C02631,Summer Savings,Email,2025-08-18,0,3.62
CP011376,C00783,Fashion Days,Email,2025-02-01,0,6.13
CP011377,C04473,Electronics Week,Email,2025-01-09,0,2.79
CP011378,C02359,Electronics Week,Push,2025-02-12,0,3.94
CP011379,C00478,VIP Exclusive,Push,2025-03-13,0,6.96
CP011380,C03805,VIP Exclusive,Push,2025-04-10,0,5.52
CP011381,C00440,Summer Savings,SMS,2025-03-21,1,1.9
CP011382,C01418,Summer Savings,Push,2025-03-20,0,6.4
CP011383,C01577,Fashion Days,SMS,2025-09-03,1,6.37
CP011384,C02427,Electronics Week,SMS,2025-02-26,0,1.93
CP011385,C01877,VIP Exclusive,Push,2025-09-25,1,6.05
CP011386,C04935,Summer Savings,Push,2025-09-18,0,1.14
CP011387,C04371,Fashion Days,Email,2025-11-11,0,1.9
CP011388,C01179,Festive Sale,Email,2025-08-14,0,7.44
CP011389,C04408,Fashion Days,WhatsApp,2025-04-22,1,2.46
CP011390,C00790,New Customer Welcome,Email,2025-11-28,1,7.42
CP011391,C01718,VIP Exclusive,Email,2025-05-15,0,1.61
CP011392,C02332,Fashion Days,Email,2025-12-05,0,2.31
CP011393,C04936,Win Back,Email,2025-01-04,0,5.91
CP011394,C03765,Festive Sale,Push,2025-02-11,0,2.59
CP011395,C04848,VIP Exclusive,Email,2025-05-12,0,3.47
CP011396,C01939,Festive Sale,Social,2025-01-03,0,3.4
CP011397,C02270,Win Back,Social,2025-06-12,0,6.96
CP011398,C03639,Electronics Week,Email,2025-02-08,0,5.74
CP011399,C00182,Fashion Days,Push,2025-02-05,0,7.82
CP011400,C01986,New Customer Welcome,WhatsApp,2025-11-16,0,5.28
CP011401,C02433,Fashion Days,Email,2025-11-21,0,3.05
CP011402,C01287,Festive Sale,Social,2025-08-18,0,6.23
CP011403,C00930,New Customer Welcome,Push,2025-10-20,0,0.88
CP011404,C02611,Fashion Days,Email,2025-05-27,0,7.01
CP011405,C00219,New Customer Welcome,Push,2025-06-16,0,6.38
CP011406,C03274,Win Back,WhatsApp,2025-08-04,1,6.14
CP011407,C03159,Fashion Days,Email,2025-09-28,0,4.84
CP011408,C02215,Electronics Week,SMS,2025-11-05,0,6.29
CP011409,C00939,Electronics Week,Push,2025-05-29,0,2.2
CP011410,C02698,Win Back,Push,2025-06-20,0,3.72
CP011411,C01287,VIP Exclusive,Social,2025-05-20,0,5.74
CP011412,C02800,Win Back,Push,2025-05-20,1,2.9
CP011413,C03507,Summer Savings,SMS,2025-03-07,0,1.61
CP011414,C03594,New Customer Welcome,Email,2025-03-04,0,3.22
CP011415,C02167,New Customer Welcome,WhatsApp,2025-01-07,0,3.3
CP011416,C03270,Win Back,Email,2025-10-19,0,3.06
CP011417,C04208,Electronics Week,SMS,2025-12-01,1,2.43
CP011418,C00306,Electronics Week,Email,2025-07-08,0,1.29
CP011419,C03147,Electronics Week,Email,2025-03-12,1,1.66
CP011420,C01061,Festive Sale,WhatsApp,2025-10-24,0,1.18
CP011421,C04013,Win Back,WhatsApp,2025-10-19,0,4.81
CP011422,C04281,Summer Savings,Email,2025-03-24,0,7.57
CP011423,C04019,Win Back,Push,2025-12-05,0,5.79
CP011424,C02931,Fashion Days,WhatsApp,2025-01-08,0,2.63
CP011425,C02944,Electronics Week,WhatsApp,2025-12-01,0,3.33
CP011426,C01994,Festive Sale,WhatsApp,2025-10-30,0,7.74
CP011427,C00144,VIP Exclusive,Push,2025-08-08,0,0.61
CP011428,C01358,VIP Exclusive,Social,2025-06-12,0,1.83
CP011429,C02906,VIP Exclusive,Push,2025-07-28,0,5.38
CP011430,C03612,Fashion Days,Push,2025-11-26,0,3.83
CP011431,C03096,New Customer Welcome,SMS,2025-11-20,0,3.5
CP011432,C01902,Fashion Days,SMS,2025-03-26,0,5.15
CP011433,C04287,Win Back,SMS,2025-06-23,0,5.96
CP011434,C02537,New Customer Welcome,Email,2025-05-09,0,2.47
CP011435,C04326,Festive Sale,Email,2025-03-12,1,3.22
CP011436,C01778,VIP Exclusive,Email,2025-04-27,1,4.6
CP011437,C04101,Fashion Days,WhatsApp,2025-11-03,0,1.32
CP011438,C02237,Fashion Days,Push,2025-10-13,0,5.39
CP011439,C03321,Summer Savings,WhatsApp,2025-04-25,0,4.27
CP011440,C01767,Summer Savings,Email,2025-01-15,0,1.86
CP011441,C00788,Festive Sale,Social,2025-08-11,1,7.06
CP011442,C04438,VIP Exclusive,Email,2025-12-08,0,7.13
CP011443,C00879,VIP Exclusive,Email,2025-08-30,0,5.89
CP011444,C04153,Win Back,Push,2025-10-13,0,5.76
CP011445,C04266,Electronics Week,WhatsApp,2025-05-03,0,4.06
CP011446,C01669,Win Back,Social,2025-03-01,0,2.12
CP011447,C03618,Festive Sale,Email,2025-08-09,0,3.98
CP011448,C00675,New Customer Welcome,Email,2025-10-10,0,0.54
CP011449,C03826,Electronics Week,Email,2025-10-25,0,6.32
CP011450,C02438,VIP Exclusive,Push,2025-05-30,1,2.95
CP011451,C00403,New Customer Welcome,WhatsApp,2025-09-05,0,5.23
CP011452,C04582,Fashion Days,Social,2025-03-31,0,5.73
CP011453,C01423,Fashion Days,SMS,2025-03-19,0,2.36
CP011454,C04541,Fashion Days,SMS,2025-08-28,0,2.61
CP011455,C02848,Festive Sale,Email,2025-02-08,0,4.56
CP011456,C02125,Festive Sale,SMS,2025-11-28,1,3.57
CP011457,C01966,Win Back,SMS,2025-03-21,0,6.06
CP011458,C01658,Summer Savings,Email,2025-07-31,0,4.09
CP011459,C00623,Summer Savings,SMS,2025-05-06,0,1.28
CP011460,C04066,Festive Sale,Push,2025-02-27,0,6.27
CP011461,C00962,Summer Savings,SMS,2025-11-29,1,1.14
CP011462,C04294,Win Back,SMS,2025-12-02,0,1.63
CP011463,C04350,Summer Savings,Email,2025-10-11,0,4.51
CP011464,C04275,Summer Savings,WhatsApp,2025-11-16,0,3.93
CP011465,C00565,Electronics Week,Email,2025-05-09,0,0.57
CP011466,C00183,VIP Exclusive,SMS,2025-08-11,0,4.99
CP011467,C04677,New Customer Welcome,Email,2025-05-25,1,1.32
CP011468,C02812,VIP Exclusive,Push,2025-06-30,0,3.59
CP011469,C00515,Fashion Days,Social,2025-06-05,1,3.92
CP011470,C04545,Festive Sale,SMS,2025-05-11,0,4.61
CP011471,C03353,Summer Savings,Push,2025-11-16,1,0.96
CP011472,C04133,VIP Exclusive,WhatsApp,2025-03-30,1,1.63
CP011473,C04783,Fashion Days,WhatsApp,2025-11-14,0,0.55
CP011474,C04325,Fashion Days,WhatsApp,2025-09-29,0,3.8
CP011475,C03828,VIP Exclusive,Email,2025-07-21,0,4.48
CP011476,C04396,Festive Sale,Email,2025-10-08,0,7.0
CP011477,C04583,New Customer Welcome,Email,2025-08-28,0,4.6
CP011478,C02530,Fashion Days,Push,2025-11-12,1,2.7
CP011479,C00969,Summer Savings,WhatsApp,2025-02-27,0,3.54
CP011480,C00493,Electronics Week,Social,2025-06-02,1,4.67
CP011481,C00802,Summer Savings,SMS,2025-01-27,1,6.87
CP011482,C00950,Summer Savings,Email,2025-08-22,0,4.38
CP011483,C03956,Electronics Week,Email,2025-04-05,1,4.63
CP011484,C03664,Summer Savings,WhatsApp,2025-06-16,1,6.92
CP011485,C03781,New Customer Welcome,WhatsApp,2025-01-11,0,2.82
CP011486,C04609,VIP Exclusive,Email,2025-06-17,0,2.46
CP011487,C03867,VIP Exclusive,Email,2025-11-10,0,3.93
CP011488,C02538,Win Back,Push,2025-08-14,0,0.89
CP011489,C00554,Win Back,SMS,2025-03-05,0,7.77
CP011490,C01170,New Customer Welcome,WhatsApp,2025-05-30,0,0.84
CP011491,C03549,Fashion Days,Email,2025-08-04,1,5.99
CP011492,C03560,Festive Sale,Push,2025-02-03,0,2.22
CP011493,C01417,VIP Exclusive,Social,2025-01-06,1,2.45
CP011494,C02640,Summer Savings,WhatsApp,2025-05-17,0,1.62
CP011495,C00891,VIP Exclusive,Social,2025-02-03,0,5.69
CP011496,C04738,Electronics Week,Push,2025-07-22,0,5.02
CP011497,C04989,VIP Exclusive,Social,2025-01-08,0,1.26
CP011498,C03999,Electronics Week,WhatsApp,2025-03-11,0,6.32
CP011499,C04554,Festive Sale,SMS,2025-09-24,0,7.66
CP011500,C00706,Fashion Days,Push,2025-11-25,0,6.44
CP011501,C02902,New Customer Welcome,Social,2025-01-22,0,3.36
CP011502,C02363,Summer Savings,SMS,2025-03-19,0,4.66
CP011503,C04255,Summer Savings,Social,2025-08-11,0,1.54
CP011504,C00380,Win Back,Social,2025-02-20,1,1.41
CP011505,C03834,New Customer Welcome,Email,2025-10-05,0,6.05
CP011506,C03496,Fashion Days,Social,2025-04-01,0,5.98
CP011507,C01143,Win Back,WhatsApp,2025-05-11,0,5.97
CP011508,C00342,VIP Exclusive,Email,2025-11-01,0,4.01
CP011509,C00591,Summer Savings,WhatsApp,2025-10-20,0,3.69
CP011510,C02579,Festive Sale,WhatsApp,2025-09-07,1,6.14
CP011511,C03314,VIP Exclusive,Email,2025-02-13,0,5.25
CP011512,C04691,Summer Savings,Social,2025-11-26,0,5.12
CP011513,C00922,Summer Savings,Email,2025-11-02,0,5.18
CP011514,C00792,Festive Sale,Email,2025-11-30,0,4.15
CP011515,C04239,New Customer Welcome,SMS,2025-08-02,1,5.28
CP011516,C04898,New Customer Welcome,WhatsApp,2025-04-07,0,4.22
CP011517,C01654,Electronics Week,SMS,2025-01-21,0,5.19
CP011518,C02409,Win Back,Email,2025-12-05,0,0.9
CP011519,C00322,Summer Savings,WhatsApp,2025-03-23,0,3.99
CP011520,C04804,Fashion Days,Email,2025-02-22,1,3.63
CP011521,C00485,Win Back,WhatsApp,2025-04-22,0,7.16
CP011522,C02654,Electronics Week,Email,2025-08-04,1,4.64
CP011523,C04079,VIP Exclusive,Push,2025-09-30,1,3.81
CP011524,C00659,VIP Exclusive,Email,2025-03-06,0,7.0
CP011525,C04930,New Customer Welcome,WhatsApp,2025-10-07,0,3.05
CP011526,C02627,Summer Savings,Email,2025-03-27,0,5.27
CP011527,C00944,VIP Exclusive,Email,2025-08-27,0,6.3
CP011528,C03623,VIP Exclusive,WhatsApp,2025-07-15,0,5.38
CP011529,C03915,Electronics Week,Email,2025-10-09,1,6.95
CP011530,C04503,Summer Savings,Email,2025-06-19,1,5.89
CP011531,C02927,Win Back,WhatsApp,2025-02-01,0,2.7
CP011532,C04161,Electronics Week,SMS,2025-08-25,0,5.86
CP011533,C00981,New Customer Welcome,Email,2025-10-29,0,3.47
CP011534,C01243,Festive Sale,Social,2025-11-02,0,6.45
CP011535,C02454,Summer Savings,SMS,2025-04-25,0,2.66
CP011536,C01208,New Customer Welcome,Push,2025-07-08,0,3.1
CP011537,C04129,Summer Savings,WhatsApp,2025-02-14,0,7.47
CP011538,C02327,Electronics Week,SMS,2025-10-26,0,7.71
CP011539,C03153,New Customer Welcome,Push,2025-04-11,1,6.25
CP011540,C00865,Summer Savings,WhatsApp,2025-11-12,0,7.32
CP011541,C00898,New Customer Welcome,Social,2025-05-31,0,3.57
CP011542,C03706,Win Back,Social,2025-09-08,1,3.94
CP011543,C01496,New Customer Welcome,SMS,2025-05-26,1,0.86
CP011544,C03166,Win Back,WhatsApp,2025-06-12,0,3.32
CP011545,C01032,VIP Exclusive,WhatsApp,2025-02-05,0,4.17
CP011546,C00877,New Customer Welcome,Email,2025-04-12,0,3.06
CP011547,C03256,VIP Exclusive,Push,2025-10-01,1,4.58
CP011548,C03103,Festive Sale,WhatsApp,2025-11-05,0,2.24
CP011549,C00099,New Customer Welcome,Email,2025-04-20,0,2.63
CP011550,C01950,Festive Sale,WhatsApp,2025-02-04,0,6.71
CP011551,C00075,Festive Sale,WhatsApp,2025-02-02,1,2.19
CP011552,C00701,VIP Exclusive,WhatsApp,2025-08-01,0,6.69
CP011553,C03991,New Customer Welcome,SMS,2025-02-08,0,6.0
CP011554,C02314,New Customer Welcome,Push,2025-08-04,0,3.94
CP011555,C00053,Festive Sale,Email,2025-01-27,0,2.68
CP011556,C02487,Electronics Week,Email,2025-03-07,0,6.05
CP011557,C02804,VIP Exclusive,SMS,2025-06-16,1,1.82
CP011558,C00938,Festive Sale,Social,2025-08-17,0,1.05
CP011559,C03248,Electronics Week,SMS,2025-11-12,1,1.5
CP011560,C00116,Win Back,Push,2025-10-27,0,1.19
CP011561,C04520,Summer Savings,Email,2025-01-01,0,7.89
CP011562,C02414,Festive Sale,SMS,2025-04-15,0,0.58
CP011563,C00619,VIP Exclusive,Push,2025-07-16,0,5.52
CP011564,C00182,New Customer Welcome,WhatsApp,2025-05-16,0,4.2
CP011565,C00358,VIP Exclusive,Social,2025-02-19,0,0.77
CP011566,C03778,VIP Exclusive,Push,2025-03-21,0,2.13
CP011567,C02106,Summer Savings,SMS,2025-08-14,0,1.34
CP011568,C02339,New Customer Welcome,Push,2025-05-23,0,2.92
CP011569,C01966,Summer Savings,SMS,2025-04-14,0,1.31
CP011570,C01375,Summer Savings,Push,2025-06-03,1,1.5
CP011571,C04195,Win Back,Email,2025-04-03,0,1.16
CP011572,C02020,Summer Savings,WhatsApp,2025-10-12,0,6.32
CP011573,C02111,Summer Savings,Email,2025-03-17,0,7.1
CP011574,C04240,Electronics Week,Push,2025-02-23,0,6.97
CP011575,C03725,Win Back,Push,2025-10-20,0,0.91
CP011576,C03383,Summer Savings,WhatsApp,2025-07-16,1,6.76
CP011577,C00595,Fashion Days,SMS,2025-12-14,0,7.4
CP011578,C04718,VIP Exclusive,Email,2025-04-20,0,0.96
CP011579,C03846,Festive Sale,Push,2025-01-16,1,3.99
CP011580,C03149,Win Back,SMS,2025-02-02,0,3.02
CP011581,C02509,VIP Exclusive,WhatsApp,2025-09-28,0,1.5
CP011582,C00750,Electronics Week,SMS,2025-04-23,0,3.43
CP011583,C01749,Summer Savings,Email,2025-11-17,0,7.3
CP011584,C00693,New Customer Welcome,SMS,2025-10-08,0,5.16
CP011585,C03598,Fashion Days,Push,2025-11-15,0,4.37
CP011586,C02754,Electronics Week,Email,2025-06-20,0,2.17
CP011587,C04707,Festive Sale,Email,2025-08-27,1,3.37
CP011588,C00195,VIP Exclusive,Push,2025-12-07,0,1.14
CP011589,C02474,Summer Savings,Email,2025-07-26,0,2.8
CP011590,C02487,Win Back,Push,2025-10-04,1,3.0
CP011591,C02571,Fashion Days,Email,2025-09-23,0,3.22
CP011592,C02982,Win Back,SMS,2025-09-29,0,6.98
CP011593,C02102,Fashion Days,WhatsApp,2025-10-07,1,6.5
CP011594,C04816,Summer Savings,SMS,2025-09-28,1,1.2
CP011595,C02691,Fashion Days,Email,2025-04-01,1,2.59
CP011596,C03380,VIP Exclusive,Push,2025-08-28,0,3.78
CP011597,C02637,Fashion Days,WhatsApp,2025-09-28,1,0.56
CP011598,C01914,VIP Exclusive,Push,2025-03-20,0,4.75
CP011599,C00182,Summer Savings,Email,2025-01-01,0,4.34
CP011600,C01880,Win Back,WhatsApp,2025-11-23,0,1.55
CP011601,C01394,Fashion Days,WhatsApp,2025-01-05,0,4.51
CP011602,C00341,Festive Sale,Email,2025-07-04,0,2.36
CP011603,C04412,Festive Sale,Push,2025-05-29,0,2.78
CP011604,C04518,Electronics Week,SMS,2025-01-05,0,6.44
CP011605,C02080,Summer Savings,Social,2025-02-04,0,1.62
CP011606,C03253,Summer Savings,Email,2025-06-03,1,3.5
CP011607,C00710,New Customer Welcome,SMS,2025-07-29,0,4.94
CP011608,C04721,Festive Sale,Push,2025-09-02,0,2.9
CP011609,C02028,VIP Exclusive,WhatsApp,2025-12-04,1,6.84
CP011610,C02829,Electronics Week,Email,2025-09-25,0,2.98
CP011611,C04295,Festive Sale,WhatsApp,2025-11-27,0,2.07
CP011612,C04844,Fashion Days,SMS,2025-11-21,1,2.64
CP011613,C04912,Win Back,Push,2025-08-18,1,3.38
CP011614,C01639,Festive Sale,Push,2025-04-24,0,2.54
CP011615,C00276,Fashion Days,WhatsApp,2025-06-22,0,6.32
CP011616,C02341,New Customer Welcome,Push,2025-07-03,0,4.98
CP011617,C00166,Win Back,SMS,2025-06-23,1,2.11
CP011618,C02199,Summer Savings,Push,2025-01-14,0,2.22
CP011619,C03690,Win Back,Push,2025-05-28,0,7.79
CP011620,C00108,Festive Sale,Push,2025-09-24,0,7.59
CP011621,C03746,Win Back,Email,2025-07-02,1,2.38
CP011622,C04295,Electronics Week,SMS,2025-05-05,1,6.34
CP011623,C01586,New Customer Welcome,Email,2025-04-26,1,5.63
CP011624,C04800,New Customer Welcome,SMS,2025-04-22,0,5.54
CP011625,C02315,Win Back,WhatsApp,2025-03-19,0,3.0
CP011626,C00188,Summer Savings,Email,2025-04-11,0,1.1
CP011627,C02165,New Customer Welcome,WhatsApp,2025-01-04,1,7.59
CP011628,C01384,VIP Exclusive,SMS,2025-09-12,0,3.8
CP011629,C03377,VIP Exclusive,Social,2025-09-18,0,6.44
CP011630,C00409,Fashion Days,Email,2025-05-22,0,3.22
CP011631,C03882,VIP Exclusive,Push,2025-09-25,1,1.1
CP011632,C03275,Summer Savings,WhatsApp,2025-01-10,0,0.89
CP011633,C03809,Summer Savings,SMS,2025-10-21,0,3.4
CP011634,C03615,Electronics Week,Email,2025-05-18,0,5.33
CP011635,C00083,Summer Savings,Social,2025-03-05,0,7.12
CP011636,C01461,Win Back,Push,2025-01-11,0,4.16
CP011637,C02760,New Customer Welcome,SMS,2025-03-11,0,5.04
CP011638,C01901,Festive Sale,Email,2025-01-02,0,2.46
CP011639,C01197,Fashion Days,WhatsApp,2025-02-26,0,3.87
CP011640,C02631,Win Back,WhatsApp,2025-04-28,0,6.36
CP011641,C02091,Fashion Days,SMS,2025-05-14,0,1.25
CP011642,C03201,New Customer Welcome,Push,2025-01-02,0,7.85
CP011643,C00264,New Customer Welcome,SMS,2025-07-28,0,3.0
CP011644,C00574,Win Back,SMS,2025-08-10,0,3.44
CP011645,C04903,Fashion Days,WhatsApp,2025-10-23,0,1.03
CP011646,C00757,New Customer Welcome,Social,2025-01-03,0,0.75
CP011647,C04405,VIP Exclusive,Social,2025-10-20,0,2.26
CP011648,C04331,Electronics Week,WhatsApp,2025-10-11,0,7.68
CP011649,C02184,New Customer Welcome,Email,2025-03-30,0,7.39
CP011650,C00189,VIP Exclusive,WhatsApp,2025-05-22,0,5.85
CP011651,C04726,New Customer Welcome,Email,2025-05-12,0,2.04
CP011652,C04226,Festive Sale,Email,2025-06-29,0,3.17
CP011653,C03664,New Customer Welcome,Social,2025-08-12,1,1.38
CP011654,C02868,Festive Sale,Push,2025-04-12,0,4.37
CP011655,C04294,Win Back,SMS,2025-12-05,0,1.55
CP011656,C01801,Festive Sale,SMS,2025-12-01,0,3.26
CP011657,C01303,Electronics Week,WhatsApp,2025-01-22,0,1.26
CP011658,C04823,Win Back,Social,2025-06-17,0,2.75
CP011659,C00681,New Customer Welcome,WhatsApp,2025-05-24,1,5.22
CP011660,C00217,Electronics Week,Email,2025-10-06,1,2.18
CP011661,C03479,Fashion Days,SMS,2025-09-04,0,4.39
CP011662,C01017,New Customer Welcome,WhatsApp,2025-06-13,0,4.17
CP011663,C00694,Win Back,Social,2025-09-10,0,7.78
CP011664,C04997,Fashion Days,WhatsApp,2025-02-06,1,2.23
CP011665,C04530,Electronics Week,Email,2025-09-13,0,6.28
CP011666,C03552,Summer Savings,WhatsApp,2025-05-01,0,5.16
CP011667,C02867,Summer Savings,Push,2025-01-03,0,1.68
CP011668,C04638,Festive Sale,Social,2025-10-20,1,1.6
CP011669,C00733,Electronics Week,SMS,2025-01-10,0,5.12
CP011670,C04826,Electronics Week,SMS,2025-02-09,1,4.86
CP011671,C01924,Fashion Days,SMS,2025-11-01,0,5.35
CP011672,C02933,New Customer Welcome,WhatsApp,2025-07-02,1,5.12
CP011673,C04185,VIP Exclusive,Push,2025-11-10,0,0.64
CP011674,C03870,Summer Savings,Email,2025-08-20,0,6.85
CP011675,C00840,New Customer Welcome,SMS,2025-11-22,0,0.93
CP011676,C02550,Festive Sale,WhatsApp,2025-01-31,0,1.57
CP011677,C04459,Electronics Week,WhatsApp,2025-11-18,0,5.82
CP011678,C03146,Fashion Days,Email,2025-11-08,1,6.85
CP011679,C01164,New Customer Welcome,Email,2025-06-23,0,1.39
CP011680,C04163,Fashion Days,SMS,2025-10-28,0,5.19
CP011681,C00631,VIP Exclusive,Push,2025-02-09,1,1.57
CP011682,C01155,VIP Exclusive,WhatsApp,2025-05-30,0,5.62
CP011683,C02342,Win Back,Social,2025-08-24,1,5.95
CP011684,C00113,Fashion Days,WhatsApp,2025-05-28,0,2.23
CP011685,C01461,Summer Savings,Social,2025-05-26,0,4.34
CP011686,C01598,Festive Sale,Email,2025-04-30,1,7.07
CP011687,C01528,Electronics Week,SMS,2025-06-20,0,7.48
CP011688,C04816,Fashion Days,Email,2025-10-18,0,7.15
CP011689,C04432,Festive Sale,Email,2025-03-11,1,3.45
CP011690,C03068,Summer Savings,SMS,2025-08-03,1,1.29
CP011691,C00490,Electronics Week,Email,2025-09-06,0,6.3
CP011692,C02648,Fashion Days,WhatsApp,2025-10-21,0,4.61
CP011693,C02881,Fashion Days,Email,2025-08-13,1,3.12
CP011694,C04531,Fashion Days,SMS,2025-09-06,1,3.44
CP011695,C04336,VIP Exclusive,WhatsApp,2025-09-30,0,3.39
CP011696,C04251,VIP Exclusive,Email,2025-07-26,0,6.7
CP011697,C02332,Summer Savings,Push,2025-03-01,0,2.21
CP011698,C02651,VIP Exclusive,Email,2025-09-11,1,3.12
CP011699,C01684,Summer Savings,WhatsApp,2025-07-26,0,6.2
CP011700,C01672,Electronics Week,WhatsApp,2025-11-17,0,7.74
CP011701,C00914,Win Back,SMS,2025-07-24,0,5.21
CP011702,C04526,Electronics Week,Email,2025-10-26,1,0.66
CP011703,C04772,Electronics Week,Social,2025-11-18,0,4.82
CP011704,C02795,Festive Sale,SMS,2025-11-06,0,3.25
CP011705,C02060,VIP Exclusive,Email,2025-10-02,0,5.02
CP011706,C03101,Win Back,Email,2025-10-25,0,4.17
CP011707,C02772,Fashion Days,WhatsApp,2025-07-26,0,3.24
CP011708,C00468,New Customer Welcome,Social,2025-03-13,1,1.12
CP011709,C04845,New Customer Welcome,SMS,2025-09-07,0,7.71
CP011710,C01248,Summer Savings,Email,2025-04-15,0,1.49
CP011711,C04198,Festive Sale,Social,2025-04-14,0,5.4
CP011712,C02246,Festive Sale,SMS,2025-11-25,0,4.23
CP011713,C04866,New Customer Welcome,Email,2025-10-22,0,3.34
CP011714,C02344,Electronics Week,Push,2025-10-27,0,0.6
CP011715,C03253,New Customer Welcome,SMS,2025-11-23,0,6.28
CP011716,C04737,Fashion Days,Push,2025-09-10,1,4.29
CP011717,C03479,Electronics Week,Social,2025-02-11,0,1.32
CP011718,C01369,Summer Savings,Push,2025-04-23,0,6.45
CP011719,C03420,Win Back,SMS,2025-11-09,0,4.46
CP011720,C02515,Win Back,Push,2025-07-09,0,7.41
CP011721,C03328,New Customer Welcome,Push,2025-06-24,0,5.78
CP011722,C04051,Fashion Days,WhatsApp,2025-10-22,1,5.63
CP011723,C00003,New Customer Welcome,Push,2025-06-02,0,2.84
CP011724,C00635,Electronics Week,SMS,2025-09-04,0,6.52
CP011725,C04172,Fashion Days,Push,2025-11-14,0,6.96
CP011726,C00540,Win Back,Email,2025-04-13,0,1.72
CP011727,C01298,Festive Sale,Push,2025-06-28,0,5.23
CP011728,C04021,Fashion Days,Email,2025-08-08,0,7.92
CP011729,C03632,New Customer Welcome,SMS,2025-11-17,1,7.09
CP011730,C04231,VIP Exclusive,WhatsApp,2025-05-06,0,5.12
CP011731,C00202,Fashion Days,Email,2025-11-02,0,1.3
CP011732,C04486,Festive Sale,SMS,2025-05-06,0,1.55
CP011733,C00617,Summer Savings,WhatsApp,2025-08-04,1,3.07
CP011734,C03338,Summer Savings,Push,2025-10-31,0,5.76
CP011735,C03229,Festive Sale,WhatsApp,2025-12-12,0,3.98
CP011736,C03195,Win Back,WhatsApp,2025-04-27,0,5.45
CP011737,C00571,Fashion Days,WhatsApp,2025-09-09,1,3.97
CP011738,C01312,Festive Sale,SMS,2025-02-27,0,7.08
CP011739,C02593,VIP Exclusive,Push,2025-05-14,0,5.96
CP011740,C03674,New Customer Welcome,SMS,2025-06-11,0,0.99
CP011741,C04263,VIP Exclusive,SMS,2025-12-11,1,3.04
CP011742,C01370,Win Back,SMS,2025-04-05,1,2.3
CP011743,C04217,Festive Sale,WhatsApp,2025-06-29,0,0.94
CP011744,C02595,Festive Sale,Email,2025-06-16,0,1.34
CP011745,C01712,Win Back,Email,2025-03-23,0,7.74
CP011746,C00157,Summer Savings,Push,2025-08-29,0,6.56
CP011747,C02045,Festive Sale,WhatsApp,2025-06-17,1,1.66
CP011748,C03514,Festive Sale,Email,2025-11-23,1,7.95
CP011749,C02851,Summer Savings,SMS,2025-09-09,0,0.83
CP011750,C03598,Summer Savings,SMS,2025-05-27,0,6.61
CP011751,C03272,Win Back,SMS,2025-01-05,0,7.56
CP011752,C01497,New Customer Welcome,SMS,2025-10-10,0,2.89
CP011753,C02961,Festive Sale,WhatsApp,2025-04-06,0,7.32
CP011754,C02669,Electronics Week,Push,2025-12-13,0,4.22
CP011755,C01197,Fashion Days,Email,2025-09-16,0,5.68
CP011756,C01718,Festive Sale,SMS,2025-03-20,0,4.86
CP011757,C01594,Festive Sale,SMS,2025-09-14,1,7.55
CP011758,C03674,Electronics Week,SMS,2025-02-13,0,1.94
CP011759,C00588,New Customer Welcome,WhatsApp,2025-02-14,1,7.6
CP011760,C00889,VIP Exclusive,Push,2025-12-02,0,1.34
CP011761,C01958,New Customer Welcome,Social,2025-11-26,0,4.06
CP011762,C00325,Festive Sale,Email,2025-10-22,0,7.11
CP011763,C04115,Electronics Week,WhatsApp,2025-07-04,1,1.34
CP011764,C02422,Festive Sale,WhatsApp,2025-10-25,0,6.5
CP011765,C01252,Fashion Days,SMS,2025-05-02,0,3.62
CP011766,C04908,New Customer Welcome,Social,2025-02-14,0,4.95
CP011767,C02143,Festive Sale,Email,2025-03-10,0,3.33
CP011768,C02405,Electronics Week,Push,2025-12-07,0,1.81
CP011769,C00871,Fashion Days,Email,2025-09-28,0,1.25
CP011770,C01768,Fashion Days,WhatsApp,2025-09-15,0,3.74
CP011771,C03867,VIP Exclusive,Push,2025-02-10,0,5.27
CP011772,C03264,Win Back,WhatsApp,2025-07-13,0,1.27
CP011773,C00631,Win Back,SMS,2025-07-03,0,4.82
CP011774,C03346,Win Back,SMS,2025-09-12,0,7.95
CP011775,C03445,Festive Sale,Push,2025-07-28,0,2.0
CP011776,C04632,Festive Sale,WhatsApp,2025-09-17,1,6.87
CP011777,C03581,VIP Exclusive,Social,2025-03-07,0,5.4
CP011778,C03841,Summer Savings,Email,2025-09-18,1,4.99
CP011779,C03174,New Customer Welcome,Push,2025-10-22,0,5.96
CP011780,C00558,Festive Sale,Email,2025-03-07,0,2.52
CP011781,C01655,VIP Exclusive,Push,2025-02-17,0,3.7
CP011782,C00968,Festive Sale,Email,2025-02-07,0,1.75
CP011783,C02352,New Customer Welcome,SMS,2025-07-29,1,2.35
CP011784,C04724,New Customer Welcome,SMS,2025-08-03,0,0.7
CP011785,C01516,New Customer Welcome,SMS,2025-09-23,0,7.63
CP011786,C01678,Summer Savings,Push,2025-04-05,0,6.56
CP011787,C04567,Festive Sale,Push,2025-09-24,0,1.88
CP011788,C03317,Win Back,WhatsApp,2025-01-22,0,4.27
CP011789,C03510,Electronics Week,Email,2025-06-16,0,1.81
CP011790,C02057,Summer Savings,Push,2025-08-25,0,2.98
CP011791,C03455,Summer Savings,WhatsApp,2025-05-29,0,5.92
CP011792,C04932,New Customer Welcome,WhatsApp,2025-02-24,0,3.02
CP011793,C00835,Summer Savings,Email,2025-09-11,0,4.29
CP011794,C01211,Electronics Week,SMS,2025-07-29,0,2.07
CP011795,C01268,Festive Sale,Push,2025-08-28,1,4.25
CP011796,C02469,Win Back,Email,2025-02-05,0,2.32
CP011797,C00250,Festive Sale,Push,2025-01-31,0,5.54
CP011798,C02961,Summer Savings,Push,2025-11-28,0,3.17
CP011799,C00414,Electronics Week,WhatsApp,2025-05-02,1,4.34
CP011800,C03280,Win Back,SMS,2025-05-08,0,3.25
CP011801,C01741,Summer Savings,Email,2025-06-01,0,2.67
CP011802,C01356,Festive Sale,WhatsApp,2025-11-12,0,4.01
CP011803,C04264,Electronics Week,WhatsApp,2025-01-01,1,7.11
CP011804,C00457,VIP Exclusive,Push,2025-06-22,0,3.36
CP011805,C03911,Fashion Days,WhatsApp,2025-11-26,0,3.06
CP011806,C03335,New Customer Welcome,Email,2025-08-17,0,3.38
CP011807,C00520,Summer Savings,Push,2025-08-17,0,4.86
CP011808,C01596,New Customer Welcome,Social,2025-03-09,0,2.35
CP011809,C03076,VIP Exclusive,WhatsApp,2025-12-05,0,6.9
CP011810,C04776,Festive Sale,Email,2025-12-06,0,6.25
CP011811,C03316,Win Back,Push,2025-09-05,0,0.77
CP011812,C02592,VIP Exclusive,WhatsApp,2025-08-20,0,1.66
CP011813,C02468,Win Back,SMS,2025-11-01,0,5.08
CP011814,C03579,Fashion Days,WhatsApp,2025-10-22,1,3.33
CP011815,C02461,Win Back,Email,2025-04-30,0,3.96
CP011816,C03018,New Customer Welcome,WhatsApp,2025-10-31,0,3.77
CP011817,C03913,New Customer Welcome,Push,2025-10-12,0,5.85
CP011818,C03174,Summer Savings,WhatsApp,2025-03-31,0,2.35
CP011819,C02430,New Customer Welcome,Email,2025-04-10,1,5.43
CP011820,C00307,Win Back,WhatsApp,2025-09-09,0,7.37
CP011821,C03711,Electronics Week,Email,2025-11-20,1,5.06
CP011822,C04322,Win Back,Email,2025-07-01,0,3.63
CP011823,C02506,Fashion Days,WhatsApp,2025-06-09,0,0.99
CP011824,C00498,New Customer Welcome,Push,2025-04-01,0,0.96
CP011825,C01717,Summer Savings,Email,2025-06-16,1,5.76
CP011826,C03864,Festive Sale,WhatsApp,2025-01-18,0,1.62
CP011827,C03207,Festive Sale,SMS,2025-09-12,0,2.77
CP011828,C01405,Win Back,Social,2025-05-19,0,4.04
CP011829,C04039,Fashion Days,Push,2025-10-11,0,0.51
CP011830,C04860,Summer Savings,Email,2025-01-08,0,1.43
CP011831,C01238,New Customer Welcome,Push,2025-08-25,0,4.09
CP011832,C03004,VIP Exclusive,Email,2025-08-12,1,1.59
CP011833,C03598,Electronics Week,Email,2025-01-12,0,5.1
CP011834,C02256,Festive Sale,SMS,2025-02-27,0,7.63
CP011835,C02594,Win Back,SMS,2025-05-24,0,1.06
CP011836,C03090,New Customer Welcome,WhatsApp,2025-10-25,0,2.81
CP011837,C00230,Electronics Week,Social,2025-05-28,0,1.85
CP011838,C01201,New Customer Welcome,WhatsApp,2025-10-01,0,6.79
CP011839,C02116,Festive Sale,WhatsApp,2025-08-07,1,6.38
CP011840,C01272,New Customer Welcome,Push,2025-09-07,0,0.91
CP011841,C03788,Win Back,WhatsApp,2025-03-03,0,4.38
CP011842,C00183,Win Back,Push,2025-10-12,0,3.73
CP011843,C01659,Festive Sale,WhatsApp,2025-06-26,1,0.82
CP011844,C02114,New Customer Welcome,WhatsApp,2025-01-06,1,1.6
CP011845,C04358,Win Back,SMS,2025-05-19,0,3.58
CP011846,C03567,Fashion Days,Push,2025-01-10,0,3.06
CP011847,C03504,Festive Sale,Push,2025-04-13,0,2.65
CP011848,C01458,New Customer Welcome,Email,2025-04-20,0,1.09
CP011849,C03687,Summer Savings,WhatsApp,2025-06-20,0,7.09
CP011850,C04030,Summer Savings,WhatsApp,2025-11-30,0,3.08
CP011851,C03466,New Customer Welcome,WhatsApp,2025-06-12,0,3.92
CP011852,C04777,New Customer Welcome,SMS,2025-02-01,1,3.87
CP011853,C00014,Festive Sale,Email,2025-09-18,0,0.84
CP011854,C02397,Summer Savings,Push,2025-09-09,0,3.81
CP011855,C04412,Fashion Days,Email,2025-08-17,0,4.13
CP011856,C02285,Festive Sale,WhatsApp,2025-05-23,0,2.99
CP011857,C03192,Win Back,Social,2025-04-16,0,5.65
CP011858,C02393,VIP Exclusive,SMS,2025-01-04,0,7.23
CP011859,C02858,Summer Savings,WhatsApp,2025-07-18,1,1.59
CP011860,C04931,Summer Savings,Social,2025-08-21,0,7.24
CP011861,C02155,Festive Sale,Push,2025-09-04,0,3.53
CP011862,C01565,Win Back,SMS,2025-12-06,0,0.78
CP011863,C02507,Electronics Week,SMS,2025-07-01,0,4.44
CP011864,C01250,New Customer Welcome,Email,2025-11-28,1,4.18
CP011865,C03642,Festive Sale,Push,2025-02-10,0,7.43
CP011866,C04985,Electronics Week,Email,2025-05-24,0,3.22
CP011867,C04951,Win Back,SMS,2025-01-09,0,2.83
CP011868,C03666,Festive Sale,Social,2025-12-10,0,5.92
CP011869,C04219,VIP Exclusive,Email,2025-07-07,1,3.56
CP011870,C02342,Festive Sale,WhatsApp,2025-10-02,0,7.42
CP011871,C00103,Festive Sale,Social,2025-05-09,1,7.85
CP011872,C02829,Fashion Days,WhatsApp,2025-07-08,0,1.31
CP011873,C04837,New Customer Welcome,Push,2025-09-09,1,2.82
CP011874,C01094,Summer Savings,SMS,2025-04-22,0,0.69
CP011875,C00516,New Customer Welcome,SMS,2025-06-02,0,5.04
CP011876,C03240,VIP Exclusive,Email,2025-12-14,0,4.45
CP011877,C00337,Fashion Days,Email,2025-02-27,0,2.03
CP011878,C01693,Summer Savings,SMS,2025-05-12,0,3.14
CP011879,C02489,Summer Savings,SMS,2025-01-22,0,1.47
CP011880,C04603,New Customer Welcome,Push,2025-03-13,0,1.62
CP011881,C00756,Win Back,Social,2025-01-19,0,4.17
CP011882,C03290,Win Back,Email,2025-03-24,0,7.1
CP011883,C04490,New Customer Welcome,WhatsApp,2025-07-19,0,4.23
CP011884,C03154,VIP Exclusive,SMS,2025-02-16,0,2.28
CP011885,C04772,VIP Exclusive,Email,2025-10-26,0,6.4
CP011886,C02185,Fashion Days,SMS,2025-10-05,0,6.56
CP011887,C04256,Win Back,Push,2025-05-14,0,5.84
CP011888,C00983,Win Back,Push,2025-09-26,0,2.63
CP011889,C00076,VIP Exclusive,Email,2025-04-25,1,4.45
CP011890,C01850,VIP Exclusive,SMS,2025-09-21,0,2.13
CP011891,C04186,Festive Sale,WhatsApp,2025-01-11,0,7.42
CP011892,C02154,Fashion Days,Email,2025-11-15,0,2.13
CP011893,C04353,Fashion Days,Push,2025-09-26,0,2.36
CP011894,C02608,Festive Sale,Push,2025-02-15,0,3.03
CP011895,C04721,Electronics Week,Email,2025-10-11,0,5.94
CP011896,C03108,Electronics Week,WhatsApp,2025-08-01,1,5.23
CP011897,C03418,Festive Sale,Email,2025-02-23,0,2.47
CP011898,C02297,Festive Sale,Push,2025-10-13,0,2.08
CP011899,C04003,Summer Savings,SMS,2025-09-19,0,3.39
CP011900,C03364,VIP Exclusive,Email,2025-02-28,0,1.31
CP011901,C01619,Summer Savings,Email,2025-08-27,0,5.37
CP011902,C00902,Festive Sale,Email,2025-05-29,0,5.33
CP011903,C03857,Fashion Days,Email,2025-07-02,0,1.06
CP011904,C03718,VIP Exclusive,Push,2025-10-05,0,2.95
CP011905,C00892,Festive Sale,Push,2025-01-08,0,7.31
CP011906,C03381,Summer Savings,SMS,2025-01-15,0,0.6
CP011907,C03173,VIP Exclusive,Email,2025-06-19,0,7.67
CP011908,C01687,Win Back,WhatsApp,2025-10-06,1,1.29
CP011909,C00781,Fashion Days,Push,2025-04-25,1,3.5
CP011910,C01076,Summer Savings,WhatsApp,2025-08-03,1,2.21
CP011911,C04497,Festive Sale,WhatsApp,2025-07-20,0,5.77
CP011912,C04894,Fashion Days,WhatsApp,2025-08-19,0,5.28
CP011913,C01116,Summer Savings,SMS,2025-02-07,0,6.73
CP011914,C02582,Festive Sale,Email,2025-11-15,0,5.44
CP011915,C02177,Festive Sale,Email,2025-09-05,0,7.28
CP011916,C03666,New Customer Welcome,Social,2025-11-26,0,2.67
CP011917,C01139,New Customer Welcome,Social,2025-12-09,0,2.62
CP011918,C03779,VIP Exclusive,Push,2025-10-03,0,6.22
CP011919,C01438,Win Back,SMS,2025-01-12,0,6.56
CP011920,C00310,Summer Savings,Social,2025-07-09,1,2.59
CP011921,C04675,New Customer Welcome,Email,2025-06-21,0,5.16
CP011922,C03648,Electronics Week,Push,2025-01-05,1,1.93
CP011923,C03165,New Customer Welcome,WhatsApp,2025-07-19,0,7.87
CP011924,C04061,VIP Exclusive,Push,2025-06-21,0,2.93
CP011925,C02824,Summer Savings,WhatsApp,2025-01-05,0,6.69
CP011926,C01223,VIP Exclusive,Email,2025-07-08,1,5.74
CP011927,C02753,VIP Exclusive,Push,2025-05-03,0,0.8
CP011928,C00165,New Customer Welcome,Email,2025-07-01,0,7.95
CP011929,C01833,New Customer Welcome,WhatsApp,2025-01-20,0,3.91
CP011930,C04539,New Customer Welcome,Push,2025-08-15,0,1.44
CP011931,C04408,VIP Exclusive,Push,2025-10-13,0,5.5
CP011932,C01053,Festive Sale,Push,2025-07-19,0,3.11
CP011933,C02966,Electronics Week,Push,2025-02-22,1,4.11
CP011934,C04236,Summer Savings,Push,2025-11-13,1,3.41
CP011935,C01976,Summer Savings,WhatsApp,2025-07-08,0,1.53
CP011936,C03055,Festive Sale,WhatsApp,2025-04-06,1,5.03
CP011937,C04708,Summer Savings,Push,2025-08-10,0,4.08
CP011938,C02505,New Customer Welcome,Email,2025-09-05,0,2.72
CP011939,C00343,Electronics Week,Email,2025-01-12,0,3.5
CP011940,C04450,Fashion Days,WhatsApp,2025-07-21,0,0.73
CP011941,C00806,Festive Sale,Email,2025-08-03,1,7.21
CP011942,C03394,VIP Exclusive,WhatsApp,2025-01-12,0,6.29
CP011943,C03893,Fashion Days,Email,2025-10-21,1,0.6
CP011944,C03520,Electronics Week,Push,2025-05-13,0,2.15
CP011945,C01865,Festive Sale,SMS,2025-02-08,0,7.06
CP011946,C01533,Win Back,Push,2025-06-29,0,3.91
CP011947,C02157,VIP Exclusive,Email,2025-03-03,0,2.95
CP011948,C03670,Fashion Days,Email,2025-03-17,0,6.28
CP011949,C02580,Electronics Week,Email,2025-06-18,0,0.82
CP011950,C02056,Festive Sale,Email,2025-10-17,0,7.3
CP011951,C04467,Electronics Week,WhatsApp,2025-12-07,0,0.5
CP011952,C01070,Fashion Days,SMS,2025-07-17,0,7.95
CP011953,C00179,Win Back,WhatsApp,2025-02-23,0,7.67
CP011954,C00267,VIP Exclusive,Email,2025-02-14,1,2.87
CP011955,C03506,Win Back,SMS,2025-08-25,1,3.93
CP011956,C04122,New Customer Welcome,WhatsApp,2025-08-13,1,2.02
CP011957,C04734,New Customer Welcome,SMS,2025-10-24,1,7.51
CP011958,C00989,Festive Sale,Email,2025-02-13,0,1.57
CP011959,C04816,Win Back,Push,2025-06-14,0,3.62
CP011960,C03497,Summer Savings,WhatsApp,2025-04-29,1,4.06
CP011961,C04457,New Customer Welcome,Social,2025-06-07,0,6.79
CP011962,C02246,VIP Exclusive,SMS,2025-01-13,0,4.45
CP011963,C02130,Electronics Week,Social,2025-12-02,0,4.79
CP011964,C01485,Win Back,SMS,2025-02-27,0,7.55
CP011965,C00820,VIP Exclusive,WhatsApp,2025-01-15,0,1.45
CP011966,C01481,VIP Exclusive,Email,2025-03-13,0,2.41
CP011967,C00450,Win Back,WhatsApp,2025-10-17,0,6.22
CP011968,C01723,VIP Exclusive,SMS,2025-06-15,0,7.45
CP011969,C00178,Fashion Days,SMS,2025-11-02,1,4.86
CP011970,C03004,Win Back,Email,2025-06-29,0,6.16
CP011971,C00806,Win Back,Email,2025-01-08,0,4.51
CP011972,C02806,Fashion Days,WhatsApp,2025-09-19,0,7.16
CP011973,C03116,VIP Exclusive,Email,2025-01-08,0,5.14
CP011974,C03098,New Customer Welcome,WhatsApp,2025-06-17,0,1.96
CP011975,C00991,Electronics Week,WhatsApp,2025-04-28,0,1.75
CP011976,C01826,Win Back,Push,2025-12-14,0,1.66
CP011977,C03244,New Customer Welcome,Push,2025-07-09,1,3.85
CP011978,C00671,Fashion Days,Email,2025-08-24,0,5.19
CP011979,C04472,Fashion Days,Social,2025-06-19,0,2.44
CP011980,C02386,VIP Exclusive,Email,2025-08-09,0,5.14
CP011981,C03292,Festive Sale,Email,2025-07-09,1,6.65
CP011982,C00358,Fashion Days,Push,2025-07-10,0,6.25
CP011983,C02179,New Customer Welcome,Push,2025-05-27,0,6.48
CP011984,C00308,Summer Savings,WhatsApp,2025-11-02,0,2.5
CP011985,C02103,Summer Savings,Email,2025-01-29,0,4.6
CP011986,C01009,Win Back,SMS,2025-09-20,0,2.8
CP011987,C03046,Festive Sale,Email,2025-01-12,0,6.39
CP011988,C00224,Electronics Week,Email,2025-04-14,1,4.41
CP011989,C01051,New Customer Welcome,Push,2025-09-29,0,7.27
CP011990,C00940,Electronics Week,Push,2025-08-29,0,1.89
CP011991,C01129,New Customer Welcome,SMS,2025-12-10,1,5.43
CP011992,C04505,New Customer Welcome,SMS,2025-03-23,1,6.42
CP011993,C04123,New Customer Welcome,Email,2025-01-14,0,1.14
CP011994,C02774,New Customer Welcome,SMS,2025-03-03,0,7.72
CP011995,C04419,Summer Savings,Social,2025-02-18,0,6.98
CP011996,C02502,New Customer Welcome,SMS,2025-05-03,0,6.85
CP011997,C00814,Festive Sale,Push,2025-03-07,0,3.69
CP011998,C03324,Festive Sale,Social,2025-04-26,0,1.3
CP011999,C02567,Summer Savings,Email,2025-05-02,0,1.67
CP012000,C00555,Win Back,Email,2025-03-08,1,6.12
