customer_id,age,gender,city,state,signup_date,customer_segment
C00001,65,Female,Vijayawada,Andhra Pradesh,2022-02-21,New
C00002,65,Male,Ahmedabad,Gujarat,2022-10-13,VIP
C00003,45,Male,Chennai,Tamil Nadu,2025-04-24,New
C00004,32,Other,Chennai,Tamil Nadu,2023-03-24,VIP
C00005,30,Other,Hyderabad,Telangana,2025-02-23,VIP
C00006,46,Other,Bhubaneswar,Odisha,2023-03-28,Regular
C00007,62,Female,Hyderabad,Telangana,2022-11-23,Regular
C00008,31,Female,Jaipur,Rajasthan,2022-11-15,New
C00009,24,Female,Chennai,Tamil Nadu,2024-02-18,Regular
C00010,64,Female,Jaipur,Rajasthan,2022-03-30,VIP
C00011,23,Other,Vijayawada,Andhra Pradesh,2024-02-15,Regular
C00012,30,Other,Lucknow,Uttar Pradesh,2025-03-28,New
C00013,32,Female,Bengaluru,Karnataka,2025-09-16,New
C00014,42,Female,Ahmedabad,Gujarat,2022-07-26,Regular
C00015,41,Female,Lucknow,Uttar Pradesh,2022-11-30,New
C00016,61,Other,Jaipur,Rajasthan,2025-12-08,New
C00017,64,Male,Pune,Maharashtra,2024-12-29,New
C00018,35,Other,Kochi,Kerala,2024-02-17,VIP
C00019,38,Male,Ahmedabad,Gujarat,2025-11-03,New
C00020,43,Female,Bengaluru,Karnataka,2023-10-09,New
C00021,63,Female,,Maharashtra,2025-03-07,New
C00022,59,Female,Coimbatore,Tamil Nadu,2024-03-21,New
C00023,33,Other,Jaipur,Rajasthan,2022-10-13,VIP
C00024,45,Other,Jaipur,Rajasthan,2025-04-12,Regular
C00025,26,Other,Lucknow,Uttar Pradesh,2023-03-26,Regular
C00026,25,Male,Chennai,Tamil Nadu,2022-04-07,VIP
C00027,45,Other,Pune,Maharashtra,2025-10-25,New
C00028,56,Female,Kolkata,West Bengal,2024-02-21,VIP
C00029,18,Other,Jaipur,Rajasthan,2025-02-07,VIP
C00030,52,Female,Vijayawada,Andhra Pradesh,2025-10-28,VIP
C00031,36,Female,Gurugram,Haryana,2022-08-17,New
C00032,64,Other,Kochi,Kerala,2022-01-07,Regular
C00033,24,Other,Pune,Maharashtra,2024-11-05,Regular
C00034,41,Male,Mumbai,Maharashtra,2022-11-10,VIP
C00035,38,Female,Hyderabad,Telangana,2025-05-11,New
C00036,69,Female,Vijayawada,Andhra Pradesh,2024-01-14,New
C00037,54,Male,Bengaluru,Karnataka,2023-05-09,New
C00038,66,Other,Coimbatore,Tamil Nadu,2022-05-22,New
C00039,48,Other,Visakhapatnam,Andhra Pradesh,2025-09-13,New
C00040,56,Female,Jaipur,Rajasthan,2024-12-16,New
C00041,37,Female,Mumbai,Maharashtra,2025-12-31,VIP
C00042,51,Female,Lucknow,Uttar Pradesh,2024-06-16,New
C00043,22,Female,Ahmedabad,Gujarat,2023-04-06,New
C00044,32,Male,Ahmedabad,Gujarat,2025-04-20,New
C00045,22,Male,Bengaluru,Karnataka,2023-04-14,Regular
C00046,33,Female,Chennai,Tamil Nadu,2024-11-18,VIP
C00047,52,Male,Coimbatore,Tamil Nadu,2023-03-15,VIP
C00048,68,Female,Coimbatore,Tamil Nadu,2023-05-13,Regular
C00049,24,Other,Mumbai,Maharashtra,2022-07-13,Regular
C00050,44,Female,Lucknow,Uttar Pradesh,2024-05-17,VIP
C00051,59,Other,Bengaluru,Karnataka,2025-10-11,New
C00052,64,Female,Bengaluru,Karnataka,2024-04-04,New
C00053,30,Other,Ahmedabad,Gujarat,2023-01-28,Regular
C00054,29,Female,Visakhapatnam,Andhra Pradesh,2024-05-14,Regular
C00055,46,Other,Ahmedabad,Gujarat,2022-06-04,New
C00056,52,Male,Bengaluru,Karnataka,2025-08-28,New
C00057,44,Female,Ahmedabad,Gujarat,2022-12-07,Regular
C00058,21,Male,Mumbai,Maharashtra,2024-04-01,Regular
C00059,34,Female,Hyderabad,Telangana,2024-03-10,Regular
C00060,64,Other,Bhubaneswar,Odisha,2025-11-27,VIP
C00061,30,Female,Coimbatore,Tamil Nadu,2022-11-14,New
C00062,65,Other,Bengaluru,Karnataka,2025-04-01,New
C00063,21,Other,Gurugram,Haryana,2022-04-28,Regular
C00064,50,Male,Pune,Maharashtra,2022-04-27,New
C00065,22,Other,Chennai,Tamil Nadu,2025-05-03,New
C00066,54,Male,Kolkata,West Bengal,2022-09-03,VIP
C00067,23,Female,Bengaluru,Karnataka,2025-06-22,VIP
C00068,31,Other,Gurugram,Haryana,2023-06-19,VIP
C00069,34,Female,Gurugram,Haryana,2023-05-04,New
C00070,38,Male,Delhi,Delhi,2024-07-25,New
C00071,54,Male,Kochi,Kerala,2025-06-26,New
C00072,34,Male,Mumbai,Maharashtra,2024-11-02,Regular
C00073,41,Female,Chennai,Tamil Nadu,2023-05-16,New
C00074,63,Female,Kochi,Kerala,2025-01-17,VIP
C00075,70,Other,Hyderabad,Telangana,2025-09-29,Regular
C00076,34,Male,Vijayawada,Andhra Pradesh,2022-10-03,New
C00077,36,Other,Visakhapatnam,Andhra Pradesh,2023-07-12,New
C00078,61,Other,Gurugram,Haryana,2023-02-21,Regular
C00079,21,Male,Coimbatore,Tamil Nadu,2023-05-30,VIP
C00080,20,Male,Bhubaneswar,Odisha,2023-07-21,Regular
C00081,34,Male,Visakhapatnam,Andhra Pradesh,2025-07-28,VIP
C00082,63,Female,Kochi,Kerala,2025-02-03,VIP
C00083,22,Other,Hyderabad,Telangana,2022-08-18,New
C00084,55,Other,Bengaluru,Karnataka,2024-01-27,New
C00085,20,Female,Bhubaneswar,Odisha,2022-09-19,Regular
C00086,31,Other,Bengaluru,Karnataka,2024-01-03,New
C00087,67,Other,Vijayawada,Andhra Pradesh,2023-12-26,Regular
C00088,28,Male,Visakhapatnam,Andhra Pradesh,2023-04-30,Regular
C00089,65,Female,Hyderabad,Telangana,2023-01-03,Regular
C00090,28,Other,Ahmedabad,Gujarat,2023-07-01,New
C00091,48,Male,Kolkata,West Bengal,2022-03-21,New
C00092,37,Male,Kochi,Kerala,2023-12-18,New
C00093,30,Female,Hyderabad,Telangana,2025-09-13,Regular
C00094,67,Female,Jaipur,Rajasthan,2022-05-23,Regular
C00095,52,Female,Kolkata,West Bengal,2025-10-23,New
C00096,29,Other,Vijayawada,Andhra Pradesh,2023-06-19,Regular
C00097,56,Female,Bengaluru,Karnataka,2022-08-11,Regular
C00098,56,Other,Gurugram,Haryana,2024-06-12,New
C00099,30,Female,Kolkata,West Bengal,2025-03-26,New
C00100,51,Other,Bhubaneswar,Odisha,2022-01-04,VIP
C00101,45,Male,Mumbai,Maharashtra,2024-01-16,VIP
C00102,38,Other,Gurugram,Haryana,2025-06-30,New
C00103,37,Other,Delhi,Delhi,2024-11-04,Regular
C00104,62,Female,Gurugram,Haryana,2024-04-04,VIP
C00105,44,Other,Visakhapatnam,Andhra Pradesh,2023-01-28,Regular
C00106,54,Female,Pune,Maharashtra,2025-06-14,Regular
C00107,36,Male,Hyderabad,Telangana,2023-09-15,Regular
C00108,46,Female,Gurugram,Haryana,2024-08-10,VIP
C00109,48,Other,Mumbai,Maharashtra,2024-11-12,New
C00110,50,Other,Chennai,Tamil Nadu,2023-08-05,VIP
C00111,70,Male,Gurugram,Haryana,2022-07-11,VIP
C00112,69,Male,Delhi,Delhi,2023-04-06,New
C00113,33,Female,Hyderabad,Telangana,2022-04-05,VIP
C00114,44,Other,Chennai,Tamil Nadu,2024-07-21,VIP
C00115,42,Female,Mumbai,Maharashtra,2025-11-27,Regular
C00116,59,Other,Ahmedabad,Gujarat,2022-10-30,New
C00117,32,Male,Vijayawada,Andhra Pradesh,2024-05-20,VIP
C00118,53,Male,Kochi,Kerala,2022-04-13,New
C00119,69,Female,Kochi,Kerala,2022-10-01,VIP
C00120,57,Other,Gurugram,Haryana,2024-06-25,VIP
C00121,46,Male,Bhubaneswar,Odisha,2025-01-27,VIP
C00122,34,Male,Coimbatore,Tamil Nadu,2024-07-10,VIP
C00123,49,Other,Jaipur,Rajasthan,2024-12-03,New
C00124,22,Other,Jaipur,Rajasthan,2024-06-19,Regular
C00125,39,Female,Ahmedabad,Gujarat,2023-07-11,VIP
C00126,27,Male,Chennai,Tamil Nadu,2022-10-11,Regular
C00127,31,Male,Visakhapatnam,Andhra Pradesh,2025-12-17,Regular
C00128,52,Female,Bhubaneswar,Odisha,2023-11-09,Regular
C00129,44,Female,Bengaluru,Karnataka,2023-02-28,VIP
C00130,42,Female,Hyderabad,Telangana,2025-03-25,New
C00131,66,Female,Lucknow,Uttar Pradesh,2023-09-04,Regular
C00132,32,Female,Ahmedabad,Gujarat,2024-09-26,Regular
C00133,42,Female,Coimbatore,Tamil Nadu,2022-03-01,VIP
C00134,47,Male,Kolkata,West Bengal,2022-12-05,VIP
C00135,55,Other,Hyderabad,Telangana,2024-03-17,VIP
C00136,59,Female,Hyderabad,Telangana,2022-06-21,New
C00137,21,Female,Kochi,Kerala,2023-01-08,Regular
C00138,47,Female,Gurugram,Haryana,2023-03-10,Regular
C00139,66,Female,Kolkata,West Bengal,2023-07-24,Regular
C00140,19,Other,Chennai,Tamil Nadu,2024-08-21,VIP
C00141,32,Other,Bengaluru,Karnataka,2023-12-18,New
C00142,33,Male,Bengaluru,Karnataka,2022-03-05,New
C00143,26,Female,Visakhapatnam,Andhra Pradesh,2023-05-04,VIP
C00144,31,Female,Vijayawada,Andhra Pradesh,2025-03-01,VIP
C00145,28,Other,Jaipur,Rajasthan,2024-01-26,VIP
C00146,37,Male,Vijayawada,Andhra Pradesh,2022-12-02,VIP
C00147,54,Other,Hyderabad,Telangana,2023-10-01,Regular
C00148,22,Other,Kolkata,West Bengal,2023-02-11,VIP
C00149,62,Female,Ahmedabad,Gujarat,2022-07-28,VIP
C00150,68,Male,Vijayawada,Andhra Pradesh,2025-03-05,Regular
C00151,41,Male,Bhubaneswar,Odisha,2025-09-16,VIP
C00152,44,Female,Gurugram,Haryana,2022-01-26,New
C00153,58,Female,Bhubaneswar,Odisha,2024-01-12,VIP
C00154,29,Other,Visakhapatnam,Andhra Pradesh,2024-06-10,VIP
C00155,69,Other,Jaipur,Rajasthan,2025-06-15,Regular
C00156,70,Other,Kochi,Kerala,2024-06-11,VIP
C00157,33,Male,Jaipur,Rajasthan,2023-10-23,Regular
C00158,66,Female,Kochi,Kerala,2023-05-15,VIP
C00159,19,Female,Kolkata,West Bengal,2023-11-20,Regular
C00160,31,Female,Pune,Maharashtra,2024-09-25,Regular
C00161,56,Other,Gurugram,Haryana,2023-07-27,Regular
C00162,30,Male,Hyderabad,Telangana,2024-11-24,New
C00163,53,Male,Bhubaneswar,Odisha,2024-09-27,VIP
C00164,63,Female,Coimbatore,Tamil Nadu,2025-08-15,Regular
C00165,36,Male,Hyderabad,Telangana,2022-07-10,Regular
C00166,60,Other,Ahmedabad,Gujarat,2023-09-20,Regular
C00167,51,Female,Coimbatore,Tamil Nadu,2025-02-07,Regular
C00168,62,Female,Gurugram,Haryana,2023-12-22,Regular
C00169,32,Male,Delhi,Delhi,2023-05-30,VIP
C00170,25,Other,Mumbai,Maharashtra,2023-10-09,VIP
C00171,31,Other,Pune,Maharashtra,2023-01-28,Regular
C00172,66,Other,Jaipur,Rajasthan,2025-04-22,VIP
C00173,30,Female,Delhi,Delhi,2022-07-25,New
C00174,37,Male,Lucknow,Uttar Pradesh,2023-01-03,VIP
C00175,20,Male,Visakhapatnam,Andhra Pradesh,2023-07-16,VIP
C00176,26,Other,Delhi,Delhi,2025-11-29,Regular
C00177,54,Female,Vijayawada,Andhra Pradesh,2022-01-26,Regular
C00178,39,Male,Coimbatore,Tamil Nadu,2024-06-21,New
C00179,25,Male,Jaipur,Rajasthan,2024-09-05,Regular
C00180,54,Other,Coimbatore,Tamil Nadu,2022-06-01,VIP
C00181,27,Other,Bengaluru,Karnataka,2022-11-07,Regular
C00182,25,Other,Chennai,Tamil Nadu,2023-05-24,Regular
C00183,42,Female,Ahmedabad,Gujarat,2024-12-06,Regular
C00184,45,Female,Delhi,Delhi,2025-04-20,VIP
C00185,65,Male,Bengaluru,Karnataka,2025-06-02,New
C00186,60,Male,Mumbai,Maharashtra,2023-06-26,New
C00187,53,Male,Ahmedabad,Gujarat,2022-12-22,New
C00188,46,Other,Hyderabad,Telangana,2024-04-16,VIP
C00189,20,Male,Coimbatore,Tamil Nadu,2023-08-20,Regular
C00190,47,Male,Delhi,Delhi,2025-12-10,VIP
C00191,68,Other,Ahmedabad,Gujarat,2023-06-26,VIP
C00192,25,Other,Mumbai,Maharashtra,2024-05-20,New
C00193,70,Male,Visakhapatnam,Andhra Pradesh,2023-06-29,New
C00194,68,Female,Bengaluru,Karnataka,2022-12-06,VIP
C00195,25,Female,Delhi,Delhi,2024-06-18,VIP
C00196,43,Female,Delhi,Delhi,2025-12-04,VIP
C00197,23,Other,Coimbatore,Tamil Nadu,2024-06-15,New
C00198,56,Female,Bhubaneswar,Odisha,2023-10-23,New
C00199,61,Other,Chennai,Tamil Nadu,2023-04-14,VIP
C00200,70,Female,Hyderabad,Telangana,2025-10-08,VIP
C00201,48,Other,Bengaluru,Karnataka,2022-12-25,VIP
C00202,29,Other,Kochi,Kerala,2023-07-24,Regular
C00203,48,Female,Coimbatore,Tamil Nadu,2022-07-06,Regular
C00204,60,Male,Gurugram,Haryana,2023-10-20,New
C00205,62,Female,Gurugram,Haryana,2024-04-23,Regular
C00206,20,Female,Kolkata,West Bengal,2025-01-31,New
C00207,38,Male,Gurugram,Haryana,2023-06-01,Regular
C00208,52,Female,Hyderabad,Telangana,2025-09-08,Regular
C00209,51,Female,Bengaluru,Karnataka,2023-01-20,VIP
C00210,46,Male,Coimbatore,Tamil Nadu,2025-07-04,New
C00211,26,Female,Jaipur,Rajasthan,2025-01-29,Regular
C00212,19,Other,Coimbatore,Tamil Nadu,2022-09-06,VIP
C00213,28,Female,Ahmedabad,Gujarat,2025-12-24,VIP
C00214,44,Male,Hyderabad,Telangana,2025-02-05,New
C00215,25,Other,Vijayawada,Andhra Pradesh,2024-08-03,New
C00216,50,Other,Coimbatore,Tamil Nadu,2023-08-21,Regular
C00217,48,Male,Bhubaneswar,Odisha,2024-09-15,Regular
C00218,30,Other,Visakhapatnam,Andhra Pradesh,2024-02-25,VIP
C00219,35,Female,Visakhapatnam,Andhra Pradesh,2022-05-23,Regular
C00220,36,Other,Jaipur,Rajasthan,2022-01-06,Regular
C00221,46,Other,Coimbatore,Tamil Nadu,2022-11-01,Regular
C00222,53,Other,Lucknow,Uttar Pradesh,2023-11-12,Regular
C00223,30,Other,Kochi,Kerala,2023-10-22,New
C00224,67,Female,Kolkata,West Bengal,2023-04-24,New
C00225,63,Female,Gurugram,Haryana,2024-08-26,Regular
C00226,20,Male,Visakhapatnam,Andhra Pradesh,2024-10-11,VIP
C00227,46,Male,Gurugram,Haryana,2022-07-25,VIP
C00228,64,Male,Kochi,Kerala,2022-02-01,Regular
C00229,48,Female,Visakhapatnam,Andhra Pradesh,2022-06-03,Regular
C00230,23,Female,Kolkata,West Bengal,2025-08-23,VIP
C00231,58,Other,Kolkata,West Bengal,2023-10-11,Regular
C00232,22,Male,Bengaluru,Karnataka,2025-06-18,VIP
C00233,65,Male,Delhi,Delhi,2023-04-11,Regular
C00234,63,Male,Vijayawada,Andhra Pradesh,2025-07-21,Regular
C00235,37,Male,Pune,Maharashtra,2025-11-22,New
C00236,36,Female,Gurugram,Haryana,2022-04-25,Regular
C00237,33,Other,Bhubaneswar,Odisha,2022-10-26,Regular
C00238,29,Male,Pune,Maharashtra,2022-12-15,VIP
C00239,61,Male,Kolkata,West Bengal,2025-06-23,Regular
C00240,47,Other,Visakhapatnam,Andhra Pradesh,2023-04-21,Regular
C00241,60,Male,Kochi,Kerala,2023-06-07,Regular
C00242,52,Male,Delhi,Delhi,2025-10-19,New
C00243,55,Female,Kochi,Kerala,2023-12-09,VIP
C00244,34,Female,Bhubaneswar,Odisha,2025-11-14,Regular
C00245,48,Male,Mumbai,Maharashtra,2024-02-27,New
C00246,40,Other,Kolkata,West Bengal,2025-03-17,Regular
C00247,60,Female,Delhi,Delhi,2022-02-14,Regular
C00248,61,Other,Hyderabad,Telangana,2025-03-05,New
C00249,67,Male,Coimbatore,Tamil Nadu,2023-08-10,VIP
C00250,58,Male,Lucknow,Uttar Pradesh,2023-03-25,VIP
C00251,66,Other,Jaipur,Rajasthan,2025-10-20,VIP
C00252,24,Other,Visakhapatnam,Andhra Pradesh,2025-07-10,VIP
C00253,68,Female,Bengaluru,Karnataka,2023-09-25,New
C00254,23,Female,Lucknow,Uttar Pradesh,2022-09-27,Regular
C00255,30,Male,Bhubaneswar,Odisha,2022-12-26,VIP
C00256,50,Female,Lucknow,Uttar Pradesh,2024-12-23,New
C00257,69,Female,Jaipur,Rajasthan,2024-09-13,VIP
C00258,47,Male,Gurugram,Haryana,2022-08-24,New
C00259,64,Other,Ahmedabad,Gujarat,2025-10-17,Regular
C00260,68,Female,Lucknow,Uttar Pradesh,2022-07-04,New
C00261,25,Female,Jaipur,Rajasthan,2025-01-03,Regular
C00262,42,Other,Jaipur,Rajasthan,2025-04-12,Regular
C00263,32,Female,Vijayawada,Andhra Pradesh,2025-10-14,New
C00264,32,Other,Gurugram,Haryana,2025-06-03,New
C00265,37,Other,Kochi,Kerala,2025-12-06,Regular
C00266,20,Male,Vijayawada,Andhra Pradesh,2022-10-14,Regular
C00267,24,Male,Coimbatore,Tamil Nadu,2022-08-26,VIP
C00268,47,Female,Visakhapatnam,Andhra Pradesh,2024-03-06,VIP
C00269,65,Other,Bhubaneswar,Odisha,2025-04-17,New
C00270,24,Female,Bhubaneswar,Odisha,2025-09-03,VIP
C00271,20,Other,Bhubaneswar,Odisha,2023-07-27,Regular
C00272,46,Male,Mumbai,Maharashtra,2024-06-27,Regular
C00273,41,Other,Vijayawada,Andhra Pradesh,2025-11-05,VIP
C00274,43,Female,Lucknow,Uttar Pradesh,2022-05-05,New
C00275,23,Other,Vijayawada,Andhra Pradesh,2024-07-20,New
C00276,68,Female,Hyderabad,Telangana,2022-04-14,New
C00277,31,Male,Visakhapatnam,Andhra Pradesh,2025-03-02,VIP
C00278,31,Male,Mumbai,Maharashtra,2025-04-15,Regular
C00279,18,Female,Visakhapatnam,Andhra Pradesh,2025-05-05,New
C00280,34,Male,Visakhapatnam,Andhra Pradesh,2025-01-11,New
C00281,18,Female,Hyderabad,Telangana,2022-09-27,New
C00282,29,Female,Gurugram,Haryana,2022-02-02,New
C00283,51,Male,Visakhapatnam,Andhra Pradesh,2024-05-12,VIP
C00284,46,Female,Chennai,Tamil Nadu,2024-09-02,VIP
C00285,50,Male,Vijayawada,Andhra Pradesh,2024-07-14,VIP
C00286,51,Female,Bengaluru,Karnataka,2025-09-11,Regular
C00287,48,Female,Hyderabad,Telangana,2022-05-05,Regular
C00288,63,Female,Vijayawada,Andhra Pradesh,2024-10-01,New
C00289,56,Male,Chennai,Tamil Nadu,2023-10-22,New
C00290,57,Other,Visakhapatnam,Andhra Pradesh,2023-07-18,VIP
C00291,56,Other,Gurugram,Haryana,2024-02-20,Regular
C00292,56,Female,Kochi,Kerala,2024-11-01,New
C00293,59,Other,Vijayawada,Andhra Pradesh,2025-09-02,VIP
C00294,46,Male,Mumbai,Maharashtra,2024-05-30,Regular
C00295,43,Female,Gurugram,Haryana,2024-07-17,VIP
C00296,45,Female,Vijayawada,Andhra Pradesh,2023-10-03,VIP
C00297,27,Other,Jaipur,Rajasthan,2024-02-06,Regular
C00298,23,Male,Chennai,Tamil Nadu,2022-07-06,Regular
C00299,69,Male,Vijayawada,Andhra Pradesh,2024-02-03,VIP
C00300,53,Other,Bengaluru,Karnataka,2025-04-16,Regular
C00301,40,Other,Vijayawada,Andhra Pradesh,2024-04-21,Regular
C00302,56,Female,Bengaluru,Karnataka,2023-08-13,Regular
C00303,50,Male,Vijayawada,Andhra Pradesh,2025-03-29,New
C00304,24,Female,Coimbatore,Tamil Nadu,2023-04-05,VIP
C00305,66,Female,Lucknow,Uttar Pradesh,2022-08-24,VIP
C00306,53,Other,Ahmedabad,Gujarat,2024-05-28,VIP
C00307,60,Other,Hyderabad,Telangana,2025-06-01,Regular
C00308,35,Other,Hyderabad,Telangana,2023-01-05,Regular
C00309,18,Male,Gurugram,Haryana,2023-12-20,New
C00310,27,Other,Kolkata,West Bengal,2022-05-23,VIP
C00311,65,Other,Hyderabad,Telangana,2022-07-07,New
C00312,47,Female,Kolkata,West Bengal,2024-05-09,New
C00313,64,Female,Lucknow,Uttar Pradesh,2023-10-01,VIP
C00314,27,Male,Chennai,Tamil Nadu,2022-04-18,VIP
C00315,23,Female,Bengaluru,Karnataka,2025-10-12,Regular
C00316,56,Female,Bhubaneswar,Odisha,2024-09-21,Regular
C00317,66,Other,Jaipur,Rajasthan,2023-03-18,New
C00318,25,Female,Lucknow,Uttar Pradesh,2024-05-30,VIP
C00319,60,Female,Coimbatore,Tamil Nadu,2024-12-15,New
C00320,56,Male,Ahmedabad,Gujarat,2024-03-20,New
C00321,31,Male,Mumbai,Maharashtra,2023-09-10,Regular
C00322,25,Male,Delhi,Delhi,2023-11-03,Regular
C00323,26,Female,Bhubaneswar,Odisha,2022-12-26,VIP
C00324,53,Other,Ahmedabad,Gujarat,2024-10-21,Regular
C00325,65,Male,Chennai,Tamil Nadu,2024-03-24,Regular
C00326,22,Female,Hyderabad,Telangana,2024-07-30,VIP
C00327,43,Other,Bhubaneswar,Odisha,2025-03-20,VIP
C00328,25,Female,Bhubaneswar,Odisha,2023-08-16,New
C00329,69,Other,Gurugram,Haryana,2022-12-18,Regular
C00330,45,Male,Lucknow,Uttar Pradesh,2022-06-30,New
C00331,43,Other,Bhubaneswar,Odisha,2025-04-21,New
C00332,65,Female,Kolkata,West Bengal,2023-09-28,New
C00333,22,Other,Gurugram,Haryana,2022-12-11,VIP
C00334,50,Male,Vijayawada,Andhra Pradesh,2024-12-22,Regular
C00335,70,Male,Lucknow,Uttar Pradesh,2025-08-14,New
C00336,34,Male,Vijayawada,Andhra Pradesh,2022-10-27,New
C00337,22,Male,Visakhapatnam,Andhra Pradesh,2025-09-04,VIP
C00338,66,Other,Coimbatore,Tamil Nadu,2024-08-08,VIP
C00339,54,Other,Kochi,Kerala,2025-10-26,VIP
C00340,38,Male,Gurugram,Haryana,2025-07-08,Regular
C00341,46,Other,Chennai,Tamil Nadu,2024-08-18,Regular
C00342,21,Female,Jaipur,Rajasthan,2025-04-26,VIP
C00343,47,Female,Chennai,Tamil Nadu,2023-09-28,New
C00344,36,Male,Bengaluru,Karnataka,2024-01-26,VIP
C00345,56,Other,Chennai,Tamil Nadu,2025-06-13,Regular
C00346,53,Other,Kochi,Kerala,2025-04-03,New
C00347,59,Male,Kochi,Kerala,2025-03-16,Regular
C00348,27,Male,Coimbatore,Tamil Nadu,2024-10-23,Regular
C00349,63,Male,Vijayawada,Andhra Pradesh,2023-12-05,VIP
C00350,33,Other,Pune,Maharashtra,2022-03-22,Regular
C00351,51,Other,Kochi,Kerala,2024-12-09,New
C00352,36,Female,Lucknow,Uttar Pradesh,2024-02-03,Regular
C00353,56,Male,Gurugram,Haryana,2025-10-22,VIP
C00354,39,Male,Gurugram,Haryana,2022-05-15,VIP
C00355,34,Other,Kolkata,West Bengal,2023-08-05,VIP
C00356,23,Other,Visakhapatnam,Andhra Pradesh,2023-11-14,VIP
C00357,37,Other,Visakhapatnam,Andhra Pradesh,2023-12-18,VIP
C00358,56,Other,Kolkata,West Bengal,2022-09-22,New
C00359,42,Other,Delhi,Delhi,2025-02-18,Regular
C00360,62,Other,Visakhapatnam,Andhra Pradesh,2025-10-04,VIP
C00361,60,Female,Chennai,Tamil Nadu,2025-08-16,VIP
C00362,41,Female,Lucknow,Uttar Pradesh,2022-02-07,New
C00363,67,Female,Mumbai,Maharashtra,2023-12-01,New
C00364,27,Male,Ahmedabad,Gujarat,2022-10-09,Regular
C00365,67,Other,Vijayawada,Andhra Pradesh,2024-11-05,VIP
C00366,39,Other,Bengaluru,Karnataka,2025-09-17,New
C00367,28,Male,Kolkata,West Bengal,2022-11-12,VIP
C00368,20,Female,Pune,Maharashtra,2024-06-15,Regular
C00369,57,Female,Ahmedabad,Gujarat,2024-06-28,VIP
C00370,52,Male,Kochi,Kerala,2023-04-25,Regular
C00371,41,Other,Coimbatore,Tamil Nadu,2023-02-02,VIP
C00372,67,Female,Kochi,Kerala,2024-08-03,Regular
C00373,70,Male,Bhubaneswar,Odisha,2022-11-28,VIP
C00374,21,Other,Visakhapatnam,Andhra Pradesh,2023-05-28,Regular
C00375,24,Other,Lucknow,Uttar Pradesh,2025-02-09,VIP
C00376,23,Male,Vijayawada,Andhra Pradesh,2023-08-07,Regular
C00377,27,Female,Kochi,Kerala,2024-11-17,New
C00378,40,Male,Ahmedabad,Gujarat,2024-07-12,Regular
C00379,50,Female,Bengaluru,Karnataka,2024-03-22,New
C00380,41,Male,Kolkata,West Bengal,2022-06-17,New
C00381,63,Other,Gurugram,Haryana,2022-07-22,Regular
C00382,20,Female,Visakhapatnam,Andhra Pradesh,2022-10-09,Regular
C00383,48,Female,Visakhapatnam,Andhra Pradesh,2025-12-15,VIP
C00384,19,Female,Hyderabad,Telangana,2022-06-12,New
C00385,64,Other,Visakhapatnam,Andhra Pradesh,2025-01-28,VIP
C00386,67,Female,Bhubaneswar,Odisha,2022-08-16,New
C00387,21,Male,Delhi,Delhi,2022-09-07,Regular
C00388,25,Female,Kochi,Kerala,2022-05-09,VIP
C00389,50,Other,Hyderabad,Telangana,2025-07-18,New
C00390,45,Male,Visakhapatnam,Andhra Pradesh,2023-08-20,VIP
C00391,54,Female,Lucknow,Uttar Pradesh,2023-05-08,New
C00392,41,Male,Chennai,Tamil Nadu,2024-12-08,VIP
C00393,48,Male,Hyderabad,Telangana,2024-03-10,VIP
C00394,34,Other,Kolkata,West Bengal,2024-02-04,New
C00395,40,Male,Lucknow,Uttar Pradesh,2022-05-19,VIP
C00396,65,Female,Vijayawada,Andhra Pradesh,2025-04-06,New
C00397,52,Female,Bengaluru,Karnataka,2023-12-23,VIP
C00398,47,Other,Pune,Maharashtra,2025-11-03,Regular
C00399,22,Other,Pune,Maharashtra,2022-10-04,Regular
C00400,30,Male,Bengaluru,Karnataka,2023-08-24,New
C00401,37,Other,Bengaluru,Karnataka,2023-10-09,Regular
C00402,20,Other,Coimbatore,Tamil Nadu,2023-06-03,New
C00403,67,Male,Delhi,Delhi,2024-01-02,VIP
C00404,25,Female,Gurugram,Haryana,2023-07-14,Regular
C00405,42,Female,Kolkata,West Bengal,2024-06-19,New
C00406,49,Female,Coimbatore,Tamil Nadu,2025-11-18,VIP
C00407,64,Female,Jaipur,Rajasthan,2022-06-19,New
C00408,70,Male,Bhubaneswar,Odisha,2025-05-18,VIP
C00409,24,Male,Delhi,Delhi,2023-10-20,Regular
C00410,46,Other,Delhi,Delhi,2023-09-20,VIP
C00411,62,Female,Bhubaneswar,Odisha,2022-12-08,Regular
C00412,64,Female,Kochi,Kerala,2022-03-28,VIP
C00413,58,Male,Bhubaneswar,Odisha,2023-07-17,New
C00414,50,Other,Kolkata,West Bengal,2024-01-15,VIP
C00415,27,Other,Pune,Maharashtra,2022-03-05,VIP
C00416,26,Male,Kochi,Kerala,2022-03-13,New
C00417,42,Other,Lucknow,Uttar Pradesh,2024-01-12,New
C00418,46,Female,Visakhapatnam,Andhra Pradesh,2025-10-22,Regular
C00419,54,Male,Kochi,Kerala,2022-06-07,VIP
C00420,38,Other,Lucknow,Uttar Pradesh,2024-03-26,Regular
C00421,19,Other,Ahmedabad,Gujarat,2022-08-21,New
C00422,42,Other,Coimbatore,Tamil Nadu,2024-11-26,New
C00423,63,Female,Jaipur,Rajasthan,2023-06-18,New
C00424,49,Male,Delhi,Delhi,2025-11-22,New
C00425,46,Male,Visakhapatnam,Andhra Pradesh,2022-06-01,VIP
C00426,69,Other,Kochi,Kerala,2022-06-29,Regular
C00427,22,Other,Lucknow,Uttar Pradesh,2025-12-24,VIP
C00428,28,Other,Delhi,Delhi,2023-09-07,VIP
C00429,50,Male,Pune,Maharashtra,2024-01-11,New
C00430,33,Female,Mumbai,Maharashtra,2022-10-12,New
C00431,54,Female,Lucknow,Uttar Pradesh,2025-02-08,Regular
C00432,23,Male,Visakhapatnam,Andhra Pradesh,2025-06-07,Regular
C00433,51,Female,Kolkata,West Bengal,2024-09-07,Regular
C00434,38,Other,,Tamil Nadu,2022-09-14,New
C00435,61,Other,Kochi,Kerala,2024-08-12,Regular
C00436,58,Other,Visakhapatnam,Andhra Pradesh,2025-02-03,New
C00437,50,Male,Visakhapatnam,Andhra Pradesh,2024-06-05,New
C00438,28,Male,,Andhra Pradesh,2023-09-15,Regular
C00439,51,Female,Ahmedabad,Gujarat,2023-12-10,New
C00440,58,Other,Jaipur,Rajasthan,2023-02-07,Regular
C00441,37,Other,Visakhapatnam,Andhra Pradesh,2025-07-04,VIP
C00442,59,Male,Chennai,Tamil Nadu,2024-10-26,VIP
C00443,60,Other,Visakhapatnam,Andhra Pradesh,2022-12-17,VIP
C00444,20,Male,Gurugram,Haryana,2025-02-28,New
C00445,67,Other,Bengaluru,Karnataka,2025-08-06,Regular
C00446,44,Other,Mumbai,Maharashtra,2025-03-17,VIP
C00447,58,Other,Hyderabad,Telangana,2024-10-16,Regular
C00448,33,Other,Delhi,Delhi,2024-09-16,Regular
C00449,22,Other,Delhi,Delhi,2024-07-17,New
C00450,44,Female,Pune,Maharashtra,2024-06-19,Regular
C00451,56,Male,Mumbai,Maharashtra,2023-11-28,Regular
C00452,43,Male,Gurugram,Haryana,2023-12-09,Regular
C00453,33,Female,Vijayawada,Andhra Pradesh,2023-10-16,New
C00454,33,Male,Jaipur,Rajasthan,2024-07-09,New
C00455,42,Other,Bengaluru,Karnataka,2023-08-18,Regular
C00456,70,Female,Ahmedabad,Gujarat,2022-11-24,VIP
C00457,66,Male,Gurugram,Haryana,2023-01-24,Regular
C00458,37,Female,Kochi,Kerala,2024-10-18,New
C00459,50,Female,Chennai,Tamil Nadu,2024-03-16,New
C00460,40,Male,Mumbai,Maharashtra,2025-04-09,New
C00461,56,Other,Delhi,Delhi,2024-10-10,VIP
C00462,52,Male,Coimbatore,Tamil Nadu,2023-08-09,New
C00463,34,Other,Bhubaneswar,Odisha,2022-10-02,Regular
C00464,20,Female,Kolkata,West Bengal,2024-01-20,New
C00465,53,Female,Mumbai,Maharashtra,2024-01-13,New
C00466,46,Other,Kolkata,West Bengal,2024-10-29,Regular
C00467,24,Female,Vijayawada,Andhra Pradesh,2022-09-21,Regular
C00468,41,Male,Gurugram,Haryana,2025-02-16,New
C00469,20,Male,Kolkata,West Bengal,2024-10-21,New
C00470,69,Female,Visakhapatnam,Andhra Pradesh,2023-11-14,VIP
C00471,56,Other,Kochi,Kerala,2022-11-02,New
C00472,38,Male,Gurugram,Haryana,2025-06-09,Regular
C00473,39,Other,Delhi,Delhi,2025-04-30,VIP
C00474,54,Female,Coimbatore,Tamil Nadu,2025-12-22,Regular
C00475,39,Other,Hyderabad,Telangana,2024-01-25,New
C00476,37,Other,Bhubaneswar,Odisha,2025-04-10,VIP
C00477,48,Female,Hyderabad,Telangana,2025-05-07,VIP
C00478,55,Female,Ahmedabad,Gujarat,2022-04-16,New
C00479,70,Other,Kolkata,West Bengal,2022-10-30,New
C00480,62,Male,Bengaluru,Karnataka,2025-03-18,New
C00481,38,Female,Hyderabad,Telangana,2024-06-22,New
C00482,31,Female,Bhubaneswar,Odisha,2025-11-15,VIP
C00483,63,Male,Coimbatore,Tamil Nadu,2022-05-08,VIP
C00484,38,Other,Mumbai,Maharashtra,2025-02-22,Regular
C00485,29,Female,Kolkata,West Bengal,2023-10-05,VIP
C00486,40,Other,Gurugram,Haryana,2025-01-23,VIP
C00487,48,Male,Jaipur,Rajasthan,2025-06-03,New
C00488,37,Male,Jaipur,Rajasthan,2025-02-16,Regular
C00489,31,Other,Delhi,Delhi,2025-12-14,VIP
C00490,48,Female,Coimbatore,Tamil Nadu,2023-10-12,VIP
C00491,25,Other,Jaipur,Rajasthan,2023-08-13,VIP
C00492,70,Female,Kolkata,West Bengal,2024-03-19,New
C00493,36,Other,Delhi,Delhi,2022-03-28,New
C00494,59,Female,Lucknow,Uttar Pradesh,2024-06-24,VIP
C00495,30,Other,Coimbatore,Tamil Nadu,2023-03-15,Regular
C00496,24,Other,Jaipur,Rajasthan,2022-10-09,VIP
C00497,21,Other,Ahmedabad,Gujarat,2023-05-12,VIP
C00498,32,Male,Ahmedabad,Gujarat,2025-07-30,New
C00499,63,Female,Bhubaneswar,Odisha,2023-11-08,New
C00500,53,Male,Visakhapatnam,Andhra Pradesh,2022-01-11,Regular
C00501,59,Male,Coimbatore,Tamil Nadu,2024-09-04,Regular
C00502,59,Male,Gurugram,Haryana,2023-08-08,New
C00503,65,Other,Ahmedabad,Gujarat,2024-12-31,New
C00504,29,Male,Pune,Maharashtra,2024-05-05,Regular
C00505,65,Female,Coimbatore,Tamil Nadu,2023-01-17,New
C00506,54,Other,Hyderabad,Telangana,2023-09-04,New
C00507,47,Other,Gurugram,Haryana,2023-08-06,VIP
C00508,50,Female,Coimbatore,Tamil Nadu,2022-10-02,Regular
C00509,39,Male,Mumbai,Maharashtra,2022-08-19,VIP
C00510,34,Other,Kochi,Kerala,2025-08-20,New
C00511,68,Female,Hyderabad,Telangana,2023-11-22,VIP
C00512,57,Other,Mumbai,Maharashtra,2022-12-26,Regular
C00513,38,Male,Bhubaneswar,Odisha,2024-11-21,Regular
C00514,26,Female,Vijayawada,Andhra Pradesh,2023-01-14,Regular
C00515,34,Female,Ahmedabad,Gujarat,2022-01-14,New
C00516,39,Female,Kochi,Kerala,2023-07-01,VIP
C00517,59,Female,Hyderabad,Telangana,2023-06-20,VIP
C00518,60,Male,Ahmedabad,Gujarat,2022-05-08,Regular
C00519,43,Other,Delhi,Delhi,2022-11-24,VIP
C00520,25,Other,Delhi,Delhi,2025-11-14,Regular
C00521,32,Male,Lucknow,Uttar Pradesh,2025-06-12,New
C00522,47,Other,,Tamil Nadu,2022-11-10,VIP
C00523,62,Other,Lucknow,Uttar Pradesh,2024-05-01,Regular
C00524,61,Other,Mumbai,Maharashtra,2023-05-22,New
C00525,63,Female,Kochi,Kerala,2024-12-17,New
C00526,53,Other,Vijayawada,Andhra Pradesh,2022-05-07,New
C00527,38,Other,Visakhapatnam,Andhra Pradesh,2022-12-03,Regular
C00528,31,Other,Vijayawada,Andhra Pradesh,2025-10-25,VIP
C00529,50,Female,Coimbatore,Tamil Nadu,2022-07-06,New
C00530,50,Female,Kochi,Kerala,2022-09-28,Regular
C00531,47,Other,Bengaluru,Karnataka,2025-02-18,Regular
C00532,34,Male,Hyderabad,Telangana,2024-03-21,VIP
C00533,22,Male,Mumbai,Maharashtra,2025-03-30,Regular
C00534,22,Other,Lucknow,Uttar Pradesh,2025-12-05,New
C00535,20,Female,Chennai,Tamil Nadu,2024-08-24,Regular
C00536,67,Other,Pune,Maharashtra,2022-10-05,VIP
C00537,42,Female,Bhubaneswar,Odisha,2024-02-06,Regular
C00538,61,Other,Kolkata,West Bengal,2022-06-14,VIP
C00539,40,Male,Visakhapatnam,Andhra Pradesh,2025-08-31,New
C00540,26,Other,Kolkata,West Bengal,2024-12-19,New
C00541,37,Female,Hyderabad,Telangana,2022-02-16,VIP
C00542,42,Male,Bhubaneswar,Odisha,2024-12-25,New
C00543,27,Female,Kochi,Kerala,2023-12-10,New
C00544,69,Other,Vijayawada,Andhra Pradesh,2022-03-07,Regular
C00545,31,Male,Hyderabad,Telangana,2023-05-08,New
C00546,56,Other,Bengaluru,Karnataka,2024-07-03,VIP
C00547,65,Male,Bengaluru,Karnataka,2023-05-17,Regular
C00548,52,Male,Kochi,Kerala,2023-04-25,New
C00549,36,Male,Visakhapatnam,Andhra Pradesh,2024-10-28,VIP
C00550,56,Other,Gurugram,Haryana,2025-03-28,Regular
C00551,27,Other,Ahmedabad,Gujarat,2023-09-11,VIP
C00552,37,Female,Ahmedabad,Gujarat,2024-04-26,New
C00553,61,Female,Pune,Maharashtra,2025-07-06,VIP
C00554,40,Other,Coimbatore,Tamil Nadu,2022-04-07,VIP
C00555,38,Other,Kolkata,West Bengal,2024-12-10,Regular
C00556,37,Female,Bhubaneswar,Odisha,2022-11-02,New
C00557,32,Female,Coimbatore,Tamil Nadu,2023-05-09,VIP
C00558,21,Other,Visakhapatnam,Andhra Pradesh,2024-08-06,Regular
C00559,51,Male,Bhubaneswar,Odisha,2025-02-15,Regular
C00560,31,Female,Ahmedabad,Gujarat,2023-06-07,VIP
C00561,41,Male,Chennai,Tamil Nadu,2024-07-10,VIP
C00562,35,Female,Mumbai,Maharashtra,2022-04-16,VIP
C00563,30,Other,Bengaluru,Karnataka,2022-05-30,VIP
C00564,31,Female,Mumbai,Maharashtra,2024-09-08,Regular
C00565,30,Other,Hyderabad,Telangana,2023-03-10,New
C00566,62,Other,Coimbatore,Tamil Nadu,2023-05-12,VIP
C00567,33,Other,Mumbai,Maharashtra,2024-03-23,Regular
C00568,47,Other,Delhi,Delhi,2024-02-19,VIP
C00569,34,Female,Lucknow,Uttar Pradesh,2023-09-24,VIP
C00570,24,Other,Coimbatore,Tamil Nadu,2024-08-12,Regular
C00571,41,Female,Gurugram,Haryana,2023-02-21,Regular
C00572,32,Other,Bengaluru,Karnataka,2025-02-26,New
C00573,53,Other,Hyderabad,Telangana,2023-06-19,VIP
C00574,27,Male,Bhubaneswar,Odisha,2023-08-28,Regular
C00575,54,Male,Ahmedabad,Gujarat,2024-02-17,Regular
C00576,66,Female,Gurugram,Haryana,2023-06-12,VIP
C00577,28,Other,Coimbatore,Tamil Nadu,2024-08-01,Regular
C00578,64,Other,Pune,Maharashtra,2022-10-14,Regular
C00579,59,Male,Pune,Maharashtra,2025-01-15,VIP
C00580,70,Other,Bengaluru,Karnataka,2022-06-02,New
C00581,26,Other,Hyderabad,Telangana,2024-04-24,New
C00582,27,Male,Chennai,Tamil Nadu,2025-12-19,New
C00583,21,Other,Kochi,Kerala,2024-02-04,VIP
C00584,49,Male,Coimbatore,Tamil Nadu,2025-09-12,New
C00585,19,Other,Bhubaneswar,Odisha,2022-01-25,VIP
C00586,36,Male,Jaipur,Rajasthan,2025-01-02,VIP
C00587,24,Male,Bhubaneswar,Odisha,2023-01-03,VIP
C00588,30,Other,Visakhapatnam,Andhra Pradesh,2023-05-09,VIP
C00589,35,Female,Jaipur,Rajasthan,2023-12-27,New
C00590,47,Other,Lucknow,Uttar Pradesh,2024-04-11,New
C00591,61,Male,Ahmedabad,Gujarat,2023-09-07,VIP
C00592,43,Female,Bengaluru,Karnataka,2022-07-11,Regular
C00593,58,Male,Coimbatore,Tamil Nadu,2022-04-25,VIP
C00594,49,Female,Pune,Maharashtra,2022-06-19,VIP
C00595,24,Other,Gurugram,Haryana,2025-03-04,New
C00596,62,Other,Ahmedabad,Gujarat,2023-03-09,Regular
C00597,22,Other,Jaipur,Rajasthan,2022-04-06,Regular
C00598,38,Male,Bengaluru,Karnataka,2023-01-03,New
C00599,70,Female,Visakhapatnam,Andhra Pradesh,2025-12-30,New
C00600,54,Male,Delhi,Delhi,2022-11-29,VIP
C00601,52,Female,Kolkata,West Bengal,2025-10-18,Regular
C00602,64,Male,Visakhapatnam,Andhra Pradesh,2025-11-12,VIP
C00603,24,Female,Lucknow,Uttar Pradesh,2022-04-20,New
C00604,56,Other,Chennai,Tamil Nadu,2023-11-29,VIP
C00605,19,Other,Kolkata,West Bengal,2023-10-31,Regular
C00606,32,Female,Kochi,Kerala,2024-10-01,VIP
C00607,29,Other,Kolkata,West Bengal,2024-06-03,VIP
C00608,67,Other,Kolkata,West Bengal,2022-06-25,Regular
C00609,22,Male,Ahmedabad,Gujarat,2025-12-31,Regular
C00610,63,Other,Visakhapatnam,Andhra Pradesh,2024-02-18,New
C00611,41,Male,Kolkata,West Bengal,2023-10-11,New
C00612,46,Female,Hyderabad,Telangana,2023-09-24,Regular
C00613,23,Male,Vijayawada,Andhra Pradesh,2022-09-29,Regular
C00614,53,Other,Kochi,Kerala,2025-02-14,Regular
C00615,23,Female,Vijayawada,Andhra Pradesh,2022-02-23,VIP
C00616,56,Female,Chennai,Tamil Nadu,2025-05-07,Regular
C00617,44,Female,Hyderabad,Telangana,2023-08-21,New
C00618,51,Male,Ahmedabad,Gujarat,2025-03-17,VIP
C00619,26,Female,Kolkata,West Bengal,2022-12-14,Regular
C00620,27,Male,Jaipur,Rajasthan,2024-10-06,New
C00621,44,Female,Bhubaneswar,Odisha,2023-07-20,Regular
C00622,34,Male,Chennai,Tamil Nadu,2024-01-10,VIP
C00623,57,Male,Coimbatore,Tamil Nadu,2025-05-01,Regular
C00624,37,Male,Vijayawada,Andhra Pradesh,2022-10-05,Regular
C00625,42,Female,Gurugram,Haryana,2025-06-24,Regular
C00626,70,Other,Gurugram,Haryana,2024-05-31,VIP
C00627,38,Other,Visakhapatnam,Andhra Pradesh,2023-09-08,VIP
C00628,38,Male,Mumbai,Maharashtra,2024-09-08,Regular
C00629,65,Other,Gurugram,Haryana,2023-08-20,VIP
C00630,68,Male,Coimbatore,Tamil Nadu,2025-03-25,Regular
C00631,70,Female,Kolkata,West Bengal,2023-07-29,Regular
C00632,30,Other,Vijayawada,Andhra Pradesh,2025-02-28,VIP
C00633,67,Other,Pune,Maharashtra,2025-10-28,New
C00634,31,Female,Kochi,Kerala,2025-12-21,Regular
C00635,61,Female,Chennai,Tamil Nadu,2024-04-17,New
C00636,34,Other,Delhi,Delhi,2023-05-11,New
C00637,22,Female,Bhubaneswar,Odisha,2024-02-12,VIP
C00638,43,Other,Coimbatore,Tamil Nadu,2025-04-07,VIP
C00639,20,Female,Bhubaneswar,Odisha,2025-01-18,VIP
C00640,67,Male,Chennai,Tamil Nadu,2022-08-12,VIP
C00641,59,Other,Lucknow,Uttar Pradesh,2022-12-07,New
C00642,68,Female,Kolkata,West Bengal,2023-11-11,New
C00643,34,Male,Hyderabad,Telangana,2022-07-21,VIP
C00644,41,Female,Ahmedabad,Gujarat,2024-07-01,Regular
C00645,19,Female,Visakhapatnam,Andhra Pradesh,2023-12-08,New
C00646,23,Male,Delhi,Delhi,2024-05-01,VIP
C00647,37,Female,Visakhapatnam,Andhra Pradesh,2023-12-15,Regular
C00648,48,Female,Mumbai,Maharashtra,2024-12-03,Regular
C00649,64,Other,Vijayawada,Andhra Pradesh,2024-06-16,Regular
C00650,37,Male,Gurugram,Haryana,2022-05-18,VIP
C00651,39,Other,Vijayawada,Andhra Pradesh,2022-02-16,New
C00652,51,Male,Pune,Maharashtra,2023-05-15,VIP
C00653,53,Female,Pune,Maharashtra,2023-11-09,Regular
C00654,58,Male,Ahmedabad,Gujarat,2024-04-09,New
C00655,19,Other,Bhubaneswar,Odisha,2024-03-21,VIP
C00656,55,Female,Mumbai,Maharashtra,2024-07-09,Regular
C00657,31,Male,Hyderabad,Telangana,2025-12-14,Regular
C00658,24,Other,Chennai,Tamil Nadu,2025-03-28,New
C00659,30,Female,Lucknow,Uttar Pradesh,2023-10-30,New
C00660,49,Other,Jaipur,Rajasthan,2025-10-05,VIP
C00661,42,Other,Gurugram,Haryana,2025-05-07,Regular
C00662,40,Female,Vijayawada,Andhra Pradesh,2023-12-14,VIP
C00663,63,Female,Pune,Maharashtra,2025-10-11,VIP
C00664,26,Female,Chennai,Tamil Nadu,2025-10-08,New
C00665,25,Male,Ahmedabad,Gujarat,2023-09-18,Regular
C00666,42,Female,Visakhapatnam,Andhra Pradesh,2024-11-12,VIP
C00667,42,Female,Visakhapatnam,Andhra Pradesh,2025-03-23,New
C00668,52,Other,Coimbatore,Tamil Nadu,2025-07-25,VIP
C00669,28,Female,Pune,Maharashtra,2025-02-10,Regular
C00670,38,Female,Visakhapatnam,Andhra Pradesh,2023-01-19,VIP
C00671,18,Female,Bengaluru,Karnataka,2024-01-06,New
C00672,53,Other,Mumbai,Maharashtra,2024-02-26,VIP
C00673,61,Female,Coimbatore,Tamil Nadu,2024-04-17,Regular
C00674,28,Male,Kochi,Kerala,2024-09-27,VIP
C00675,36,Male,Hyderabad,Telangana,2023-03-28,Regular
C00676,36,Male,Ahmedabad,Gujarat,2025-01-06,Regular
C00677,50,Male,Coimbatore,Tamil Nadu,2025-01-30,VIP
C00678,67,Other,Vijayawada,Andhra Pradesh,2023-07-03,Regular
C00679,52,Male,Bengaluru,Karnataka,2024-06-22,Regular
C00680,66,Male,Vijayawada,Andhra Pradesh,2025-08-31,Regular
C00681,34,Female,Bengaluru,Karnataka,2024-07-10,New
C00682,67,Male,Kochi,Kerala,2022-08-29,New
C00683,57,Other,Lucknow,Uttar Pradesh,2025-12-26,Regular
C00684,26,Male,Pune,Maharashtra,2025-06-15,New
C00685,40,Other,Bengaluru,Karnataka,2025-03-13,Regular
C00686,63,Female,Pune,Maharashtra,2023-10-25,Regular
C00687,61,Male,Jaipur,Rajasthan,2024-11-19,New
C00688,35,Other,Bhubaneswar,Odisha,2022-05-02,New
C00689,27,Other,Visakhapatnam,Andhra Pradesh,2023-05-27,Regular
C00690,43,Female,Ahmedabad,Gujarat,2025-10-16,New
C00691,44,Female,Jaipur,Rajasthan,2025-07-09,Regular
C00692,68,Male,Chennai,Tamil Nadu,2025-07-21,Regular
C00693,41,Female,Jaipur,Rajasthan,2025-11-23,Regular
C00694,18,Other,Gurugram,Haryana,2025-04-06,New
C00695,60,Other,Kochi,Kerala,2025-07-24,Regular
C00696,43,Male,Chennai,Tamil Nadu,2024-12-30,Regular
C00697,35,Female,Mumbai,Maharashtra,2024-10-10,Regular
C00698,54,Male,Gurugram,Haryana,2025-01-25,VIP
C00699,61,Male,Coimbatore,Tamil Nadu,2023-12-05,New
C00700,68,Female,Vijayawada,Andhra Pradesh,2025-07-06,New
C00701,46,Female,Vijayawada,Andhra Pradesh,2022-11-20,New
C00702,62,Male,Bhubaneswar,Odisha,2023-02-19,VIP
C00703,35,Male,Delhi,Delhi,2022-11-22,VIP
C00704,23,Female,Lucknow,Uttar Pradesh,2023-05-28,VIP
C00705,43,Other,Pune,Maharashtra,2022-04-17,Regular
C00706,59,Male,Ahmedabad,Gujarat,2024-05-29,VIP
C00707,31,Female,Vijayawada,Andhra Pradesh,2022-01-03,New
C00708,32,Other,Visakhapatnam,Andhra Pradesh,2025-04-30,VIP
C00709,18,Other,Kochi,Kerala,2022-01-20,Regular
C00710,62,Male,Vijayawada,Andhra Pradesh,2024-05-14,Regular
C00711,42,Male,Chennai,Tamil Nadu,2023-04-14,VIP
C00712,38,Female,Vijayawada,Andhra Pradesh,2022-07-31,Regular
C00713,67,Male,Visakhapatnam,Andhra Pradesh,2024-02-23,VIP
C00714,51,Other,Visakhapatnam,Andhra Pradesh,2022-05-21,New
C00715,40,Other,Pune,Maharashtra,2024-06-20,New
C00716,57,Other,Visakhapatnam,Andhra Pradesh,2024-04-23,Regular
C00717,24,Male,Mumbai,Maharashtra,2022-06-27,New
C00718,45,Female,Kolkata,West Bengal,2023-12-21,New
C00719,59,Male,Ahmedabad,Gujarat,2023-07-22,New
C00720,19,Other,Delhi,Delhi,2025-11-15,Regular
C00721,56,Other,Mumbai,Maharashtra,2024-11-26,New
C00722,59,Male,Kolkata,West Bengal,2023-08-29,New
C00723,25,Male,Coimbatore,Tamil Nadu,2024-03-01,Regular
C00724,18,Female,Chennai,Tamil Nadu,2024-12-17,Regular
C00725,54,Female,Visakhapatnam,Andhra Pradesh,2024-03-03,Regular
C00726,67,Male,Pune,Maharashtra,2024-08-22,New
C00727,34,Male,Chennai,Tamil Nadu,2022-01-29,New
C00728,50,Female,Bengaluru,Karnataka,2024-03-26,VIP
C00729,62,Female,Bhubaneswar,Odisha,2024-05-17,New
C00730,23,Female,Visakhapatnam,Andhra Pradesh,2023-07-23,New
C00731,52,Female,Mumbai,Maharashtra,2022-11-15,Regular
C00732,62,Female,Chennai,Tamil Nadu,2023-09-28,VIP
C00733,33,Male,Ahmedabad,Gujarat,2022-04-29,Regular
C00734,57,Other,Vijayawada,Andhra Pradesh,2024-07-17,New
C00735,65,Other,Delhi,Delhi,2025-09-26,VIP
C00736,18,Other,Pune,Maharashtra,2022-09-02,New
C00737,49,Female,Hyderabad,Telangana,2022-12-02,VIP
C00738,41,Male,Jaipur,Rajasthan,2022-12-08,VIP
C00739,67,Male,Jaipur,Rajasthan,2022-08-30,Regular
C00740,51,Male,Bhubaneswar,Odisha,2023-07-12,Regular
C00741,47,Other,Chennai,Tamil Nadu,2024-10-13,Regular
C00742,54,Male,Bengaluru,Karnataka,2024-10-20,Regular
C00743,67,Male,Pune,Maharashtra,2023-06-07,VIP
C00744,65,Other,Vijayawada,Andhra Pradesh,2023-04-13,New
C00745,33,Male,Bengaluru,Karnataka,2022-01-26,Regular
C00746,27,Male,Lucknow,Uttar Pradesh,2024-02-24,New
C00747,38,Male,Bhubaneswar,Odisha,2023-04-05,Regular
C00748,70,Male,Gurugram,Haryana,2023-07-10,VIP
C00749,50,Other,Lucknow,Uttar Pradesh,2022-09-02,New
C00750,69,Other,Pune,Maharashtra,2023-04-03,New
C00751,47,Female,Kolkata,West Bengal,2022-05-22,Regular
C00752,53,Female,Gurugram,Haryana,2022-06-26,New
C00753,36,Other,Lucknow,Uttar Pradesh,2023-02-15,Regular
C00754,41,Other,Ahmedabad,Gujarat,2024-08-08,Regular
C00755,66,Male,Mumbai,Maharashtra,2025-01-24,New
C00756,19,Male,Hyderabad,Telangana,2024-04-19,VIP
C00757,62,Male,Lucknow,Uttar Pradesh,2025-07-26,Regular
C00758,42,Other,Hyderabad,Telangana,2025-09-08,VIP
C00759,31,Other,Delhi,Delhi,2022-08-01,New
C00760,21,Male,Bhubaneswar,Odisha,2024-10-04,VIP
C00761,20,Male,Jaipur,Rajasthan,2022-07-10,VIP
C00762,41,Female,Bhubaneswar,Odisha,2025-12-06,VIP
C00763,24,Other,Chennai,Tamil Nadu,2025-04-04,New
C00764,55,Other,Kolkata,West Bengal,2022-06-03,New
C00765,26,Male,Bhubaneswar,Odisha,2025-09-18,Regular
C00766,69,Female,Jaipur,Rajasthan,2023-10-08,VIP
C00767,46,Female,Gurugram,Haryana,2023-10-14,New
C00768,26,Other,Chennai,Tamil Nadu,2023-02-20,New
C00769,28,Female,Visakhapatnam,Andhra Pradesh,2022-08-05,Regular
C00770,25,Other,Gurugram,Haryana,2024-04-12,Regular
C00771,37,Female,Mumbai,Maharashtra,2024-07-14,Regular
C00772,28,Other,Vijayawada,Andhra Pradesh,2022-07-05,Regular
C00773,38,Male,Bengaluru,Karnataka,2023-03-17,New
C00774,43,Other,Ahmedabad,Gujarat,2023-12-30,New
C00775,70,Male,Delhi,Delhi,2023-06-17,New
C00776,53,Other,Kolkata,West Bengal,2024-07-15,VIP
C00777,47,Male,Ahmedabad,Gujarat,2022-07-13,New
C00778,21,Male,,Andhra Pradesh,2022-01-25,New
C00779,41,Other,Mumbai,Maharashtra,2024-03-31,VIP
C00780,55,Female,Chennai,Tamil Nadu,2025-04-07,New
C00781,30,Other,Hyderabad,Telangana,2022-05-13,Regular
C00782,69,Female,Visakhapatnam,Andhra Pradesh,2022-07-08,New
C00783,21,Male,Bengaluru,Karnataka,2024-08-02,VIP
C00784,49,Male,Bhubaneswar,Odisha,2024-03-19,Regular
C00785,40,Male,Bhubaneswar,Odisha,2022-12-20,New
C00786,46,Male,Jaipur,Rajasthan,2023-07-28,New
C00787,36,Female,Ahmedabad,Gujarat,2025-08-18,Regular
C00788,23,Female,Coimbatore,Tamil Nadu,2022-05-05,Regular
C00789,30,Other,Visakhapatnam,Andhra Pradesh,2024-05-08,VIP
C00790,69,Other,Ahmedabad,Gujarat,2025-07-15,New
C00791,40,Female,Kolkata,West Bengal,2025-12-31,VIP
C00792,54,Other,Coimbatore,Tamil Nadu,2023-12-06,Regular
C00793,29,Male,Kolkata,West Bengal,2023-07-08,Regular
C00794,69,Female,Ahmedabad,Gujarat,2022-03-02,New
C00795,40,Other,Coimbatore,Tamil Nadu,2024-12-20,New
C00796,33,Other,Pune,Maharashtra,2022-07-25,New
C00797,70,Other,Jaipur,Rajasthan,2024-12-28,New
C00798,69,Female,Ahmedabad,Gujarat,2025-03-25,Regular
C00799,33,Other,Pune,Maharashtra,2022-12-27,Regular
C00800,19,Other,Lucknow,Uttar Pradesh,2025-04-26,VIP
C00801,54,Male,Lucknow,Uttar Pradesh,2025-03-08,VIP
C00802,52,Female,Mumbai,Maharashtra,2024-10-05,New
C00803,23,Male,Coimbatore,Tamil Nadu,2022-03-19,New
C00804,51,Female,Ahmedabad,Gujarat,2022-02-10,New
C00805,30,Male,Gurugram,Haryana,2025-06-11,Regular
C00806,21,Male,Pune,Maharashtra,2023-10-25,New
C00807,51,Female,Visakhapatnam,Andhra Pradesh,2022-08-16,New
C00808,60,Female,Lucknow,Uttar Pradesh,2025-12-13,VIP
C00809,37,Female,Vijayawada,Andhra Pradesh,2023-11-21,New
C00810,68,Other,Pune,Maharashtra,2024-06-13,Regular
C00811,63,Other,Gurugram,Haryana,2022-12-23,VIP
C00812,60,Other,Lucknow,Uttar Pradesh,2023-04-03,New
C00813,64,Other,Kolkata,West Bengal,2023-09-21,Regular
C00814,64,Male,Visakhapatnam,Andhra Pradesh,2022-12-30,VIP
C00815,20,Male,Kolkata,West Bengal,2025-03-08,VIP
C00816,32,Other,Gurugram,Haryana,2025-06-06,VIP
C00817,27,Female,Vijayawada,Andhra Pradesh,2024-10-13,VIP
C00818,40,Female,Chennai,Tamil Nadu,2023-05-03,New
C00819,60,Other,Chennai,Tamil Nadu,2025-12-22,VIP
C00820,18,Female,Gurugram,Haryana,2024-07-03,New
C00821,22,Female,Ahmedabad,Gujarat,2025-11-20,Regular
C00822,21,Female,Vijayawada,Andhra Pradesh,2022-01-03,Regular
C00823,44,Female,Bhubaneswar,Odisha,2022-12-07,Regular
C00824,42,Male,Lucknow,Uttar Pradesh,2025-01-23,Regular
C00825,46,Male,Ahmedabad,Gujarat,2022-11-30,New
C00826,38,Female,Delhi,Delhi,2022-02-11,New
C00827,28,Female,Chennai,Tamil Nadu,2023-12-02,New
C00828,23,Female,Chennai,Tamil Nadu,2025-01-25,VIP
C00829,19,Female,Coimbatore,Tamil Nadu,2025-12-13,VIP
C00830,45,Male,Pune,Maharashtra,2025-05-28,New
C00831,31,Male,Vijayawada,Andhra Pradesh,2023-11-10,Regular
C00832,36,Female,Jaipur,Rajasthan,2025-09-14,New
C00833,43,Other,Vijayawada,Andhra Pradesh,2022-04-12,VIP
C00834,21,Female,Coimbatore,Tamil Nadu,2022-11-11,New
C00835,36,Other,Bhubaneswar,Odisha,2022-06-29,VIP
C00836,24,Male,Coimbatore,Tamil Nadu,2023-02-13,New
C00837,36,Male,Pune,Maharashtra,2025-07-31,Regular
C00838,68,Female,Vijayawada,Andhra Pradesh,2023-09-24,Regular
C00839,34,Male,Coimbatore,Tamil Nadu,2025-09-15,VIP
C00840,41,Female,Kolkata,West Bengal,2023-01-14,Regular
C00841,20,Female,Pune,Maharashtra,2024-07-01,Regular
C00842,32,Female,Kochi,Kerala,2023-06-24,VIP
C00843,66,Other,Bengaluru,Karnataka,2022-11-06,VIP
C00844,60,Female,Vijayawada,Andhra Pradesh,2022-06-25,VIP
C00845,32,Other,Bhubaneswar,Odisha,2025-04-22,New
C00846,44,Other,Kolkata,West Bengal,2024-12-06,VIP
C00847,33,Female,Coimbatore,Tamil Nadu,2025-03-18,Regular
C00848,63,Male,Chennai,Tamil Nadu,2024-03-19,VIP
C00849,66,Female,Visakhapatnam,Andhra Pradesh,2022-09-04,New
C00850,69,Male,Pune,Maharashtra,2023-03-10,New
C00851,23,Other,Bengaluru,Karnataka,2024-05-17,Regular
C00852,27,Other,Mumbai,Maharashtra,2025-07-08,Regular
C00853,23,Female,Gurugram,Haryana,2022-05-18,VIP
C00854,38,Female,Kolkata,West Bengal,2025-02-04,VIP
C00855,68,Other,Kochi,Kerala,2022-01-26,VIP
C00856,44,Male,Bhubaneswar,Odisha,2022-08-19,New
C00857,54,Male,Vijayawada,Andhra Pradesh,2022-08-05,Regular
C00858,34,Female,Lucknow,Uttar Pradesh,2024-04-21,VIP
C00859,56,Female,Coimbatore,Tamil Nadu,2025-03-17,New
C00860,43,Male,Pune,Maharashtra,2023-07-19,VIP
C00861,43,Female,Kolkata,West Bengal,2022-03-21,VIP
C00862,65,Female,Ahmedabad,Gujarat,2022-04-11,Regular
C00863,39,Female,Lucknow,Uttar Pradesh,2022-02-11,Regular
C00864,62,Other,Jaipur,Rajasthan,2024-10-03,New
C00865,37,Other,Ahmedabad,Gujarat,2022-10-03,Regular
C00866,64,Female,Gurugram,Haryana,2023-07-06,VIP
C00867,46,Male,Chennai,Tamil Nadu,2023-01-20,Regular
C00868,41,Male,Coimbatore,Tamil Nadu,2024-11-23,VIP
C00869,37,Other,Pune,Maharashtra,2022-05-15,VIP
C00870,67,Other,Kolkata,West Bengal,2022-10-05,VIP
C00871,30,Male,Hyderabad,Telangana,2022-12-22,New
C00872,47,Male,Ahmedabad,Gujarat,2022-03-09,Regular
C00873,41,Female,Mumbai,Maharashtra,2023-07-16,VIP
C00874,25,Other,Kolkata,West Bengal,2025-07-25,New
C00875,49,Other,Ahmedabad,Gujarat,2024-02-02,Regular
C00876,55,Other,Pune,Maharashtra,2024-08-29,Regular
C00877,34,Other,Lucknow,Uttar Pradesh,2022-12-01,VIP
C00878,19,Female,Chennai,Tamil Nadu,2023-08-07,New
C00879,67,Male,Pune,Maharashtra,2025-03-17,New
C00880,31,Female,Ahmedabad,Gujarat,2025-10-19,VIP
C00881,19,Other,Bhubaneswar,Odisha,2024-11-17,New
C00882,59,Male,Coimbatore,Tamil Nadu,2022-09-28,VIP
C00883,34,Other,Hyderabad,Telangana,2023-04-04,Regular
C00884,42,Female,Jaipur,Rajasthan,2024-05-17,Regular
C00885,47,Female,Jaipur,Rajasthan,2023-03-23,VIP
C00886,24,Male,Kolkata,West Bengal,2025-04-12,VIP
C00887,59,Other,Lucknow,Uttar Pradesh,2025-02-23,VIP
C00888,61,Male,Delhi,Delhi,2023-09-04,Regular
C00889,35,Other,Chennai,Tamil Nadu,2023-11-20,Regular
C00890,59,Other,Jaipur,Rajasthan,2023-06-19,VIP
C00891,27,Other,Delhi,Delhi,2023-01-21,New
C00892,43,Other,Bengaluru,Karnataka,2025-05-13,Regular
C00893,59,Female,Visakhapatnam,Andhra Pradesh,2022-02-22,Regular
C00894,43,Female,Jaipur,Rajasthan,2024-05-07,VIP
C00895,63,Other,Bengaluru,Karnataka,2025-04-09,New
C00896,32,Other,Gurugram,Haryana,2025-12-31,VIP
C00897,40,Other,Coimbatore,Tamil Nadu,2025-10-07,Regular
C00898,53,Male,Pune,Maharashtra,2025-09-08,Regular
C00899,26,Other,Vijayawada,Andhra Pradesh,2024-08-22,Regular
C00900,39,Other,Pune,Maharashtra,2025-10-24,New
C00901,32,Other,Ahmedabad,Gujarat,2023-12-29,Regular
C00902,41,Female,Bhubaneswar,Odisha,2023-11-10,VIP
C00903,25,Female,Delhi,Delhi,2024-08-07,New
C00904,30,Other,Chennai,Tamil Nadu,2024-08-25,New
C00905,37,Female,Kolkata,West Bengal,2024-12-21,New
C00906,30,Female,Visakhapatnam,Andhra Pradesh,2022-10-09,Regular
C00907,38,Other,Kochi,Kerala,2022-10-21,New
C00908,39,Other,Chennai,Tamil Nadu,2024-09-25,New
C00909,21,Male,Gurugram,Haryana,2025-07-23,Regular
C00910,66,Male,Jaipur,Rajasthan,2023-03-05,VIP
C00911,68,Male,Pune,Maharashtra,2024-09-29,New
C00912,45,Female,Bhubaneswar,Odisha,2025-07-21,Regular
C00913,18,Male,Coimbatore,Tamil Nadu,2024-02-25,VIP
C00914,18,Female,Mumbai,Maharashtra,2024-02-04,VIP
C00915,61,Male,Mumbai,Maharashtra,2022-02-06,VIP
C00916,62,Female,Ahmedabad,Gujarat,2023-04-09,Regular
C00917,42,Other,Visakhapatnam,Andhra Pradesh,2022-07-30,VIP
C00918,22,Male,Delhi,Delhi,2022-12-09,Regular
C00919,64,Other,Delhi,Delhi,2024-07-22,VIP
C00920,61,Male,Gurugram,Haryana,2024-06-07,Regular
C00921,66,Male,Coimbatore,Tamil Nadu,2024-01-06,New
C00922,32,Male,Kolkata,West Bengal,2022-02-09,VIP
C00923,64,Male,Visakhapatnam,Andhra Pradesh,2023-03-09,VIP
C00924,41,Other,Pune,Maharashtra,2022-09-10,VIP
C00925,58,Female,Bengaluru,Karnataka,2024-02-08,VIP
C00926,21,Other,Bengaluru,Karnataka,2025-05-01,New
C00927,62,Male,Hyderabad,Telangana,2022-04-09,Regular
C00928,25,Other,Kochi,Kerala,2024-02-18,Regular
C00929,27,Male,Coimbatore,Tamil Nadu,2025-12-08,VIP
C00930,44,Other,Hyderabad,Telangana,2023-09-09,New
C00931,56,Other,Jaipur,Rajasthan,2025-06-29,New
C00932,50,Other,Bhubaneswar,Odisha,2022-08-03,VIP
C00933,25,Male,Vijayawada,Andhra Pradesh,2023-08-02,Regular
C00934,30,Female,Mumbai,Maharashtra,2025-06-01,VIP
C00935,63,Female,Mumbai,Maharashtra,2024-01-04,Regular
C00936,53,Female,Pune,Maharashtra,2022-03-22,New
C00937,33,Male,Coimbatore,Tamil Nadu,2023-11-09,New
C00938,54,Other,Chennai,Tamil Nadu,2022-08-15,Regular
C00939,67,Other,Visakhapatnam,Andhra Pradesh,2022-07-04,New
C00940,59,Male,Vijayawada,Andhra Pradesh,2023-06-09,Regular
C00941,47,Male,Delhi,Delhi,2023-06-25,New
C00942,36,Female,Pune,Maharashtra,2022-03-22,VIP
C00943,65,Male,Gurugram,Haryana,2024-05-22,New
C00944,26,Other,Bengaluru,Karnataka,2022-01-20,VIP
C00945,40,Female,Pune,Maharashtra,2023-11-05,VIP
C00946,41,Female,Jaipur,Rajasthan,2022-07-10,New
C00947,43,Female,Vijayawada,Andhra Pradesh,2024-03-31,Regular
C00948,48,Female,Kolkata,West Bengal,2025-11-13,VIP
C00949,26,Other,Pune,Maharashtra,2022-08-20,VIP
C00950,24,Female,Bengaluru,Karnataka,2022-11-23,VIP
C00951,61,Female,Coimbatore,Tamil Nadu,2025-03-11,New
C00952,57,Male,Kolkata,West Bengal,2024-01-05,VIP
C00953,49,Male,Visakhapatnam,Andhra Pradesh,2024-09-16,Regular
C00954,22,Female,Kochi,Kerala,2022-04-05,VIP
C00955,63,Other,Gurugram,Haryana,2022-01-26,VIP
C00956,39,Other,Ahmedabad,Gujarat,2025-10-03,VIP
C00957,60,Other,Vijayawada,Andhra Pradesh,2024-06-05,New
C00958,60,Other,Coimbatore,Tamil Nadu,2023-12-10,VIP
C00959,70,Other,,West Bengal,2022-11-01,VIP
C00960,59,Male,Bengaluru,Karnataka,2022-01-24,VIP
C00961,28,Male,Coimbatore,Tamil Nadu,2024-10-12,Regular
C00962,39,Female,Gurugram,Haryana,2023-05-09,New
C00963,59,Female,Ahmedabad,Gujarat,2025-02-01,Regular
C00964,47,Female,Ahmedabad,Gujarat,2022-06-11,VIP
C00965,49,Female,Kochi,Kerala,2022-06-30,Regular
C00966,65,Other,Vijayawada,Andhra Pradesh,2024-10-15,New
C00967,44,Male,Vijayawada,Andhra Pradesh,2024-04-06,VIP
C00968,68,Other,Hyderabad,Telangana,2022-07-06,VIP
C00969,53,Male,Delhi,Delhi,2024-11-07,VIP
C00970,41,Male,Kochi,Kerala,2023-11-30,New
C00971,53,Other,Kochi,Kerala,2023-11-11,VIP
C00972,41,Other,Coimbatore,Tamil Nadu,2025-09-07,Regular
C00973,66,Other,Vijayawada,Andhra Pradesh,2022-07-19,New
C00974,40,Other,Hyderabad,Telangana,2023-12-01,Regular
C00975,24,Male,Lucknow,Uttar Pradesh,2025-12-08,New
C00976,70,Other,Coimbatore,Tamil Nadu,2022-10-15,VIP
C00977,34,Other,Bhubaneswar,Odisha,2022-08-08,New
C00978,43,Male,Mumbai,Maharashtra,2022-09-05,Regular
C00979,24,Female,Mumbai,Maharashtra,2023-11-24,New
C00980,47,Other,Vijayawada,Andhra Pradesh,2024-07-11,VIP
C00981,18,Other,Visakhapatnam,Andhra Pradesh,2024-10-18,VIP
C00982,45,Other,Bengaluru,Karnataka,2025-02-07,Regular
C00983,55,Male,Pune,Maharashtra,2025-11-17,VIP
C00984,42,Other,Visakhapatnam,Andhra Pradesh,2022-08-01,VIP
C00985,42,Female,Gurugram,Haryana,2024-10-29,VIP
C00986,43,Female,Ahmedabad,Gujarat,2023-07-15,Regular
C00987,26,Female,Kochi,Kerala,2022-10-01,VIP
C00988,53,Female,Delhi,Delhi,2025-12-07,VIP
C00989,31,Other,Mumbai,Maharashtra,2023-02-16,VIP
C00990,40,Other,Delhi,Delhi,2025-11-07,New
C00991,52,Other,Pune,Maharashtra,2024-10-28,VIP
C00992,25,Female,Gurugram,Haryana,2025-12-25,VIP
C00993,54,Other,Coimbatore,Tamil Nadu,2025-04-08,VIP
C00994,65,Other,Bhubaneswar,Odisha,2025-10-12,Regular
C00995,51,Male,Bhubaneswar,Odisha,2022-01-27,New
C00996,21,Other,Kolkata,West Bengal,2022-10-25,New
C00997,66,Male,Mumbai,Maharashtra,2023-07-01,Regular
C00998,21,Other,Jaipur,Rajasthan,2022-10-27,Regular
C00999,20,Female,Mumbai,Maharashtra,2025-01-13,Regular
C01000,61,Other,Vijayawada,Andhra Pradesh,2025-06-15,VIP
C01001,53,Female,Ahmedabad,Gujarat,2025-08-18,New
C01002,60,Male,Delhi,Delhi,2025-11-20,Regular
C01003,68,Other,Kolkata,West Bengal,2024-05-03,Regular
C01004,65,Female,Bengaluru,Karnataka,2022-01-27,New
C01005,58,Other,Kochi,Kerala,2023-04-07,VIP
C01006,52,Other,Lucknow,Uttar Pradesh,2025-04-20,VIP
C01007,36,Female,Mumbai,Maharashtra,2023-02-01,New
C01008,29,Other,Chennai,Tamil Nadu,2023-01-18,VIP
C01009,20,Female,Vijayawada,Andhra Pradesh,2024-02-12,Regular
C01010,28,Other,Jaipur,Rajasthan,2022-09-24,Regular
C01011,47,Other,Hyderabad,Telangana,2023-11-08,New
C01012,38,Other,Bengaluru,Karnataka,2022-11-11,New
C01013,68,Other,Delhi,Delhi,2024-10-01,VIP
C01014,68,Other,Lucknow,Uttar Pradesh,2022-05-30,Regular
C01015,51,Male,Ahmedabad,Gujarat,2023-01-12,VIP
C01016,52,Other,Pune,Maharashtra,2024-05-01,Regular
C01017,32,Male,Chennai,Tamil Nadu,2023-12-17,VIP
C01018,41,Female,Gurugram,Haryana,2023-11-10,New
C01019,70,Other,Coimbatore,Tamil Nadu,2025-02-23,New
C01020,40,Female,Vijayawada,Andhra Pradesh,2025-10-01,New
C01021,61,Female,Ahmedabad,Gujarat,2022-03-23,Regular
C01022,34,Other,Vijayawada,Andhra Pradesh,2024-03-01,VIP
C01023,51,Female,Delhi,Delhi,2022-02-20,VIP
C01024,20,Female,Kochi,Kerala,2024-09-23,VIP
C01025,50,Male,Mumbai,Maharashtra,2023-10-19,New
C01026,52,Male,Pune,Maharashtra,2025-01-06,VIP
C01027,60,Other,Chennai,Tamil Nadu,2023-03-08,New
C01028,31,Other,Bhubaneswar,Odisha,2022-08-01,VIP
C01029,70,Male,Bhubaneswar,Odisha,2025-08-17,VIP
C01030,47,Other,Visakhapatnam,Andhra Pradesh,2022-02-18,Regular
C01031,22,Male,Bengaluru,Karnataka,2022-06-29,New
C01032,22,Other,Jaipur,Rajasthan,2025-02-16,New
C01033,42,Female,Jaipur,Rajasthan,2024-04-14,VIP
C01034,38,Male,Kolkata,West Bengal,2024-06-05,Regular
C01035,18,Other,Vijayawada,Andhra Pradesh,2024-12-31,VIP
C01036,20,Other,Chennai,Tamil Nadu,2025-04-14,New
C01037,24,Female,Lucknow,Uttar Pradesh,2024-10-26,VIP
C01038,23,Female,Delhi,Delhi,2025-05-27,Regular
C01039,70,Other,Kolkata,West Bengal,2024-03-20,New
C01040,52,Male,Coimbatore,Tamil Nadu,2022-11-17,New
C01041,36,Other,Kolkata,West Bengal,2025-01-22,New
C01042,68,Other,Delhi,Delhi,2025-10-19,VIP
C01043,53,Other,Lucknow,Uttar Pradesh,2022-01-23,New
C01044,18,Other,Vijayawada,Andhra Pradesh,2022-03-27,VIP
C01045,53,Male,Kolkata,West Bengal,2025-01-05,Regular
C01046,31,Female,Mumbai,Maharashtra,2023-12-06,VIP
C01047,29,Male,Visakhapatnam,Andhra Pradesh,2022-11-26,VIP
C01048,25,Male,Jaipur,Rajasthan,2023-02-02,VIP
C01049,47,Other,Bengaluru,Karnataka,2025-01-29,VIP
C01050,60,Male,Chennai,Tamil Nadu,2023-08-19,Regular
C01051,64,Other,Vijayawada,Andhra Pradesh,2023-02-09,Regular
C01052,26,Other,Gurugram,Haryana,2024-01-02,VIP
C01053,36,Other,Ahmedabad,Gujarat,2022-07-24,New
C01054,49,Female,Mumbai,Maharashtra,2023-10-13,Regular
C01055,55,Male,Delhi,Delhi,2025-11-21,VIP
C01056,45,Male,Lucknow,Uttar Pradesh,2023-10-10,New
C01057,68,Male,Gurugram,Haryana,2023-05-20,VIP
C01058,41,Male,Bhubaneswar,Odisha,2023-07-21,VIP
C01059,47,Female,Gurugram,Haryana,2024-09-09,Regular
C01060,53,Male,Delhi,Delhi,2024-09-24,New
C01061,70,Male,Chennai,Tamil Nadu,2023-07-29,VIP
C01062,64,Other,Mumbai,Maharashtra,2023-06-24,New
C01063,50,Other,Chennai,Tamil Nadu,2022-02-08,New
C01064,31,Male,Kolkata,West Bengal,2025-04-23,VIP
C01065,52,Female,Jaipur,Rajasthan,2025-01-18,VIP
C01066,43,Male,Visakhapatnam,Andhra Pradesh,2024-01-20,VIP
C01067,47,Other,Delhi,Delhi,2022-10-02,VIP
C01068,41,Other,Chennai,Tamil Nadu,2024-03-23,New
C01069,61,Male,Ahmedabad,Gujarat,2025-06-11,VIP
C01070,28,Male,Visakhapatnam,Andhra Pradesh,2024-07-02,VIP
C01071,40,Male,Visakhapatnam,Andhra Pradesh,2024-09-17,New
C01072,22,Female,Coimbatore,Tamil Nadu,2023-04-20,Regular
C01073,60,Male,Ahmedabad,Gujarat,2022-03-29,VIP
C01074,48,Female,Lucknow,Uttar Pradesh,2024-03-05,New
C01075,38,Male,Bengaluru,Karnataka,2025-08-21,VIP
C01076,55,Other,Jaipur,Rajasthan,2023-06-24,VIP
C01077,59,Female,Pune,Maharashtra,2024-02-11,Regular
C01078,34,Female,Chennai,Tamil Nadu,2024-11-24,New
C01079,70,Female,Kolkata,West Bengal,2023-12-24,Regular
C01080,18,Other,Coimbatore,Tamil Nadu,2025-05-22,New
C01081,32,Male,Kochi,Kerala,2022-12-06,VIP
C01082,27,Male,Jaipur,Rajasthan,2023-03-10,New
C01083,63,Male,Lucknow,Uttar Pradesh,2025-05-17,VIP
C01084,69,Female,Ahmedabad,Gujarat,2024-04-29,VIP
C01085,61,Female,Vijayawada,Andhra Pradesh,2024-09-13,Regular
C01086,28,Other,Mumbai,Maharashtra,2025-04-24,Regular
C01087,20,Male,Hyderabad,Telangana,2023-05-15,VIP
C01088,58,Other,Pune,Maharashtra,2022-10-03,New
C01089,28,Female,Visakhapatnam,Andhra Pradesh,2022-04-25,New
C01090,54,Other,Kolkata,West Bengal,2025-05-12,New
C01091,31,Female,Delhi,Delhi,2022-06-25,VIP
C01092,28,Male,Coimbatore,Tamil Nadu,2024-09-13,Regular
C01093,70,Male,Visakhapatnam,Andhra Pradesh,2025-04-08,VIP
C01094,64,Other,Jaipur,Rajasthan,2022-12-10,Regular
C01095,55,Male,Kochi,Kerala,2025-05-06,New
C01096,26,Male,Kolkata,West Bengal,2024-02-29,New
C01097,50,Other,Mumbai,Maharashtra,2024-12-06,Regular
C01098,24,Male,Visakhapatnam,Andhra Pradesh,2025-05-25,Regular
C01099,50,Male,Bengaluru,Karnataka,2024-12-24,New
C01100,26,Other,Coimbatore,Tamil Nadu,2025-09-12,VIP
C01101,59,Female,Hyderabad,Telangana,2025-10-21,VIP
C01102,20,Other,Bhubaneswar,Odisha,2024-01-29,VIP
C01103,69,Female,Bhubaneswar,Odisha,2023-04-15,Regular
C01104,69,Other,Lucknow,Uttar Pradesh,2025-04-21,VIP
C01105,26,Female,Vijayawada,Andhra Pradesh,2024-05-21,Regular
C01106,36,Other,Ahmedabad,Gujarat,2022-06-21,VIP
C01107,30,Male,Bhubaneswar,Odisha,2023-06-12,VIP
C01108,51,Male,Hyderabad,Telangana,2025-03-29,VIP
C01109,59,Male,Hyderabad,Telangana,2024-02-08,VIP
C01110,41,Male,Gurugram,Haryana,2024-04-17,New
C01111,55,Female,Bhubaneswar,Odisha,2025-08-27,Regular
C01112,41,Other,Bhubaneswar,Odisha,2025-03-02,Regular
C01113,44,Other,Kolkata,West Bengal,2023-02-22,VIP
C01114,41,Other,Coimbatore,Tamil Nadu,2023-01-02,VIP
C01115,37,Other,Coimbatore,Tamil Nadu,2023-06-04,Regular
C01116,60,Male,Kolkata,West Bengal,2022-10-10,VIP
C01117,68,Other,Ahmedabad,Gujarat,2024-07-03,New
C01118,50,Female,Vijayawada,Andhra Pradesh,2023-03-16,Regular
C01119,42,Other,Bengaluru,Karnataka,2022-11-26,New
C01120,48,Other,Chennai,Tamil Nadu,2022-10-25,Regular
C01121,34,Male,Chennai,Tamil Nadu,2022-05-12,Regular
C01122,20,Other,Chennai,Tamil Nadu,2025-06-01,Regular
C01123,59,Other,Kolkata,West Bengal,2025-06-11,Regular
C01124,58,Female,Bengaluru,Karnataka,2022-12-25,Regular
C01125,60,Other,Hyderabad,Telangana,2023-02-18,Regular
C01126,68,Other,Mumbai,Maharashtra,2022-03-10,VIP
C01127,28,Other,Ahmedabad,Gujarat,2025-06-13,New
C01128,59,Male,Lucknow,Uttar Pradesh,2023-05-05,New
C01129,67,Female,Chennai,Tamil Nadu,2023-07-20,Regular
C01130,55,Male,Kolkata,West Bengal,2024-04-10,VIP
C01131,22,Male,Hyderabad,Telangana,2025-12-12,VIP
C01132,55,Female,Delhi,Delhi,2025-02-19,Regular
C01133,56,Male,Jaipur,Rajasthan,2023-04-09,Regular
C01134,18,Female,Kolkata,West Bengal,2025-03-23,New
C01135,24,Other,Bhubaneswar,Odisha,2024-11-02,New
C01136,25,Other,Delhi,Delhi,2023-11-28,Regular
C01137,46,Female,Jaipur,Rajasthan,2025-11-22,VIP
C01138,66,Female,Coimbatore,Tamil Nadu,2023-05-14,Regular
C01139,19,Female,Kochi,Kerala,2025-04-16,New
C01140,42,Other,Jaipur,Rajasthan,2022-05-19,New
C01141,44,Female,Ahmedabad,Gujarat,2023-10-09,VIP
C01142,34,Male,Hyderabad,Telangana,2025-12-06,Regular
C01143,61,Other,Chennai,Tamil Nadu,2024-03-28,Regular
C01144,29,Female,Chennai,Tamil Nadu,2025-02-09,Regular
C01145,54,Female,Lucknow,Uttar Pradesh,2023-03-24,New
C01146,65,Male,Mumbai,Maharashtra,2024-10-18,New
C01147,31,Male,Ahmedabad,Gujarat,2023-06-28,New
C01148,40,Male,Ahmedabad,Gujarat,2025-06-20,New
C01149,61,Other,Vijayawada,Andhra Pradesh,2022-06-10,Regular
C01150,20,Female,Hyderabad,Telangana,2025-01-13,Regular
C01151,54,Female,Gurugram,Haryana,2024-10-05,Regular
C01152,35,Female,Pune,Maharashtra,2024-11-12,New
C01153,51,Female,Visakhapatnam,Andhra Pradesh,2022-04-21,Regular
C01154,40,Female,Bengaluru,Karnataka,2024-10-26,VIP
C01155,25,Other,Pune,Maharashtra,2024-07-25,VIP
C01156,62,Male,,Kerala,2023-10-09,New
C01157,55,Male,Mumbai,Maharashtra,2024-02-17,Regular
C01158,34,Male,Lucknow,Uttar Pradesh,2025-06-08,VIP
C01159,35,Female,Jaipur,Rajasthan,2023-05-01,VIP
C01160,29,Female,Gurugram,Haryana,2024-01-20,Regular
C01161,62,Female,Mumbai,Maharashtra,2024-05-08,Regular
C01162,46,Male,Kolkata,West Bengal,2023-07-27,VIP
C01163,61,Male,Visakhapatnam,Andhra Pradesh,2025-03-25,New
C01164,53,Female,Jaipur,Rajasthan,2023-04-28,Regular
C01165,69,Other,Mumbai,Maharashtra,2022-10-26,New
C01166,29,Female,Coimbatore,Tamil Nadu,2022-01-20,Regular
C01167,51,Other,Visakhapatnam,Andhra Pradesh,2025-07-15,VIP
C01168,37,Female,Gurugram,Haryana,2024-09-23,VIP
C01169,24,Other,Bengaluru,Karnataka,2024-03-26,New
C01170,70,Female,Bengaluru,Karnataka,2023-03-18,Regular
C01171,65,Female,Vijayawada,Andhra Pradesh,2024-07-10,Regular
C01172,53,Other,Lucknow,Uttar Pradesh,2024-01-08,Regular
C01173,44,Male,Lucknow,Uttar Pradesh,2022-02-10,Regular
C01174,54,Other,Mumbai,Maharashtra,2025-03-27,VIP
C01175,40,Female,Pune,Maharashtra,2023-08-06,VIP
C01176,23,Female,Coimbatore,Tamil Nadu,2024-07-04,VIP
C01177,58,Male,Delhi,Delhi,2024-08-07,New
C01178,58,Other,Gurugram,Haryana,2024-05-13,VIP
C01179,23,Male,Kolkata,West Bengal,2022-05-27,Regular
C01180,38,Other,Ahmedabad,Gujarat,2023-10-05,Regular
C01181,59,Female,Jaipur,Rajasthan,2025-05-24,Regular
C01182,65,Other,Kochi,Kerala,2024-01-14,VIP
C01183,28,Male,Kochi,Kerala,2024-04-27,New
C01184,60,Female,Visakhapatnam,Andhra Pradesh,2023-04-26,VIP
C01185,28,Female,Chennai,Tamil Nadu,2023-03-08,New
C01186,48,Other,Vijayawada,Andhra Pradesh,2022-05-11,New
C01187,51,Male,Hyderabad,Telangana,2024-03-24,New
C01188,27,Male,Jaipur,Rajasthan,2025-06-19,VIP
C01189,32,Male,Kolkata,West Bengal,2023-09-26,VIP
C01190,58,Male,Delhi,Delhi,2024-06-26,New
C01191,20,Other,Pune,Maharashtra,2022-02-28,Regular
C01192,47,Other,Gurugram,Haryana,2024-09-02,Regular
C01193,62,Other,Kochi,Kerala,2022-10-04,New
C01194,65,Other,Kochi,Kerala,2025-07-16,VIP
C01195,58,Other,Bhubaneswar,Odisha,2024-12-08,VIP
C01196,48,Other,Delhi,Delhi,2023-12-13,New
C01197,37,Female,Chennai,Tamil Nadu,2024-06-23,Regular
C01198,37,Male,Jaipur,Rajasthan,2022-11-15,New
C01199,36,Female,Visakhapatnam,Andhra Pradesh,2023-12-06,VIP
C01200,49,Female,Hyderabad,Telangana,2025-11-09,Regular
C01201,69,Female,Hyderabad,Telangana,2024-05-31,VIP
C01202,53,Female,Ahmedabad,Gujarat,2022-01-15,New
C01203,45,Female,Bhubaneswar,Odisha,2025-02-22,New
C01204,42,Female,Pune,Maharashtra,2025-08-15,New
C01205,45,Other,Jaipur,Rajasthan,2022-06-12,New
C01206,59,Other,Jaipur,Rajasthan,2023-08-07,VIP
C01207,30,Male,Jaipur,Rajasthan,2024-04-25,New
C01208,25,Other,,Andhra Pradesh,2023-08-17,Regular
C01209,62,Other,Kochi,Kerala,2023-07-12,Regular
C01210,19,Male,Mumbai,Maharashtra,2023-10-19,New
C01211,24,Female,Hyderabad,Telangana,2023-01-16,Regular
C01212,64,Male,Visakhapatnam,Andhra Pradesh,2024-06-16,New
C01213,18,Female,Chennai,Tamil Nadu,2022-11-05,New
C01214,37,Female,Gurugram,Haryana,2024-05-10,Regular
C01215,68,Male,Kochi,Kerala,2025-11-28,Regular
C01216,21,Female,Chennai,Tamil Nadu,2022-10-27,Regular
C01217,48,Male,Chennai,Tamil Nadu,2025-01-17,New
C01218,18,Male,Jaipur,Rajasthan,2024-02-21,VIP
C01219,67,Female,Ahmedabad,Gujarat,2024-02-28,New
C01220,47,Other,Bengaluru,Karnataka,2023-02-12,New
C01221,42,Other,Mumbai,Maharashtra,2024-08-26,Regular
C01222,58,Other,Gurugram,Haryana,2022-11-21,New
C01223,48,Other,Vijayawada,Andhra Pradesh,2023-06-03,Regular
C01224,21,Other,Mumbai,Maharashtra,2024-01-09,New
C01225,58,Female,Vijayawada,Andhra Pradesh,2023-04-29,Regular
C01226,68,Female,Hyderabad,Telangana,2022-12-09,VIP
C01227,68,Male,Vijayawada,Andhra Pradesh,2024-03-21,New
C01228,68,Other,Bengaluru,Karnataka,2025-04-05,Regular
C01229,67,Male,Visakhapatnam,Andhra Pradesh,2024-01-31,New
C01230,23,Other,Pune,Maharashtra,2024-10-20,VIP
C01231,21,Male,Gurugram,Haryana,2025-07-04,Regular
C01232,52,Male,Visakhapatnam,Andhra Pradesh,2025-12-07,New
C01233,38,Other,Coimbatore,Tamil Nadu,2023-04-22,VIP
C01234,64,Male,Lucknow,Uttar Pradesh,2024-06-17,New
C01235,64,Male,Kolkata,West Bengal,2024-01-04,Regular
C01236,63,Female,Bengaluru,Karnataka,2024-09-20,VIP
C01237,62,Female,Delhi,Delhi,2025-01-16,New
C01238,40,Female,Pune,Maharashtra,2025-01-18,VIP
C01239,56,Other,Kochi,Kerala,2023-07-18,New
C01240,27,Female,Chennai,Tamil Nadu,2024-12-23,Regular
C01241,41,Female,Jaipur,Rajasthan,2025-01-14,New
C01242,19,Other,Kolkata,West Bengal,2023-01-15,Regular
C01243,64,Male,Ahmedabad,Gujarat,2023-10-19,VIP
C01244,51,Other,Kolkata,West Bengal,2023-01-24,Regular
C01245,36,Female,Visakhapatnam,Andhra Pradesh,2025-06-09,Regular
C01246,24,Other,Gurugram,Haryana,2022-08-15,VIP
C01247,26,Male,Chennai,Tamil Nadu,2022-03-31,New
C01248,49,Male,Mumbai,Maharashtra,2022-08-08,New
C01249,59,Female,Bengaluru,Karnataka,2025-03-15,VIP
C01250,57,Other,Coimbatore,Tamil Nadu,2024-12-12,VIP
C01251,41,Male,Jaipur,Rajasthan,2022-04-11,VIP
C01252,31,Other,Chennai,Tamil Nadu,2022-01-27,Regular
C01253,69,Other,Chennai,Tamil Nadu,2024-08-16,New
C01254,65,Female,Lucknow,Uttar Pradesh,2025-02-16,Regular
C01255,35,Other,Bengaluru,Karnataka,2025-06-17,New
C01256,22,Male,Chennai,Tamil Nadu,2023-09-15,VIP
C01257,64,Male,Vijayawada,Andhra Pradesh,2022-07-27,VIP
C01258,30,Other,Kolkata,West Bengal,2023-01-24,VIP
C01259,58,Male,Ahmedabad,Gujarat,2025-03-13,VIP
C01260,67,Other,Bhubaneswar,Odisha,2022-08-05,VIP
C01261,47,Other,Lucknow,Uttar Pradesh,2025-10-13,VIP
C01262,28,Male,Bhubaneswar,Odisha,2022-08-02,VIP
C01263,39,Other,Kolkata,West Bengal,2024-10-30,New
C01264,38,Other,Kochi,Kerala,2023-12-23,Regular
C01265,66,Other,Lucknow,Uttar Pradesh,2024-04-24,Regular
C01266,33,Other,Gurugram,Haryana,2025-05-31,VIP
C01267,67,Other,Mumbai,Maharashtra,2024-02-08,VIP
C01268,46,Female,Jaipur,Rajasthan,2024-01-08,Regular
C01269,36,Other,Hyderabad,Telangana,2022-03-12,New
C01270,18,Female,Visakhapatnam,Andhra Pradesh,2023-09-11,New
C01271,19,Other,Mumbai,Maharashtra,2023-10-07,Regular
C01272,20,Female,Visakhapatnam,Andhra Pradesh,2022-07-13,Regular
C01273,34,Female,Visakhapatnam,Andhra Pradesh,2022-10-11,VIP
C01274,34,Female,Ahmedabad,Gujarat,2023-04-23,New
C01275,31,Other,Kolkata,West Bengal,2025-03-11,New
C01276,29,Female,Gurugram,Haryana,2024-09-15,VIP
C01277,59,Female,Vijayawada,Andhra Pradesh,2025-05-04,New
C01278,67,Male,Kolkata,West Bengal,2022-06-10,Regular
C01279,44,Male,Lucknow,Uttar Pradesh,2024-06-08,New
C01280,67,Other,Hyderabad,Telangana,2025-07-22,Regular
C01281,51,Male,Bengaluru,Karnataka,2023-09-17,Regular
C01282,50,Other,Visakhapatnam,Andhra Pradesh,2023-11-01,New
C01283,61,Other,Visakhapatnam,Andhra Pradesh,2022-04-14,Regular
C01284,54,Other,Kochi,Kerala,2025-05-03,New
C01285,36,Female,Ahmedabad,Gujarat,2024-06-03,New
C01286,23,Female,Visakhapatnam,Andhra Pradesh,2023-11-20,VIP
C01287,43,Female,Bengaluru,Karnataka,2025-01-27,New
C01288,45,Other,Kolkata,West Bengal,2024-10-24,New
C01289,53,Male,Visakhapatnam,Andhra Pradesh,2024-09-11,Regular
C01290,54,Male,Kolkata,West Bengal,2025-08-28,VIP
C01291,22,Female,Ahmedabad,Gujarat,2023-05-12,Regular
C01292,54,Male,Gurugram,Haryana,2025-11-03,New
C01293,41,Female,,Odisha,2024-05-17,New
C01294,56,Other,Gurugram,Haryana,2023-12-07,New
C01295,40,Other,Delhi,Delhi,2022-12-13,Regular
C01296,20,Male,Visakhapatnam,Andhra Pradesh,2024-06-21,New
C01297,66,Other,Lucknow,Uttar Pradesh,2022-11-16,New
C01298,33,Other,Vijayawada,Andhra Pradesh,2022-04-22,New
C01299,39,Other,Delhi,Delhi,2022-01-29,New
C01300,48,Male,Delhi,Delhi,2024-07-10,Regular
C01301,31,Male,Mumbai,Maharashtra,2025-01-06,VIP
C01302,48,Other,Jaipur,Rajasthan,2025-01-28,VIP
C01303,62,Other,Visakhapatnam,Andhra Pradesh,2025-11-24,New
C01304,60,Other,Kolkata,West Bengal,2025-04-08,New
C01305,21,Female,Jaipur,Rajasthan,2022-12-15,New
C01306,47,Other,Jaipur,Rajasthan,2022-04-19,New
C01307,60,Female,Chennai,Tamil Nadu,2024-03-06,VIP
C01308,19,Female,Lucknow,Uttar Pradesh,2022-08-09,VIP
C01309,42,Other,Kolkata,West Bengal,2023-04-19,VIP
C01310,49,Other,Vijayawada,Andhra Pradesh,2023-10-09,VIP
C01311,30,Other,Chennai,Tamil Nadu,2023-01-17,Regular
C01312,33,Other,Hyderabad,Telangana,2022-03-23,Regular
C01313,43,Other,Gurugram,Haryana,2024-09-30,New
C01314,61,Female,Hyderabad,Telangana,2023-12-12,Regular
C01315,50,Female,Delhi,Delhi,2023-04-29,New
C01316,70,Male,Jaipur,Rajasthan,2024-03-03,VIP
C01317,27,Female,Jaipur,Rajasthan,2023-04-07,Regular
C01318,64,Female,Visakhapatnam,Andhra Pradesh,2022-06-29,VIP
C01319,33,Other,Ahmedabad,Gujarat,2024-05-04,New
C01320,56,Female,Bhubaneswar,Odisha,2023-10-02,Regular
C01321,59,Male,Visakhapatnam,Andhra Pradesh,2023-02-28,VIP
C01322,37,Other,Mumbai,Maharashtra,2022-10-10,VIP
C01323,67,Male,Visakhapatnam,Andhra Pradesh,2024-05-30,VIP
C01324,22,Other,Pune,Maharashtra,2023-10-13,VIP
C01325,38,Male,Vijayawada,Andhra Pradesh,2023-01-13,VIP
C01326,44,Female,Hyderabad,Telangana,2023-10-15,Regular
C01327,65,Female,Kochi,Kerala,2025-07-28,New
C01328,26,Male,Mumbai,Maharashtra,2022-08-07,New
C01329,54,Other,Jaipur,Rajasthan,2025-05-25,New
C01330,61,Male,Ahmedabad,Gujarat,2023-04-18,Regular
C01331,67,Female,Chennai,Tamil Nadu,2025-11-10,New
C01332,59,Female,Coimbatore,Tamil Nadu,2025-12-29,New
C01333,48,Male,Kolkata,West Bengal,2024-10-03,New
C01334,20,Female,Mumbai,Maharashtra,2023-04-09,New
C01335,32,Other,Jaipur,Rajasthan,2024-04-25,VIP
C01336,22,Male,Mumbai,Maharashtra,2023-02-23,Regular
C01337,38,Female,Coimbatore,Tamil Nadu,2025-11-09,New
C01338,67,Male,Bhubaneswar,Odisha,2024-04-09,VIP
C01339,43,Other,Kolkata,West Bengal,2023-10-03,VIP
C01340,24,Female,Bengaluru,Karnataka,2024-12-02,Regular
C01341,51,Other,Bengaluru,Karnataka,2023-05-19,Regular
C01342,42,Other,Bengaluru,Karnataka,2025-02-16,VIP
C01343,36,Female,Bengaluru,Karnataka,2023-01-24,Regular
C01344,47,Male,Delhi,Delhi,2023-08-09,Regular
C01345,21,Other,Delhi,Delhi,2025-06-09,VIP
C01346,59,Female,Visakhapatnam,Andhra Pradesh,2024-08-07,New
C01347,67,Other,Vijayawada,Andhra Pradesh,2023-01-04,VIP
C01348,44,Female,Visakhapatnam,Andhra Pradesh,2024-03-16,Regular
C01349,47,Other,Hyderabad,Telangana,2023-01-02,VIP
C01350,23,Female,Mumbai,Maharashtra,2024-07-20,Regular
C01351,23,Male,Pune,Maharashtra,2022-09-11,VIP
C01352,41,Male,Kochi,Kerala,2025-07-22,VIP
C01353,57,Male,Kolkata,West Bengal,2024-11-13,Regular
C01354,67,Male,Kolkata,West Bengal,2022-03-31,Regular
C01355,27,Male,Visakhapatnam,Andhra Pradesh,2022-11-29,VIP
C01356,37,Female,Bengaluru,Karnataka,2024-05-09,VIP
C01357,58,Male,Kochi,Kerala,2023-08-15,New
C01358,18,Other,Visakhapatnam,Andhra Pradesh,2023-02-20,Regular
C01359,49,Female,Hyderabad,Telangana,2024-07-28,VIP
C01360,49,Male,Hyderabad,Telangana,2025-05-30,New
C01361,44,Female,Coimbatore,Tamil Nadu,2024-07-18,New
C01362,53,Female,,Telangana,2023-05-17,VIP
C01363,29,Male,Mumbai,Maharashtra,2022-04-11,New
C01364,27,Male,Lucknow,Uttar Pradesh,2022-03-17,VIP
C01365,23,Male,Delhi,Delhi,2023-11-10,New
C01366,28,Other,Bhubaneswar,Odisha,2023-01-01,Regular
C01367,65,Other,Pune,Maharashtra,2024-07-21,Regular
C01368,67,Female,Bengaluru,Karnataka,2022-07-10,Regular
C01369,70,Male,Lucknow,Uttar Pradesh,2024-02-16,Regular
C01370,48,Male,Chennai,Tamil Nadu,2023-08-23,New
C01371,51,Female,Jaipur,Rajasthan,2023-11-06,VIP
C01372,31,Other,Mumbai,Maharashtra,2025-11-26,New
C01373,64,Other,Vijayawada,Andhra Pradesh,2025-03-16,VIP
C01374,64,Other,Chennai,Tamil Nadu,2024-09-17,VIP
C01375,56,Female,Delhi,Delhi,2024-05-24,Regular
C01376,57,Other,Lucknow,Uttar Pradesh,2022-09-23,Regular
C01377,69,Male,Coimbatore,Tamil Nadu,2024-10-05,VIP
C01378,36,Male,Ahmedabad,Gujarat,2025-12-22,New
C01379,47,Other,Vijayawada,Andhra Pradesh,2022-02-19,New
C01380,44,Female,Mumbai,Maharashtra,2025-06-14,New
C01381,53,Other,Gurugram,Haryana,2023-12-18,New
C01382,30,Other,Hyderabad,Telangana,2025-08-04,Regular
C01383,37,Female,Jaipur,Rajasthan,2022-05-19,VIP
C01384,25,Other,Gurugram,Haryana,2022-01-13,Regular
C01385,64,Other,Gurugram,Haryana,2024-03-22,VIP
C01386,30,Female,Hyderabad,Telangana,2022-12-26,Regular
C01387,69,Male,Coimbatore,Tamil Nadu,2024-08-29,VIP
C01388,27,Other,Visakhapatnam,Andhra Pradesh,2024-09-13,Regular
C01389,68,Female,Gurugram,Haryana,2024-08-05,VIP
C01390,37,Other,Bengaluru,Karnataka,2024-12-03,VIP
C01391,52,Male,Gurugram,Haryana,2025-02-11,New
C01392,22,Male,Gurugram,Haryana,2023-12-26,Regular
C01393,42,Other,Hyderabad,Telangana,2023-11-26,VIP
C01394,56,Female,Pune,Maharashtra,2025-03-15,New
C01395,63,Female,Vijayawada,Andhra Pradesh,2023-09-24,VIP
C01396,44,Male,Bengaluru,Karnataka,2023-07-11,Regular
C01397,46,Female,Ahmedabad,Gujarat,2024-02-01,New
C01398,25,Female,Delhi,Delhi,2022-12-25,New
C01399,46,Other,Mumbai,Maharashtra,2022-07-09,New
C01400,27,Male,Coimbatore,Tamil Nadu,2024-10-21,Regular
C01401,37,Female,Coimbatore,Tamil Nadu,2024-12-08,New
C01402,61,Male,Vijayawada,Andhra Pradesh,2024-11-23,New
C01403,42,Other,Bengaluru,Karnataka,2024-07-29,VIP
C01404,37,Male,Vijayawada,Andhra Pradesh,2022-01-09,VIP
C01405,47,Male,Chennai,Tamil Nadu,2023-11-14,New
C01406,54,Female,Delhi,Delhi,2022-02-16,VIP
C01407,30,Male,Mumbai,Maharashtra,2023-10-20,Regular
C01408,38,Female,Jaipur,Rajasthan,2024-12-26,VIP
C01409,27,Male,Vijayawada,Andhra Pradesh,2023-07-13,Regular
C01410,57,Other,Vijayawada,Andhra Pradesh,2022-02-01,VIP
C01411,52,Female,,Andhra Pradesh,2023-02-28,VIP
C01412,27,Other,Gurugram,Haryana,2023-07-10,Regular
C01413,22,Female,Ahmedabad,Gujarat,2022-12-17,VIP
C01414,46,Male,Gurugram,Haryana,2025-01-12,New
C01415,61,Male,Hyderabad,Telangana,2024-08-22,New
C01416,23,Female,Kolkata,West Bengal,2022-04-21,Regular
C01417,56,Other,,Maharashtra,2025-12-14,VIP
C01418,40,Female,Kochi,Kerala,2025-06-16,Regular
C01419,66,Other,Mumbai,Maharashtra,2025-12-31,VIP
C01420,54,Male,Chennai,Tamil Nadu,2024-08-11,New
C01421,47,Female,Kochi,Kerala,2022-07-19,VIP
C01422,32,Male,Kochi,Kerala,2024-08-21,New
C01423,43,Male,Jaipur,Rajasthan,2024-01-15,VIP
C01424,47,Female,Gurugram,Haryana,2023-10-28,New
C01425,25,Female,Chennai,Tamil Nadu,2024-08-31,Regular
C01426,36,Female,Kochi,Kerala,2022-12-16,VIP
C01427,24,Female,Visakhapatnam,Andhra Pradesh,2024-11-06,VIP
C01428,53,Other,Vijayawada,Andhra Pradesh,2023-10-30,New
C01429,47,Female,Delhi,Delhi,2024-12-27,VIP
C01430,57,Male,Bhubaneswar,Odisha,2023-05-04,VIP
C01431,42,Male,Pune,Maharashtra,2024-09-14,Regular
C01432,55,Female,Mumbai,Maharashtra,2025-11-22,Regular
C01433,62,Male,Gurugram,Haryana,2025-01-20,New
C01434,54,Female,Chennai,Tamil Nadu,2025-12-28,New
C01435,53,Male,Kochi,Kerala,2023-10-29,Regular
C01436,43,Male,Pune,Maharashtra,2023-09-23,VIP
C01437,70,Other,Vijayawada,Andhra Pradesh,2025-11-04,Regular
C01438,59,Other,Gurugram,Haryana,2024-10-09,New
C01439,70,Male,Chennai,Tamil Nadu,2023-03-22,VIP
C01440,60,Male,Hyderabad,Telangana,2022-10-28,Regular
C01441,57,Other,Delhi,Delhi,2024-03-09,Regular
C01442,61,Female,Mumbai,Maharashtra,2023-02-26,Regular
C01443,63,Female,Delhi,Delhi,2024-06-09,New
C01444,50,Female,Hyderabad,Telangana,2025-06-06,New
C01445,41,Other,Delhi,Delhi,2022-05-08,New
C01446,53,Female,Hyderabad,Telangana,2025-12-11,New
C01447,33,Female,Delhi,Delhi,2022-03-05,VIP
C01448,38,Other,Kolkata,West Bengal,2025-07-04,Regular
C01449,45,Other,Kolkata,West Bengal,2024-02-21,New
C01450,26,Male,Pune,Maharashtra,2024-08-30,VIP
C01451,44,Male,Kolkata,West Bengal,2024-01-08,Regular
C01452,18,Male,Visakhapatnam,Andhra Pradesh,2022-10-03,VIP
C01453,64,Female,Hyderabad,Telangana,2022-10-22,VIP
C01454,23,Male,Bhubaneswar,Odisha,2022-10-06,VIP
C01455,68,Other,Bhubaneswar,Odisha,2024-07-22,VIP
C01456,29,Female,Bhubaneswar,Odisha,2025-06-30,VIP
C01457,70,Female,Bhubaneswar,Odisha,2025-02-04,Regular
C01458,29,Female,Lucknow,Uttar Pradesh,2023-04-08,VIP
C01459,49,Other,Hyderabad,Telangana,2025-03-29,New
C01460,52,Other,Jaipur,Rajasthan,2024-04-21,Regular
C01461,54,Female,Bengaluru,Karnataka,2022-03-19,VIP
C01462,55,Female,Lucknow,Uttar Pradesh,2022-08-20,VIP
C01463,64,Other,Chennai,Tamil Nadu,2022-10-18,VIP
C01464,51,Male,Jaipur,Rajasthan,2024-08-10,VIP
C01465,48,Other,Chennai,Tamil Nadu,2023-05-18,VIP
C01466,58,Other,Chennai,Tamil Nadu,2025-11-01,VIP
C01467,21,Female,Delhi,Delhi,2025-06-09,VIP
C01468,47,Other,Hyderabad,Telangana,2024-08-18,Regular
C01469,40,Female,Gurugram,Haryana,2024-05-12,Regular
C01470,62,Other,Pune,Maharashtra,2022-03-14,VIP
C01471,34,Male,Delhi,Delhi,2025-02-28,VIP
C01472,28,Other,Coimbatore,Tamil Nadu,2025-03-30,New
C01473,19,Female,Delhi,Delhi,2025-07-02,Regular
C01474,50,Male,Chennai,Tamil Nadu,2022-09-17,Regular
C01475,57,Female,Jaipur,Rajasthan,2022-09-29,Regular
C01476,65,Male,Jaipur,Rajasthan,2022-01-30,VIP
C01477,65,Male,Pune,Maharashtra,2025-04-26,VIP
C01478,69,Male,Kochi,Kerala,2024-01-28,Regular
C01479,29,Other,Ahmedabad,Gujarat,2024-09-20,New
C01480,27,Other,Gurugram,Haryana,2022-06-22,New
C01481,67,Female,Coimbatore,Tamil Nadu,2024-04-25,New
C01482,28,Male,Kochi,Kerala,2025-07-29,VIP
C01483,59,Female,Lucknow,Uttar Pradesh,2022-04-22,New
C01484,47,Female,Bengaluru,Karnataka,2022-12-10,Regular
C01485,65,Other,Delhi,Delhi,2024-09-02,New
C01486,63,Female,Kolkata,West Bengal,2025-10-31,Regular
C01487,51,Female,Jaipur,Rajasthan,2022-10-25,New
C01488,42,Other,Delhi,Delhi,2024-07-08,Regular
C01489,52,Other,Bengaluru,Karnataka,2022-07-19,Regular
C01490,59,Female,Bhubaneswar,Odisha,2025-06-04,Regular
C01491,69,Male,Jaipur,Rajasthan,2023-07-01,Regular
C01492,67,Other,Kolkata,West Bengal,2024-08-02,VIP
C01493,55,Male,Ahmedabad,Gujarat,2025-10-08,VIP
C01494,62,Male,Gurugram,Haryana,2025-10-19,Regular
C01495,18,Male,Hyderabad,Telangana,2025-10-09,New
C01496,51,Male,Bhubaneswar,Odisha,2022-07-20,VIP
C01497,32,Other,Kochi,Kerala,2023-12-21,Regular
C01498,20,Male,Jaipur,Rajasthan,2023-01-31,VIP
C01499,56,Other,Chennai,Tamil Nadu,2022-04-27,New
C01500,25,Male,Vijayawada,Andhra Pradesh,2025-12-21,VIP
C01501,60,Other,Visakhapatnam,Andhra Pradesh,2024-02-09,VIP
C01502,62,Male,Pune,Maharashtra,2022-08-16,Regular
C01503,60,Male,Delhi,Delhi,2024-08-14,VIP
C01504,67,Female,Kochi,Kerala,2023-07-21,VIP
C01505,28,Male,Gurugram,Haryana,2023-06-12,Regular
C01506,42,Female,Bengaluru,Karnataka,2024-02-23,New
C01507,29,Female,Jaipur,Rajasthan,2023-06-27,New
C01508,57,Female,Coimbatore,Tamil Nadu,2023-02-15,New
C01509,27,Other,Coimbatore,Tamil Nadu,2022-08-11,Regular
C01510,59,Male,Mumbai,Maharashtra,2025-06-11,Regular
C01511,20,Male,Jaipur,Rajasthan,2022-07-31,New
C01512,19,Female,Jaipur,Rajasthan,2024-07-02,New
C01513,60,Female,Hyderabad,Telangana,2022-03-19,Regular
C01514,39,Female,Visakhapatnam,Andhra Pradesh,2025-12-04,VIP
C01515,63,Female,Hyderabad,Telangana,2024-11-21,Regular
C01516,64,Male,Bhubaneswar,Odisha,2024-04-07,VIP
C01517,42,Other,Ahmedabad,Gujarat,2022-01-07,Regular
C01518,52,Female,Vijayawada,Andhra Pradesh,2025-03-07,Regular
C01519,21,Other,Delhi,Delhi,2024-03-31,VIP
C01520,52,Female,Chennai,Tamil Nadu,2024-01-19,New
C01521,59,Male,Kochi,Kerala,2023-08-17,New
C01522,60,Male,Bengaluru,Karnataka,2024-02-26,Regular
C01523,58,Other,Kolkata,West Bengal,2022-08-07,Regular
C01524,58,Female,Coimbatore,Tamil Nadu,2022-06-23,VIP
C01525,20,Male,Mumbai,Maharashtra,2022-10-14,New
C01526,42,Male,Ahmedabad,Gujarat,2024-09-28,VIP
C01527,52,Female,Delhi,Delhi,2024-10-20,New
C01528,21,Female,Bengaluru,Karnataka,2023-11-26,VIP
C01529,25,Male,Bengaluru,Karnataka,2024-04-10,VIP
C01530,52,Male,Kochi,Kerala,2025-10-20,VIP
C01531,20,Other,Ahmedabad,Gujarat,2022-05-28,New
C01532,19,Female,Coimbatore,Tamil Nadu,2025-09-01,VIP
C01533,62,Other,Bengaluru,Karnataka,2023-05-13,New
C01534,58,Male,Hyderabad,Telangana,2022-12-19,Regular
C01535,57,Male,Vijayawada,Andhra Pradesh,2024-07-23,VIP
C01536,25,Female,Chennai,Tamil Nadu,2022-08-06,VIP
C01537,69,Male,Ahmedabad,Gujarat,2022-05-10,Regular
C01538,43,Female,Gurugram,Haryana,2025-10-21,New
C01539,68,Male,Visakhapatnam,Andhra Pradesh,2023-10-21,New
C01540,22,Male,Pune,Maharashtra,2023-11-19,Regular
C01541,28,Other,Visakhapatnam,Andhra Pradesh,2024-04-30,Regular
C01542,33,Other,Pune,Maharashtra,2024-06-17,New
C01543,68,Other,Visakhapatnam,Andhra Pradesh,2022-07-24,VIP
C01544,19,Female,Kolkata,West Bengal,2022-11-20,New
C01545,29,Male,Hyderabad,Telangana,2022-01-15,VIP
C01546,62,Female,Delhi,Delhi,2024-05-02,VIP
C01547,27,Other,Visakhapatnam,Andhra Pradesh,2023-02-27,Regular
C01548,33,Male,Kochi,Kerala,2024-04-23,VIP
C01549,29,Other,Bengaluru,Karnataka,2025-05-06,Regular
C01550,70,Female,Chennai,Tamil Nadu,2025-07-08,Regular
C01551,53,Male,Bhubaneswar,Odisha,2022-01-10,New
C01552,24,Other,Vijayawada,Andhra Pradesh,2024-12-21,Regular
C01553,67,Other,Ahmedabad,Gujarat,2024-08-08,VIP
C01554,21,Male,Mumbai,Maharashtra,2023-07-21,New
C01555,48,Female,Visakhapatnam,Andhra Pradesh,2025-11-04,New
C01556,20,Male,Pune,Maharashtra,2025-10-04,VIP
C01557,31,Female,Lucknow,Uttar Pradesh,2023-08-07,Regular
C01558,69,Female,Gurugram,Haryana,2025-06-17,New
C01559,52,Male,Vijayawada,Andhra Pradesh,2022-04-18,New
C01560,50,Male,Hyderabad,Telangana,2024-09-20,New
C01561,55,Other,Ahmedabad,Gujarat,2024-06-29,Regular
C01562,65,Other,Bhubaneswar,Odisha,2023-02-12,Regular
C01563,38,Male,Ahmedabad,Gujarat,2022-08-14,New
C01564,30,Female,,Gujarat,2024-04-24,New
C01565,55,Female,Chennai,Tamil Nadu,2024-08-22,New
C01566,31,Other,Bhubaneswar,Odisha,2022-10-24,Regular
C01567,41,Male,Pune,Maharashtra,2024-03-04,Regular
C01568,40,Female,Mumbai,Maharashtra,2025-07-18,New
C01569,20,Other,Gurugram,Haryana,2022-09-18,VIP
C01570,26,Male,Bengaluru,Karnataka,2023-07-29,Regular
C01571,28,Female,Kochi,Kerala,2024-05-06,New
C01572,28,Other,Delhi,Delhi,2025-05-21,VIP
C01573,53,Male,Pune,Maharashtra,2025-03-29,New
C01574,49,Male,Bhubaneswar,Odisha,2024-12-04,VIP
C01575,35,Male,Coimbatore,Tamil Nadu,2024-08-05,VIP
C01576,33,Female,Bhubaneswar,Odisha,2023-05-21,Regular
C01577,27,Other,Ahmedabad,Gujarat,2025-04-26,New
C01578,20,Female,Bhubaneswar,Odisha,2022-04-01,VIP
C01579,51,Female,Bengaluru,Karnataka,2024-05-21,Regular
C01580,49,Male,Vijayawada,Andhra Pradesh,2024-07-15,New
C01581,64,Female,Hyderabad,Telangana,2025-11-20,New
C01582,36,Male,Visakhapatnam,Andhra Pradesh,2024-01-05,VIP
C01583,48,Other,Chennai,Tamil Nadu,2022-02-02,Regular
C01584,47,Other,Pune,Maharashtra,2025-12-11,VIP
C01585,47,Male,Hyderabad,Telangana,2024-07-20,VIP
C01586,68,Female,Kolkata,West Bengal,2023-01-14,VIP
C01587,58,Male,Kochi,Kerala,2025-12-12,VIP
C01588,62,Female,Chennai,Tamil Nadu,2024-02-28,VIP
C01589,45,Female,Bengaluru,Karnataka,2023-08-31,VIP
C01590,23,Other,Mumbai,Maharashtra,2025-11-03,Regular
C01591,61,Female,Bengaluru,Karnataka,2024-11-20,New
C01592,41,Female,Vijayawada,Andhra Pradesh,2024-02-24,VIP
C01593,41,Male,Bengaluru,Karnataka,2024-01-19,VIP
C01594,63,Male,Chennai,Tamil Nadu,2025-02-22,New
C01595,52,Male,Gurugram,Haryana,2023-05-04,VIP
C01596,62,Male,Coimbatore,Tamil Nadu,2025-04-03,VIP
C01597,40,Female,Ahmedabad,Gujarat,2023-10-19,VIP
C01598,21,Male,Bhubaneswar,Odisha,2023-07-22,Regular
C01599,49,Other,Lucknow,Uttar Pradesh,2024-07-15,VIP
C01600,63,Other,Vijayawada,Andhra Pradesh,2024-08-20,VIP
C01601,57,Female,Delhi,Delhi,2024-07-14,VIP
C01602,47,Male,Chennai,Tamil Nadu,2023-01-21,New
C01603,36,Male,Kolkata,West Bengal,2023-01-02,New
C01604,25,Other,Pune,Maharashtra,2023-07-20,New
C01605,31,Other,Coimbatore,Tamil Nadu,2022-11-05,VIP
C01606,44,Other,Hyderabad,Telangana,2023-08-24,VIP
C01607,40,Female,Visakhapatnam,Andhra Pradesh,2024-08-28,Regular
C01608,30,Male,Hyderabad,Telangana,2023-08-21,New
C01609,59,Female,Ahmedabad,Gujarat,2024-11-30,Regular
C01610,59,Female,Gurugram,Haryana,2025-09-04,Regular
C01611,37,Other,Kochi,Kerala,2024-07-26,New
C01612,68,Female,Delhi,Delhi,2022-12-18,New
C01613,36,Male,Coimbatore,Tamil Nadu,2024-02-01,New
C01614,47,Male,Lucknow,Uttar Pradesh,2023-08-06,VIP
C01615,52,Female,Pune,Maharashtra,2025-12-28,New
C01616,62,Other,Pune,Maharashtra,2025-12-21,New
C01617,25,Male,Pune,Maharashtra,2023-05-03,Regular
C01618,34,Female,Visakhapatnam,Andhra Pradesh,2024-06-21,New
C01619,63,Male,Mumbai,Maharashtra,2025-02-25,VIP
C01620,27,Female,Gurugram,Haryana,2023-12-06,Regular
C01621,37,Male,Pune,Maharashtra,2024-12-28,New
C01622,67,Male,Kolkata,West Bengal,2024-10-19,Regular
C01623,18,Other,Gurugram,Haryana,2022-11-16,VIP
C01624,63,Female,Gurugram,Haryana,2025-08-18,Regular
C01625,60,Male,,Delhi,2025-03-20,VIP
C01626,62,Male,Kochi,Kerala,2023-11-25,VIP
C01627,26,Other,Coimbatore,Tamil Nadu,2022-03-24,VIP
C01628,19,Female,Vijayawada,Andhra Pradesh,2023-09-23,VIP
C01629,40,Male,Ahmedabad,Gujarat,2024-07-02,Regular
C01630,59,Male,Bengaluru,Karnataka,2025-05-30,VIP
C01631,30,Male,Ahmedabad,Gujarat,2023-07-24,New
C01632,60,Male,Kochi,Kerala,2025-10-18,VIP
C01633,49,Female,Kolkata,West Bengal,2023-02-03,VIP
C01634,41,Female,Bengaluru,Karnataka,2025-09-27,New
C01635,42,Female,Bhubaneswar,Odisha,2024-01-28,New
C01636,40,Female,Delhi,Delhi,2023-12-08,Regular
C01637,64,Female,Chennai,Tamil Nadu,2023-03-18,VIP
C01638,36,Male,Bhubaneswar,Odisha,2024-06-25,VIP
C01639,26,Other,Bhubaneswar,Odisha,2024-04-28,VIP
C01640,31,Female,Chennai,Tamil Nadu,2022-10-22,Regular
C01641,55,Female,Gurugram,Haryana,2022-05-16,New
C01642,58,Female,Hyderabad,Telangana,2024-04-18,Regular
C01643,47,Other,Pune,Maharashtra,2025-02-12,VIP
C01644,29,Female,Visakhapatnam,Andhra Pradesh,2023-02-13,Regular
C01645,70,Female,Coimbatore,Tamil Nadu,2022-03-28,VIP
C01646,53,Other,Delhi,Delhi,2024-10-08,Regular
C01647,68,Male,Ahmedabad,Gujarat,2022-02-24,New
C01648,58,Other,Jaipur,Rajasthan,2023-09-07,Regular
C01649,60,Female,Vijayawada,Andhra Pradesh,2025-09-01,Regular
C01650,62,Other,Pune,Maharashtra,2024-10-04,New
C01651,66,Female,Hyderabad,Telangana,2022-09-02,Regular
C01652,65,Female,Chennai,Tamil Nadu,2025-05-11,VIP
C01653,45,Female,Coimbatore,Tamil Nadu,2025-03-04,VIP
C01654,70,Male,Coimbatore,Tamil Nadu,2025-11-22,Regular
C01655,28,Other,Hyderabad,Telangana,2023-06-16,New
C01656,47,Other,Visakhapatnam,Andhra Pradesh,2023-10-17,New
C01657,21,Female,Lucknow,Uttar Pradesh,2022-12-01,Regular
C01658,40,Male,Bhubaneswar,Odisha,2025-07-27,Regular
C01659,58,Male,Delhi,Delhi,2024-12-20,VIP
C01660,29,Male,Mumbai,Maharashtra,2025-07-10,VIP
C01661,38,Female,Pune,Maharashtra,2025-01-18,VIP
C01662,61,Other,Delhi,Delhi,2023-07-10,VIP
C01663,52,Other,Lucknow,Uttar Pradesh,2022-07-16,Regular
C01664,26,Other,Visakhapatnam,Andhra Pradesh,2022-01-27,Regular
C01665,44,Female,Lucknow,Uttar Pradesh,2024-09-20,New
C01666,27,Other,Vijayawada,Andhra Pradesh,2023-03-23,New
C01667,57,Other,Mumbai,Maharashtra,2025-02-18,VIP
C01668,47,Male,Vijayawada,Andhra Pradesh,2024-05-04,New
C01669,48,Female,Visakhapatnam,Andhra Pradesh,2022-02-05,Regular
C01670,70,Female,Lucknow,Uttar Pradesh,2022-10-12,VIP
C01671,63,Female,Gurugram,Haryana,2022-12-19,New
C01672,26,Other,Vijayawada,Andhra Pradesh,2023-04-01,New
C01673,26,Male,Ahmedabad,Gujarat,2023-09-22,New
C01674,62,Male,Chennai,Tamil Nadu,2024-05-20,New
C01675,66,Female,Hyderabad,Telangana,2024-09-18,New
C01676,20,Other,Mumbai,Maharashtra,2022-08-09,VIP
C01677,25,Female,Bengaluru,Karnataka,2024-08-18,New
C01678,60,Male,Chennai,Tamil Nadu,2023-09-10,New
C01679,31,Other,Vijayawada,Andhra Pradesh,2025-05-17,New
C01680,40,Male,Pune,Maharashtra,2025-10-05,New
C01681,55,Female,Visakhapatnam,Andhra Pradesh,2023-07-23,Regular
C01682,67,Other,Pune,Maharashtra,2024-10-22,VIP
C01683,54,Male,Ahmedabad,Gujarat,2024-10-31,New
C01684,31,Other,Hyderabad,Telangana,2024-12-19,New
C01685,66,Other,Delhi,Delhi,2022-12-18,New
C01686,50,Other,Vijayawada,Andhra Pradesh,2023-03-15,Regular
C01687,55,Male,Lucknow,Uttar Pradesh,2025-11-30,Regular
C01688,40,Female,Vijayawada,Andhra Pradesh,2023-01-06,Regular
C01689,32,Female,Mumbai,Maharashtra,2024-11-19,New
C01690,47,Male,Gurugram,Haryana,2022-09-11,VIP
C01691,66,Female,Visakhapatnam,Andhra Pradesh,2024-10-12,VIP
C01692,64,Male,Delhi,Delhi,2025-02-15,New
C01693,25,Female,Gurugram,Haryana,2024-10-08,Regular
C01694,65,Female,Kochi,Kerala,2025-05-14,VIP
C01695,53,Female,Kochi,Kerala,2023-04-08,Regular
C01696,22,Female,Bhubaneswar,Odisha,2023-01-22,VIP
C01697,18,Other,Lucknow,Uttar Pradesh,2023-01-03,Regular
C01698,46,Other,Vijayawada,Andhra Pradesh,2024-03-22,VIP
C01699,27,Female,Chennai,Tamil Nadu,2022-09-02,Regular
C01700,22,Female,Vijayawada,Andhra Pradesh,2022-12-12,New
C01701,56,Female,Gurugram,Haryana,2023-02-15,New
C01702,64,Female,Ahmedabad,Gujarat,2024-05-19,Regular
C01703,43,Female,Jaipur,Rajasthan,2025-08-11,Regular
C01704,50,Female,Kolkata,West Bengal,2024-09-19,New
C01705,25,Female,Kochi,Kerala,2022-08-10,Regular
C01706,58,Male,Coimbatore,Tamil Nadu,2023-04-18,New
C01707,22,Female,Vijayawada,Andhra Pradesh,2022-04-19,VIP
C01708,42,Other,Hyderabad,Telangana,2023-01-02,VIP
C01709,37,Other,Gurugram,Haryana,2022-11-09,VIP
C01710,60,Other,Vijayawada,Andhra Pradesh,2022-06-06,Regular
C01711,36,Other,Kochi,Kerala,2023-02-18,Regular
C01712,34,Other,Coimbatore,Tamil Nadu,2024-10-30,Regular
C01713,45,Male,Hyderabad,Telangana,2022-03-06,Regular
C01714,42,Female,Kochi,Kerala,2023-10-07,Regular
C01715,29,Other,Bengaluru,Karnataka,2022-03-09,VIP
C01716,28,Female,Delhi,Delhi,2025-12-17,Regular
C01717,63,Female,Visakhapatnam,Andhra Pradesh,2023-10-02,Regular
C01718,61,Female,Vijayawada,Andhra Pradesh,2025-03-11,VIP
C01719,53,Male,Coimbatore,Tamil Nadu,2024-09-01,VIP
C01720,34,Female,Bengaluru,Karnataka,2024-03-12,VIP
C01721,61,Female,Kolkata,West Bengal,2025-06-17,Regular
C01722,19,Other,Gurugram,Haryana,2022-05-06,New
C01723,40,Other,Visakhapatnam,Andhra Pradesh,2024-01-21,VIP
C01724,39,Female,Hyderabad,Telangana,2025-07-04,New
C01725,40,Female,Bhubaneswar,Odisha,2023-12-08,Regular
C01726,33,Male,Bengaluru,Karnataka,2025-09-16,New
C01727,23,Other,Delhi,Delhi,2025-04-28,New
C01728,39,Male,Delhi,Delhi,2022-08-23,New
C01729,47,Other,Gurugram,Haryana,2022-03-18,Regular
C01730,19,Other,Bhubaneswar,Odisha,2023-07-01,Regular
C01731,42,Other,Hyderabad,Telangana,2023-10-11,Regular
C01732,24,Female,Gurugram,Haryana,2025-03-18,New
C01733,49,Other,Mumbai,Maharashtra,2023-11-20,VIP
C01734,57,Female,Gurugram,Haryana,2022-12-08,Regular
C01735,49,Other,Bhubaneswar,Odisha,2023-02-18,New
C01736,34,Male,Mumbai,Maharashtra,2023-08-12,Regular
C01737,57,Other,,West Bengal,2023-04-08,New
C01738,39,Female,Vijayawada,Andhra Pradesh,2025-04-27,New
C01739,31,Female,Coimbatore,Tamil Nadu,2024-05-24,New
C01740,69,Female,Delhi,Delhi,2024-10-30,Regular
C01741,44,Female,Gurugram,Haryana,2023-02-14,Regular
C01742,66,Other,,Kerala,2025-10-07,New
C01743,63,Other,Hyderabad,Telangana,2025-07-09,New
C01744,60,Other,Coimbatore,Tamil Nadu,2023-03-13,Regular
C01745,52,Other,Jaipur,Rajasthan,2025-07-30,Regular
C01746,30,Female,Bengaluru,Karnataka,2024-12-05,Regular
C01747,27,Other,Visakhapatnam,Andhra Pradesh,2023-05-08,VIP
C01748,44,Female,Delhi,Delhi,2024-06-10,New
C01749,35,Female,Mumbai,Maharashtra,2024-04-24,VIP
C01750,61,Other,,Maharashtra,2023-06-10,New
C01751,25,Male,Kolkata,West Bengal,2023-05-04,New
C01752,69,Female,Hyderabad,Telangana,2023-05-18,Regular
C01753,45,Female,Coimbatore,Tamil Nadu,2025-02-20,VIP
C01754,28,Female,Bengaluru,Karnataka,2023-02-18,New
C01755,68,Female,Hyderabad,Telangana,2023-06-14,VIP
C01756,20,Other,Pune,Maharashtra,2025-08-12,Regular
C01757,23,Female,Hyderabad,Telangana,2022-04-24,VIP
C01758,44,Female,Delhi,Delhi,2022-05-11,VIP
C01759,64,Male,Chennai,Tamil Nadu,2024-03-23,New
C01760,65,Other,Vijayawada,Andhra Pradesh,2025-03-15,New
C01761,23,Male,Jaipur,Rajasthan,2024-10-13,VIP
C01762,39,Other,Vijayawada,Andhra Pradesh,2023-10-04,VIP
C01763,45,Male,Kolkata,West Bengal,2023-04-29,New
C01764,31,Female,Vijayawada,Andhra Pradesh,2022-12-25,Regular
C01765,55,Male,Bhubaneswar,Odisha,2023-06-05,Regular
C01766,25,Female,Lucknow,Uttar Pradesh,2025-12-03,VIP
C01767,61,Male,Bhubaneswar,Odisha,2024-08-30,Regular
C01768,48,Other,Visakhapatnam,Andhra Pradesh,2024-01-14,Regular
C01769,59,Other,Delhi,Delhi,2022-02-13,New
C01770,68,Other,Bengaluru,Karnataka,2025-11-15,New
C01771,42,Female,Jaipur,Rajasthan,2025-02-05,VIP
C01772,25,Other,,Uttar Pradesh,2025-11-04,New
C01773,18,Female,Kochi,Kerala,2024-03-06,Regular
C01774,70,Male,Delhi,Delhi,2022-07-04,Regular
C01775,46,Other,Mumbai,Maharashtra,2022-11-25,Regular
C01776,35,Male,Bhubaneswar,Odisha,2022-03-11,Regular
C01777,39,Other,Coimbatore,Tamil Nadu,2024-04-25,Regular
C01778,62,Female,Vijayawada,Andhra Pradesh,2022-11-25,VIP
C01779,44,Other,Chennai,Tamil Nadu,2023-12-22,VIP
C01780,62,Male,Gurugram,Haryana,2024-07-17,New
C01781,46,Other,Pune,Maharashtra,2025-07-14,New
C01782,30,Other,Hyderabad,Telangana,2024-03-31,Regular
C01783,23,Male,Gurugram,Haryana,2025-03-25,New
C01784,63,Other,Ahmedabad,Gujarat,2024-11-23,New
C01785,46,Female,Bhubaneswar,Odisha,2023-10-17,VIP
C01786,29,Other,Visakhapatnam,Andhra Pradesh,2023-06-18,VIP
C01787,30,Male,Gurugram,Haryana,2023-08-01,Regular
C01788,43,Female,Lucknow,Uttar Pradesh,2023-01-08,VIP
C01789,19,Other,Ahmedabad,Gujarat,2022-02-12,VIP
C01790,47,Male,Ahmedabad,Gujarat,2022-07-02,Regular
C01791,43,Other,Pune,Maharashtra,2022-04-12,Regular
C01792,23,Female,Jaipur,Rajasthan,2022-11-02,New
C01793,63,Other,Vijayawada,Andhra Pradesh,2022-01-29,Regular
C01794,49,Male,Kochi,Kerala,2025-10-11,New
C01795,70,Female,Mumbai,Maharashtra,2023-01-26,Regular
C01796,26,Female,Coimbatore,Tamil Nadu,2024-02-22,New
C01797,64,Other,Mumbai,Maharashtra,2023-08-03,New
C01798,44,Male,Bhubaneswar,Odisha,2023-01-05,New
C01799,33,Other,Delhi,Delhi,2023-06-21,Regular
C01800,55,Other,Ahmedabad,Gujarat,2024-01-28,VIP
C01801,18,Female,Kochi,Kerala,2022-06-25,New
C01802,43,Other,Gurugram,Haryana,2025-11-20,New
C01803,45,Other,Kolkata,West Bengal,2025-12-21,VIP
C01804,24,Other,Jaipur,Rajasthan,2022-05-30,New
C01805,33,Female,Bengaluru,Karnataka,2023-11-13,Regular
C01806,34,Other,Bengaluru,Karnataka,2022-01-11,VIP
C01807,43,Other,Kolkata,West Bengal,2023-09-12,Regular
C01808,20,Other,Visakhapatnam,Andhra Pradesh,2025-02-19,New
C01809,50,Female,,Rajasthan,2022-12-14,Regular
C01810,23,Female,Kochi,Kerala,2022-09-28,VIP
C01811,34,Male,Bhubaneswar,Odisha,2022-10-18,Regular
C01812,49,Female,Bengaluru,Karnataka,2022-09-19,VIP
C01813,36,Female,Lucknow,Uttar Pradesh,2024-05-30,VIP
C01814,38,Female,Jaipur,Rajasthan,2024-11-24,New
C01815,66,Male,Gurugram,Haryana,2024-10-03,VIP
C01816,30,Male,Kochi,Kerala,2022-04-19,New
C01817,20,Female,Ahmedabad,Gujarat,2023-01-11,Regular
C01818,47,Female,Pune,Maharashtra,2025-12-16,New
C01819,46,Female,Coimbatore,Tamil Nadu,2022-03-25,VIP
C01820,49,Male,Coimbatore,Tamil Nadu,2024-07-26,VIP
C01821,40,Male,Visakhapatnam,Andhra Pradesh,2022-09-11,New
C01822,28,Other,Delhi,Delhi,2023-01-05,VIP
C01823,60,Other,Jaipur,Rajasthan,2025-02-27,New
C01824,67,Other,Hyderabad,Telangana,2024-12-13,New
C01825,33,Female,Bhubaneswar,Odisha,2022-06-07,VIP
C01826,19,Female,Vijayawada,Andhra Pradesh,2023-11-05,VIP
C01827,41,Other,Vijayawada,Andhra Pradesh,2024-03-18,New
C01828,19,Male,Gurugram,Haryana,2022-11-11,Regular
C01829,58,Female,Coimbatore,Tamil Nadu,2024-07-18,VIP
C01830,20,Other,Hyderabad,Telangana,2023-11-06,VIP
C01831,64,Other,Kochi,Kerala,2023-10-28,VIP
C01832,21,Other,Visakhapatnam,Andhra Pradesh,2023-03-09,Regular
C01833,65,Male,Gurugram,Haryana,2022-04-24,VIP
C01834,43,Female,Kolkata,West Bengal,2022-07-09,New
C01835,23,Male,Ahmedabad,Gujarat,2024-03-27,New
C01836,67,Female,Pune,Maharashtra,2024-03-06,Regular
C01837,37,Female,Visakhapatnam,Andhra Pradesh,2022-09-04,Regular
C01838,56,Male,Delhi,Delhi,2025-11-03,Regular
C01839,50,Male,Vijayawada,Andhra Pradesh,2024-01-23,Regular
C01840,48,Female,Kochi,Kerala,2024-03-05,VIP
C01841,66,Female,Bhubaneswar,Odisha,2022-07-04,Regular
C01842,58,Female,Pune,Maharashtra,2024-06-08,New
C01843,39,Female,Bengaluru,Karnataka,2024-11-17,VIP
C01844,61,Other,Ahmedabad,Gujarat,2025-08-19,New
C01845,58,Other,Coimbatore,Tamil Nadu,2024-12-15,VIP
C01846,47,Female,Chennai,Tamil Nadu,2023-08-19,New
C01847,27,Male,Coimbatore,Tamil Nadu,2023-09-08,VIP
C01848,51,Female,Delhi,Delhi,2023-05-25,Regular
C01849,22,Male,Bengaluru,Karnataka,2025-02-02,VIP
C01850,45,Female,Vijayawada,Andhra Pradesh,2024-11-11,New
C01851,64,Other,Kochi,Kerala,2025-09-15,Regular
C01852,55,Male,Lucknow,Uttar Pradesh,2023-06-06,VIP
C01853,65,Other,Hyderabad,Telangana,2022-08-22,Regular
C01854,43,Male,Pune,Maharashtra,2023-01-09,New
C01855,37,Female,Bhubaneswar,Odisha,2025-12-13,VIP
C01856,46,Other,Kochi,Kerala,2025-10-04,Regular
C01857,31,Male,Gurugram,Haryana,2023-01-19,New
C01858,24,Female,Jaipur,Rajasthan,2025-10-11,VIP
C01859,43,Male,Hyderabad,Telangana,2022-01-12,New
C01860,48,Female,Pune,Maharashtra,2025-09-05,VIP
C01861,65,Other,Kolkata,West Bengal,2025-09-09,VIP
C01862,57,Other,Coimbatore,Tamil Nadu,2023-09-13,Regular
C01863,23,Male,Kolkata,West Bengal,2023-09-12,New
C01864,25,Male,Hyderabad,Telangana,2023-01-26,VIP
C01865,31,Female,Mumbai,Maharashtra,2022-02-24,VIP
C01866,33,Female,Visakhapatnam,Andhra Pradesh,2025-08-23,VIP
C01867,37,Female,Mumbai,Maharashtra,2022-06-26,New
C01868,19,Male,Coimbatore,Tamil Nadu,2024-05-14,New
C01869,46,Female,Visakhapatnam,Andhra Pradesh,2025-12-09,Regular
C01870,55,Male,Hyderabad,Telangana,2024-07-09,New
C01871,43,Male,Delhi,Delhi,2025-03-12,Regular
C01872,58,Other,Hyderabad,Telangana,2022-07-30,Regular
C01873,65,Other,Bhubaneswar,Odisha,2024-10-12,VIP
C01874,49,Female,Delhi,Delhi,2022-03-17,Regular
C01875,63,Male,Coimbatore,Tamil Nadu,2023-04-20,VIP
C01876,54,Female,Hyderabad,Telangana,2024-05-14,VIP
C01877,59,Female,Chennai,Tamil Nadu,2023-07-03,Regular
C01878,57,Other,Vijayawada,Andhra Pradesh,2024-10-10,Regular
C01879,45,Male,Kochi,Kerala,2025-11-29,New
C01880,48,Female,Delhi,Delhi,2023-01-29,Regular
C01881,32,Other,Ahmedabad,Gujarat,2024-11-05,VIP
C01882,63,Other,Gurugram,Haryana,2025-05-18,Regular
C01883,64,Other,Visakhapatnam,Andhra Pradesh,2023-08-24,Regular
C01884,59,Other,Bhubaneswar,Odisha,2025-10-10,Regular
C01885,57,Male,Coimbatore,Tamil Nadu,2022-11-28,Regular
C01886,48,Male,Chennai,Tamil Nadu,2025-09-28,New
C01887,56,Female,Mumbai,Maharashtra,2022-11-17,New
C01888,37,Male,Bhubaneswar,Odisha,2024-10-08,New
C01889,40,Female,Bengaluru,Karnataka,2022-02-07,Regular
C01890,70,Other,Pune,Maharashtra,2022-12-24,New
C01891,45,Male,Chennai,Tamil Nadu,2023-11-23,VIP
C01892,53,Male,Ahmedabad,Gujarat,2022-09-05,Regular
C01893,68,Female,Jaipur,Rajasthan,2023-11-28,New
C01894,62,Other,Jaipur,Rajasthan,2022-11-06,VIP
C01895,21,Female,Vijayawada,Andhra Pradesh,2025-12-17,Regular
C01896,68,Other,Vijayawada,Andhra Pradesh,2022-08-05,VIP
C01897,20,Other,Vijayawada,Andhra Pradesh,2025-02-25,New
C01898,25,Male,Pune,Maharashtra,2025-07-14,Regular
C01899,63,Female,Pune,Maharashtra,2023-08-22,VIP
C01900,27,Other,Coimbatore,Tamil Nadu,2022-07-23,Regular
C01901,25,Male,Gurugram,Haryana,2022-10-10,Regular
C01902,33,Female,Bhubaneswar,Odisha,2022-01-14,Regular
C01903,28,Male,Delhi,Delhi,2024-10-31,Regular
C01904,41,Other,Lucknow,Uttar Pradesh,2024-04-29,VIP
C01905,66,Other,Ahmedabad,Gujarat,2022-11-07,Regular
C01906,69,Female,Ahmedabad,Gujarat,2022-10-10,Regular
C01907,51,Other,Bhubaneswar,Odisha,2024-07-28,Regular
C01908,27,Male,Hyderabad,Telangana,2024-06-25,VIP
C01909,39,Female,Chennai,Tamil Nadu,2022-06-23,Regular
C01910,21,Female,Pune,Maharashtra,2024-06-07,New
C01911,21,Other,Visakhapatnam,Andhra Pradesh,2025-03-22,VIP
C01912,43,Other,Delhi,Delhi,2024-05-08,VIP
C01913,40,Male,Delhi,Delhi,2023-10-05,Regular
C01914,43,Female,Visakhapatnam,Andhra Pradesh,2025-12-05,VIP
C01915,57,Other,Mumbai,Maharashtra,2025-01-19,VIP
C01916,40,Other,Kochi,Kerala,2025-11-29,Regular
C01917,23,Male,Mumbai,Maharashtra,2023-09-10,VIP
C01918,64,Other,Gurugram,Haryana,2024-03-09,VIP
C01919,52,Female,Visakhapatnam,Andhra Pradesh,2024-12-01,New
C01920,53,Female,Chennai,Tamil Nadu,2024-11-13,VIP
C01921,28,Male,Gurugram,Haryana,2025-07-25,New
C01922,67,Female,Jaipur,Rajasthan,2023-05-10,VIP
C01923,25,Other,Bhubaneswar,Odisha,2024-10-31,New
C01924,58,Other,Lucknow,Uttar Pradesh,2023-06-16,Regular
C01925,66,Other,Vijayawada,Andhra Pradesh,2022-04-08,New
C01926,54,Other,Kochi,Kerala,2023-09-03,New
C01927,33,Other,Kochi,Kerala,2023-11-26,VIP
C01928,37,Female,Ahmedabad,Gujarat,2023-12-19,VIP
C01929,51,Other,Visakhapatnam,Andhra Pradesh,2024-02-13,New
C01930,51,Other,Vijayawada,Andhra Pradesh,2023-11-03,New
C01931,24,Male,Lucknow,Uttar Pradesh,2024-07-19,VIP
C01932,23,Male,Bhubaneswar,Odisha,2024-04-23,New
C01933,48,Male,Bhubaneswar,Odisha,2022-09-24,Regular
C01934,61,Other,Chennai,Tamil Nadu,2024-01-27,Regular
C01935,55,Female,Kolkata,West Bengal,2023-06-25,VIP
C01936,62,Female,Bhubaneswar,Odisha,2024-06-20,VIP
C01937,27,Other,Bhubaneswar,Odisha,2022-11-30,New
C01938,47,Male,Coimbatore,Tamil Nadu,2025-12-27,VIP
C01939,31,Female,Vijayawada,Andhra Pradesh,2025-11-23,Regular
C01940,53,Female,Bengaluru,Karnataka,2022-11-18,New
C01941,25,Female,Bhubaneswar,Odisha,2022-08-14,VIP
C01942,51,Male,Delhi,Delhi,2022-03-24,New
C01943,41,Female,Lucknow,Uttar Pradesh,2023-09-17,Regular
C01944,68,Male,Coimbatore,Tamil Nadu,2022-02-27,New
C01945,37,Female,Bhubaneswar,Odisha,2022-04-10,New
C01946,18,Male,Pune,Maharashtra,2024-09-28,VIP
C01947,20,Female,Lucknow,Uttar Pradesh,2022-05-19,Regular
C01948,46,Female,Delhi,Delhi,2025-03-04,Regular
C01949,26,Male,Coimbatore,Tamil Nadu,2025-05-25,VIP
C01950,60,Female,Kochi,Kerala,2024-07-10,New
C01951,69,Other,Gurugram,Haryana,2022-07-02,VIP
C01952,32,Female,Bhubaneswar,Odisha,2024-03-04,Regular
C01953,46,Other,Bengaluru,Karnataka,2025-10-05,Regular
C01954,63,Male,Chennai,Tamil Nadu,2022-12-06,VIP
C01955,59,Male,Delhi,Delhi,2025-02-23,VIP
C01956,57,Other,Chennai,Tamil Nadu,2023-01-30,VIP
C01957,51,Male,Bengaluru,Karnataka,2025-03-13,Regular
C01958,60,Other,Hyderabad,Telangana,2022-09-04,New
C01959,68,Male,Hyderabad,Telangana,2023-07-18,New
C01960,69,Other,Kochi,Kerala,2022-06-23,VIP
C01961,55,Male,Gurugram,Haryana,2024-04-02,Regular
C01962,45,Male,Hyderabad,Telangana,2023-11-28,Regular
C01963,38,Female,Hyderabad,Telangana,2024-12-17,Regular
C01964,24,Other,Chennai,Tamil Nadu,2022-08-23,New
C01965,29,Female,Delhi,Delhi,2022-10-22,New
C01966,44,Other,Visakhapatnam,Andhra Pradesh,2023-09-21,New
C01967,38,Male,Bengaluru,Karnataka,2025-06-12,New
C01968,42,Male,Bengaluru,Karnataka,2023-09-03,Regular
C01969,38,Female,Visakhapatnam,Andhra Pradesh,2024-04-25,Regular
C01970,30,Male,Vijayawada,Andhra Pradesh,2022-04-17,VIP
C01971,50,Other,Ahmedabad,Gujarat,2024-10-06,Regular
C01972,21,Female,Vijayawada,Andhra Pradesh,2023-07-06,Regular
C01973,48,Male,Bhubaneswar,Odisha,2022-05-15,Regular
C01974,35,Other,Ahmedabad,Gujarat,2022-02-08,VIP
C01975,66,Other,Vijayawada,Andhra Pradesh,2023-05-20,VIP
C01976,54,Female,Visakhapatnam,Andhra Pradesh,2023-09-16,Regular
C01977,50,Male,Chennai,Tamil Nadu,2025-07-26,New
C01978,28,Male,Lucknow,Uttar Pradesh,2025-01-11,VIP
C01979,46,Male,Bhubaneswar,Odisha,2025-02-10,New
C01980,36,Other,Kochi,Kerala,2025-06-25,New
C01981,48,Female,Hyderabad,Telangana,2022-05-04,VIP
C01982,42,Female,Jaipur,Rajasthan,2025-10-24,VIP
C01983,50,Female,Mumbai,Maharashtra,2025-04-13,New
C01984,54,Male,Pune,Maharashtra,2024-12-29,Regular
C01985,62,Male,Chennai,Tamil Nadu,2024-03-20,New
C01986,31,Other,Jaipur,Rajasthan,2024-06-03,VIP
C01987,39,Other,Gurugram,Haryana,2025-10-28,Regular
C01988,33,Other,Kochi,Kerala,2023-07-14,Regular
C01989,47,Other,Gurugram,Haryana,2023-03-08,Regular
C01990,26,Other,Hyderabad,Telangana,2025-11-17,New
C01991,18,Other,Coimbatore,Tamil Nadu,2022-01-09,New
C01992,62,Other,Bhubaneswar,Odisha,2025-02-12,Regular
C01993,23,Other,Kolkata,West Bengal,2025-01-07,VIP
C01994,19,Other,Chennai,Tamil Nadu,2025-01-08,Regular
C01995,70,Female,Vijayawada,Andhra Pradesh,2023-12-24,VIP
C01996,29,Other,Lucknow,Uttar Pradesh,2024-03-03,New
C01997,41,Male,Vijayawada,Andhra Pradesh,2024-08-05,Regular
C01998,65,Male,Hyderabad,Telangana,2023-03-30,Regular
C01999,23,Other,Lucknow,Uttar Pradesh,2023-01-28,VIP
C02000,32,Female,Delhi,Delhi,2023-03-29,Regular
C02001,49,Other,Bengaluru,Karnataka,2023-07-29,VIP
C02002,30,Other,Mumbai,Maharashtra,2022-01-15,Regular
C02003,54,Other,Vijayawada,Andhra Pradesh,2023-07-23,Regular
C02004,30,Other,Pune,Maharashtra,2025-02-04,VIP
C02005,55,Male,Pune,Maharashtra,2022-05-14,VIP
C02006,34,Other,Chennai,Tamil Nadu,2022-09-18,New
C02007,61,Male,Jaipur,Rajasthan,2023-01-28,VIP
C02008,53,Female,Jaipur,Rajasthan,2025-10-26,New
C02009,61,Other,Bhubaneswar,Odisha,2025-08-05,New
C02010,44,Female,Gurugram,Haryana,2024-06-04,New
C02011,41,Other,Kochi,Kerala,2024-10-11,New
C02012,35,Female,Ahmedabad,Gujarat,2022-04-07,VIP
C02013,18,Female,Kochi,Kerala,2023-10-10,New
C02014,54,Male,Gurugram,Haryana,2022-06-17,VIP
C02015,45,Male,Ahmedabad,Gujarat,2025-11-13,New
C02016,39,Female,Mumbai,Maharashtra,2022-12-03,New
C02017,48,Female,Vijayawada,Andhra Pradesh,2022-02-27,New
C02018,33,Male,Gurugram,Haryana,2023-05-28,Regular
C02019,21,Female,Ahmedabad,Gujarat,2023-11-29,VIP
C02020,67,Other,Ahmedabad,Gujarat,2022-05-30,VIP
C02021,58,Female,Kochi,Kerala,2022-07-15,VIP
C02022,21,Male,Vijayawada,Andhra Pradesh,2022-06-25,Regular
C02023,22,Male,Gurugram,Haryana,2025-11-21,New
C02024,37,Other,Kochi,Kerala,2022-04-23,VIP
C02025,24,Other,Bhubaneswar,Odisha,2022-05-15,New
C02026,42,Female,Bengaluru,Karnataka,2023-08-27,New
C02027,56,Other,Bhubaneswar,Odisha,2023-04-23,VIP
C02028,42,Female,Hyderabad,Telangana,2024-07-17,Regular
C02029,59,Other,Vijayawada,Andhra Pradesh,2023-11-27,New
C02030,39,Other,Kochi,Kerala,2024-11-25,New
C02031,18,Other,Vijayawada,Andhra Pradesh,2022-07-30,VIP
C02032,68,Male,Chennai,Tamil Nadu,2025-04-29,VIP
C02033,50,Female,Visakhapatnam,Andhra Pradesh,2025-07-29,Regular
C02034,64,Other,Bhubaneswar,Odisha,2024-09-12,Regular
C02035,26,Male,Pune,Maharashtra,2023-05-13,New
C02036,55,Female,Visakhapatnam,Andhra Pradesh,2023-10-01,VIP
C02037,55,Other,Lucknow,Uttar Pradesh,2023-09-30,New
C02038,37,Other,Visakhapatnam,Andhra Pradesh,2024-08-19,Regular
C02039,18,Other,Delhi,Delhi,2024-01-26,VIP
C02040,33,Other,Visakhapatnam,Andhra Pradesh,2022-04-28,VIP
C02041,40,Male,Bengaluru,Karnataka,2024-05-14,New
C02042,39,Male,,Maharashtra,2022-05-21,VIP
C02043,62,Female,Coimbatore,Tamil Nadu,2025-11-23,VIP
C02044,54,Female,Gurugram,Haryana,2025-03-30,VIP
C02045,39,Male,Delhi,Delhi,2024-05-07,New
C02046,49,Male,Kochi,Kerala,2022-03-28,New
C02047,32,Female,Ahmedabad,Gujarat,2025-11-20,VIP
C02048,48,Other,Mumbai,Maharashtra,2023-05-05,Regular
C02049,43,Male,Kolkata,West Bengal,2023-02-25,New
C02050,22,Female,Lucknow,Uttar Pradesh,2022-01-21,New
C02051,36,Female,Vijayawada,Andhra Pradesh,2022-10-19,New
C02052,19,Male,Lucknow,Uttar Pradesh,2022-03-31,New
C02053,32,Female,Delhi,Delhi,2022-12-23,VIP
C02054,53,Male,Pune,Maharashtra,2023-11-27,New
C02055,29,Female,Mumbai,Maharashtra,2022-02-14,New
C02056,26,Female,Hyderabad,Telangana,2025-10-19,VIP
C02057,31,Female,Vijayawada,Andhra Pradesh,2023-11-25,Regular
C02058,69,Female,Ahmedabad,Gujarat,2024-01-28,VIP
C02059,69,Other,Pune,Maharashtra,2024-12-15,Regular
C02060,27,Male,Chennai,Tamil Nadu,2022-08-31,New
C02061,42,Other,Mumbai,Maharashtra,2024-12-26,Regular
C02062,45,Other,Gurugram,Haryana,2025-05-12,New
C02063,55,Male,Bengaluru,Karnataka,2025-06-15,VIP
C02064,38,Male,Delhi,Delhi,2022-11-01,New
C02065,50,Other,Jaipur,Rajasthan,2022-09-16,Regular
C02066,68,Female,Mumbai,Maharashtra,2022-06-16,VIP
C02067,50,Female,Chennai,Tamil Nadu,2022-12-09,VIP
C02068,51,Female,Lucknow,Uttar Pradesh,2024-10-18,New
C02069,41,Other,Gurugram,Haryana,2025-12-30,VIP
C02070,48,Female,Coimbatore,Tamil Nadu,2024-10-10,VIP
C02071,68,Other,Kolkata,West Bengal,2025-07-30,VIP
C02072,32,Male,Bengaluru,Karnataka,2023-03-01,Regular
C02073,31,Female,Ahmedabad,Gujarat,2024-03-21,Regular
C02074,28,Female,Kolkata,West Bengal,2025-03-16,Regular
C02075,66,Male,Chennai,Tamil Nadu,2022-10-03,Regular
C02076,40,Male,Kochi,Kerala,2024-11-28,VIP
C02077,50,Other,Bengaluru,Karnataka,2024-08-10,Regular
C02078,47,Female,Bhubaneswar,Odisha,2024-07-12,Regular
C02079,38,Female,Lucknow,Uttar Pradesh,2024-10-15,Regular
C02080,46,Male,Hyderabad,Telangana,2023-01-03,Regular
C02081,23,Female,Chennai,Tamil Nadu,2024-01-06,VIP
C02082,32,Male,Chennai,Tamil Nadu,2023-07-21,New
C02083,20,Other,Chennai,Tamil Nadu,2024-01-08,New
C02084,61,Female,Gurugram,Haryana,2023-02-07,Regular
C02085,35,Male,Delhi,Delhi,2025-10-31,VIP
C02086,34,Male,Visakhapatnam,Andhra Pradesh,2025-01-17,Regular
C02087,68,Female,Delhi,Delhi,2023-12-11,Regular
C02088,59,Other,,Telangana,2024-08-24,New
C02089,32,Other,Kolkata,West Bengal,2023-04-12,VIP
C02090,32,Other,Mumbai,Maharashtra,2024-08-29,VIP
C02091,39,Male,Kochi,Kerala,2024-08-02,Regular
C02092,67,Other,Mumbai,Maharashtra,2024-05-28,Regular
C02093,46,Other,Mumbai,Maharashtra,2024-06-17,New
C02094,54,Male,Lucknow,Uttar Pradesh,2022-10-12,Regular
C02095,69,Other,Hyderabad,Telangana,2024-10-20,Regular
C02096,44,Female,Gurugram,Haryana,2023-04-07,VIP
C02097,52,Female,Kolkata,West Bengal,2025-11-15,Regular
C02098,68,Male,Hyderabad,Telangana,2025-03-08,New
C02099,54,Other,Visakhapatnam,Andhra Pradesh,2023-11-08,VIP
C02100,31,Female,Kolkata,West Bengal,2024-02-20,New
C02101,48,Male,Kolkata,West Bengal,2023-01-21,Regular
C02102,37,Male,Kochi,Kerala,2025-08-01,New
C02103,53,Male,Vijayawada,Andhra Pradesh,2025-10-14,New
C02104,29,Male,Coimbatore,Tamil Nadu,2022-02-24,New
C02105,31,Male,Kolkata,West Bengal,2023-08-05,Regular
C02106,21,Female,,Tamil Nadu,2024-07-20,VIP
C02107,38,Female,Hyderabad,Telangana,2022-12-18,Regular
C02108,26,Other,Pune,Maharashtra,2022-08-15,Regular
C02109,42,Male,Coimbatore,Tamil Nadu,2022-05-21,New
C02110,45,Other,Mumbai,Maharashtra,2023-09-27,VIP
C02111,56,Other,Coimbatore,Tamil Nadu,2022-11-22,Regular
C02112,63,Other,Mumbai,Maharashtra,2024-10-26,Regular
C02113,18,Male,Jaipur,Rajasthan,2023-02-18,Regular
C02114,56,Male,Chennai,Tamil Nadu,2024-03-28,VIP
C02115,49,Female,Gurugram,Haryana,2025-03-11,Regular
C02116,36,Other,Bengaluru,Karnataka,2022-07-06,Regular
C02117,63,Female,Lucknow,Uttar Pradesh,2025-12-05,Regular
C02118,33,Male,Pune,Maharashtra,2024-04-30,VIP
C02119,42,Other,Bhubaneswar,Odisha,2024-07-26,New
C02120,62,Male,Vijayawada,Andhra Pradesh,2024-03-16,New
C02121,58,Other,Pune,Maharashtra,2023-07-15,Regular
C02122,64,Other,Chennai,Tamil Nadu,2025-11-30,New
C02123,66,Other,Coimbatore,Tamil Nadu,2024-04-22,New
C02124,66,Male,Lucknow,Uttar Pradesh,2022-06-06,VIP
C02125,46,Male,Gurugram,Haryana,2024-04-19,Regular
C02126,20,Female,Mumbai,Maharashtra,2024-11-02,New
C02127,62,Other,Chennai,Tamil Nadu,2025-08-01,VIP
C02128,39,Other,Kochi,Kerala,2024-02-20,Regular
C02129,20,Male,Mumbai,Maharashtra,2024-03-23,Regular
C02130,26,Female,Vijayawada,Andhra Pradesh,2025-12-23,VIP
C02131,47,Male,Kochi,Kerala,2024-09-19,New
C02132,26,Female,Ahmedabad,Gujarat,2024-06-15,Regular
C02133,19,Other,Pune,Maharashtra,2022-12-16,New
C02134,25,Other,Pune,Maharashtra,2023-08-26,VIP
C02135,22,Other,Kolkata,West Bengal,2022-12-11,New
C02136,46,Female,Jaipur,Rajasthan,2022-11-11,New
C02137,61,Other,Mumbai,Maharashtra,2022-03-12,New
C02138,21,Other,Kochi,Kerala,2025-11-27,VIP
C02139,62,Female,Vijayawada,Andhra Pradesh,2024-03-10,Regular
C02140,18,Male,Bengaluru,Karnataka,2025-05-10,Regular
C02141,41,Male,Mumbai,Maharashtra,2023-05-27,New
C02142,44,Male,Chennai,Tamil Nadu,2022-02-02,New
C02143,61,Other,Gurugram,Haryana,2023-01-29,New
C02144,69,Other,Ahmedabad,Gujarat,2022-07-17,New
C02145,44,Other,Pune,Maharashtra,2022-04-01,New
C02146,53,Other,Gurugram,Haryana,2023-10-23,New
C02147,43,Female,Mumbai,Maharashtra,2025-01-14,New
C02148,24,Female,Ahmedabad,Gujarat,2023-03-14,Regular
C02149,43,Other,Pune,Maharashtra,2022-01-31,Regular
C02150,31,Female,Hyderabad,Telangana,2024-03-08,New
C02151,70,Female,Chennai,Tamil Nadu,2025-09-09,VIP
C02152,22,Male,Lucknow,Uttar Pradesh,2022-03-31,Regular
C02153,49,Male,Delhi,Delhi,2025-05-11,VIP
C02154,24,Other,Pune,Maharashtra,2023-05-31,Regular
C02155,67,Other,Kolkata,West Bengal,2025-10-20,New
C02156,58,Other,Gurugram,Haryana,2022-12-26,Regular
C02157,39,Male,Coimbatore,Tamil Nadu,2022-05-19,VIP
C02158,50,Other,Kochi,Kerala,2024-02-23,VIP
C02159,55,Other,Ahmedabad,Gujarat,2024-10-28,New
C02160,57,Male,Ahmedabad,Gujarat,2022-02-13,Regular
C02161,66,Male,Ahmedabad,Gujarat,2024-05-27,VIP
C02162,26,Female,Chennai,Tamil Nadu,2022-05-03,Regular
C02163,27,Female,Delhi,Delhi,2023-02-18,New
C02164,64,Other,Bengaluru,Karnataka,2023-05-03,Regular
C02165,35,Female,Gurugram,Haryana,2022-10-02,VIP
C02166,68,Female,Bengaluru,Karnataka,2024-12-02,VIP
C02167,32,Other,Delhi,Delhi,2022-02-18,Regular
C02168,31,Other,Gurugram,Haryana,2023-05-12,New
C02169,62,Other,Ahmedabad,Gujarat,2025-11-08,New
C02170,38,Male,Kolkata,West Bengal,2024-12-03,Regular
C02171,49,Male,Hyderabad,Telangana,2022-05-13,New
C02172,27,Male,Bengaluru,Karnataka,2025-07-23,New
C02173,55,Other,Chennai,Tamil Nadu,2022-12-22,New
C02174,23,Female,Ahmedabad,Gujarat,2024-11-05,VIP
C02175,28,Other,Kochi,Kerala,2023-09-30,New
C02176,29,Other,,Gujarat,2024-05-18,New
C02177,54,Female,Delhi,Delhi,2023-08-08,VIP
C02178,68,Female,Mumbai,Maharashtra,2023-07-11,New
C02179,42,Male,Lucknow,Uttar Pradesh,2024-03-26,Regular
C02180,50,Other,Kochi,Kerala,2024-05-15,VIP
C02181,70,Female,Bhubaneswar,Odisha,2022-11-16,New
C02182,23,Female,,West Bengal,2024-05-25,VIP
C02183,64,Male,Visakhapatnam,Andhra Pradesh,2025-02-06,Regular
C02184,37,Female,Kolkata,West Bengal,2024-08-07,Regular
C02185,56,Female,Kolkata,West Bengal,2025-02-25,New
C02186,63,Female,Gurugram,Haryana,2022-10-07,New
C02187,18,Male,Visakhapatnam,Andhra Pradesh,2023-01-24,VIP
C02188,43,Female,Lucknow,Uttar Pradesh,2024-10-03,Regular
C02189,49,Female,Lucknow,Uttar Pradesh,2024-02-26,VIP
C02190,20,Male,Chennai,Tamil Nadu,2024-04-17,Regular
C02191,66,Female,Pune,Maharashtra,2023-02-02,Regular
C02192,63,Female,Lucknow,Uttar Pradesh,2024-11-09,VIP
C02193,21,Other,Lucknow,Uttar Pradesh,2025-11-27,Regular
C02194,33,Female,Bhubaneswar,Odisha,2023-05-21,New
C02195,63,Other,Lucknow,Uttar Pradesh,2025-07-16,New
C02196,56,Female,Visakhapatnam,Andhra Pradesh,2023-06-20,VIP
C02197,33,Other,Visakhapatnam,Andhra Pradesh,2023-06-05,VIP
C02198,25,Male,Pune,Maharashtra,2022-01-26,VIP
C02199,63,Other,Kolkata,West Bengal,2024-03-25,New
C02200,28,Female,Mumbai,Maharashtra,2024-05-16,Regular
C02201,52,Other,Delhi,Delhi,2024-10-22,Regular
C02202,66,Other,Delhi,Delhi,2024-04-22,New
C02203,54,Female,Vijayawada,Andhra Pradesh,2025-07-26,New
C02204,65,Female,Jaipur,Rajasthan,2023-03-06,VIP
C02205,28,Female,Delhi,Delhi,2022-01-14,New
C02206,67,Other,Vijayawada,Andhra Pradesh,2022-05-24,Regular
C02207,36,Other,Bhubaneswar,Odisha,2025-09-02,Regular
C02208,41,Male,Pune,Maharashtra,2022-12-28,VIP
C02209,49,Male,Visakhapatnam,Andhra Pradesh,2023-02-10,VIP
C02210,54,Male,Vijayawada,Andhra Pradesh,2024-07-11,New
C02211,65,Male,Mumbai,Maharashtra,2022-05-01,New
C02212,46,Other,Jaipur,Rajasthan,2024-04-17,VIP
C02213,28,Male,Vijayawada,Andhra Pradesh,2025-07-27,Regular
C02214,25,Female,Chennai,Tamil Nadu,2024-02-13,New
C02215,55,Male,Gurugram,Haryana,2022-03-02,Regular
C02216,66,Male,Coimbatore,Tamil Nadu,2025-10-09,New
C02217,66,Male,Bengaluru,Karnataka,2023-06-29,VIP
C02218,31,Other,Bengaluru,Karnataka,2022-07-18,New
C02219,51,Female,Kolkata,West Bengal,2025-05-19,Regular
C02220,56,Female,Coimbatore,Tamil Nadu,2023-11-22,Regular
C02221,39,Female,Lucknow,Uttar Pradesh,2025-10-28,New
C02222,43,Female,Lucknow,Uttar Pradesh,2025-09-24,VIP
C02223,39,Male,Bengaluru,Karnataka,2023-12-31,New
C02224,43,Other,Kochi,Kerala,2025-12-01,New
C02225,25,Other,Hyderabad,Telangana,2025-05-17,Regular
C02226,46,Other,Ahmedabad,Gujarat,2024-01-25,VIP
C02227,44,Other,Coimbatore,Tamil Nadu,2024-11-20,New
C02228,70,Female,Hyderabad,Telangana,2025-07-30,New
C02229,69,Other,Lucknow,Uttar Pradesh,2022-04-04,Regular
C02230,56,Female,Kochi,Kerala,2023-04-24,Regular
C02231,45,Female,Chennai,Tamil Nadu,2023-12-15,VIP
C02232,36,Other,Vijayawada,Andhra Pradesh,2024-02-28,New
C02233,54,Other,Visakhapatnam,Andhra Pradesh,2024-12-01,VIP
C02234,49,Male,Bengaluru,Karnataka,2022-09-19,Regular
C02235,46,Male,Kochi,Kerala,2022-12-11,Regular
C02236,31,Male,Ahmedabad,Gujarat,2023-05-14,VIP
C02237,45,Other,Chennai,Tamil Nadu,2022-08-05,New
C02238,42,Female,Pune,Maharashtra,2023-10-31,New
C02239,48,Other,Jaipur,Rajasthan,2025-09-25,New
C02240,58,Other,Visakhapatnam,Andhra Pradesh,2024-12-30,Regular
C02241,39,Male,Chennai,Tamil Nadu,2025-11-17,VIP
C02242,39,Female,Chennai,Tamil Nadu,2025-08-11,VIP
C02243,59,Other,Kolkata,West Bengal,2025-09-01,Regular
C02244,34,Male,Ahmedabad,Gujarat,2023-04-03,Regular
C02245,23,Female,Chennai,Tamil Nadu,2022-08-17,VIP
C02246,54,Female,Mumbai,Maharashtra,2022-08-26,New
C02247,54,Other,Gurugram,Haryana,2024-02-18,New
C02248,55,Other,Delhi,Delhi,2022-05-07,New
C02249,38,Female,Kolkata,West Bengal,2024-05-17,VIP
C02250,60,Other,Visakhapatnam,Andhra Pradesh,2024-11-30,VIP
C02251,43,Male,Ahmedabad,Gujarat,2022-08-07,VIP
C02252,27,Female,Kochi,Kerala,2023-10-10,New
C02253,47,Male,Coimbatore,Tamil Nadu,2025-10-24,VIP
C02254,65,Other,Delhi,Delhi,2022-10-26,VIP
C02255,38,Female,Bengaluru,Karnataka,2025-05-11,VIP
C02256,63,Other,Vijayawada,Andhra Pradesh,2023-07-15,Regular
C02257,36,Other,Mumbai,Maharashtra,2024-10-10,Regular
C02258,27,Other,Bengaluru,Karnataka,2023-11-14,New
C02259,65,Male,Ahmedabad,Gujarat,2025-12-05,New
C02260,37,Other,Coimbatore,Tamil Nadu,2024-03-13,New
C02261,43,Female,Hyderabad,Telangana,2025-01-27,Regular
C02262,66,Female,Coimbatore,Tamil Nadu,2023-12-15,Regular
C02263,64,Female,Chennai,Tamil Nadu,2024-12-17,Regular
C02264,53,Female,Mumbai,Maharashtra,2025-12-06,New
C02265,66,Other,Visakhapatnam,Andhra Pradesh,2023-10-25,New
C02266,59,Male,Delhi,Delhi,2024-07-26,VIP
C02267,62,Female,Visakhapatnam,Andhra Pradesh,2024-06-23,Regular
C02268,31,Other,Visakhapatnam,Andhra Pradesh,2023-03-06,New
C02269,64,Other,Hyderabad,Telangana,2024-01-12,New
C02270,45,Other,Visakhapatnam,Andhra Pradesh,2024-02-11,New
C02271,40,Female,Bengaluru,Karnataka,2022-07-16,New
C02272,50,Other,Bengaluru,Karnataka,2022-08-29,Regular
C02273,58,Other,Bhubaneswar,Odisha,2022-11-01,Regular
C02274,25,Male,Ahmedabad,Gujarat,2022-03-11,Regular
C02275,62,Other,Coimbatore,Tamil Nadu,2023-09-12,New
C02276,68,Other,Kolkata,West Bengal,2025-11-17,VIP
C02277,70,Other,Chennai,Tamil Nadu,2024-08-07,Regular
C02278,59,Female,Jaipur,Rajasthan,2025-07-19,Regular
C02279,25,Male,Hyderabad,Telangana,2022-09-03,New
C02280,60,Other,Coimbatore,Tamil Nadu,2025-08-06,New
C02281,54,Other,Hyderabad,Telangana,2025-04-16,Regular
C02282,65,Male,Jaipur,Rajasthan,2025-11-21,VIP
C02283,48,Other,Pune,Maharashtra,2024-02-26,VIP
C02284,54,Male,Bhubaneswar,Odisha,2023-09-04,New
C02285,63,Other,Gurugram,Haryana,2022-05-11,New
C02286,19,Female,Kolkata,West Bengal,2025-12-06,VIP
C02287,51,Other,Coimbatore,Tamil Nadu,2022-05-11,VIP
C02288,60,Male,Vijayawada,Andhra Pradesh,2023-03-01,New
C02289,53,Female,Pune,Maharashtra,2022-01-11,Regular
C02290,26,Other,Vijayawada,Andhra Pradesh,2022-03-22,New
C02291,53,Female,Pune,Maharashtra,2022-06-29,New
C02292,50,Female,Chennai,Tamil Nadu,2022-09-13,Regular
C02293,60,Male,Pune,Maharashtra,2024-05-16,New
C02294,51,Female,Delhi,Delhi,2022-04-05,VIP
C02295,54,Female,Kochi,Kerala,2022-10-14,VIP
C02296,40,Other,Gurugram,Haryana,2024-12-06,VIP
C02297,24,Other,Mumbai,Maharashtra,2025-11-09,New
C02298,30,Male,Ahmedabad,Gujarat,2022-03-17,Regular
C02299,56,Other,Mumbai,Maharashtra,2022-10-02,New
C02300,26,Other,Lucknow,Uttar Pradesh,2023-07-23,VIP
C02301,53,Female,Bhubaneswar,Odisha,2022-06-02,Regular
C02302,28,Female,Kolkata,West Bengal,2025-08-23,Regular
C02303,61,Female,Chennai,Tamil Nadu,2023-06-05,VIP
C02304,31,Male,Visakhapatnam,Andhra Pradesh,2025-01-02,VIP
C02305,62,Other,Jaipur,Rajasthan,2025-07-20,New
C02306,60,Other,Lucknow,Uttar Pradesh,2025-02-28,VIP
C02307,70,Male,Pune,Maharashtra,2024-05-09,Regular
C02308,19,Other,Bhubaneswar,Odisha,2024-02-16,New
C02309,25,Other,Chennai,Tamil Nadu,2023-07-08,New
C02310,39,Other,Bhubaneswar,Odisha,2022-05-16,New
C02311,67,Female,Lucknow,Uttar Pradesh,2023-11-15,New
C02312,18,Male,Ahmedabad,Gujarat,2023-07-15,Regular
C02313,24,Male,Ahmedabad,Gujarat,2024-02-15,New
C02314,70,Female,Delhi,Delhi,2025-04-20,New
C02315,54,Female,Lucknow,Uttar Pradesh,2025-12-05,VIP
C02316,24,Male,Jaipur,Rajasthan,2025-05-29,New
C02317,29,Female,Gurugram,Haryana,2024-03-08,VIP
C02318,55,Male,Kolkata,West Bengal,2024-09-03,Regular
C02319,50,Other,Hyderabad,Telangana,2025-11-07,New
C02320,42,Other,Visakhapatnam,Andhra Pradesh,2022-10-20,VIP
C02321,64,Other,Jaipur,Rajasthan,2022-04-19,Regular
C02322,56,Female,Ahmedabad,Gujarat,2025-10-20,VIP
C02323,46,Female,Kochi,Kerala,2023-01-10,Regular
C02324,45,Other,Delhi,Delhi,2023-07-19,VIP
C02325,58,Male,Ahmedabad,Gujarat,2023-09-18,Regular
C02326,23,Other,Bhubaneswar,Odisha,2023-10-03,New
C02327,23,Male,Chennai,Tamil Nadu,2023-05-07,VIP
C02328,65,Female,Bengaluru,Karnataka,2022-06-23,VIP
C02329,45,Other,Coimbatore,Tamil Nadu,2022-01-22,VIP
C02330,49,Other,Visakhapatnam,Andhra Pradesh,2024-09-09,VIP
C02331,18,Other,Vijayawada,Andhra Pradesh,2024-04-10,New
C02332,62,Other,Hyderabad,Telangana,2024-05-20,VIP
C02333,65,Other,Lucknow,Uttar Pradesh,2023-05-16,VIP
C02334,46,Male,Bengaluru,Karnataka,2025-05-28,VIP
C02335,22,Female,Ahmedabad,Gujarat,2022-12-25,New
C02336,45,Female,Lucknow,Uttar Pradesh,2022-04-15,Regular
C02337,25,Female,Pune,Maharashtra,2024-02-04,VIP
C02338,67,Male,Ahmedabad,Gujarat,2025-01-09,Regular
C02339,36,Female,Delhi,Delhi,2024-09-16,New
C02340,54,Female,Hyderabad,Telangana,2025-07-16,New
C02341,50,Male,Delhi,Delhi,2025-08-09,Regular
C02342,40,Male,Coimbatore,Tamil Nadu,2022-04-28,VIP
C02343,37,Female,Kochi,Kerala,2023-11-04,New
C02344,64,Male,Hyderabad,Telangana,2023-12-18,Regular
C02345,24,Female,Lucknow,Uttar Pradesh,2022-01-19,Regular
C02346,51,Other,Mumbai,Maharashtra,2022-06-23,New
C02347,49,Male,Bhubaneswar,Odisha,2022-09-11,New
C02348,48,Female,Jaipur,Rajasthan,2023-04-09,Regular
C02349,45,Male,Delhi,Delhi,2024-01-17,VIP
C02350,46,Other,Jaipur,Rajasthan,2022-08-11,Regular
C02351,40,Other,Pune,Maharashtra,2022-10-14,Regular
C02352,63,Male,Hyderabad,Telangana,2024-01-06,New
C02353,20,Male,Mumbai,Maharashtra,2023-08-07,Regular
C02354,20,Male,Bhubaneswar,Odisha,2023-11-10,VIP
C02355,60,Female,Mumbai,Maharashtra,2024-09-08,New
C02356,53,Female,Bhubaneswar,Odisha,2024-09-28,VIP
C02357,66,Female,Visakhapatnam,Andhra Pradesh,2023-10-28,VIP
C02358,25,Male,Kolkata,West Bengal,2022-09-27,New
C02359,40,Other,Visakhapatnam,Andhra Pradesh,2022-11-15,New
C02360,61,Female,Ahmedabad,Gujarat,2022-04-17,Regular
C02361,48,Female,Hyderabad,Telangana,2024-06-08,Regular
C02362,66,Female,Coimbatore,Tamil Nadu,2022-06-19,New
C02363,29,Male,Visakhapatnam,Andhra Pradesh,2024-11-13,Regular
C02364,62,Male,Vijayawada,Andhra Pradesh,2023-06-24,VIP
C02365,48,Other,Bhubaneswar,Odisha,2023-02-11,New
C02366,55,Other,Pune,Maharashtra,2023-01-22,VIP
C02367,25,Male,Visakhapatnam,Andhra Pradesh,2023-04-15,Regular
C02368,30,Male,Bengaluru,Karnataka,2023-07-15,Regular
C02369,30,Male,Hyderabad,Telangana,2025-06-16,New
C02370,51,Female,Kolkata,West Bengal,2024-04-14,VIP
C02371,39,Female,Ahmedabad,Gujarat,2023-03-31,Regular
C02372,45,Other,Bengaluru,Karnataka,2024-11-10,New
C02373,35,Female,Delhi,Delhi,2022-08-14,Regular
C02374,44,Male,Lucknow,Uttar Pradesh,2025-12-28,Regular
C02375,20,Male,Bengaluru,Karnataka,2023-01-08,New
C02376,36,Female,Gurugram,Haryana,2023-03-11,Regular
C02377,29,Female,Vijayawada,Andhra Pradesh,2024-06-01,Regular
C02378,37,Male,Lucknow,Uttar Pradesh,2023-11-16,New
C02379,53,Male,Hyderabad,Telangana,2025-10-30,Regular
C02380,65,Other,Lucknow,Uttar Pradesh,2024-01-11,VIP
C02381,59,Female,Lucknow,Uttar Pradesh,2023-05-03,New
C02382,24,Male,Kolkata,West Bengal,2022-06-28,VIP
C02383,55,Other,Vijayawada,Andhra Pradesh,2022-03-26,New
C02384,46,Male,Mumbai,Maharashtra,2025-12-14,New
C02385,64,Female,Gurugram,Haryana,2023-09-10,New
C02386,26,Male,Visakhapatnam,Andhra Pradesh,2022-03-31,Regular
C02387,40,Female,Jaipur,Rajasthan,2025-02-21,Regular
C02388,22,Female,Vijayawada,Andhra Pradesh,2024-06-12,Regular
C02389,56,Female,Hyderabad,Telangana,2022-12-08,VIP
C02390,20,Other,Visakhapatnam,Andhra Pradesh,2023-08-17,New
C02391,49,Other,Mumbai,Maharashtra,2024-03-25,VIP
C02392,46,Other,Chennai,Tamil Nadu,2022-12-05,Regular
C02393,56,Female,Kolkata,West Bengal,2024-03-31,New
C02394,28,Other,Pune,Maharashtra,2022-01-08,New
C02395,47,Other,Hyderabad,Telangana,2024-11-16,VIP
C02396,32,Female,Jaipur,Rajasthan,2023-09-14,VIP
C02397,25,Male,Jaipur,Rajasthan,2025-02-04,New
C02398,33,Female,Bengaluru,Karnataka,2024-12-28,New
C02399,26,Female,Visakhapatnam,Andhra Pradesh,2023-07-23,New
C02400,52,Male,Ahmedabad,Gujarat,2023-03-07,New
C02401,56,Female,Lucknow,Uttar Pradesh,2025-07-19,Regular
C02402,53,Female,Chennai,Tamil Nadu,2025-12-15,VIP
C02403,57,Female,Visakhapatnam,Andhra Pradesh,2024-04-16,Regular
C02404,70,Male,Bengaluru,Karnataka,2025-07-05,Regular
C02405,29,Female,Ahmedabad,Gujarat,2023-07-27,New
C02406,42,Other,Vijayawada,Andhra Pradesh,2025-11-10,Regular
C02407,32,Female,Mumbai,Maharashtra,2024-06-24,Regular
C02408,58,Female,Mumbai,Maharashtra,2025-04-06,New
C02409,64,Other,Kochi,Kerala,2023-04-20,Regular
C02410,48,Male,Lucknow,Uttar Pradesh,2022-10-31,Regular
C02411,29,Male,Pune,Maharashtra,2024-07-29,New
C02412,59,Female,Coimbatore,Tamil Nadu,2023-01-05,New
C02413,29,Female,Delhi,Delhi,2022-11-30,VIP
C02414,27,Male,Mumbai,Maharashtra,2022-05-23,Regular
C02415,59,Female,Ahmedabad,Gujarat,2024-07-20,New
C02416,56,Male,Visakhapatnam,Andhra Pradesh,2022-01-25,Regular
C02417,25,Male,Kolkata,West Bengal,2022-02-12,VIP
C02418,33,Male,Bengaluru,Karnataka,2022-09-28,Regular
C02419,56,Male,Visakhapatnam,Andhra Pradesh,2025-07-08,New
C02420,65,Female,,Andhra Pradesh,2025-01-15,VIP
C02421,26,Female,Chennai,Tamil Nadu,2023-02-19,VIP
C02422,37,Female,Kochi,Kerala,2022-12-01,Regular
C02423,21,Other,Visakhapatnam,Andhra Pradesh,2023-05-15,VIP
C02424,52,Male,Jaipur,Rajasthan,2025-07-09,New
C02425,52,Female,Bengaluru,Karnataka,2022-07-30,New
C02426,18,Male,Bhubaneswar,Odisha,2022-10-18,New
C02427,42,Male,,Gujarat,2024-05-24,Regular
C02428,61,Female,Delhi,Delhi,2023-04-08,VIP
C02429,28,Male,Vijayawada,Andhra Pradesh,2024-10-04,New
C02430,40,Male,Vijayawada,Andhra Pradesh,2023-08-01,VIP
C02431,41,Male,Gurugram,Haryana,2022-08-31,New
C02432,45,Other,Visakhapatnam,Andhra Pradesh,2022-12-31,Regular
C02433,45,Male,Pune,Maharashtra,2025-10-23,VIP
C02434,70,Female,Delhi,Delhi,2025-07-03,Regular
C02435,49,Other,Vijayawada,Andhra Pradesh,2023-07-10,Regular
C02436,69,Male,Jaipur,Rajasthan,2025-12-27,New
C02437,27,Female,Visakhapatnam,Andhra Pradesh,2025-09-05,New
C02438,64,Female,Kolkata,West Bengal,2024-07-03,New
C02439,45,Other,Vijayawada,Andhra Pradesh,2025-03-29,Regular
C02440,38,Male,Visakhapatnam,Andhra Pradesh,2022-07-05,New
C02441,38,Female,Kolkata,West Bengal,2023-12-24,Regular
C02442,44,Other,Coimbatore,Tamil Nadu,2025-11-21,VIP
C02443,69,Other,Gurugram,Haryana,2022-10-11,New
C02444,53,Female,Kolkata,West Bengal,2024-05-07,VIP
C02445,52,Male,Coimbatore,Tamil Nadu,2024-12-26,Regular
C02446,63,Female,Chennai,Tamil Nadu,2025-04-04,VIP
C02447,23,Male,Ahmedabad,Gujarat,2025-12-10,Regular
C02448,19,Female,Hyderabad,Telangana,2023-02-21,VIP
C02449,25,Male,Coimbatore,Tamil Nadu,2022-10-01,Regular
C02450,36,Female,Lucknow,Uttar Pradesh,2022-10-13,New
C02451,31,Male,Bhubaneswar,Odisha,2023-05-12,New
C02452,62,Other,Visakhapatnam,Andhra Pradesh,2022-08-29,New
C02453,62,Female,Kolkata,West Bengal,2022-02-23,Regular
C02454,24,Other,Bengaluru,Karnataka,2025-12-07,VIP
C02455,56,Male,,Tamil Nadu,2024-09-03,New
C02456,27,Male,Visakhapatnam,Andhra Pradesh,2024-01-19,New
C02457,54,Female,Chennai,Tamil Nadu,2022-01-26,New
C02458,65,Male,Pune,Maharashtra,2024-08-20,VIP
C02459,44,Other,Delhi,Delhi,2024-08-20,Regular
C02460,62,Male,Kochi,Kerala,2025-08-13,Regular
C02461,21,Other,Vijayawada,Andhra Pradesh,2022-11-16,New
C02462,28,Male,Pune,Maharashtra,2024-10-27,Regular
C02463,47,Other,Bhubaneswar,Odisha,2025-10-24,VIP
C02464,50,Female,Jaipur,Rajasthan,2025-03-17,VIP
C02465,28,Female,Ahmedabad,Gujarat,2024-05-17,New
C02466,65,Male,Kolkata,West Bengal,2022-09-14,Regular
C02467,43,Male,Bengaluru,Karnataka,2023-03-25,VIP
C02468,47,Female,Chennai,Tamil Nadu,2025-11-19,Regular
C02469,28,Male,Kolkata,West Bengal,2024-02-19,Regular
C02470,35,Male,Bhubaneswar,Odisha,2023-02-03,New
C02471,56,Female,Chennai,Tamil Nadu,2024-01-13,New
C02472,28,Other,Ahmedabad,Gujarat,2023-08-01,New
C02473,56,Male,Chennai,Tamil Nadu,2023-03-10,Regular
C02474,30,Other,Mumbai,Maharashtra,2025-02-03,New
C02475,23,Other,Ahmedabad,Gujarat,2023-07-06,VIP
C02476,68,Female,,Karnataka,2025-02-28,New
C02477,23,Female,Bengaluru,Karnataka,2023-10-07,New
C02478,43,Other,Lucknow,Uttar Pradesh,2023-08-02,New
C02479,64,Female,Gurugram,Haryana,2024-03-11,New
C02480,44,Other,Vijayawada,Andhra Pradesh,2023-11-10,VIP
C02481,69,Male,Vijayawada,Andhra Pradesh,2024-10-25,New
C02482,55,Male,Kolkata,West Bengal,2024-09-03,Regular
C02483,61,Female,Pune,Maharashtra,2022-11-07,New
C02484,31,Other,Chennai,Tamil Nadu,2023-04-20,VIP
C02485,50,Other,Visakhapatnam,Andhra Pradesh,2022-11-26,VIP
C02486,68,Male,Gurugram,Haryana,2024-07-05,Regular
C02487,57,Female,Delhi,Delhi,2024-01-08,New
C02488,31,Other,Kolkata,West Bengal,2023-05-05,VIP
C02489,54,Other,Chennai,Tamil Nadu,2022-11-09,Regular
C02490,27,Female,Vijayawada,Andhra Pradesh,2022-01-31,VIP
C02491,24,Female,Chennai,Tamil Nadu,2024-10-18,Regular
C02492,28,Male,Pune,Maharashtra,2023-08-29,Regular
C02493,23,Male,Lucknow,Uttar Pradesh,2023-12-25,New
C02494,48,Female,Kochi,Kerala,2023-06-13,Regular
C02495,54,Female,Visakhapatnam,Andhra Pradesh,2022-09-11,New
C02496,43,Female,Lucknow,Uttar Pradesh,2023-08-11,VIP
C02497,41,Other,,Andhra Pradesh,2024-06-21,VIP
C02498,23,Other,Gurugram,Haryana,2024-02-05,Regular
C02499,61,Male,Kochi,Kerala,2023-06-23,VIP
C02500,62,Other,Bengaluru,Karnataka,2023-05-17,New
C02501,36,Female,Visakhapatnam,Andhra Pradesh,2022-08-04,New
C02502,32,Female,Kolkata,West Bengal,2022-05-30,Regular
C02503,47,Female,Chennai,Tamil Nadu,2023-12-16,VIP
C02504,23,Male,Kochi,Kerala,2022-08-12,VIP
C02505,67,Female,Vijayawada,Andhra Pradesh,2024-03-23,New
C02506,22,Female,Kolkata,West Bengal,2023-11-05,Regular
C02507,62,Other,Coimbatore,Tamil Nadu,2023-03-12,Regular
C02508,47,Male,Vijayawada,Andhra Pradesh,2023-07-25,VIP
C02509,27,Other,Visakhapatnam,Andhra Pradesh,2024-08-20,New
C02510,20,Other,Gurugram,Haryana,2025-03-09,Regular
C02511,68,Female,Bengaluru,Karnataka,2024-01-11,Regular
C02512,31,Male,Mumbai,Maharashtra,2022-04-21,VIP
C02513,34,Other,Bhubaneswar,Odisha,2023-07-07,New
C02514,22,Female,Chennai,Tamil Nadu,2022-10-18,Regular
C02515,63,Female,Chennai,Tamil Nadu,2023-09-03,Regular
C02516,34,Male,Mumbai,Maharashtra,2025-10-03,New
C02517,39,Female,Chennai,Tamil Nadu,2024-05-27,New
C02518,44,Female,Mumbai,Maharashtra,2023-12-17,Regular
C02519,45,Female,Pune,Maharashtra,2025-11-27,VIP
C02520,53,Other,Kolkata,West Bengal,2022-01-21,New
C02521,55,Other,Chennai,Tamil Nadu,2025-09-29,New
C02522,70,Other,Gurugram,Haryana,2025-09-22,VIP
C02523,27,Female,Gurugram,Haryana,2022-01-30,New
C02524,25,Other,Coimbatore,Tamil Nadu,2023-10-11,Regular
C02525,64,Male,Jaipur,Rajasthan,2024-12-02,Regular
C02526,46,Other,Visakhapatnam,Andhra Pradesh,2025-07-23,VIP
C02527,31,Other,Vijayawada,Andhra Pradesh,2022-03-16,New
C02528,52,Male,Bhubaneswar,Odisha,2025-11-27,VIP
C02529,40,Male,Kolkata,West Bengal,2023-03-19,New
C02530,70,Female,Hyderabad,Telangana,2024-01-29,New
C02531,50,Male,Delhi,Delhi,2023-09-21,VIP
C02532,47,Female,Coimbatore,Tamil Nadu,2025-08-21,Regular
C02533,52,Female,Lucknow,Uttar Pradesh,2023-12-23,VIP
C02534,29,Female,Gurugram,Haryana,2022-08-21,Regular
C02535,53,Other,Lucknow,Uttar Pradesh,2022-12-29,New
C02536,36,Other,Bhubaneswar,Odisha,2024-02-21,VIP
C02537,36,Other,Bhubaneswar,Odisha,2025-07-22,VIP
C02538,69,Male,,Andhra Pradesh,2022-06-29,New
C02539,44,Male,Hyderabad,Telangana,2025-06-16,Regular
C02540,46,Other,Vijayawada,Andhra Pradesh,2025-07-21,VIP
C02541,36,Female,Bengaluru,Karnataka,2025-09-29,New
C02542,53,Female,Ahmedabad,Gujarat,2024-07-20,New
C02543,25,Female,Mumbai,Maharashtra,2024-08-19,Regular
C02544,63,Other,Bhubaneswar,Odisha,2025-08-13,Regular
C02545,68,Male,Hyderabad,Telangana,2024-02-07,VIP
C02546,60,Female,Delhi,Delhi,2023-07-03,Regular
C02547,33,Male,Bhubaneswar,Odisha,2025-10-10,Regular
C02548,19,Male,Bengaluru,Karnataka,2022-02-01,Regular
C02549,28,Other,Gurugram,Haryana,2023-11-18,Regular
C02550,43,Male,Ahmedabad,Gujarat,2025-02-12,VIP
C02551,69,Other,Kolkata,West Bengal,2022-04-16,Regular
C02552,42,Other,Visakhapatnam,Andhra Pradesh,2025-07-27,New
C02553,51,Male,Kolkata,West Bengal,2023-10-14,Regular
C02554,63,Male,Ahmedabad,Gujarat,2022-07-23,VIP
C02555,54,Female,Vijayawada,Andhra Pradesh,2025-07-17,VIP
C02556,28,Female,Jaipur,Rajasthan,2025-02-06,New
C02557,19,Female,Chennai,Tamil Nadu,2022-07-11,New
C02558,57,Other,Visakhapatnam,Andhra Pradesh,2022-02-26,VIP
C02559,42,Male,Chennai,Tamil Nadu,2025-03-17,VIP
C02560,58,Other,Visakhapatnam,Andhra Pradesh,2024-07-18,Regular
C02561,59,Male,Pune,Maharashtra,2023-05-06,Regular
C02562,33,Other,Mumbai,Maharashtra,2025-01-01,Regular
C02563,21,Female,Jaipur,Rajasthan,2025-09-12,New
C02564,19,Other,Visakhapatnam,Andhra Pradesh,2025-07-08,VIP
C02565,47,Other,Vijayawada,Andhra Pradesh,2022-08-16,New
C02566,36,Female,Vijayawada,Andhra Pradesh,2022-10-18,New
C02567,49,Female,Chennai,Tamil Nadu,2022-06-08,New
C02568,49,Male,Kolkata,West Bengal,2022-07-26,Regular
C02569,58,Male,Chennai,Tamil Nadu,2024-09-23,New
C02570,38,Other,Bhubaneswar,Odisha,2024-02-08,Regular
C02571,37,Male,Pune,Maharashtra,2023-01-04,New
C02572,39,Female,Bengaluru,Karnataka,2022-08-29,Regular
C02573,51,Other,Hyderabad,Telangana,2022-11-21,Regular
C02574,56,Male,Vijayawada,Andhra Pradesh,2023-01-30,VIP
C02575,50,Male,Hyderabad,Telangana,2024-11-26,New
C02576,31,Male,Lucknow,Uttar Pradesh,2022-08-24,Regular
C02577,23,Other,Visakhapatnam,Andhra Pradesh,2023-03-27,VIP
C02578,35,Female,Visakhapatnam,Andhra Pradesh,2023-07-03,New
C02579,63,Other,Chennai,Tamil Nadu,2023-12-15,VIP
C02580,65,Female,Delhi,Delhi,2024-08-14,Regular
C02581,34,Male,Kolkata,West Bengal,2023-01-31,New
C02582,24,Other,Jaipur,Rajasthan,2024-03-15,VIP
C02583,68,Male,Delhi,Delhi,2022-12-06,VIP
C02584,46,Female,Coimbatore,Tamil Nadu,2024-06-06,VIP
C02585,57,Male,Jaipur,Rajasthan,2023-10-15,VIP
C02586,30,Other,Kolkata,West Bengal,2024-05-29,Regular
C02587,70,Male,Lucknow,Uttar Pradesh,2025-07-19,Regular
C02588,50,Female,Pune,Maharashtra,2022-03-11,VIP
C02589,56,Other,Bhubaneswar,Odisha,2023-08-25,VIP
C02590,19,Male,Lucknow,Uttar Pradesh,2024-03-26,New
C02591,68,Male,Gurugram,Haryana,2024-05-29,Regular
C02592,31,Other,Ahmedabad,Gujarat,2022-05-29,Regular
C02593,67,Female,Lucknow,Uttar Pradesh,2022-10-25,New
C02594,62,Male,Hyderabad,Telangana,2023-10-15,VIP
C02595,47,Other,Gurugram,Haryana,2023-03-14,Regular
C02596,22,Female,Ahmedabad,Gujarat,2025-02-24,Regular
C02597,31,Male,Mumbai,Maharashtra,2024-12-15,VIP
C02598,69,Other,Jaipur,Rajasthan,2025-05-29,New
C02599,66,Female,Bhubaneswar,Odisha,2025-10-29,Regular
C02600,30,Male,Gurugram,Haryana,2023-02-10,Regular
C02601,35,Female,Coimbatore,Tamil Nadu,2022-04-06,New
C02602,28,Other,Vijayawada,Andhra Pradesh,2024-07-16,Regular
C02603,54,Male,Kolkata,West Bengal,2023-04-30,Regular
C02604,68,Other,Hyderabad,Telangana,2025-08-11,New
C02605,26,Female,Kochi,Kerala,2023-08-06,New
C02606,59,Male,Bengaluru,Karnataka,2023-11-22,New
C02607,69,Female,,Tamil Nadu,2022-07-14,VIP
C02608,38,Female,Delhi,Delhi,2023-07-17,Regular
C02609,67,Female,Chennai,Tamil Nadu,2025-02-13,Regular
C02610,37,Other,Bengaluru,Karnataka,2024-03-16,Regular
C02611,25,Female,Coimbatore,Tamil Nadu,2025-08-05,VIP
C02612,32,Male,Vijayawada,Andhra Pradesh,2022-03-01,New
C02613,38,Other,Visakhapatnam,Andhra Pradesh,2022-08-04,VIP
C02614,28,Male,Bhubaneswar,Odisha,2023-04-09,New
C02615,18,Other,Lucknow,Uttar Pradesh,2025-01-05,New
C02616,25,Male,Jaipur,Rajasthan,2022-03-30,Regular
C02617,39,Other,Chennai,Tamil Nadu,2023-06-25,VIP
C02618,62,Male,Kolkata,West Bengal,2023-07-07,New
C02619,26,Female,Kochi,Kerala,2022-09-03,New
C02620,46,Other,Bhubaneswar,Odisha,2025-07-28,New
C02621,48,Other,Ahmedabad,Gujarat,2025-03-29,Regular
C02622,67,Other,Jaipur,Rajasthan,2023-10-22,Regular
C02623,34,Female,Ahmedabad,Gujarat,2022-07-08,VIP
C02624,53,Male,Chennai,Tamil Nadu,2023-12-24,VIP
C02625,22,Male,Mumbai,Maharashtra,2025-11-24,Regular
C02626,18,Other,Bengaluru,Karnataka,2023-03-12,New
C02627,30,Female,Kochi,Kerala,2024-02-28,New
C02628,70,Other,Gurugram,Haryana,2023-03-04,VIP
C02629,63,Female,Gurugram,Haryana,2023-10-01,VIP
C02630,24,Male,Visakhapatnam,Andhra Pradesh,2024-10-30,New
C02631,46,Other,Lucknow,Uttar Pradesh,2024-02-29,VIP
C02632,30,Male,Mumbai,Maharashtra,2024-03-30,Regular
C02633,61,Female,Bhubaneswar,Odisha,2022-12-03,VIP
C02634,47,Male,Vijayawada,Andhra Pradesh,2022-10-29,VIP
C02635,19,Female,Vijayawada,Andhra Pradesh,2023-05-08,New
C02636,48,Other,Jaipur,Rajasthan,2022-02-28,VIP
C02637,34,Male,Kochi,Kerala,2023-12-22,VIP
C02638,45,Male,Chennai,Tamil Nadu,2023-12-27,New
C02639,45,Other,Kolkata,West Bengal,2024-10-25,Regular
C02640,35,Female,Bengaluru,Karnataka,2024-06-22,New
C02641,42,Other,Bengaluru,Karnataka,2025-08-21,Regular
C02642,30,Female,Mumbai,Maharashtra,2023-08-26,New
C02643,56,Female,Jaipur,Rajasthan,2024-12-20,VIP
C02644,61,Male,Bhubaneswar,Odisha,2022-08-12,VIP
C02645,32,Male,Ahmedabad,Gujarat,2022-08-16,New
C02646,35,Male,Bengaluru,Karnataka,2025-03-24,New
C02647,32,Other,Vijayawada,Andhra Pradesh,2023-07-19,VIP
C02648,43,Male,Kolkata,West Bengal,2024-03-13,New
C02649,31,Male,Jaipur,Rajasthan,2024-10-11,New
C02650,36,Other,Lucknow,Uttar Pradesh,2025-07-28,VIP
C02651,24,Male,Delhi,Delhi,2022-01-07,VIP
C02652,62,Male,Coimbatore,Tamil Nadu,2023-09-18,New
C02653,22,Male,Gurugram,Haryana,2025-10-27,New
C02654,27,Male,Gurugram,Haryana,2024-07-21,VIP
C02655,39,Male,Coimbatore,Tamil Nadu,2024-05-26,New
C02656,28,Other,Jaipur,Rajasthan,2022-06-07,New
C02657,55,Male,Lucknow,Uttar Pradesh,2024-08-28,Regular
C02658,25,Male,Ahmedabad,Gujarat,2024-08-25,New
C02659,51,Other,Delhi,Delhi,2023-04-13,New
C02660,24,Female,Visakhapatnam,Andhra Pradesh,2022-07-12,VIP
C02661,49,Other,Gurugram,Haryana,2024-07-15,Regular
C02662,49,Female,Jaipur,Rajasthan,2025-09-20,Regular
C02663,70,Female,Kochi,Kerala,2022-01-28,Regular
C02664,67,Other,Gurugram,Haryana,2024-11-26,VIP
C02665,35,Other,Coimbatore,Tamil Nadu,2022-08-19,VIP
C02666,44,Male,Hyderabad,Telangana,2022-10-30,VIP
C02667,49,Male,Visakhapatnam,Andhra Pradesh,2024-01-02,New
C02668,31,Other,Bhubaneswar,Odisha,2024-01-07,New
C02669,58,Male,Mumbai,Maharashtra,2024-02-13,Regular
C02670,29,Female,Kochi,Kerala,2024-12-15,VIP
C02671,43,Other,Lucknow,Uttar Pradesh,2023-11-10,Regular
C02672,30,Male,Jaipur,Rajasthan,2023-09-26,VIP
C02673,25,Female,Gurugram,Haryana,2025-06-08,Regular
C02674,25,Male,Lucknow,Uttar Pradesh,2023-08-14,Regular
C02675,61,Male,Visakhapatnam,Andhra Pradesh,2024-08-13,VIP
C02676,53,Other,Delhi,Delhi,2025-07-01,New
C02677,36,Male,Delhi,Delhi,2024-09-24,Regular
C02678,20,Male,Hyderabad,Telangana,2024-07-18,Regular
C02679,49,Female,Vijayawada,Andhra Pradesh,2022-04-19,New
C02680,60,Male,Bhubaneswar,Odisha,2023-12-23,New
C02681,40,Female,Jaipur,Rajasthan,2022-10-10,VIP
C02682,63,Female,Visakhapatnam,Andhra Pradesh,2022-06-26,New
C02683,55,Male,Mumbai,Maharashtra,2024-06-03,Regular
C02684,48,Female,Ahmedabad,Gujarat,2022-03-07,New
C02685,43,Male,Kolkata,West Bengal,2024-05-15,Regular
C02686,37,Male,Delhi,Delhi,2025-05-07,VIP
C02687,38,Other,Bhubaneswar,Odisha,2025-10-22,New
C02688,26,Female,Mumbai,Maharashtra,2023-05-28,VIP
C02689,37,Male,Mumbai,Maharashtra,2023-09-09,Regular
C02690,29,Female,Kochi,Kerala,2025-01-22,Regular
C02691,51,Female,Vijayawada,Andhra Pradesh,2022-10-11,VIP
C02692,61,Other,Gurugram,Haryana,2024-10-28,Regular
C02693,45,Female,Kochi,Kerala,2023-12-27,Regular
C02694,19,Other,Bhubaneswar,Odisha,2024-08-02,New
C02695,66,Male,Bhubaneswar,Odisha,2022-07-01,VIP
C02696,55,Other,Delhi,Delhi,2023-05-12,Regular
C02697,52,Other,Visakhapatnam,Andhra Pradesh,2025-06-25,Regular
C02698,26,Female,Bengaluru,Karnataka,2024-03-15,VIP
C02699,69,Other,Hyderabad,Telangana,2024-08-05,Regular
C02700,21,Female,Bengaluru,Karnataka,2022-06-23,VIP
C02701,56,Male,Vijayawada,Andhra Pradesh,2023-11-14,Regular
C02702,39,Male,Coimbatore,Tamil Nadu,2025-11-15,New
C02703,31,Other,Bengaluru,Karnataka,2025-12-07,New
C02704,32,Other,Coimbatore,Tamil Nadu,2022-10-07,VIP
C02705,58,Female,Visakhapatnam,Andhra Pradesh,2023-09-09,VIP
C02706,57,Other,Hyderabad,Telangana,2024-09-20,New
C02707,18,Male,Vijayawada,Andhra Pradesh,2022-05-18,VIP
C02708,24,Male,Vijayawada,Andhra Pradesh,2024-11-30,New
C02709,19,Other,Vijayawada,Andhra Pradesh,2024-08-28,Regular
C02710,25,Female,Kolkata,West Bengal,2022-04-24,Regular
C02711,70,Male,Coimbatore,Tamil Nadu,2023-01-12,VIP
C02712,61,Female,Jaipur,Rajasthan,2025-06-08,VIP
C02713,27,Other,Vijayawada,Andhra Pradesh,2024-06-04,New
C02714,70,Other,Pune,Maharashtra,2022-10-18,VIP
C02715,50,Other,Ahmedabad,Gujarat,2022-12-16,VIP
C02716,48,Female,Mumbai,Maharashtra,2024-09-02,Regular
C02717,49,Female,Vijayawada,Andhra Pradesh,2025-04-20,VIP
C02718,42,Other,Jaipur,Rajasthan,2024-03-12,New
C02719,70,Female,Kochi,Kerala,2024-05-03,New
C02720,47,Male,,Telangana,2023-08-04,VIP
C02721,55,Female,Kolkata,West Bengal,2022-01-23,New
C02722,40,Male,Kochi,Kerala,2022-03-29,Regular
C02723,18,Male,Kochi,Kerala,2023-07-22,Regular
C02724,63,Other,Mumbai,Maharashtra,2023-12-16,Regular
C02725,59,Male,Chennai,Tamil Nadu,2022-12-24,Regular
C02726,63,Male,Gurugram,Haryana,2024-07-30,Regular
C02727,22,Other,Delhi,Delhi,2024-03-17,Regular
C02728,56,Other,Kolkata,West Bengal,2024-08-24,New
C02729,62,Female,Jaipur,Rajasthan,2022-09-23,VIP
C02730,57,Female,Lucknow,Uttar Pradesh,2025-04-12,New
C02731,64,Male,Bengaluru,Karnataka,2022-03-02,New
C02732,24,Female,Vijayawada,Andhra Pradesh,2025-09-24,VIP
C02733,66,Male,Coimbatore,Tamil Nadu,2023-10-25,VIP
C02734,29,Other,Ahmedabad,Gujarat,2022-08-04,Regular
C02735,21,Other,Bhubaneswar,Odisha,2022-05-12,Regular
C02736,65,Male,Vijayawada,Andhra Pradesh,2022-03-18,Regular
C02737,58,Male,Lucknow,Uttar Pradesh,2025-05-27,New
C02738,62,Female,Gurugram,Haryana,2022-08-09,Regular
C02739,54,Other,Visakhapatnam,Andhra Pradesh,2025-07-29,New
C02740,49,Female,Mumbai,Maharashtra,2023-06-02,VIP
C02741,30,Other,Delhi,Delhi,2023-04-07,New
C02742,69,Male,Bhubaneswar,Odisha,2024-12-18,New
C02743,60,Male,Hyderabad,Telangana,2025-07-12,New
C02744,18,Female,Bengaluru,Karnataka,2022-10-15,Regular
C02745,29,Other,Chennai,Tamil Nadu,2023-11-29,VIP
C02746,31,Other,Coimbatore,Tamil Nadu,2023-01-25,Regular
C02747,57,Other,Lucknow,Uttar Pradesh,2024-01-01,New
C02748,45,Other,Chennai,Tamil Nadu,2024-06-17,Regular
C02749,23,Male,Chennai,Tamil Nadu,2025-03-11,VIP
C02750,25,Female,Delhi,Delhi,2022-07-26,New
C02751,52,Female,Bengaluru,Karnataka,2025-05-16,New
C02752,34,Female,Ahmedabad,Gujarat,2023-08-17,VIP
C02753,28,Female,Lucknow,Uttar Pradesh,2022-05-20,New
C02754,57,Other,Ahmedabad,Gujarat,2024-11-26,Regular
C02755,21,Other,Kolkata,West Bengal,2025-06-20,VIP
C02756,48,Female,Vijayawada,Andhra Pradesh,2025-04-08,VIP
C02757,39,Female,Hyderabad,Telangana,2022-03-08,Regular
C02758,66,Male,Mumbai,Maharashtra,2023-11-17,New
C02759,70,Other,Mumbai,Maharashtra,2025-01-25,Regular
C02760,49,Male,Bengaluru,Karnataka,2023-04-28,VIP
C02761,22,Female,Bengaluru,Karnataka,2023-12-10,VIP
C02762,48,Male,Chennai,Tamil Nadu,2025-02-03,Regular
C02763,20,Female,Bengaluru,Karnataka,2022-08-02,VIP
C02764,40,Female,Ahmedabad,Gujarat,2025-08-24,Regular
C02765,19,Male,Delhi,Delhi,2023-04-12,New
C02766,56,Female,Mumbai,Maharashtra,2024-12-30,VIP
C02767,48,Male,Hyderabad,Telangana,2025-02-05,Regular
C02768,26,Female,Kolkata,West Bengal,2025-11-25,VIP
C02769,26,Male,Bhubaneswar,Odisha,2025-01-30,Regular
C02770,41,Female,Vijayawada,Andhra Pradesh,2025-06-14,New
C02771,21,Male,Gurugram,Haryana,2024-06-13,New
C02772,18,Male,Chennai,Tamil Nadu,2025-04-20,Regular
C02773,64,Male,Bengaluru,Karnataka,2022-01-31,New
C02774,26,Female,Chennai,Tamil Nadu,2022-04-27,New
C02775,38,Female,Delhi,Delhi,2022-03-31,VIP
C02776,26,Other,Ahmedabad,Gujarat,2023-08-22,Regular
C02777,25,Other,Coimbatore,Tamil Nadu,2025-09-08,New
C02778,52,Male,Chennai,Tamil Nadu,2023-05-28,Regular
C02779,46,Other,Lucknow,Uttar Pradesh,2023-03-28,Regular
C02780,36,Other,Lucknow,Uttar Pradesh,2025-02-03,New
C02781,62,Other,Jaipur,Rajasthan,2023-10-16,VIP
C02782,40,Female,Vijayawada,Andhra Pradesh,2022-04-21,VIP
C02783,23,Male,Coimbatore,Tamil Nadu,2023-07-27,New
C02784,65,Other,Ahmedabad,Gujarat,2023-09-17,New
C02785,64,Male,Vijayawada,Andhra Pradesh,2024-02-02,New
C02786,46,Other,Ahmedabad,Gujarat,2025-12-01,Regular
C02787,49,Male,Vijayawada,Andhra Pradesh,2022-02-13,Regular
C02788,42,Female,Jaipur,Rajasthan,2025-04-19,New
C02789,57,Female,Bengaluru,Karnataka,2023-07-26,Regular
C02790,42,Female,Hyderabad,Telangana,2024-02-23,New
C02791,42,Male,Ahmedabad,Gujarat,2023-02-26,VIP
C02792,21,Other,Bhubaneswar,Odisha,2024-12-26,Regular
C02793,66,Female,Bengaluru,Karnataka,2025-01-14,New
C02794,69,Other,Gurugram,Haryana,2023-06-22,New
C02795,64,Other,Hyderabad,Telangana,2023-11-30,Regular
C02796,69,Male,Bhubaneswar,Odisha,2022-04-27,VIP
C02797,36,Other,Kolkata,West Bengal,2025-10-20,Regular
C02798,64,Other,Bhubaneswar,Odisha,2025-03-18,VIP
C02799,42,Female,Jaipur,Rajasthan,2022-11-29,VIP
C02800,18,Female,Ahmedabad,Gujarat,2022-09-28,VIP
C02801,33,Other,Jaipur,Rajasthan,2022-06-25,Regular
C02802,43,Male,Gurugram,Haryana,2025-03-15,VIP
C02803,35,Other,Jaipur,Rajasthan,2024-01-11,Regular
C02804,37,Other,Hyderabad,Telangana,2022-09-12,VIP
C02805,29,Female,Gurugram,Haryana,2023-06-26,Regular
C02806,18,Female,Hyderabad,Telangana,2024-06-19,New
C02807,58,Other,Lucknow,Uttar Pradesh,2024-09-10,New
C02808,55,Male,Bhubaneswar,Odisha,2022-04-30,Regular
C02809,46,Male,Gurugram,Haryana,2022-05-12,Regular
C02810,49,Male,,Rajasthan,2023-06-16,New
C02811,57,Other,Pune,Maharashtra,2022-10-28,New
C02812,59,Male,Ahmedabad,Gujarat,2022-08-23,New
C02813,38,Male,Kochi,Kerala,2025-04-02,VIP
C02814,63,Female,Ahmedabad,Gujarat,2022-05-05,Regular
C02815,40,Other,Hyderabad,Telangana,2025-10-21,VIP
C02816,33,Female,Bengaluru,Karnataka,2025-05-14,New
C02817,46,Male,Chennai,Tamil Nadu,2024-11-04,VIP
C02818,31,Female,Chennai,Tamil Nadu,2023-05-01,VIP
C02819,44,Male,Lucknow,Uttar Pradesh,2025-10-26,VIP
C02820,27,Male,Bhubaneswar,Odisha,2023-08-03,Regular
C02821,44,Other,Lucknow,Uttar Pradesh,2023-11-18,Regular
C02822,57,Male,,Tamil Nadu,2023-08-26,New
C02823,36,Male,Lucknow,Uttar Pradesh,2022-04-02,VIP
C02824,56,Male,,Telangana,2022-08-06,Regular
C02825,42,Other,Lucknow,Uttar Pradesh,2023-03-17,New
C02826,66,Other,Visakhapatnam,Andhra Pradesh,2024-02-20,New
C02827,54,Other,Chennai,Tamil Nadu,2023-04-05,VIP
C02828,64,Male,Bhubaneswar,Odisha,2025-01-08,VIP
C02829,48,Other,Bengaluru,Karnataka,2025-05-28,VIP
C02830,35,Male,Kochi,Kerala,2023-10-12,VIP
C02831,39,Male,Delhi,Delhi,2023-05-15,Regular
C02832,38,Other,Ahmedabad,Gujarat,2024-07-22,New
C02833,64,Female,Ahmedabad,Gujarat,2024-06-30,Regular
C02834,53,Other,Chennai,Tamil Nadu,2023-12-22,New
C02835,48,Other,Lucknow,Uttar Pradesh,2025-08-31,New
C02836,32,Other,Kochi,Kerala,2024-05-07,New
C02837,61,Other,Ahmedabad,Gujarat,2024-04-14,VIP
C02838,34,Female,Visakhapatnam,Andhra Pradesh,2025-05-25,Regular
C02839,23,Female,Gurugram,Haryana,2022-08-30,Regular
C02840,49,Other,Visakhapatnam,Andhra Pradesh,2025-03-25,New
C02841,18,Male,Pune,Maharashtra,2024-07-18,New
C02842,66,Other,Bhubaneswar,Odisha,2023-06-24,VIP
C02843,26,Male,,Tamil Nadu,2022-07-26,Regular
C02844,28,Male,Hyderabad,Telangana,2025-11-14,New
C02845,40,Male,Kolkata,West Bengal,2024-05-14,Regular
C02846,36,Male,Ahmedabad,Gujarat,2025-12-29,Regular
C02847,56,Other,Gurugram,Haryana,2025-04-26,New
C02848,65,Female,Bengaluru,Karnataka,2022-06-01,Regular
C02849,46,Other,Bhubaneswar,Odisha,2025-07-15,Regular
C02850,62,Male,Delhi,Delhi,2024-09-04,VIP
C02851,70,Other,Pune,Maharashtra,2025-04-22,New
C02852,55,Other,Visakhapatnam,Andhra Pradesh,2022-01-16,Regular
C02853,38,Female,Kochi,Kerala,2024-02-16,New
C02854,32,Female,Jaipur,Rajasthan,2022-07-18,Regular
C02855,54,Other,Gurugram,Haryana,2022-04-09,VIP
C02856,38,Female,Bhubaneswar,Odisha,2023-08-08,Regular
C02857,20,Other,Pune,Maharashtra,2022-10-21,VIP
C02858,51,Female,Mumbai,Maharashtra,2024-05-31,VIP
C02859,40,Female,Gurugram,Haryana,2022-07-23,New
C02860,35,Female,Vijayawada,Andhra Pradesh,2023-08-13,Regular
C02861,36,Female,Ahmedabad,Gujarat,2022-12-13,VIP
C02862,60,Female,Vijayawada,Andhra Pradesh,2023-04-20,New
C02863,53,Other,Vijayawada,Andhra Pradesh,2023-02-28,New
C02864,20,Other,Hyderabad,Telangana,2025-05-10,VIP
C02865,49,Male,Mumbai,Maharashtra,2022-01-14,Regular
C02866,54,Female,Mumbai,Maharashtra,2023-08-01,VIP
C02867,26,Female,Kochi,Kerala,2024-12-02,Regular
C02868,25,Female,Vijayawada,Andhra Pradesh,2025-12-17,Regular
C02869,23,Male,Coimbatore,Tamil Nadu,2023-06-23,Regular
C02870,69,Male,Vijayawada,Andhra Pradesh,2023-12-26,VIP
C02871,38,Male,Ahmedabad,Gujarat,2022-06-02,VIP
C02872,47,Other,Gurugram,Haryana,2023-07-20,VIP
C02873,62,Female,Chennai,Tamil Nadu,2025-12-18,New
C02874,63,Other,Bhubaneswar,Odisha,2022-07-25,Regular
C02875,60,Other,Mumbai,Maharashtra,2025-02-17,New
C02876,26,Other,Hyderabad,Telangana,2023-05-19,Regular
C02877,30,Female,Ahmedabad,Gujarat,2025-10-11,Regular
C02878,70,Male,Visakhapatnam,Andhra Pradesh,2024-09-19,VIP
C02879,26,Male,Coimbatore,Tamil Nadu,2023-08-02,VIP
C02880,64,Other,Chennai,Tamil Nadu,2024-11-23,New
C02881,22,Female,Hyderabad,Telangana,2024-06-08,VIP
C02882,29,Male,Mumbai,Maharashtra,2025-12-25,Regular
C02883,42,Other,Jaipur,Rajasthan,2025-06-10,VIP
C02884,40,Female,Ahmedabad,Gujarat,2025-07-30,VIP
C02885,32,Female,Pune,Maharashtra,2023-09-07,VIP
C02886,68,Other,Coimbatore,Tamil Nadu,2024-09-30,Regular
C02887,48,Female,Lucknow,Uttar Pradesh,2025-01-17,New
C02888,66,Female,Ahmedabad,Gujarat,2022-08-19,Regular
C02889,33,Other,Kochi,Kerala,2023-10-29,Regular
C02890,47,Female,Vijayawada,Andhra Pradesh,2022-12-27,VIP
C02891,62,Female,Vijayawada,Andhra Pradesh,2023-12-13,VIP
C02892,69,Female,Visakhapatnam,Andhra Pradesh,2024-09-17,VIP
C02893,33,Male,Bhubaneswar,Odisha,2025-11-08,Regular
C02894,31,Female,Jaipur,Rajasthan,2024-11-05,New
C02895,61,Female,Gurugram,Haryana,2023-06-20,Regular
C02896,45,Female,Kolkata,West Bengal,2024-06-24,Regular
C02897,49,Other,Bengaluru,Karnataka,2023-07-04,New
C02898,70,Male,Gurugram,Haryana,2025-07-27,Regular
C02899,32,Other,Kochi,Kerala,2024-04-19,New
C02900,25,Other,Mumbai,Maharashtra,2025-07-04,VIP
C02901,56,Other,Gurugram,Haryana,2022-09-22,New
C02902,23,Other,Hyderabad,Telangana,2024-02-16,Regular
C02903,22,Other,Lucknow,Uttar Pradesh,2025-02-06,New
C02904,52,Male,Mumbai,Maharashtra,2024-01-12,New
C02905,36,Male,Kolkata,West Bengal,2023-04-15,Regular
C02906,31,Other,Gurugram,Haryana,2024-04-26,VIP
C02907,20,Male,Ahmedabad,Gujarat,2022-01-28,VIP
C02908,43,Female,Vijayawada,Andhra Pradesh,2024-10-24,New
C02909,37,Male,Pune,Maharashtra,2023-08-03,New
C02910,35,Other,Ahmedabad,Gujarat,2022-03-11,New
C02911,43,Male,Kolkata,West Bengal,2025-09-04,VIP
C02912,22,Male,Jaipur,Rajasthan,2022-06-23,VIP
C02913,18,Other,Bhubaneswar,Odisha,2022-02-11,VIP
C02914,65,Other,Visakhapatnam,Andhra Pradesh,2022-07-15,Regular
C02915,37,Female,Mumbai,Maharashtra,2025-05-25,Regular
C02916,35,Female,Hyderabad,Telangana,2023-09-11,New
C02917,59,Other,Vijayawada,Andhra Pradesh,2023-06-26,Regular
C02918,45,Male,Kolkata,West Bengal,2023-08-20,New
C02919,35,Female,Bhubaneswar,Odisha,2025-02-22,Regular
C02920,19,Female,Ahmedabad,Gujarat,2024-02-23,VIP
C02921,66,Other,Kolkata,West Bengal,2024-02-03,VIP
C02922,32,Other,Vijayawada,Andhra Pradesh,2024-07-15,New
C02923,46,Female,Kolkata,West Bengal,2023-04-21,Regular
C02924,37,Female,Vijayawada,Andhra Pradesh,2025-08-09,New
C02925,53,Male,Chennai,Tamil Nadu,2022-07-15,New
C02926,33,Male,Coimbatore,Tamil Nadu,2025-04-30,New
C02927,48,Other,Kolkata,West Bengal,2025-06-16,VIP
C02928,67,Female,Ahmedabad,Gujarat,2022-05-01,Regular
C02929,65,Female,Bhubaneswar,Odisha,2023-09-30,New
C02930,62,Other,Bengaluru,Karnataka,2023-10-21,VIP
C02931,35,Other,Bhubaneswar,Odisha,2022-01-12,New
C02932,49,Female,Coimbatore,Tamil Nadu,2025-01-22,VIP
C02933,47,Other,Ahmedabad,Gujarat,2023-10-22,Regular
C02934,45,Other,Chennai,Tamil Nadu,2022-08-04,New
C02935,66,Male,Kolkata,West Bengal,2022-09-18,New
C02936,30,Female,Vijayawada,Andhra Pradesh,2022-12-07,New
C02937,49,Male,Bengaluru,Karnataka,2024-05-18,VIP
C02938,65,Other,Coimbatore,Tamil Nadu,2022-10-14,Regular
C02939,36,Male,Kolkata,West Bengal,2022-01-19,Regular
C02940,35,Other,Delhi,Delhi,2025-10-17,Regular
C02941,59,Male,Lucknow,Uttar Pradesh,2025-02-28,New
C02942,61,Male,Delhi,Delhi,2024-12-07,VIP
C02943,56,Female,Lucknow,Uttar Pradesh,2024-11-29,Regular
C02944,39,Other,Kochi,Kerala,2023-03-08,VIP
C02945,51,Other,Visakhapatnam,Andhra Pradesh,2022-12-03,Regular
C02946,44,Male,Hyderabad,Telangana,2023-10-13,New
C02947,18,Female,Coimbatore,Tamil Nadu,2022-05-18,VIP
C02948,62,Male,Mumbai,Maharashtra,2023-02-13,VIP
C02949,24,Male,Kochi,Kerala,2023-11-09,VIP
C02950,28,Male,Kochi,Kerala,2025-05-02,Regular
C02951,58,Male,Ahmedabad,Gujarat,2023-12-08,New
C02952,70,Female,Jaipur,Rajasthan,2023-08-06,VIP
C02953,57,Female,Delhi,Delhi,2024-01-23,Regular
C02954,55,Male,Mumbai,Maharashtra,2022-06-08,New
C02955,29,Female,Mumbai,Maharashtra,2023-07-28,VIP
C02956,69,Other,Vijayawada,Andhra Pradesh,2022-09-17,VIP
C02957,54,Other,Kolkata,West Bengal,2023-11-08,VIP
C02958,60,Female,Jaipur,Rajasthan,2025-06-15,New
C02959,68,Male,Pune,Maharashtra,2022-01-06,New
C02960,27,Male,Chennai,Tamil Nadu,2025-06-13,New
C02961,38,Male,Coimbatore,Tamil Nadu,2022-01-01,New
C02962,69,Female,Visakhapatnam,Andhra Pradesh,2024-11-13,Regular
C02963,37,Other,Coimbatore,Tamil Nadu,2023-11-01,New
C02964,43,Female,Ahmedabad,Gujarat,2025-02-21,Regular
C02965,37,Other,Coimbatore,Tamil Nadu,2023-12-29,Regular
C02966,31,Male,Chennai,Tamil Nadu,2025-05-24,VIP
C02967,27,Female,Jaipur,Rajasthan,2025-12-27,VIP
C02968,62,Female,Kochi,Kerala,2024-09-30,VIP
C02969,45,Other,Vijayawada,Andhra Pradesh,2025-02-16,Regular
C02970,41,Female,Pune,Maharashtra,2022-02-21,VIP
C02971,31,Other,Lucknow,Uttar Pradesh,2024-05-18,VIP
C02972,41,Male,Mumbai,Maharashtra,2024-02-23,VIP
C02973,46,Female,Hyderabad,Telangana,2023-02-06,VIP
C02974,55,Female,Mumbai,Maharashtra,2022-01-12,Regular
C02975,34,Other,Vijayawada,Andhra Pradesh,2024-01-26,New
C02976,59,Female,Jaipur,Rajasthan,2022-03-10,VIP
C02977,20,Other,Coimbatore,Tamil Nadu,2024-03-26,VIP
C02978,58,Male,Jaipur,Rajasthan,2023-07-16,VIP
C02979,56,Other,Hyderabad,Telangana,2024-08-22,Regular
C02980,48,Other,Coimbatore,Tamil Nadu,2022-12-22,VIP
C02981,41,Male,Vijayawada,Andhra Pradesh,2022-03-20,VIP
C02982,65,Male,Visakhapatnam,Andhra Pradesh,2025-12-16,New
C02983,25,Male,Chennai,Tamil Nadu,2024-05-09,Regular
C02984,24,Other,Bengaluru,Karnataka,2023-10-06,Regular
C02985,57,Other,Mumbai,Maharashtra,2025-09-03,New
C02986,38,Other,Gurugram,Haryana,2025-10-08,New
C02987,18,Other,Lucknow,Uttar Pradesh,2024-11-23,Regular
C02988,60,Male,Bhubaneswar,Odisha,2025-09-29,New
C02989,27,Other,Mumbai,Maharashtra,2024-10-24,Regular
C02990,46,Male,Chennai,Tamil Nadu,2022-12-20,Regular
C02991,50,Female,Mumbai,Maharashtra,2025-11-11,New
C02992,35,Other,Hyderabad,Telangana,2023-09-30,Regular
C02993,47,Other,Vijayawada,Andhra Pradesh,2023-12-01,VIP
C02994,47,Male,,Tamil Nadu,2025-03-05,New
C02995,64,Male,Chennai,Tamil Nadu,2023-01-09,New
C02996,58,Male,Gurugram,Haryana,2025-04-25,New
C02997,58,Female,Hyderabad,Telangana,2023-03-22,Regular
C02998,37,Other,Chennai,Tamil Nadu,2023-05-21,VIP
C02999,37,Male,Mumbai,Maharashtra,2022-09-29,Regular
C03000,35,Male,Delhi,Delhi,2022-12-31,VIP
C03001,32,Male,Gurugram,Haryana,2024-04-27,Regular
C03002,36,Female,Mumbai,Maharashtra,2022-12-29,VIP
C03003,23,Female,Kochi,Kerala,2023-06-26,Regular
C03004,67,Other,Lucknow,Uttar Pradesh,2023-12-16,VIP
C03005,61,Male,Kochi,Kerala,2025-07-16,New
C03006,52,Other,Kolkata,West Bengal,2022-11-15,New
C03007,59,Other,Bhubaneswar,Odisha,2023-12-12,Regular
C03008,62,Other,Mumbai,Maharashtra,2023-12-02,VIP
C03009,50,Male,Jaipur,Rajasthan,2022-07-05,Regular
C03010,34,Male,Mumbai,Maharashtra,2024-08-15,New
C03011,26,Female,Pune,Maharashtra,2024-08-31,VIP
C03012,54,Female,Gurugram,Haryana,2024-02-02,VIP
C03013,62,Male,Bengaluru,Karnataka,2023-10-23,VIP
C03014,28,Female,Lucknow,Uttar Pradesh,2022-01-17,Regular
C03015,59,Male,Gurugram,Haryana,2023-11-21,New
C03016,28,Female,Lucknow,Uttar Pradesh,2023-09-20,VIP
C03017,46,Other,Pune,Maharashtra,2022-02-14,Regular
C03018,48,Male,Bhubaneswar,Odisha,2024-03-28,Regular
C03019,39,Female,Lucknow,Uttar Pradesh,2025-05-15,VIP
C03020,20,Male,Kolkata,West Bengal,2023-09-07,VIP
C03021,45,Female,Vijayawada,Andhra Pradesh,2024-05-12,VIP
C03022,19,Male,Kolkata,West Bengal,2025-04-29,VIP
C03023,56,Other,Pune,Maharashtra,2023-09-08,VIP
C03024,66,Male,Mumbai,Maharashtra,2025-03-09,New
C03025,23,Female,Gurugram,Haryana,2022-04-21,New
C03026,43,Male,Lucknow,Uttar Pradesh,2024-07-28,Regular
C03027,27,Male,Hyderabad,Telangana,2025-09-10,New
C03028,23,Male,Delhi,Delhi,2023-09-22,New
C03029,23,Other,Mumbai,Maharashtra,2024-06-13,New
C03030,53,Female,Visakhapatnam,Andhra Pradesh,2025-11-03,New
C03031,40,Male,Coimbatore,Tamil Nadu,2022-11-23,Regular
C03032,31,Female,Kolkata,West Bengal,2025-12-02,VIP
C03033,63,Male,Kolkata,West Bengal,2024-08-07,New
C03034,38,Male,Kolkata,West Bengal,2022-09-21,Regular
C03035,70,Other,Gurugram,Haryana,2023-08-03,VIP
C03036,43,Other,Bhubaneswar,Odisha,2025-05-07,New
C03037,60,Other,Lucknow,Uttar Pradesh,2024-09-27,VIP
C03038,56,Male,Hyderabad,Telangana,2023-03-31,New
C03039,39,Other,Lucknow,Uttar Pradesh,2024-01-12,New
C03040,59,Male,Kolkata,West Bengal,2022-06-08,New
C03041,20,Male,Coimbatore,Tamil Nadu,2023-01-20,Regular
C03042,39,Female,Bhubaneswar,Odisha,2022-07-10,VIP
C03043,27,Female,Pune,Maharashtra,2024-05-21,Regular
C03044,70,Female,Kolkata,West Bengal,2025-10-14,New
C03045,29,Male,Jaipur,Rajasthan,2024-05-13,Regular
C03046,69,Male,Vijayawada,Andhra Pradesh,2024-08-10,Regular
C03047,43,Male,Vijayawada,Andhra Pradesh,2025-09-05,New
C03048,54,Other,Gurugram,Haryana,2022-09-21,Regular
C03049,49,Other,Kochi,Kerala,2022-01-24,VIP
C03050,67,Male,Kolkata,West Bengal,2024-05-15,Regular
C03051,65,Other,Bhubaneswar,Odisha,2023-06-14,New
C03052,41,Female,Kochi,Kerala,2024-10-25,VIP
C03053,41,Male,Gurugram,Haryana,2024-12-31,New
C03054,66,Female,Bhubaneswar,Odisha,2024-12-24,VIP
C03055,18,Female,Chennai,Tamil Nadu,2022-11-04,VIP
C03056,50,Other,Jaipur,Rajasthan,2023-02-09,VIP
C03057,21,Female,Kochi,Kerala,2024-06-09,Regular
C03058,49,Female,Bengaluru,Karnataka,2022-09-06,Regular
C03059,61,Female,Bengaluru,Karnataka,2025-05-12,Regular
C03060,61,Female,Bhubaneswar,Odisha,2023-11-23,New
C03061,36,Female,Jaipur,Rajasthan,2023-01-02,Regular
C03062,38,Female,Hyderabad,Telangana,2024-07-03,VIP
C03063,25,Female,Bengaluru,Karnataka,2025-05-05,VIP
C03064,65,Female,Bengaluru,Karnataka,2024-12-24,New
C03065,52,Male,Pune,Maharashtra,2022-06-22,New
C03066,49,Female,Visakhapatnam,Andhra Pradesh,2025-07-20,Regular
C03067,62,Other,Lucknow,Uttar Pradesh,2024-07-27,New
C03068,22,Female,Kochi,Kerala,2022-03-25,Regular
C03069,56,Other,Bengaluru,Karnataka,2022-10-28,VIP
C03070,50,Other,Vijayawada,Andhra Pradesh,2024-02-22,New
C03071,65,Female,Gurugram,Haryana,2025-07-28,Regular
C03072,29,Other,Kolkata,West Bengal,2022-02-15,Regular
C03073,25,Male,Chennai,Tamil Nadu,2024-06-06,VIP
C03074,57,Other,Jaipur,Rajasthan,2023-09-13,VIP
C03075,69,Male,Ahmedabad,Gujarat,2025-11-22,Regular
C03076,66,Female,Coimbatore,Tamil Nadu,2023-03-17,Regular
C03077,50,Other,Pune,Maharashtra,2023-07-21,New
C03078,61,Female,Kolkata,West Bengal,2023-01-07,Regular
C03079,31,Male,Hyderabad,Telangana,2024-04-13,Regular
C03080,35,Female,Visakhapatnam,Andhra Pradesh,2023-07-17,VIP
C03081,32,Male,Gurugram,Haryana,2022-07-18,New
C03082,22,Other,Gurugram,Haryana,2023-03-29,Regular
C03083,44,Other,Kochi,Kerala,2025-04-19,VIP
C03084,42,Female,Gurugram,Haryana,2025-01-13,VIP
C03085,39,Female,Hyderabad,Telangana,2023-12-04,Regular
C03086,47,Other,Kochi,Kerala,2022-11-07,Regular
C03087,62,Male,Mumbai,Maharashtra,2024-12-26,VIP
C03088,43,Male,Kolkata,West Bengal,2023-06-08,VIP
C03089,49,Other,Chennai,Tamil Nadu,2025-07-17,Regular
C03090,65,Other,Chennai,Tamil Nadu,2023-03-02,Regular
C03091,66,Female,Delhi,Delhi,2023-08-21,Regular
C03092,27,Other,Kochi,Kerala,2022-03-02,VIP
C03093,40,Other,Pune,Maharashtra,2025-07-02,Regular
C03094,66,Female,Bhubaneswar,Odisha,2022-02-17,VIP
C03095,42,Other,Coimbatore,Tamil Nadu,2023-04-26,New
C03096,25,Male,Kolkata,West Bengal,2025-05-28,Regular
C03097,25,Other,Mumbai,Maharashtra,2023-03-09,Regular
C03098,67,Other,Pune,Maharashtra,2022-11-22,Regular
C03099,66,Male,Bhubaneswar,Odisha,2023-12-22,Regular
C03100,67,Female,Jaipur,Rajasthan,2023-10-17,VIP
C03101,61,Other,,Andhra Pradesh,2025-09-22,VIP
C03102,52,Other,Gurugram,Haryana,2024-10-25,Regular
C03103,49,Female,Ahmedabad,Gujarat,2024-04-07,Regular
C03104,29,Female,Kochi,Kerala,2022-11-18,Regular
C03105,39,Female,Hyderabad,Telangana,2024-12-26,VIP
C03106,24,Female,Pune,Maharashtra,2025-10-31,VIP
C03107,44,Male,Bhubaneswar,Odisha,2024-05-06,VIP
C03108,32,Male,Hyderabad,Telangana,2025-06-21,VIP
C03109,54,Other,Chennai,Tamil Nadu,2025-05-12,Regular
C03110,57,Male,Hyderabad,Telangana,2023-10-28,New
C03111,23,Female,Coimbatore,Tamil Nadu,2025-11-02,New
C03112,50,Male,Kolkata,West Bengal,2025-02-04,New
C03113,64,Male,Kochi,Kerala,2024-01-26,New
C03114,30,Female,Coimbatore,Tamil Nadu,2025-12-30,New
C03115,19,Male,Delhi,Delhi,2022-05-13,VIP
C03116,33,Other,Kochi,Kerala,2024-07-29,VIP
C03117,68,Male,Kochi,Kerala,2023-05-11,Regular
C03118,39,Male,Vijayawada,Andhra Pradesh,2025-05-22,New
C03119,18,Other,Kochi,Kerala,2022-05-24,New
C03120,48,Female,Bhubaneswar,Odisha,2024-11-30,New
C03121,63,Other,Bhubaneswar,Odisha,2023-06-17,New
C03122,48,Other,Hyderabad,Telangana,2024-06-17,New
C03123,70,Other,Delhi,Delhi,2024-03-26,New
C03124,63,Other,Lucknow,Uttar Pradesh,2024-03-29,VIP
C03125,68,Male,Kochi,Kerala,2024-05-27,New
C03126,66,Other,Visakhapatnam,Andhra Pradesh,2023-06-22,New
C03127,44,Other,Pune,Maharashtra,2024-01-21,Regular
C03128,68,Female,Visakhapatnam,Andhra Pradesh,2023-05-13,New
C03129,39,Other,Jaipur,Rajasthan,2022-07-18,VIP
C03130,63,Female,Chennai,Tamil Nadu,2024-07-27,New
C03131,36,Other,Jaipur,Rajasthan,2023-12-03,Regular
C03132,62,Female,Gurugram,Haryana,2024-07-11,VIP
C03133,20,Male,Jaipur,Rajasthan,2025-05-02,New
C03134,32,Female,Delhi,Delhi,2022-02-23,VIP
C03135,37,Other,Lucknow,Uttar Pradesh,2023-08-20,New
C03136,63,Female,Delhi,Delhi,2024-08-31,VIP
C03137,65,Other,Delhi,Delhi,2022-11-13,New
C03138,36,Female,Visakhapatnam,Andhra Pradesh,2025-05-29,Regular
C03139,31,Other,Ahmedabad,Gujarat,2022-02-27,Regular
C03140,18,Female,Visakhapatnam,Andhra Pradesh,2025-04-11,Regular
C03141,57,Male,Kolkata,West Bengal,2024-09-03,Regular
C03142,50,Female,Visakhapatnam,Andhra Pradesh,2025-04-17,VIP
C03143,49,Other,Lucknow,Uttar Pradesh,2024-02-14,New
C03144,48,Female,Coimbatore,Tamil Nadu,2022-12-26,New
C03145,32,Female,Chennai,Tamil Nadu,2023-12-03,New
C03146,35,Other,Ahmedabad,Gujarat,2022-11-04,VIP
C03147,30,Female,Vijayawada,Andhra Pradesh,2025-08-24,Regular
C03148,58,Male,Kochi,Kerala,2025-03-12,VIP
C03149,41,Other,Ahmedabad,Gujarat,2023-02-19,New
C03150,24,Female,Kolkata,West Bengal,2025-07-06,VIP
C03151,53,Other,Chennai,Tamil Nadu,2023-07-10,VIP
C03152,46,Other,Chennai,Tamil Nadu,2022-04-25,VIP
C03153,34,Other,Ahmedabad,Gujarat,2023-05-17,New
C03154,62,Other,Ahmedabad,Gujarat,2023-04-13,Regular
C03155,56,Female,Pune,Maharashtra,2022-03-24,VIP
C03156,65,Male,Jaipur,Rajasthan,2022-07-07,VIP
C03157,51,Female,Chennai,Tamil Nadu,2022-09-29,New
C03158,33,Other,Mumbai,Maharashtra,2023-04-12,VIP
C03159,24,Other,Coimbatore,Tamil Nadu,2024-08-08,New
C03160,22,Male,Gurugram,Haryana,2025-07-22,Regular
C03161,23,Female,Vijayawada,Andhra Pradesh,2024-06-24,New
C03162,55,Male,Vijayawada,Andhra Pradesh,2025-01-15,VIP
C03163,54,Male,Coimbatore,Tamil Nadu,2023-09-07,VIP
C03164,64,Female,Bhubaneswar,Odisha,2022-08-17,VIP
C03165,69,Other,Mumbai,Maharashtra,2025-04-21,VIP
C03166,34,Female,Kochi,Kerala,2022-01-02,VIP
C03167,58,Male,Jaipur,Rajasthan,2024-10-05,Regular
C03168,36,Other,Coimbatore,Tamil Nadu,2024-11-19,Regular
C03169,33,Female,Jaipur,Rajasthan,2024-12-25,Regular
C03170,46,Male,Delhi,Delhi,2025-07-05,New
C03171,38,Other,Coimbatore,Tamil Nadu,2022-01-14,Regular
C03172,29,Male,Coimbatore,Tamil Nadu,2022-12-01,Regular
C03173,46,Female,Delhi,Delhi,2022-07-13,VIP
C03174,67,Male,Pune,Maharashtra,2023-02-01,New
C03175,50,Female,Mumbai,Maharashtra,2023-09-22,Regular
C03176,61,Female,Coimbatore,Tamil Nadu,2022-07-30,VIP
C03177,61,Male,Mumbai,Maharashtra,2025-03-15,Regular
C03178,67,Female,Pune,Maharashtra,2023-01-29,New
C03179,60,Male,Pune,Maharashtra,2025-06-03,Regular
C03180,56,Female,Coimbatore,Tamil Nadu,2025-08-31,VIP
C03181,34,Female,Jaipur,Rajasthan,2023-04-14,Regular
C03182,37,Female,Lucknow,Uttar Pradesh,2022-10-24,VIP
C03183,46,Female,Lucknow,Uttar Pradesh,2023-10-08,Regular
C03184,18,Female,Kolkata,West Bengal,2024-05-04,New
C03185,59,Male,Bhubaneswar,Odisha,2023-12-26,Regular
C03186,70,Other,Jaipur,Rajasthan,2022-02-09,New
C03187,63,Female,Mumbai,Maharashtra,2025-09-17,Regular
C03188,38,Female,Lucknow,Uttar Pradesh,2022-02-18,Regular
C03189,53,Other,Gurugram,Haryana,2025-02-16,New
C03190,50,Female,Mumbai,Maharashtra,2025-06-18,Regular
C03191,33,Male,Vijayawada,Andhra Pradesh,2022-06-02,Regular
C03192,48,Male,Coimbatore,Tamil Nadu,2025-04-29,VIP
C03193,63,Female,Kolkata,West Bengal,2025-11-09,New
C03194,55,Female,Jaipur,Rajasthan,2025-05-27,New
C03195,58,Female,Vijayawada,Andhra Pradesh,2022-04-25,Regular
C03196,36,Male,Lucknow,Uttar Pradesh,2024-06-16,Regular
C03197,38,Other,Visakhapatnam,Andhra Pradesh,2022-06-01,Regular
C03198,55,Female,Visakhapatnam,Andhra Pradesh,2022-11-05,VIP
C03199,23,Female,Mumbai,Maharashtra,2025-02-24,New
C03200,52,Other,Gurugram,Haryana,2025-03-18,Regular
C03201,19,Male,Delhi,Delhi,2025-11-13,New
C03202,67,Female,Gurugram,Haryana,2024-01-10,VIP
C03203,38,Female,Mumbai,Maharashtra,2023-01-13,New
C03204,39,Male,Kochi,Kerala,2024-01-12,VIP
C03205,56,Other,Jaipur,Rajasthan,2023-06-07,New
C03206,59,Female,Visakhapatnam,Andhra Pradesh,2022-09-02,Regular
C03207,69,Male,Kolkata,West Bengal,2024-09-23,VIP
C03208,41,Male,Bengaluru,Karnataka,2024-11-15,VIP
C03209,50,Female,Bhubaneswar,Odisha,2022-03-07,VIP
C03210,54,Female,Coimbatore,Tamil Nadu,2023-08-02,VIP
C03211,54,Male,Chennai,Tamil Nadu,2022-06-04,VIP
C03212,28,Other,Vijayawada,Andhra Pradesh,2024-12-25,New
C03213,59,Male,Kochi,Kerala,2025-06-03,New
C03214,47,Female,Bhubaneswar,Odisha,2023-07-22,VIP
C03215,39,Male,Visakhapatnam,Andhra Pradesh,2025-08-25,New
C03216,51,Other,Gurugram,Haryana,2024-07-18,VIP
C03217,43,Other,Bhubaneswar,Odisha,2022-02-13,Regular
C03218,42,Male,Hyderabad,Telangana,2025-07-01,New
C03219,45,Male,Ahmedabad,Gujarat,2023-10-23,Regular
C03220,61,Female,Ahmedabad,Gujarat,2025-04-11,VIP
C03221,60,Male,Kochi,Kerala,2025-08-31,VIP
C03222,27,Male,Lucknow,Uttar Pradesh,2025-03-27,New
C03223,29,Male,Mumbai,Maharashtra,2023-09-24,New
C03224,52,Female,Bengaluru,Karnataka,2022-09-18,New
C03225,32,Other,Gurugram,Haryana,2023-10-08,New
C03226,28,Female,Mumbai,Maharashtra,2023-09-13,Regular
C03227,67,Female,Ahmedabad,Gujarat,2023-03-21,New
C03228,25,Female,Visakhapatnam,Andhra Pradesh,2024-06-19,New
C03229,42,Male,Kochi,Kerala,2023-03-04,Regular
C03230,30,Male,Kochi,Kerala,2024-03-28,Regular
C03231,29,Other,Vijayawada,Andhra Pradesh,2022-07-10,VIP
C03232,66,Male,Vijayawada,Andhra Pradesh,2022-11-30,New
C03233,40,Other,Coimbatore,Tamil Nadu,2025-05-23,Regular
C03234,31,Male,Bhubaneswar,Odisha,2023-01-27,VIP
C03235,34,Other,Lucknow,Uttar Pradesh,2024-09-05,New
C03236,18,Female,Kochi,Kerala,2022-02-03,Regular
C03237,40,Female,Kolkata,West Bengal,2022-07-24,Regular
C03238,59,Female,Chennai,Tamil Nadu,2024-06-08,New
C03239,59,Female,Chennai,Tamil Nadu,2025-08-25,Regular
C03240,64,Other,Hyderabad,Telangana,2023-07-17,Regular
C03241,33,Male,Bengaluru,Karnataka,2022-10-16,VIP
C03242,51,Male,Hyderabad,Telangana,2022-09-20,New
C03243,21,Other,Coimbatore,Tamil Nadu,2022-03-21,New
C03244,57,Female,Delhi,Delhi,2024-02-01,New
C03245,29,Other,Bhubaneswar,Odisha,2022-12-20,New
C03246,25,Male,Pune,Maharashtra,2024-01-18,New
C03247,37,Female,Coimbatore,Tamil Nadu,2023-02-22,VIP
C03248,57,Female,Lucknow,Uttar Pradesh,2023-06-28,New
C03249,19,Female,Hyderabad,Telangana,2023-11-11,New
C03250,20,Other,Visakhapatnam,Andhra Pradesh,2024-04-14,Regular
C03251,24,Male,Pune,Maharashtra,2022-11-20,Regular
C03252,44,Male,Ahmedabad,Gujarat,2022-07-08,New
C03253,44,Other,Coimbatore,Tamil Nadu,2024-08-09,Regular
C03254,69,Other,Visakhapatnam,Andhra Pradesh,2025-05-20,New
C03255,48,Female,Delhi,Delhi,2024-09-02,New
C03256,52,Female,Gurugram,Haryana,2025-09-06,VIP
C03257,49,Other,Vijayawada,Andhra Pradesh,2024-09-05,VIP
C03258,32,Other,Mumbai,Maharashtra,2022-09-15,New
C03259,60,Male,Visakhapatnam,Andhra Pradesh,2023-04-07,VIP
C03260,36,Other,Vijayawada,Andhra Pradesh,2024-04-07,New
C03261,34,Male,Ahmedabad,Gujarat,2023-04-09,VIP
C03262,63,Female,Delhi,Delhi,2023-11-05,VIP
C03263,38,Female,Jaipur,Rajasthan,2022-09-27,Regular
C03264,65,Male,Visakhapatnam,Andhra Pradesh,2025-04-01,VIP
C03265,21,Male,Kolkata,West Bengal,2025-07-18,New
C03266,58,Male,Hyderabad,Telangana,2022-10-20,New
C03267,38,Male,Pune,Maharashtra,2024-03-23,VIP
C03268,40,Male,Coimbatore,Tamil Nadu,2024-09-17,VIP
C03269,31,Female,Kolkata,West Bengal,2024-07-14,VIP
C03270,46,Male,Jaipur,Rajasthan,2025-01-22,VIP
C03271,67,Other,Jaipur,Rajasthan,2025-09-04,Regular
C03272,34,Female,Gurugram,Haryana,2023-01-17,Regular
C03273,24,Other,Kochi,Kerala,2025-09-20,Regular
C03274,68,Female,Jaipur,Rajasthan,2022-05-10,Regular
C03275,26,Male,Hyderabad,Telangana,2025-01-17,New
C03276,25,Other,Kochi,Kerala,2022-08-16,VIP
C03277,40,Female,Delhi,Delhi,2022-09-16,Regular
C03278,23,Other,Bhubaneswar,Odisha,2025-02-07,New
C03279,30,Male,Kolkata,West Bengal,2024-11-12,VIP
C03280,30,Other,Ahmedabad,Gujarat,2022-02-04,VIP
C03281,56,Male,Lucknow,Uttar Pradesh,2024-12-12,VIP
C03282,41,Other,Bengaluru,Karnataka,2024-12-27,New
C03283,28,Male,Pune,Maharashtra,2024-02-06,VIP
C03284,58,Other,Pune,Maharashtra,2025-07-24,New
C03285,57,Female,Visakhapatnam,Andhra Pradesh,2025-01-12,New
C03286,43,Female,Jaipur,Rajasthan,2022-04-11,Regular
C03287,47,Female,Bhubaneswar,Odisha,2024-09-02,New
C03288,22,Female,Delhi,Delhi,2022-01-01,VIP
C03289,64,Other,Delhi,Delhi,2023-03-04,VIP
C03290,66,Female,Chennai,Tamil Nadu,2022-05-02,New
C03291,70,Male,Visakhapatnam,Andhra Pradesh,2024-09-11,New
C03292,59,Female,Kolkata,West Bengal,2022-11-23,Regular
C03293,40,Male,Mumbai,Maharashtra,2023-05-25,New
C03294,43,Male,Jaipur,Rajasthan,2022-10-15,VIP
C03295,46,Male,Visakhapatnam,Andhra Pradesh,2023-02-26,VIP
C03296,18,Other,Jaipur,Rajasthan,2023-11-02,New
C03297,24,Other,Delhi,Delhi,2024-12-09,VIP
C03298,60,Female,Coimbatore,Tamil Nadu,2023-04-21,Regular
C03299,65,Other,Vijayawada,Andhra Pradesh,2025-01-13,Regular
C03300,66,Other,Visakhapatnam,Andhra Pradesh,2022-05-25,Regular
C03301,42,Female,Jaipur,Rajasthan,2022-03-25,New
C03302,55,Male,Kochi,Kerala,2024-05-22,VIP
C03303,32,Other,Coimbatore,Tamil Nadu,2023-08-20,New
C03304,56,Female,Chennai,Tamil Nadu,2025-05-20,New
C03305,45,Female,Coimbatore,Tamil Nadu,2025-12-07,New
C03306,64,Other,Vijayawada,Andhra Pradesh,2023-07-28,Regular
C03307,50,Female,Jaipur,Rajasthan,2025-08-04,Regular
C03308,23,Male,Jaipur,Rajasthan,2024-01-01,New
C03309,55,Female,Coimbatore,Tamil Nadu,2023-05-13,New
C03310,35,Male,Bhubaneswar,Odisha,2025-09-25,VIP
C03311,56,Other,Coimbatore,Tamil Nadu,2025-02-22,Regular
C03312,56,Male,Kolkata,West Bengal,2022-03-28,VIP
C03313,24,Male,Vijayawada,Andhra Pradesh,2025-03-24,New
C03314,61,Other,Lucknow,Uttar Pradesh,2025-04-03,VIP
C03315,63,Other,Bhubaneswar,Odisha,2024-03-17,New
C03316,68,Female,Lucknow,Uttar Pradesh,2025-08-18,Regular
C03317,70,Other,Bengaluru,Karnataka,2024-03-27,VIP
C03318,19,Male,Bhubaneswar,Odisha,2025-10-02,VIP
C03319,58,Female,Pune,Maharashtra,2022-02-19,New
C03320,69,Male,Delhi,Delhi,2024-04-24,VIP
C03321,40,Other,Kochi,Kerala,2023-06-04,Regular
C03322,35,Female,Lucknow,Uttar Pradesh,2023-05-25,New
C03323,62,Other,Gurugram,Haryana,2024-07-27,Regular
C03324,53,Other,Pune,Maharashtra,2023-03-05,VIP
C03325,66,Female,Gurugram,Haryana,2024-04-01,New
C03326,39,Female,Coimbatore,Tamil Nadu,2022-07-02,VIP
C03327,37,Male,Ahmedabad,Gujarat,2023-10-11,VIP
C03328,43,Female,Chennai,Tamil Nadu,2025-08-02,VIP
C03329,29,Female,Coimbatore,Tamil Nadu,2025-08-02,New
C03330,49,Female,Jaipur,Rajasthan,2025-12-19,Regular
C03331,66,Male,Kochi,Kerala,2024-01-11,New
C03332,25,Male,Gurugram,Haryana,2022-02-02,VIP
C03333,62,Other,Delhi,Delhi,2024-11-02,VIP
C03334,52,Male,Delhi,Delhi,2025-02-20,Regular
C03335,23,Male,Chennai,Tamil Nadu,2023-02-11,VIP
C03336,27,Other,Kolkata,West Bengal,2023-06-24,Regular
C03337,26,Female,Lucknow,Uttar Pradesh,2024-03-23,New
C03338,54,Male,Delhi,Delhi,2025-06-10,Regular
C03339,70,Male,Ahmedabad,Gujarat,2024-06-25,New
C03340,35,Male,Visakhapatnam,Andhra Pradesh,2025-09-29,Regular
C03341,32,Male,Ahmedabad,Gujarat,2025-11-24,New
C03342,69,Male,Kochi,Kerala,2025-08-19,New
C03343,33,Male,Hyderabad,Telangana,2023-08-31,VIP
C03344,44,Other,Coimbatore,Tamil Nadu,2024-06-17,VIP
C03345,29,Other,Mumbai,Maharashtra,2024-04-24,VIP
C03346,54,Female,Kolkata,West Bengal,2025-07-08,VIP
C03347,68,Female,Jaipur,Rajasthan,2025-12-18,Regular
C03348,41,Male,Bhubaneswar,Odisha,2024-01-29,Regular
C03349,62,Male,Lucknow,Uttar Pradesh,2022-06-07,Regular
C03350,55,Male,Ahmedabad,Gujarat,2025-01-07,New
C03351,38,Male,Coimbatore,Tamil Nadu,2025-01-01,VIP
C03352,63,Other,Ahmedabad,Gujarat,2023-12-15,VIP
C03353,35,Other,Ahmedabad,Gujarat,2024-08-10,New
C03354,46,Female,Kochi,Kerala,2025-06-21,VIP
C03355,28,Male,Bhubaneswar,Odisha,2022-05-13,VIP
C03356,59,Male,Kochi,Kerala,2025-02-18,Regular
C03357,27,Male,,Tamil Nadu,2025-12-17,VIP
C03358,64,Female,Lucknow,Uttar Pradesh,2022-05-14,VIP
C03359,63,Other,Jaipur,Rajasthan,2022-02-26,Regular
C03360,66,Male,Bhubaneswar,Odisha,2025-12-13,Regular
C03361,46,Female,Mumbai,Maharashtra,2025-09-17,VIP
C03362,32,Other,Delhi,Delhi,2023-11-08,VIP
C03363,67,Other,Bhubaneswar,Odisha,2022-10-23,VIP
C03364,57,Male,Gurugram,Haryana,2022-01-14,VIP
C03365,25,Male,Lucknow,Uttar Pradesh,2025-04-18,VIP
C03366,44,Other,Chennai,Tamil Nadu,2024-12-20,New
C03367,56,Male,Mumbai,Maharashtra,2023-05-25,New
C03368,49,Other,Hyderabad,Telangana,2025-08-22,New
C03369,24,Female,Gurugram,Haryana,2022-07-02,VIP
C03370,42,Other,Kolkata,West Bengal,2024-04-14,Regular
C03371,29,Male,Visakhapatnam,Andhra Pradesh,2023-12-05,Regular
C03372,63,Female,Lucknow,Uttar Pradesh,2022-12-30,Regular
C03373,29,Female,Coimbatore,Tamil Nadu,2022-07-05,Regular
C03374,40,Other,Mumbai,Maharashtra,2023-04-10,VIP
C03375,46,Male,Chennai,Tamil Nadu,2023-11-27,VIP
C03376,56,Male,Jaipur,Rajasthan,2022-02-11,VIP
C03377,41,Male,Bengaluru,Karnataka,2025-10-30,New
C03378,18,Male,Hyderabad,Telangana,2024-12-19,Regular
C03379,19,Other,Kolkata,West Bengal,2023-09-20,VIP
C03380,29,Male,Lucknow,Uttar Pradesh,2022-05-23,VIP
C03381,52,Male,Coimbatore,Tamil Nadu,2023-01-08,Regular
C03382,27,Other,Vijayawada,Andhra Pradesh,2025-10-31,Regular
C03383,63,Male,Pune,Maharashtra,2024-06-21,VIP
C03384,19,Other,Visakhapatnam,Andhra Pradesh,2024-06-30,New
C03385,36,Male,Vijayawada,Andhra Pradesh,2023-10-01,Regular
C03386,51,Male,Pune,Maharashtra,2025-04-23,New
C03387,56,Male,Coimbatore,Tamil Nadu,2023-01-31,VIP
C03388,60,Other,Gurugram,Haryana,2024-07-20,Regular
C03389,60,Other,Kochi,Kerala,2022-08-27,New
C03390,41,Male,Gurugram,Haryana,2023-05-20,New
C03391,68,Female,Coimbatore,Tamil Nadu,2023-01-21,New
C03392,48,Other,Lucknow,Uttar Pradesh,2022-05-01,VIP
C03393,23,Other,Vijayawada,Andhra Pradesh,2024-11-30,VIP
C03394,54,Other,Gurugram,Haryana,2024-12-15,VIP
C03395,59,Male,Kolkata,West Bengal,2025-01-23,Regular
C03396,46,Male,Gurugram,Haryana,2022-10-05,Regular
C03397,45,Female,Bhubaneswar,Odisha,2024-04-07,New
C03398,49,Male,Coimbatore,Tamil Nadu,2022-02-18,Regular
C03399,42,Female,Coimbatore,Tamil Nadu,2025-06-02,Regular
C03400,62,Male,Delhi,Delhi,2025-11-01,VIP
C03401,23,Female,Bengaluru,Karnataka,2023-01-21,VIP
C03402,38,Other,Pune,Maharashtra,2025-08-05,New
C03403,37,Female,Hyderabad,Telangana,2022-04-07,New
C03404,21,Other,Lucknow,Uttar Pradesh,2025-01-06,Regular
C03405,41,Other,Pune,Maharashtra,2024-11-07,VIP
C03406,24,Female,Bengaluru,Karnataka,2023-03-16,New
C03407,38,Male,Ahmedabad,Gujarat,2025-12-30,VIP
C03408,31,Other,Mumbai,Maharashtra,2024-10-11,VIP
C03409,42,Male,Hyderabad,Telangana,2022-04-03,VIP
C03410,18,Male,Vijayawada,Andhra Pradesh,2023-08-18,VIP
C03411,42,Male,Gurugram,Haryana,2022-12-29,Regular
C03412,27,Male,Kolkata,West Bengal,2022-04-02,VIP
C03413,60,Female,Ahmedabad,Gujarat,2025-06-27,Regular
C03414,59,Other,Delhi,Delhi,2023-02-24,Regular
C03415,18,Female,Bhubaneswar,Odisha,2025-11-14,Regular
C03416,30,Female,Kolkata,West Bengal,2023-07-24,Regular
C03417,62,Female,Hyderabad,Telangana,2025-07-07,New
C03418,60,Other,Kochi,Kerala,2022-09-21,New
C03419,25,Male,Chennai,Tamil Nadu,2025-07-29,New
C03420,29,Other,Coimbatore,Tamil Nadu,2022-05-17,Regular
C03421,61,Other,Pune,Maharashtra,2023-06-10,VIP
C03422,52,Female,Kolkata,West Bengal,2023-08-07,Regular
C03423,66,Male,Jaipur,Rajasthan,2022-08-11,Regular
C03424,53,Female,Mumbai,Maharashtra,2022-06-27,New
C03425,20,Female,Visakhapatnam,Andhra Pradesh,2024-11-27,Regular
C03426,32,Male,Vijayawada,Andhra Pradesh,2022-08-17,Regular
C03427,66,Other,Pune,Maharashtra,2022-06-21,New
C03428,57,Female,Ahmedabad,Gujarat,2024-06-11,Regular
C03429,56,Male,Visakhapatnam,Andhra Pradesh,2024-06-24,VIP
C03430,64,Female,Mumbai,Maharashtra,2023-03-07,New
C03431,39,Female,Hyderabad,Telangana,2022-11-09,New
C03432,30,Other,Lucknow,Uttar Pradesh,2024-08-04,New
C03433,27,Female,Kolkata,West Bengal,2024-02-18,VIP
C03434,29,Other,Chennai,Tamil Nadu,2023-04-07,New
C03435,64,Female,Gurugram,Haryana,2025-09-09,New
C03436,33,Other,Kochi,Kerala,2022-05-23,VIP
C03437,28,Male,Delhi,Delhi,2025-02-14,VIP
C03438,25,Other,Gurugram,Haryana,2022-04-27,New
C03439,52,Male,Bhubaneswar,Odisha,2024-11-26,VIP
C03440,41,Male,Pune,Maharashtra,2023-10-21,New
C03441,32,Male,Vijayawada,Andhra Pradesh,2025-11-02,Regular
C03442,21,Female,Hyderabad,Telangana,2025-02-26,VIP
C03443,66,Other,Vijayawada,Andhra Pradesh,2023-04-05,New
C03444,59,Female,Chennai,Tamil Nadu,2022-02-10,VIP
C03445,61,Other,Kolkata,West Bengal,2023-08-02,Regular
C03446,61,Female,Kochi,Kerala,2023-05-02,VIP
C03447,58,Female,Jaipur,Rajasthan,2023-12-08,Regular
C03448,52,Female,Visakhapatnam,Andhra Pradesh,2024-07-19,New
C03449,58,Other,Visakhapatnam,Andhra Pradesh,2023-08-11,New
C03450,28,Female,Kolkata,West Bengal,2023-06-11,VIP
C03451,69,Female,Hyderabad,Telangana,2024-06-03,New
C03452,44,Other,Bengaluru,Karnataka,2024-07-30,VIP
C03453,26,Other,Ahmedabad,Gujarat,2024-04-03,Regular
C03454,44,Female,Mumbai,Maharashtra,2024-04-11,Regular
C03455,42,Female,,Kerala,2024-06-28,Regular
C03456,60,Female,Gurugram,Haryana,2023-10-30,New
C03457,31,Other,Mumbai,Maharashtra,2023-05-19,New
C03458,68,Other,Mumbai,Maharashtra,2025-09-12,Regular
C03459,66,Female,Kochi,Kerala,2025-01-27,Regular
C03460,43,Male,Delhi,Delhi,2023-03-14,Regular
C03461,59,Female,Vijayawada,Andhra Pradesh,2025-01-16,Regular
C03462,30,Male,Bhubaneswar,Odisha,2022-04-15,Regular
C03463,42,Other,Pune,Maharashtra,2025-09-12,Regular
C03464,19,Other,Pune,Maharashtra,2024-06-26,New
C03465,60,Male,Kolkata,West Bengal,2025-03-08,Regular
C03466,43,Other,Visakhapatnam,Andhra Pradesh,2025-08-06,New
C03467,38,Female,Visakhapatnam,Andhra Pradesh,2024-04-22,New
C03468,38,Other,Visakhapatnam,Andhra Pradesh,2024-09-23,VIP
C03469,24,Male,Bengaluru,Karnataka,2025-10-16,New
C03470,21,Female,Hyderabad,Telangana,2022-01-18,New
C03471,30,Other,Gurugram,Haryana,2024-01-01,New
C03472,22,Female,Mumbai,Maharashtra,2023-09-22,VIP
C03473,46,Female,Gurugram,Haryana,2025-04-09,Regular
C03474,37,Male,Pune,Maharashtra,2023-08-17,VIP
C03475,28,Female,Pune,Maharashtra,2022-11-08,New
C03476,53,Other,Bhubaneswar,Odisha,2022-11-21,VIP
C03477,35,Other,Coimbatore,Tamil Nadu,2025-12-04,New
C03478,27,Female,Vijayawada,Andhra Pradesh,2025-09-21,New
C03479,42,Female,Bengaluru,Karnataka,2022-10-05,Regular
C03480,67,Male,Coimbatore,Tamil Nadu,2022-12-16,VIP
C03481,55,Other,Lucknow,Uttar Pradesh,2024-06-22,New
C03482,49,Other,Kochi,Kerala,2022-02-10,VIP
C03483,23,Female,Lucknow,Uttar Pradesh,2023-11-27,New
C03484,57,Female,Pune,Maharashtra,2022-10-04,VIP
C03485,25,Other,Kolkata,West Bengal,2022-11-03,New
C03486,63,Male,Gurugram,Haryana,2023-08-22,Regular
C03487,57,Other,Coimbatore,Tamil Nadu,2022-02-02,Regular
C03488,34,Male,Pune,Maharashtra,2024-01-18,VIP
C03489,19,Female,Jaipur,Rajasthan,2024-12-01,Regular
C03490,59,Male,Pune,Maharashtra,2022-04-17,VIP
C03491,46,Female,Delhi,Delhi,2023-06-23,Regular
C03492,65,Other,Bengaluru,Karnataka,2023-07-13,Regular
C03493,53,Male,Chennai,Tamil Nadu,2023-11-13,New
C03494,19,Female,Hyderabad,Telangana,2025-03-20,Regular
C03495,42,Female,Mumbai,Maharashtra,2024-08-20,New
C03496,42,Female,Jaipur,Rajasthan,2025-11-28,Regular
C03497,63,Female,Bhubaneswar,Odisha,2024-04-13,New
C03498,53,Male,Lucknow,Uttar Pradesh,2023-06-20,Regular
C03499,23,Female,Delhi,Delhi,2023-07-01,VIP
C03500,38,Other,Chennai,Tamil Nadu,2025-09-26,New
C03501,69,Male,Hyderabad,Telangana,2022-09-21,New
C03502,41,Male,Chennai,Tamil Nadu,2022-12-29,New
C03503,22,Male,Ahmedabad,Gujarat,2022-06-28,VIP
C03504,57,Male,Hyderabad,Telangana,2023-11-30,New
C03505,39,Other,Kochi,Kerala,2025-07-16,New
C03506,63,Male,Vijayawada,Andhra Pradesh,2022-04-26,New
C03507,23,Other,Chennai,Tamil Nadu,2023-01-16,New
C03508,68,Other,Hyderabad,Telangana,2024-06-05,New
C03509,63,Male,Mumbai,Maharashtra,2022-04-13,Regular
C03510,51,Male,Gurugram,Haryana,2025-07-04,Regular
C03511,49,Other,Mumbai,Maharashtra,2025-12-21,VIP
C03512,36,Other,Pune,Maharashtra,2024-08-18,VIP
C03513,29,Other,Bengaluru,Karnataka,2024-06-25,New
C03514,30,Female,Chennai,Tamil Nadu,2022-12-27,New
C03515,25,Other,Mumbai,Maharashtra,2025-12-04,New
C03516,38,Male,Mumbai,Maharashtra,2023-01-19,New
C03517,55,Female,Kolkata,West Bengal,2025-07-25,VIP
C03518,58,Female,Bhubaneswar,Odisha,2024-11-03,New
C03519,70,Female,Bhubaneswar,Odisha,2023-05-29,VIP
C03520,18,Other,Ahmedabad,Gujarat,2024-12-22,VIP
C03521,66,Male,Jaipur,Rajasthan,2023-07-31,New
C03522,49,Female,Bengaluru,Karnataka,2022-05-09,VIP
C03523,66,Female,Bengaluru,Karnataka,2025-06-23,New
C03524,65,Other,Kochi,Kerala,2022-01-25,New
C03525,67,Female,Gurugram,Haryana,2025-04-19,VIP
C03526,34,Other,Chennai,Tamil Nadu,2025-03-11,Regular
C03527,65,Female,Kochi,Kerala,2024-01-04,Regular
C03528,66,Female,Coimbatore,Tamil Nadu,2023-09-07,Regular
C03529,55,Male,Mumbai,Maharashtra,2023-04-13,New
C03530,47,Female,Lucknow,Uttar Pradesh,2024-04-19,Regular
C03531,47,Female,Kolkata,West Bengal,2024-08-07,New
C03532,44,Male,Visakhapatnam,Andhra Pradesh,2024-02-29,New
C03533,58,Male,Gurugram,Haryana,2024-02-21,Regular
C03534,45,Other,Lucknow,Uttar Pradesh,2022-01-29,New
C03535,29,Male,Visakhapatnam,Andhra Pradesh,2025-04-29,New
C03536,48,Male,Hyderabad,Telangana,2024-03-12,Regular
C03537,19,Female,Gurugram,Haryana,2023-02-10,Regular
C03538,53,Female,Pune,Maharashtra,2023-09-14,New
C03539,56,Other,Mumbai,Maharashtra,2024-09-23,Regular
C03540,28,Female,Bhubaneswar,Odisha,2024-06-10,VIP
C03541,24,Male,Bengaluru,Karnataka,2023-12-25,Regular
C03542,36,Male,Coimbatore,Tamil Nadu,2025-05-29,New
C03543,44,Female,Coimbatore,Tamil Nadu,2023-03-20,New
C03544,28,Female,Delhi,Delhi,2025-07-17,VIP
C03545,57,Female,Delhi,Delhi,2025-11-01,VIP
C03546,26,Other,Vijayawada,Andhra Pradesh,2025-05-11,Regular
C03547,69,Other,Gurugram,Haryana,2024-02-04,New
C03548,48,Male,Lucknow,Uttar Pradesh,2025-03-03,New
C03549,44,Male,Kochi,Kerala,2024-01-28,New
C03550,32,Female,Gurugram,Haryana,2025-11-10,VIP
C03551,53,Female,Coimbatore,Tamil Nadu,2023-07-29,VIP
C03552,30,Male,Gurugram,Haryana,2025-12-01,Regular
C03553,55,Other,Ahmedabad,Gujarat,2025-12-21,New
C03554,54,Female,Ahmedabad,Gujarat,2024-09-27,New
C03555,24,Female,Gurugram,Haryana,2024-11-12,New
C03556,51,Female,Gurugram,Haryana,2022-06-16,Regular
C03557,46,Female,Jaipur,Rajasthan,2022-05-18,New
C03558,27,Female,Jaipur,Rajasthan,2025-12-28,New
C03559,32,Other,Coimbatore,Tamil Nadu,2023-05-21,New
C03560,70,Other,Gurugram,Haryana,2023-12-31,Regular
C03561,38,Female,Visakhapatnam,Andhra Pradesh,2023-07-13,Regular
C03562,30,Other,Mumbai,Maharashtra,2025-08-15,VIP
C03563,64,Male,Vijayawada,Andhra Pradesh,2023-08-29,VIP
C03564,69,Other,Mumbai,Maharashtra,2024-12-08,Regular
C03565,45,Other,Ahmedabad,Gujarat,2024-02-10,New
C03566,31,Male,Delhi,Delhi,2023-06-19,Regular
C03567,59,Other,Hyderabad,Telangana,2022-03-01,Regular
C03568,47,Male,Chennai,Tamil Nadu,2024-01-25,Regular
C03569,28,Other,Kolkata,West Bengal,2025-02-11,Regular
C03570,35,Female,Gurugram,Haryana,2022-08-09,Regular
C03571,56,Female,Mumbai,Maharashtra,2025-12-17,Regular
C03572,26,Female,Pune,Maharashtra,2025-04-16,New
C03573,38,Other,Vijayawada,Andhra Pradesh,2022-04-18,Regular
C03574,38,Other,Lucknow,Uttar Pradesh,2022-10-18,Regular
C03575,45,Other,Hyderabad,Telangana,2025-07-11,Regular
C03576,38,Other,Kolkata,West Bengal,2022-12-31,New
C03577,54,Other,Delhi,Delhi,2023-10-26,New
C03578,49,Male,Bengaluru,Karnataka,2022-09-28,New
C03579,24,Other,Visakhapatnam,Andhra Pradesh,2022-11-07,New
C03580,66,Female,Ahmedabad,Gujarat,2022-07-08,Regular
C03581,44,Female,Gurugram,Haryana,2022-06-16,New
C03582,52,Male,Coimbatore,Tamil Nadu,2024-03-31,VIP
C03583,68,Female,Bhubaneswar,Odisha,2025-08-07,VIP
C03584,70,Male,Visakhapatnam,Andhra Pradesh,2025-01-27,New
C03585,25,Female,Kochi,Kerala,2022-11-22,New
C03586,59,Other,Ahmedabad,Gujarat,2022-04-26,VIP
C03587,59,Other,Hyderabad,Telangana,2022-04-18,New
C03588,20,Male,Coimbatore,Tamil Nadu,2022-03-28,New
C03589,50,Female,Visakhapatnam,Andhra Pradesh,2022-10-09,Regular
C03590,60,Female,Kolkata,West Bengal,2025-07-23,New
C03591,19,Other,Delhi,Delhi,2024-10-05,VIP
C03592,22,Male,Bhubaneswar,Odisha,2025-01-31,New
C03593,32,Other,Bengaluru,Karnataka,2023-03-04,Regular
C03594,62,Male,Hyderabad,Telangana,2023-12-17,VIP
C03595,28,Female,Lucknow,Uttar Pradesh,2024-11-08,New
C03596,18,Other,Visakhapatnam,Andhra Pradesh,2025-01-03,VIP
C03597,53,Female,Delhi,Delhi,2023-06-29,VIP
C03598,30,Other,Kolkata,West Bengal,2022-11-24,Regular
C03599,38,Female,Gurugram,Haryana,2023-02-05,Regular
C03600,36,Female,Vijayawada,Andhra Pradesh,2025-08-25,New
C03601,59,Other,Kochi,Kerala,2025-05-20,VIP
C03602,29,Male,Kolkata,West Bengal,2023-02-24,New
C03603,65,Male,Kolkata,West Bengal,2022-08-07,New
C03604,61,Male,Delhi,Delhi,2025-11-13,VIP
C03605,47,Male,Delhi,Delhi,2024-01-10,VIP
C03606,34,Male,Ahmedabad,Gujarat,2025-03-06,VIP
C03607,18,Male,Hyderabad,Telangana,2023-09-27,New
C03608,49,Other,Gurugram,Haryana,2023-02-27,Regular
C03609,43,Other,Gurugram,Haryana,2024-07-26,New
C03610,53,Other,Coimbatore,Tamil Nadu,2024-09-10,Regular
C03611,57,Male,Ahmedabad,Gujarat,2022-06-09,New
C03612,21,Male,Hyderabad,Telangana,2025-06-22,Regular
C03613,46,Female,Hyderabad,Telangana,2023-09-14,VIP
C03614,21,Female,Pune,Maharashtra,2022-07-19,New
C03615,65,Female,Mumbai,Maharashtra,2024-05-16,New
C03616,59,Male,Jaipur,Rajasthan,2024-05-05,Regular
C03617,37,Male,Bengaluru,Karnataka,2022-09-03,Regular
C03618,25,Other,Kochi,Kerala,2023-02-24,VIP
C03619,29,Male,Hyderabad,Telangana,2024-09-02,New
C03620,47,Other,Chennai,Tamil Nadu,2023-04-26,VIP
C03621,19,Other,Jaipur,Rajasthan,2023-07-08,VIP
C03622,64,Other,Coimbatore,Tamil Nadu,2022-05-10,New
C03623,43,Other,Mumbai,Maharashtra,2022-05-14,Regular
C03624,49,Female,Hyderabad,Telangana,2022-03-18,Regular
C03625,18,Other,Bhubaneswar,Odisha,2022-12-25,New
C03626,63,Female,Chennai,Tamil Nadu,2023-07-30,VIP
C03627,69,Female,Coimbatore,Tamil Nadu,2023-02-20,New
C03628,33,Other,Jaipur,Rajasthan,2023-01-21,Regular
C03629,20,Other,Hyderabad,Telangana,2025-08-24,Regular
C03630,63,Other,Coimbatore,Tamil Nadu,2023-04-20,New
C03631,23,Other,Delhi,Delhi,2024-01-16,Regular
C03632,52,Male,Kochi,Kerala,2024-08-25,Regular
C03633,52,Male,Lucknow,Uttar Pradesh,2025-02-02,Regular
C03634,29,Other,Lucknow,Uttar Pradesh,2024-04-13,Regular
C03635,40,Female,Lucknow,Uttar Pradesh,2024-08-15,New
C03636,52,Female,Coimbatore,Tamil Nadu,2025-10-15,Regular
C03637,56,Female,Bhubaneswar,Odisha,2022-06-27,New
C03638,59,Female,Gurugram,Haryana,2024-01-05,Regular
C03639,39,Other,Pune,Maharashtra,2022-03-29,VIP
C03640,39,Other,Visakhapatnam,Andhra Pradesh,2025-05-11,VIP
C03641,26,Male,Pune,Maharashtra,2025-03-20,VIP
C03642,70,Female,Kolkata,West Bengal,2022-06-17,New
C03643,24,Other,Bengaluru,Karnataka,2024-11-30,New
C03644,60,Male,Jaipur,Rajasthan,2025-02-01,VIP
C03645,63,Female,Ahmedabad,Gujarat,2025-11-01,Regular
C03646,64,Female,Vijayawada,Andhra Pradesh,2023-10-29,VIP
C03647,60,Female,Kolkata,West Bengal,2024-12-07,New
C03648,62,Male,Lucknow,Uttar Pradesh,2024-04-15,New
C03649,62,Male,Kochi,Kerala,2022-11-15,VIP
C03650,69,Male,Hyderabad,Telangana,2024-10-30,Regular
C03651,62,Female,Visakhapatnam,Andhra Pradesh,2022-05-28,New
C03652,70,Male,Kolkata,West Bengal,2023-09-13,VIP
C03653,19,Male,,Andhra Pradesh,2023-01-27,New
C03654,31,Male,Delhi,Delhi,2022-09-05,VIP
C03655,34,Female,Chennai,Tamil Nadu,2022-05-18,New
C03656,60,Female,Bhubaneswar,Odisha,2024-01-03,New
C03657,42,Female,Delhi,Delhi,2023-12-04,New
C03658,57,Other,Delhi,Delhi,2024-05-27,Regular
C03659,49,Male,Bengaluru,Karnataka,2025-10-22,Regular
C03660,19,Female,Gurugram,Haryana,2023-12-21,VIP
C03661,66,Other,Coimbatore,Tamil Nadu,2024-02-25,New
C03662,55,Other,Bhubaneswar,Odisha,2025-11-11,Regular
C03663,42,Male,Coimbatore,Tamil Nadu,2022-02-25,Regular
C03664,34,Other,Chennai,Tamil Nadu,2024-08-30,New
C03665,64,Other,Chennai,Tamil Nadu,2023-05-18,VIP
C03666,42,Other,Vijayawada,Andhra Pradesh,2024-07-20,Regular
C03667,48,Male,Ahmedabad,Gujarat,2025-05-21,Regular
C03668,67,Other,Delhi,Delhi,2025-02-05,Regular
C03669,44,Male,Mumbai,Maharashtra,2025-06-10,New
C03670,61,Male,Visakhapatnam,Andhra Pradesh,2025-04-30,VIP
C03671,50,Male,Kochi,Kerala,2022-05-22,Regular
C03672,54,Female,Jaipur,Rajasthan,2025-11-28,VIP
C03673,55,Male,Bengaluru,Karnataka,2023-06-03,VIP
C03674,46,Female,Coimbatore,Tamil Nadu,2022-12-23,New
C03675,56,Female,Bengaluru,Karnataka,2023-08-18,Regular
C03676,27,Male,Vijayawada,Andhra Pradesh,2025-11-07,New
C03677,33,Male,Coimbatore,Tamil Nadu,2024-09-22,Regular
C03678,20,Female,Pune,Maharashtra,2024-02-11,New
C03679,61,Other,Ahmedabad,Gujarat,2023-11-28,Regular
C03680,69,Other,Ahmedabad,Gujarat,2024-06-29,New
C03681,26,Male,Vijayawada,Andhra Pradesh,2022-12-03,VIP
C03682,49,Female,Hyderabad,Telangana,2024-06-16,VIP
C03683,63,Other,Bhubaneswar,Odisha,2022-02-12,VIP
C03684,52,Male,Lucknow,Uttar Pradesh,2025-07-24,Regular
C03685,35,Female,Coimbatore,Tamil Nadu,2022-03-10,VIP
C03686,22,Male,Bhubaneswar,Odisha,2022-05-18,Regular
C03687,43,Other,Lucknow,Uttar Pradesh,2024-08-30,New
C03688,19,Male,Visakhapatnam,Andhra Pradesh,2022-09-05,New
C03689,30,Female,Pune,Maharashtra,2025-09-23,VIP
C03690,34,Female,Lucknow,Uttar Pradesh,2025-02-15,New
C03691,44,Male,,Maharashtra,2025-04-07,VIP
C03692,30,Male,Bengaluru,Karnataka,2023-04-21,Regular
C03693,43,Male,Visakhapatnam,Andhra Pradesh,2025-12-07,Regular
C03694,68,Male,Bengaluru,Karnataka,2024-11-10,New
C03695,51,Male,Jaipur,Rajasthan,2025-04-14,Regular
C03696,33,Female,Visakhapatnam,Andhra Pradesh,2023-10-17,New
C03697,48,Female,Mumbai,Maharashtra,2025-09-21,Regular
C03698,29,Female,Mumbai,Maharashtra,2022-07-22,VIP
C03699,60,Male,Chennai,Tamil Nadu,2022-10-27,VIP
C03700,48,Other,Visakhapatnam,Andhra Pradesh,2022-05-20,New
C03701,58,Female,Pune,Maharashtra,2023-05-21,VIP
C03702,70,Female,Lucknow,Uttar Pradesh,2023-04-07,Regular
C03703,20,Female,Bengaluru,Karnataka,2024-06-03,Regular
C03704,60,Other,Hyderabad,Telangana,2023-01-30,Regular
C03705,56,Male,Kolkata,West Bengal,2024-07-10,VIP
C03706,57,Other,Visakhapatnam,Andhra Pradesh,2024-09-08,Regular
C03707,56,Other,Pune,Maharashtra,2023-05-10,Regular
C03708,45,Other,Coimbatore,Tamil Nadu,2022-06-03,New
C03709,53,Male,Bhubaneswar,Odisha,2022-05-16,VIP
C03710,20,Female,Visakhapatnam,Andhra Pradesh,2025-08-06,Regular
C03711,47,Other,Kolkata,West Bengal,2023-07-30,Regular
C03712,56,Female,Delhi,Delhi,2025-01-01,Regular
C03713,49,Female,Coimbatore,Tamil Nadu,2024-11-13,VIP
C03714,39,Male,Visakhapatnam,Andhra Pradesh,2024-08-19,VIP
C03715,52,Other,Coimbatore,Tamil Nadu,2023-12-03,VIP
C03716,58,Female,Chennai,Tamil Nadu,2023-05-31,Regular
C03717,50,Male,Delhi,Delhi,2025-05-02,Regular
C03718,54,Male,Gurugram,Haryana,2023-05-06,Regular
C03719,70,Female,Delhi,Delhi,2023-01-28,VIP
C03720,34,Other,Bhubaneswar,Odisha,2023-07-25,Regular
C03721,68,Male,,Maharashtra,2025-06-09,VIP
C03722,61,Other,Delhi,Delhi,2023-01-25,Regular
C03723,69,Female,Gurugram,Haryana,2023-02-23,VIP
C03724,64,Other,Pune,Maharashtra,2022-08-29,Regular
C03725,56,Other,Ahmedabad,Gujarat,2023-02-26,Regular
C03726,69,Female,Pune,Maharashtra,2025-08-19,Regular
C03727,48,Other,Ahmedabad,Gujarat,2024-03-13,Regular
C03728,39,Male,Kochi,Kerala,2025-01-05,Regular
C03729,25,Female,Chennai,Tamil Nadu,2023-06-02,VIP
C03730,22,Male,Kolkata,West Bengal,2022-01-07,Regular
C03731,53,Other,Coimbatore,Tamil Nadu,2024-07-20,Regular
C03732,35,Male,,Odisha,2023-02-12,Regular
C03733,24,Female,Coimbatore,Tamil Nadu,2025-05-04,Regular
C03734,25,Male,Kolkata,West Bengal,2023-10-04,New
C03735,66,Male,Vijayawada,Andhra Pradesh,2024-01-11,New
C03736,24,Other,Chennai,Tamil Nadu,2023-07-23,VIP
C03737,68,Male,Jaipur,Rajasthan,2022-09-18,VIP
C03738,20,Other,Bhubaneswar,Odisha,2023-02-24,VIP
C03739,25,Female,Bengaluru,Karnataka,2022-01-21,VIP
C03740,45,Male,Jaipur,Rajasthan,2023-08-06,New
C03741,56,Other,Ahmedabad,Gujarat,2025-06-20,Regular
C03742,27,Male,Lucknow,Uttar Pradesh,2023-04-30,VIP
C03743,28,Female,Gurugram,Haryana,2023-03-27,New
C03744,23,Other,Hyderabad,Telangana,2022-11-25,VIP
C03745,25,Male,Jaipur,Rajasthan,2024-09-22,New
C03746,33,Female,Bhubaneswar,Odisha,2023-03-29,VIP
C03747,32,Female,Pune,Maharashtra,2022-12-22,New
C03748,60,Female,Hyderabad,Telangana,2023-05-05,Regular
C03749,31,Male,Kolkata,West Bengal,2024-07-02,New
C03750,63,Female,Chennai,Tamil Nadu,2024-04-16,Regular
C03751,57,Female,Visakhapatnam,Andhra Pradesh,2024-02-27,New
C03752,61,Female,Jaipur,Rajasthan,2023-02-25,Regular
C03753,19,Female,Gurugram,Haryana,2023-10-22,VIP
C03754,56,Male,Kolkata,West Bengal,2024-06-24,Regular
C03755,22,Other,Visakhapatnam,Andhra Pradesh,2025-12-11,VIP
C03756,68,Female,Kolkata,West Bengal,2022-12-11,New
C03757,40,Female,Mumbai,Maharashtra,2023-10-06,Regular
C03758,32,Female,Ahmedabad,Gujarat,2023-08-19,VIP
C03759,61,Other,Coimbatore,Tamil Nadu,2022-02-19,New
C03760,63,Male,Chennai,Tamil Nadu,2024-07-15,Regular
C03761,42,Male,Lucknow,Uttar Pradesh,2024-01-07,Regular
C03762,45,Male,Bhubaneswar,Odisha,2024-07-01,Regular
C03763,32,Female,Jaipur,Rajasthan,2023-12-15,Regular
C03764,28,Male,Jaipur,Rajasthan,2024-09-07,New
C03765,42,Female,Mumbai,Maharashtra,2022-03-16,New
C03766,63,Male,Ahmedabad,Gujarat,2022-07-04,New
C03767,23,Other,Bengaluru,Karnataka,2023-05-28,Regular
C03768,36,Male,Kochi,Kerala,2022-11-02,Regular
C03769,32,Female,Jaipur,Rajasthan,2023-01-16,Regular
C03770,22,Male,Pune,Maharashtra,2024-12-02,New
C03771,59,Other,Bengaluru,Karnataka,2025-03-18,New
C03772,48,Female,Delhi,Delhi,2025-01-27,New
C03773,69,Male,Ahmedabad,Gujarat,2022-02-05,VIP
C03774,67,Male,Chennai,Tamil Nadu,2022-05-18,Regular
C03775,25,Female,Pune,Maharashtra,2024-12-29,VIP
C03776,27,Other,Lucknow,Uttar Pradesh,2023-01-02,New
C03777,38,Male,,Gujarat,2022-01-18,Regular
C03778,50,Male,Hyderabad,Telangana,2024-10-22,Regular
C03779,21,Female,Visakhapatnam,Andhra Pradesh,2022-12-09,New
C03780,56,Female,Visakhapatnam,Andhra Pradesh,2023-05-11,VIP
C03781,33,Female,Jaipur,Rajasthan,2024-08-05,New
C03782,28,Other,Vijayawada,Andhra Pradesh,2023-05-24,VIP
C03783,42,Male,Bengaluru,Karnataka,2022-05-18,New
C03784,51,Female,Delhi,Delhi,2024-08-01,VIP
C03785,52,Other,Kolkata,West Bengal,2025-02-01,Regular
C03786,51,Female,Kochi,Kerala,2025-08-18,VIP
C03787,51,Female,Kolkata,West Bengal,2023-05-30,New
C03788,69,Male,Coimbatore,Tamil Nadu,2022-09-16,New
C03789,41,Female,Chennai,Tamil Nadu,2025-05-13,New
C03790,42,Female,Bhubaneswar,Odisha,2024-02-23,Regular
C03791,49,Male,Hyderabad,Telangana,2023-10-07,New
C03792,67,Other,Mumbai,Maharashtra,2024-06-10,New
C03793,68,Other,Kochi,Kerala,2025-04-24,New
C03794,33,Male,Delhi,Delhi,2024-03-22,New
C03795,34,Female,Ahmedabad,Gujarat,2024-06-18,Regular
C03796,47,Female,Kochi,Kerala,2025-12-30,New
C03797,44,Male,Kochi,Kerala,2022-09-25,New
C03798,24,Female,Visakhapatnam,Andhra Pradesh,2025-08-03,Regular
C03799,47,Female,Bengaluru,Karnataka,2023-12-19,VIP
C03800,56,Female,Bhubaneswar,Odisha,2022-06-09,Regular
C03801,48,Male,Coimbatore,Tamil Nadu,2022-03-24,Regular
C03802,37,Other,Gurugram,Haryana,2023-02-01,New
C03803,27,Other,Hyderabad,Telangana,2022-07-27,VIP
C03804,19,Other,Jaipur,Rajasthan,2022-05-03,New
C03805,46,Female,Lucknow,Uttar Pradesh,2022-02-19,Regular
C03806,57,Female,Kochi,Kerala,2023-12-12,Regular
C03807,69,Other,Lucknow,Uttar Pradesh,2022-04-15,VIP
C03808,66,Female,Vijayawada,Andhra Pradesh,2024-06-16,Regular
C03809,67,Other,Bengaluru,Karnataka,2025-09-26,VIP
C03810,70,Female,Chennai,Tamil Nadu,2022-11-11,Regular
C03811,35,Male,Kochi,Kerala,2025-07-24,New
C03812,57,Female,Mumbai,Maharashtra,2022-07-10,Regular
C03813,20,Male,Kolkata,West Bengal,2023-03-28,Regular
C03814,30,Female,Hyderabad,Telangana,2022-09-30,VIP
C03815,69,Male,Mumbai,Maharashtra,2024-05-05,Regular
C03816,18,Male,Jaipur,Rajasthan,2023-03-08,New
C03817,64,Female,Bengaluru,Karnataka,2023-06-28,New
C03818,28,Other,Ahmedabad,Gujarat,2024-08-17,Regular
C03819,60,Female,Vijayawada,Andhra Pradesh,2022-06-13,Regular
C03820,34,Other,Lucknow,Uttar Pradesh,2024-08-18,VIP
C03821,60,Female,Gurugram,Haryana,2025-07-17,VIP
C03822,61,Other,Visakhapatnam,Andhra Pradesh,2025-09-29,VIP
C03823,67,Male,Jaipur,Rajasthan,2025-05-01,New
C03824,48,Female,Hyderabad,Telangana,2024-06-07,Regular
C03825,64,Female,Delhi,Delhi,2024-10-18,New
C03826,24,Male,Delhi,Delhi,2023-06-12,VIP
C03827,33,Female,Ahmedabad,Gujarat,2023-03-25,New
C03828,52,Other,Vijayawada,Andhra Pradesh,2025-11-29,Regular
C03829,44,Other,Bhubaneswar,Odisha,2024-03-29,Regular
C03830,33,Male,Delhi,Delhi,2022-06-16,VIP
C03831,22,Female,Coimbatore,Tamil Nadu,2025-09-19,New
C03832,70,Female,Bhubaneswar,Odisha,2024-04-11,New
C03833,19,Female,Bhubaneswar,Odisha,2024-08-27,Regular
C03834,33,Female,Vijayawada,Andhra Pradesh,2023-09-23,Regular
C03835,31,Female,Kolkata,West Bengal,2025-04-20,Regular
C03836,33,Other,Ahmedabad,Gujarat,2023-08-10,New
C03837,56,Female,Gurugram,Haryana,2022-11-23,VIP
C03838,24,Male,Kolkata,West Bengal,2022-06-19,New
C03839,52,Female,Hyderabad,Telangana,2022-11-04,Regular
C03840,59,Male,Chennai,Tamil Nadu,2025-11-29,New
C03841,29,Male,Hyderabad,Telangana,2024-08-23,New
C03842,61,Other,Delhi,Delhi,2024-01-22,VIP
C03843,54,Male,Lucknow,Uttar Pradesh,2025-09-26,New
C03844,39,Male,Pune,Maharashtra,2023-09-27,New
C03845,57,Male,Chennai,Tamil Nadu,2022-03-22,New
C03846,70,Female,Pune,Maharashtra,2024-03-11,New
C03847,36,Other,Jaipur,Rajasthan,2025-04-30,VIP
C03848,36,Male,Chennai,Tamil Nadu,2025-06-08,New
C03849,34,Male,Kochi,Kerala,2025-05-26,VIP
C03850,56,Male,Vijayawada,Andhra Pradesh,2024-10-13,VIP
C03851,43,Female,Delhi,Delhi,2022-03-07,VIP
C03852,48,Female,Pune,Maharashtra,2025-11-24,Regular
C03853,59,Other,Delhi,Delhi,2023-08-25,Regular
C03854,68,Female,Bhubaneswar,Odisha,2023-04-27,VIP
C03855,33,Female,Gurugram,Haryana,2023-03-08,New
C03856,23,Male,Visakhapatnam,Andhra Pradesh,2022-03-17,VIP
C03857,24,Female,Vijayawada,Andhra Pradesh,2022-10-30,New
C03858,36,Female,Visakhapatnam,Andhra Pradesh,2022-05-31,VIP
C03859,33,Other,Gurugram,Haryana,2025-04-01,Regular
C03860,25,Other,Bhubaneswar,Odisha,2024-04-19,VIP
C03861,31,Female,Delhi,Delhi,2025-12-23,VIP
C03862,28,Female,Bengaluru,Karnataka,2024-01-16,New
C03863,21,Male,Lucknow,Uttar Pradesh,2022-05-16,Regular
C03864,70,Female,Kolkata,West Bengal,2023-01-18,Regular
C03865,38,Female,Kolkata,West Bengal,2025-12-23,New
C03866,45,Other,Gurugram,Haryana,2025-12-19,Regular
C03867,68,Male,Pune,Maharashtra,2022-01-16,Regular
C03868,49,Female,Bhubaneswar,Odisha,2022-07-10,New
C03869,33,Other,Bengaluru,Karnataka,2022-10-15,VIP
C03870,30,Other,Coimbatore,Tamil Nadu,2023-07-24,New
C03871,67,Male,Bhubaneswar,Odisha,2022-03-20,VIP
C03872,39,Other,Lucknow,Uttar Pradesh,2025-12-27,Regular
C03873,24,Female,Gurugram,Haryana,2022-01-06,VIP
C03874,27,Female,Mumbai,Maharashtra,2023-03-09,VIP
C03875,43,Other,Jaipur,Rajasthan,2024-12-23,VIP
C03876,67,Other,Mumbai,Maharashtra,2024-06-09,New
C03877,53,Female,Kochi,Kerala,2025-04-25,VIP
C03878,36,Female,Kochi,Kerala,2022-04-02,New
C03879,58,Male,Bhubaneswar,Odisha,2025-04-21,Regular
C03880,56,Other,Bhubaneswar,Odisha,2024-08-07,New
C03881,32,Female,Gurugram,Haryana,2025-04-25,Regular
C03882,20,Male,Delhi,Delhi,2025-08-28,VIP
C03883,34,Male,Jaipur,Rajasthan,2024-03-19,VIP
C03884,32,Female,Ahmedabad,Gujarat,2022-03-25,New
C03885,45,Male,Kolkata,West Bengal,2022-01-05,New
C03886,70,Other,Jaipur,Rajasthan,2025-01-01,Regular
C03887,64,Other,Hyderabad,Telangana,2024-10-24,Regular
C03888,55,Male,Bengaluru,Karnataka,2024-10-14,VIP
C03889,33,Female,Delhi,Delhi,2022-08-26,VIP
C03890,52,Other,Gurugram,Haryana,2022-12-29,New
C03891,45,Male,Hyderabad,Telangana,2025-11-04,Regular
C03892,19,Male,Ahmedabad,Gujarat,2024-09-09,New
C03893,60,Female,Jaipur,Rajasthan,2022-12-13,VIP
C03894,28,Female,Jaipur,Rajasthan,2024-05-01,New
C03895,24,Female,Pune,Maharashtra,2024-01-11,Regular
C03896,27,Male,Chennai,Tamil Nadu,2022-06-06,New
C03897,67,Female,Ahmedabad,Gujarat,2022-05-16,New
C03898,39,Male,Vijayawada,Andhra Pradesh,2024-07-13,VIP
C03899,25,Female,Kochi,Kerala,2024-11-12,VIP
C03900,40,Male,Jaipur,Rajasthan,2022-06-20,Regular
C03901,69,Male,Pune,Maharashtra,2024-03-05,VIP
C03902,57,Male,Jaipur,Rajasthan,2022-02-07,New
C03903,39,Male,Pune,Maharashtra,2022-10-26,VIP
C03904,66,Other,Mumbai,Maharashtra,2024-09-07,Regular
C03905,42,Female,Hyderabad,Telangana,2023-11-28,New
C03906,28,Male,Kolkata,West Bengal,2023-03-11,VIP
C03907,65,Other,Coimbatore,Tamil Nadu,2025-04-15,New
C03908,67,Female,Ahmedabad,Gujarat,2025-09-07,VIP
C03909,38,Other,Kochi,Kerala,2024-03-04,Regular
C03910,20,Female,Mumbai,Maharashtra,2022-03-27,New
C03911,40,Male,Hyderabad,Telangana,2025-03-15,VIP
C03912,39,Female,Lucknow,Uttar Pradesh,2025-08-21,VIP
C03913,47,Male,Hyderabad,Telangana,2023-10-08,New
C03914,51,Other,Vijayawada,Andhra Pradesh,2025-05-02,New
C03915,49,Other,Visakhapatnam,Andhra Pradesh,2024-08-27,VIP
C03916,57,Male,Gurugram,Haryana,2022-09-03,VIP
C03917,37,Other,Gurugram,Haryana,2023-05-19,Regular
C03918,24,Male,Delhi,Delhi,2022-03-21,Regular
C03919,34,Female,,Andhra Pradesh,2025-11-26,New
C03920,44,Male,Jaipur,Rajasthan,2023-11-28,VIP
C03921,49,Female,Lucknow,Uttar Pradesh,2022-06-03,VIP
C03922,19,Male,Delhi,Delhi,2024-04-13,Regular
C03923,63,Male,Gurugram,Haryana,2023-01-14,New
C03924,25,Male,Vijayawada,Andhra Pradesh,2024-01-13,Regular
C03925,25,Male,Gurugram,Haryana,2023-10-14,VIP
C03926,69,Male,Mumbai,Maharashtra,2025-04-07,New
C03927,37,Other,Bengaluru,Karnataka,2023-07-21,VIP
C03928,53,Other,Chennai,Tamil Nadu,2025-12-30,VIP
C03929,60,Female,Delhi,Delhi,2025-02-05,New
C03930,37,Female,Kolkata,West Bengal,2022-03-25,New
C03931,65,Male,Gurugram,Haryana,2023-07-06,New
C03932,55,Male,Chennai,Tamil Nadu,2022-07-13,New
C03933,48,Female,Coimbatore,Tamil Nadu,2022-03-29,Regular
C03934,28,Other,Vijayawada,Andhra Pradesh,2023-06-26,VIP
C03935,39,Male,Ahmedabad,Gujarat,2022-06-17,New
C03936,69,Male,Vijayawada,Andhra Pradesh,2025-07-15,Regular
C03937,26,Male,Mumbai,Maharashtra,2025-12-21,VIP
C03938,18,Other,Ahmedabad,Gujarat,2024-04-15,VIP
C03939,68,Other,Jaipur,Rajasthan,2025-03-27,New
C03940,33,Male,Coimbatore,Tamil Nadu,2025-01-26,Regular
C03941,60,Female,Mumbai,Maharashtra,2025-06-09,New
C03942,26,Female,Delhi,Delhi,2023-12-07,VIP
C03943,36,Female,Bhubaneswar,Odisha,2025-03-30,New
C03944,44,Female,Vijayawada,Andhra Pradesh,2025-12-18,VIP
C03945,25,Female,Coimbatore,Tamil Nadu,2022-01-03,VIP
C03946,62,Male,Mumbai,Maharashtra,2023-06-03,VIP
C03947,55,Male,Pune,Maharashtra,2025-08-05,VIP
C03948,63,Male,Ahmedabad,Gujarat,2022-09-29,New
C03949,64,Male,Ahmedabad,Gujarat,2022-04-06,VIP
C03950,31,Female,Kolkata,West Bengal,2022-09-30,New
C03951,31,Other,Hyderabad,Telangana,2025-08-27,New
C03952,24,Female,Hyderabad,Telangana,2024-04-26,New
C03953,27,Other,Kochi,Kerala,2022-10-23,VIP
C03954,38,Female,Vijayawada,Andhra Pradesh,2024-01-26,Regular
C03955,60,Male,Jaipur,Rajasthan,2024-06-27,VIP
C03956,42,Female,Visakhapatnam,Andhra Pradesh,2023-02-28,New
C03957,49,Female,Ahmedabad,Gujarat,2024-09-30,Regular
C03958,18,Female,Bengaluru,Karnataka,2023-06-01,Regular
C03959,68,Male,Pune,Maharashtra,2022-05-06,VIP
C03960,36,Male,Kochi,Kerala,2024-12-09,Regular
C03961,27,Female,Vijayawada,Andhra Pradesh,2023-08-12,Regular
C03962,67,Male,Pune,Maharashtra,2024-05-22,Regular
C03963,47,Female,Chennai,Tamil Nadu,2025-04-16,Regular
C03964,30,Other,Ahmedabad,Gujarat,2024-07-09,Regular
C03965,35,Male,Coimbatore,Tamil Nadu,2024-03-10,Regular
C03966,26,Male,Ahmedabad,Gujarat,2024-06-16,New
C03967,32,Other,Coimbatore,Tamil Nadu,2024-02-27,VIP
C03968,35,Other,Visakhapatnam,Andhra Pradesh,2022-08-13,Regular
C03969,24,Female,Jaipur,Rajasthan,2025-11-13,VIP
C03970,19,Male,Delhi,Delhi,2024-04-06,VIP
C03971,36,Female,Vijayawada,Andhra Pradesh,2023-05-10,New
C03972,49,Other,Pune,Maharashtra,2025-07-09,New
C03973,38,Other,Visakhapatnam,Andhra Pradesh,2022-02-10,VIP
C03974,39,Male,Bhubaneswar,Odisha,2025-03-09,Regular
C03975,24,Other,Mumbai,Maharashtra,2023-01-19,Regular
C03976,62,Female,Bhubaneswar,Odisha,2023-05-30,VIP
C03977,43,Other,Mumbai,Maharashtra,2025-07-11,VIP
C03978,42,Female,Lucknow,Uttar Pradesh,2022-07-16,VIP
C03979,38,Male,Mumbai,Maharashtra,2023-05-17,Regular
C03980,66,Male,Lucknow,Uttar Pradesh,2024-08-23,VIP
C03981,32,Female,Gurugram,Haryana,2024-10-06,VIP
C03982,22,Male,Hyderabad,Telangana,2025-11-13,VIP
C03983,44,Male,Visakhapatnam,Andhra Pradesh,2023-04-19,New
C03984,52,Other,Kochi,Kerala,2024-04-24,New
C03985,53,Female,Vijayawada,Andhra Pradesh,2025-10-26,VIP
C03986,65,Male,Visakhapatnam,Andhra Pradesh,2023-03-29,New
C03987,20,Female,Lucknow,Uttar Pradesh,2022-07-18,New
C03988,35,Other,Bhubaneswar,Odisha,2022-09-04,VIP
C03989,23,Female,Kochi,Kerala,2023-03-05,New
C03990,69,Female,Vijayawada,Andhra Pradesh,2022-07-11,VIP
C03991,48,Other,Ahmedabad,Gujarat,2022-04-01,Regular
C03992,66,Other,Pune,Maharashtra,2025-09-08,VIP
C03993,70,Male,Hyderabad,Telangana,2024-09-29,Regular
C03994,23,Other,Gurugram,Haryana,2022-07-24,VIP
C03995,35,Male,Ahmedabad,Gujarat,2025-03-24,Regular
C03996,66,Female,Lucknow,Uttar Pradesh,2024-01-01,VIP
C03997,65,Male,Pune,Maharashtra,2022-02-25,VIP
C03998,35,Male,Hyderabad,Telangana,2025-09-28,New
C03999,65,Male,Pune,Maharashtra,2023-04-25,VIP
C04000,70,Male,Pune,Maharashtra,2023-02-06,New
C04001,47,Male,Visakhapatnam,Andhra Pradesh,2023-08-28,VIP
C04002,57,Male,Kochi,Kerala,2023-04-08,New
C04003,41,Other,Vijayawada,Andhra Pradesh,2023-02-23,Regular
C04004,62,Male,Bhubaneswar,Odisha,2022-11-12,New
C04005,18,Male,Coimbatore,Tamil Nadu,2024-02-14,Regular
C04006,29,Other,Bengaluru,Karnataka,2024-12-27,Regular
C04007,66,Male,Vijayawada,Andhra Pradesh,2022-06-23,New
C04008,44,Male,Chennai,Tamil Nadu,2022-11-11,Regular
C04009,70,Male,Ahmedabad,Gujarat,2025-12-03,Regular
C04010,28,Other,Gurugram,Haryana,2024-07-16,VIP
C04011,45,Male,Mumbai,Maharashtra,2024-07-08,VIP
C04012,38,Female,Kochi,Kerala,2023-07-26,VIP
C04013,30,Female,Mumbai,Maharashtra,2022-02-11,Regular
C04014,47,Male,Kolkata,West Bengal,2025-01-01,VIP
C04015,26,Male,Vijayawada,Andhra Pradesh,2025-11-23,New
C04016,48,Female,Vijayawada,Andhra Pradesh,2025-02-21,VIP
C04017,51,Male,Visakhapatnam,Andhra Pradesh,2022-04-19,VIP
C04018,33,Male,Ahmedabad,Gujarat,2022-09-16,VIP
C04019,52,Other,Chennai,Tamil Nadu,2023-05-10,New
C04020,52,Male,Gurugram,Haryana,2024-12-11,Regular
C04021,53,Male,Jaipur,Rajasthan,2023-11-12,New
C04022,49,Male,Bengaluru,Karnataka,2024-05-25,New
C04023,58,Male,Ahmedabad,Gujarat,2025-12-02,VIP
C04024,46,Male,Visakhapatnam,Andhra Pradesh,2025-07-03,Regular
C04025,47,Male,Chennai,Tamil Nadu,2023-10-22,VIP
C04026,19,Male,Jaipur,Rajasthan,2023-11-23,New
C04027,62,Male,Hyderabad,Telangana,2025-09-23,VIP
C04028,38,Male,Hyderabad,Telangana,2022-06-21,VIP
C04029,62,Male,Chennai,Tamil Nadu,2022-06-19,Regular
C04030,68,Other,Vijayawada,Andhra Pradesh,2024-06-18,VIP
C04031,68,Other,Lucknow,Uttar Pradesh,2022-04-28,VIP
C04032,40,Female,Hyderabad,Telangana,2022-11-03,Regular
C04033,59,Female,Vijayawada,Andhra Pradesh,2024-10-29,Regular
C04034,23,Other,Jaipur,Rajasthan,2022-11-23,New
C04035,49,Other,Coimbatore,Tamil Nadu,2023-08-12,New
C04036,70,Female,Visakhapatnam,Andhra Pradesh,2022-12-26,VIP
C04037,42,Female,Bengaluru,Karnataka,2023-10-06,New
C04038,19,Male,Bhubaneswar,Odisha,2024-08-15,VIP
C04039,60,Female,Bengaluru,Karnataka,2022-01-06,New
C04040,58,Female,Kolkata,West Bengal,2023-12-09,New
C04041,35,Other,Lucknow,Uttar Pradesh,2024-11-22,New
C04042,54,Male,Kolkata,West Bengal,2024-02-13,New
C04043,69,Female,Bhubaneswar,Odisha,2022-11-02,VIP
C04044,41,Other,Ahmedabad,Gujarat,2023-10-21,New
C04045,70,Male,Lucknow,Uttar Pradesh,2023-09-28,VIP
C04046,53,Other,Kolkata,West Bengal,2022-03-27,New
C04047,44,Male,Coimbatore,Tamil Nadu,2022-04-19,New
C04048,57,Other,Bhubaneswar,Odisha,2025-05-18,Regular
C04049,67,Other,Lucknow,Uttar Pradesh,2022-02-04,VIP
C04050,22,Male,Pune,Maharashtra,2022-09-15,Regular
C04051,43,Female,Bengaluru,Karnataka,2022-09-08,VIP
C04052,51,Other,Vijayawada,Andhra Pradesh,2025-02-12,New
C04053,64,Female,Jaipur,Rajasthan,2025-07-05,VIP
C04054,48,Female,Pune,Maharashtra,2025-01-26,New
C04055,63,Male,Mumbai,Maharashtra,2024-02-14,VIP
C04056,35,Male,Chennai,Tamil Nadu,2024-03-29,New
C04057,62,Female,Chennai,Tamil Nadu,2022-10-17,VIP
C04058,51,Other,Delhi,Delhi,2022-12-16,VIP
C04059,37,Male,Delhi,Delhi,2024-04-14,New
C04060,66,Other,Ahmedabad,Gujarat,2024-05-09,New
C04061,45,Male,Lucknow,Uttar Pradesh,2024-12-18,New
C04062,23,Female,Delhi,Delhi,2023-05-31,New
C04063,58,Female,Kolkata,West Bengal,2023-08-21,New
C04064,66,Female,Lucknow,Uttar Pradesh,2024-02-05,New
C04065,68,Male,Pune,Maharashtra,2024-04-05,VIP
C04066,52,Other,Lucknow,Uttar Pradesh,2023-11-28,New
C04067,64,Male,Delhi,Delhi,2023-01-28,VIP
C04068,42,Female,Chennai,Tamil Nadu,2024-08-20,Regular
C04069,50,Other,Jaipur,Rajasthan,2023-08-19,VIP
C04070,64,Male,Hyderabad,Telangana,2023-04-08,Regular
C04071,62,Other,Ahmedabad,Gujarat,2025-02-12,VIP
C04072,39,Other,Pune,Maharashtra,2023-07-19,New
C04073,62,Male,Kochi,Kerala,2025-06-03,VIP
C04074,36,Other,Gurugram,Haryana,2022-03-18,VIP
C04075,33,Male,Bengaluru,Karnataka,2023-08-20,New
C04076,30,Other,Mumbai,Maharashtra,2023-12-29,Regular
C04077,25,Female,Gurugram,Haryana,2025-12-22,VIP
C04078,69,Male,Ahmedabad,Gujarat,2022-10-17,New
C04079,56,Female,Vijayawada,Andhra Pradesh,2025-12-27,VIP
C04080,52,Male,Kochi,Kerala,2022-09-11,VIP
C04081,55,Male,Mumbai,Maharashtra,2023-05-09,VIP
C04082,31,Male,Mumbai,Maharashtra,2024-10-05,Regular
C04083,20,Female,Gurugram,Haryana,2023-04-08,New
C04084,66,Other,Chennai,Tamil Nadu,2022-06-21,VIP
C04085,42,Male,Coimbatore,Tamil Nadu,2023-11-02,Regular
C04086,64,Other,Bhubaneswar,Odisha,2025-02-05,New
C04087,31,Male,Hyderabad,Telangana,2023-01-14,New
C04088,67,Female,Vijayawada,Andhra Pradesh,2023-11-17,New
C04089,51,Male,Visakhapatnam,Andhra Pradesh,2025-05-08,New
C04090,48,Other,Kolkata,West Bengal,2023-11-15,VIP
C04091,64,Female,Coimbatore,Tamil Nadu,2023-06-25,VIP
C04092,18,Other,Vijayawada,Andhra Pradesh,2024-04-30,VIP
C04093,41,Other,Mumbai,Maharashtra,2024-03-13,Regular
C04094,22,Female,Visakhapatnam,Andhra Pradesh,2022-04-29,VIP
C04095,51,Other,Chennai,Tamil Nadu,2022-09-10,VIP
C04096,52,Female,Delhi,Delhi,2022-08-11,New
C04097,51,Female,Ahmedabad,Gujarat,2024-03-24,Regular
C04098,26,Female,Hyderabad,Telangana,2025-04-16,New
C04099,31,Other,Pune,Maharashtra,2022-11-19,VIP
C04100,33,Female,Visakhapatnam,Andhra Pradesh,2022-05-31,Regular
C04101,44,Male,Gurugram,Haryana,2023-11-23,New
C04102,62,Other,Jaipur,Rajasthan,2022-03-16,VIP
C04103,51,Other,Delhi,Delhi,2022-09-24,Regular
C04104,58,Male,Bengaluru,Karnataka,2024-01-22,Regular
C04105,43,Female,Ahmedabad,Gujarat,2024-10-05,Regular
C04106,62,Male,Bengaluru,Karnataka,2024-11-29,New
C04107,67,Male,Visakhapatnam,Andhra Pradesh,2024-05-23,New
C04108,51,Male,Mumbai,Maharashtra,2022-04-24,Regular
C04109,56,Male,Kolkata,West Bengal,2024-03-25,New
C04110,61,Female,Kolkata,West Bengal,2022-11-12,New
C04111,24,Male,Gurugram,Haryana,2023-03-12,New
C04112,40,Male,Jaipur,Rajasthan,2023-11-29,Regular
C04113,54,Male,Pune,Maharashtra,2024-06-12,Regular
C04114,66,Other,Coimbatore,Tamil Nadu,2024-05-19,VIP
C04115,31,Other,Visakhapatnam,Andhra Pradesh,2025-06-26,Regular
C04116,25,Male,Delhi,Delhi,2022-03-24,Regular
C04117,46,Male,Hyderabad,Telangana,2024-12-16,Regular
C04118,48,Other,Delhi,Delhi,2023-05-02,VIP
C04119,20,Male,Visakhapatnam,Andhra Pradesh,2024-04-14,New
C04120,64,Male,Lucknow,Uttar Pradesh,2025-06-12,New
C04121,41,Female,Vijayawada,Andhra Pradesh,2025-09-28,VIP
C04122,70,Male,Hyderabad,Telangana,2025-05-25,VIP
C04123,55,Other,Lucknow,Uttar Pradesh,2025-03-02,New
C04124,54,Male,Delhi,Delhi,2023-08-09,New
C04125,55,Male,Kochi,Kerala,2023-06-07,Regular
C04126,54,Female,Bhubaneswar,Odisha,2025-07-02,VIP
C04127,59,Other,Delhi,Delhi,2025-02-05,VIP
C04128,51,Female,,Kerala,2022-07-03,New
C04129,42,Other,Lucknow,Uttar Pradesh,2025-04-01,VIP
C04130,39,Other,Ahmedabad,Gujarat,2022-10-28,New
C04131,67,Other,Delhi,Delhi,2022-02-13,Regular
C04132,30,Male,Mumbai,Maharashtra,2022-12-25,New
C04133,67,Male,Ahmedabad,Gujarat,2023-08-26,Regular
C04134,53,Male,Kolkata,West Bengal,2025-02-28,Regular
C04135,48,Male,Hyderabad,Telangana,2025-02-16,Regular
C04136,66,Female,Vijayawada,Andhra Pradesh,2024-07-25,New
C04137,65,Male,Kochi,Kerala,2022-12-23,Regular
C04138,56,Male,Ahmedabad,Gujarat,2024-11-30,Regular
C04139,33,Other,Lucknow,Uttar Pradesh,2025-08-24,New
C04140,70,Male,Hyderabad,Telangana,2023-08-07,Regular
C04141,25,Male,Bhubaneswar,Odisha,2025-09-21,VIP
C04142,19,Other,Bhubaneswar,Odisha,2023-12-01,New
C04143,66,Female,Kolkata,West Bengal,2025-04-24,VIP
C04144,60,Female,Visakhapatnam,Andhra Pradesh,2024-06-08,New
C04145,42,Female,Kolkata,West Bengal,2025-03-19,Regular
C04146,18,Other,Chennai,Tamil Nadu,2023-03-20,Regular
C04147,61,Other,Bhubaneswar,Odisha,2022-07-21,New
C04148,38,Other,Mumbai,Maharashtra,2024-12-18,Regular
C04149,30,Female,Vijayawada,Andhra Pradesh,2023-05-31,Regular
C04150,55,Female,,Andhra Pradesh,2023-05-08,VIP
C04151,20,Male,Jaipur,Rajasthan,2025-07-06,New
C04152,18,Male,Coimbatore,Tamil Nadu,2023-04-04,VIP
C04153,43,Female,Bhubaneswar,Odisha,2025-05-14,New
C04154,66,Female,Bengaluru,Karnataka,2022-08-28,VIP
C04155,23,Other,Mumbai,Maharashtra,2022-06-03,New
C04156,21,Male,Gurugram,Haryana,2022-02-22,Regular
C04157,59,Female,Bengaluru,Karnataka,2025-06-07,New
C04158,56,Male,Delhi,Delhi,2025-07-13,VIP
C04159,47,Female,Gurugram,Haryana,2022-04-22,New
C04160,46,Other,Mumbai,Maharashtra,2025-04-07,Regular
C04161,64,Female,Visakhapatnam,Andhra Pradesh,2022-04-14,New
C04162,19,Female,Jaipur,Rajasthan,2023-07-08,Regular
C04163,36,Female,Kochi,Kerala,2025-05-11,New
C04164,26,Other,Bengaluru,Karnataka,2024-07-08,Regular
C04165,26,Other,Bhubaneswar,Odisha,2025-10-07,New
C04166,53,Male,Lucknow,Uttar Pradesh,2022-02-09,VIP
C04167,70,Female,Coimbatore,Tamil Nadu,2025-07-04,Regular
C04168,54,Other,Bengaluru,Karnataka,2022-11-26,VIP
C04169,19,Female,Chennai,Tamil Nadu,2023-06-24,VIP
C04170,30,Male,Jaipur,Rajasthan,2022-05-18,New
C04171,23,Male,Kochi,Kerala,2023-04-21,Regular
C04172,30,Female,Lucknow,Uttar Pradesh,2022-12-17,Regular
C04173,52,Male,Vijayawada,Andhra Pradesh,2024-08-14,Regular
C04174,28,Other,Hyderabad,Telangana,2023-02-24,New
C04175,28,Male,Chennai,Tamil Nadu,2025-05-19,Regular
C04176,66,Female,Vijayawada,Andhra Pradesh,2023-03-25,New
C04177,47,Female,Gurugram,Haryana,2022-09-29,VIP
C04178,25,Male,Lucknow,Uttar Pradesh,2024-02-10,New
C04179,60,Other,Kochi,Kerala,2022-06-02,Regular
C04180,55,Male,Delhi,Delhi,2023-06-26,VIP
C04181,38,Male,Pune,Maharashtra,2025-03-31,New
C04182,50,Male,Kolkata,West Bengal,2023-08-26,New
C04183,36,Male,Bhubaneswar,Odisha,2023-07-19,New
C04184,61,Female,Kochi,Kerala,2023-02-24,New
C04185,52,Male,Kolkata,West Bengal,2024-08-21,New
C04186,60,Other,Kochi,Kerala,2024-10-20,New
C04187,18,Male,Pune,Maharashtra,2022-06-03,VIP
C04188,70,Other,Chennai,Tamil Nadu,2024-10-03,VIP
C04189,58,Male,Pune,Maharashtra,2022-07-29,Regular
C04190,54,Other,Bhubaneswar,Odisha,2022-12-18,Regular
C04191,56,Female,Coimbatore,Tamil Nadu,2025-11-07,New
C04192,70,Other,Bhubaneswar,Odisha,2023-04-20,New
C04193,29,Other,Vijayawada,Andhra Pradesh,2024-11-21,VIP
C04194,19,Female,Gurugram,Haryana,2024-04-16,New
C04195,49,Other,Kochi,Kerala,2022-02-16,VIP
C04196,61,Male,Bhubaneswar,Odisha,2024-04-04,Regular
C04197,21,Female,Coimbatore,Tamil Nadu,2025-12-04,Regular
C04198,51,Male,Ahmedabad,Gujarat,2024-04-09,New
C04199,42,Other,Lucknow,Uttar Pradesh,2022-01-05,New
C04200,28,Male,Chennai,Tamil Nadu,2025-09-11,New
C04201,61,Male,Lucknow,Uttar Pradesh,2023-11-03,New
C04202,60,Female,Kolkata,West Bengal,2025-10-22,New
C04203,46,Male,Gurugram,Haryana,2025-01-09,VIP
C04204,54,Male,Jaipur,Rajasthan,2024-04-09,VIP
C04205,59,Male,Chennai,Tamil Nadu,2024-12-06,New
C04206,54,Female,Visakhapatnam,Andhra Pradesh,2023-11-02,Regular
C04207,55,Other,Bengaluru,Karnataka,2025-02-15,VIP
C04208,45,Other,Jaipur,Rajasthan,2023-04-27,VIP
C04209,19,Male,,Delhi,2025-01-24,New
C04210,69,Male,Bengaluru,Karnataka,2023-11-09,VIP
C04211,52,Female,Ahmedabad,Gujarat,2025-09-18,VIP
C04212,36,Other,Jaipur,Rajasthan,2024-11-05,New
C04213,39,Other,Delhi,Delhi,2025-05-25,VIP
C04214,23,Female,Chennai,Tamil Nadu,2025-08-18,Regular
C04215,52,Other,Kochi,Kerala,2025-07-06,Regular
C04216,59,Female,Bengaluru,Karnataka,2025-11-24,New
C04217,33,Other,Lucknow,Uttar Pradesh,2023-01-02,Regular
C04218,48,Male,Kochi,Kerala,2024-03-10,VIP
C04219,57,Female,Pune,Maharashtra,2022-02-23,Regular
C04220,57,Male,Kolkata,West Bengal,2022-06-09,VIP
C04221,57,Other,Kochi,Kerala,2024-10-10,Regular
C04222,27,Other,Kolkata,West Bengal,2025-01-14,VIP
C04223,49,Other,Bhubaneswar,Odisha,2024-11-01,New
C04224,51,Other,Visakhapatnam,Andhra Pradesh,2023-10-18,New
C04225,68,Other,Coimbatore,Tamil Nadu,2022-03-20,VIP
C04226,51,Male,Gurugram,Haryana,2025-10-27,Regular
C04227,58,Male,Pune,Maharashtra,2025-10-29,Regular
C04228,35,Male,Bengaluru,Karnataka,2025-11-25,VIP
C04229,42,Other,Lucknow,Uttar Pradesh,2024-03-10,VIP
C04230,47,Other,Gurugram,Haryana,2025-11-05,New
C04231,25,Male,Hyderabad,Telangana,2025-10-10,Regular
C04232,41,Female,Pune,Maharashtra,2023-12-03,Regular
C04233,43,Female,Pune,Maharashtra,2024-12-08,VIP
C04234,26,Female,Kolkata,West Bengal,2023-02-06,VIP
C04235,58,Male,Delhi,Delhi,2023-01-16,VIP
C04236,52,Other,Visakhapatnam,Andhra Pradesh,2025-10-31,VIP
C04237,32,Male,Jaipur,Rajasthan,2024-03-12,VIP
C04238,43,Male,Vijayawada,Andhra Pradesh,2023-11-28,Regular
C04239,61,Female,Chennai,Tamil Nadu,2025-11-02,New
C04240,29,Female,Gurugram,Haryana,2024-09-16,Regular
C04241,28,Female,Pune,Maharashtra,2025-03-24,VIP
C04242,32,Female,Ahmedabad,Gujarat,2025-11-23,VIP
C04243,32,Other,Lucknow,Uttar Pradesh,2022-07-29,New
C04244,41,Male,Kolkata,West Bengal,2024-01-27,VIP
C04245,34,Female,Coimbatore,Tamil Nadu,2024-11-28,VIP
C04246,57,Female,Gurugram,Haryana,2022-02-02,Regular
C04247,32,Male,Delhi,Delhi,2023-06-20,New
C04248,57,Male,Delhi,Delhi,2025-07-10,VIP
C04249,48,Other,Chennai,Tamil Nadu,2022-08-20,Regular
C04250,30,Other,Pune,Maharashtra,2022-04-07,VIP
C04251,33,Female,Gurugram,Haryana,2025-04-06,New
C04252,31,Female,Chennai,Tamil Nadu,2024-01-16,Regular
C04253,36,Female,Chennai,Tamil Nadu,2023-10-29,New
C04254,30,Male,Gurugram,Haryana,2023-11-03,New
C04255,57,Male,Pune,Maharashtra,2024-01-20,Regular
C04256,24,Male,Coimbatore,Tamil Nadu,2024-12-10,Regular
C04257,20,Male,Kochi,Kerala,2023-10-12,VIP
C04258,62,Other,Jaipur,Rajasthan,2022-11-03,New
C04259,20,Female,Delhi,Delhi,2022-06-28,New
C04260,57,Other,Kochi,Kerala,2024-02-24,New
C04261,21,Other,Coimbatore,Tamil Nadu,2025-02-23,VIP
C04262,18,Female,Visakhapatnam,Andhra Pradesh,2024-09-05,Regular
C04263,50,Other,Visakhapatnam,Andhra Pradesh,2023-04-27,VIP
C04264,28,Male,Lucknow,Uttar Pradesh,2024-04-03,Regular
C04265,21,Female,Bhubaneswar,Odisha,2024-05-02,VIP
C04266,52,Female,Bhubaneswar,Odisha,2024-07-10,Regular
C04267,26,Female,Delhi,Delhi,2022-12-10,VIP
C04268,39,Other,Gurugram,Haryana,2024-11-10,VIP
C04269,58,Female,Jaipur,Rajasthan,2025-01-13,VIP
C04270,68,Female,Bhubaneswar,Odisha,2024-01-15,VIP
C04271,50,Male,Delhi,Delhi,2022-12-31,Regular
C04272,69,Other,Vijayawada,Andhra Pradesh,2022-06-19,Regular
C04273,26,Male,Gurugram,Haryana,2022-02-22,New
C04274,69,Female,Bengaluru,Karnataka,2022-11-16,Regular
C04275,59,Male,Ahmedabad,Gujarat,2025-04-15,New
C04276,59,Male,Ahmedabad,Gujarat,2022-09-26,Regular
C04277,31,Male,Gurugram,Haryana,2022-05-22,Regular
C04278,20,Other,Gurugram,Haryana,2024-09-11,New
C04279,65,Male,Bhubaneswar,Odisha,2025-02-11,VIP
C04280,37,Female,Vijayawada,Andhra Pradesh,2023-08-05,VIP
C04281,55,Other,Kolkata,West Bengal,2024-03-01,VIP
C04282,49,Other,Coimbatore,Tamil Nadu,2022-10-23,New
C04283,58,Female,Bhubaneswar,Odisha,2024-07-08,VIP
C04284,44,Male,Delhi,Delhi,2025-08-10,VIP
C04285,41,Other,Hyderabad,Telangana,2022-09-23,VIP
C04286,36,Male,Pune,Maharashtra,2024-01-26,New
C04287,63,Other,Mumbai,Maharashtra,2022-12-21,New
C04288,22,Male,Visakhapatnam,Andhra Pradesh,2023-01-25,New
C04289,18,Other,Visakhapatnam,Andhra Pradesh,2025-08-14,Regular
C04290,42,Other,Chennai,Tamil Nadu,2022-05-01,New
C04291,33,Female,Chennai,Tamil Nadu,2024-11-30,Regular
C04292,31,Other,Coimbatore,Tamil Nadu,2022-11-24,VIP
C04293,19,Other,Kochi,Kerala,2023-12-08,New
C04294,51,Other,Coimbatore,Tamil Nadu,2024-04-07,New
C04295,68,Male,Kochi,Kerala,2022-12-29,Regular
C04296,38,Female,Coimbatore,Tamil Nadu,2024-08-08,VIP
C04297,58,Female,Lucknow,Uttar Pradesh,2025-02-25,Regular
C04298,27,Other,Visakhapatnam,Andhra Pradesh,2024-02-16,New
C04299,57,Male,Gurugram,Haryana,2022-10-19,VIP
C04300,60,Other,Kochi,Kerala,2024-02-23,New
C04301,21,Other,Vijayawada,Andhra Pradesh,2024-03-14,New
C04302,59,Female,Kochi,Kerala,2022-09-05,New
C04303,61,Male,Chennai,Tamil Nadu,2024-07-25,New
C04304,54,Other,Kochi,Kerala,2023-03-21,VIP
C04305,38,Male,Pune,Maharashtra,2022-03-01,New
C04306,54,Other,Visakhapatnam,Andhra Pradesh,2025-03-26,New
C04307,24,Other,Bhubaneswar,Odisha,2022-12-17,Regular
C04308,55,Male,Gurugram,Haryana,2025-09-08,VIP
C04309,53,Other,Delhi,Delhi,2023-04-29,New
C04310,38,Other,Ahmedabad,Gujarat,2022-12-08,Regular
C04311,52,Male,Ahmedabad,Gujarat,2025-03-28,Regular
C04312,44,Male,Delhi,Delhi,2023-07-01,Regular
C04313,32,Male,Kochi,Kerala,2024-10-06,Regular
C04314,19,Other,Delhi,Delhi,2023-05-22,Regular
C04315,54,Female,Jaipur,Rajasthan,2023-06-04,VIP
C04316,46,Other,Vijayawada,Andhra Pradesh,2023-01-05,VIP
C04317,29,Other,Kochi,Kerala,2022-01-06,New
C04318,28,Male,Kochi,Kerala,2022-05-24,Regular
C04319,56,Female,Ahmedabad,Gujarat,2025-09-27,VIP
C04320,31,Female,Coimbatore,Tamil Nadu,2022-08-19,VIP
C04321,55,Other,Gurugram,Haryana,2022-10-11,VIP
C04322,27,Male,Ahmedabad,Gujarat,2022-09-25,VIP
C04323,68,Female,Vijayawada,Andhra Pradesh,2022-10-03,Regular
C04324,30,Male,Bengaluru,Karnataka,2025-01-27,New
C04325,66,Other,Bengaluru,Karnataka,2023-06-28,Regular
C04326,50,Other,Kochi,Kerala,2024-11-28,VIP
C04327,61,Male,Kochi,Kerala,2023-12-17,VIP
C04328,50,Female,Lucknow,Uttar Pradesh,2025-09-28,New
C04329,52,Female,Ahmedabad,Gujarat,2025-07-29,New
C04330,19,Female,Bengaluru,Karnataka,2023-02-18,Regular
C04331,59,Male,Ahmedabad,Gujarat,2024-03-05,VIP
C04332,47,Male,Gurugram,Haryana,2022-08-13,Regular
C04333,64,Other,Pune,Maharashtra,2023-03-07,New
C04334,59,Other,Hyderabad,Telangana,2022-11-02,New
C04335,19,Male,Lucknow,Uttar Pradesh,2025-09-21,Regular
C04336,35,Other,Mumbai,Maharashtra,2024-09-05,VIP
C04337,57,Male,Mumbai,Maharashtra,2022-04-27,New
C04338,23,Male,Bhubaneswar,Odisha,2024-08-20,VIP
C04339,56,Male,Coimbatore,Tamil Nadu,2022-07-10,New
C04340,58,Male,Kolkata,West Bengal,2022-04-10,VIP
C04341,31,Male,Visakhapatnam,Andhra Pradesh,2022-08-25,New
C04342,47,Other,Kochi,Kerala,2024-04-19,New
C04343,56,Other,Bengaluru,Karnataka,2022-08-24,VIP
C04344,25,Female,Chennai,Tamil Nadu,2022-08-26,Regular
C04345,29,Male,Vijayawada,Andhra Pradesh,2022-09-23,New
C04346,26,Other,Bengaluru,Karnataka,2024-07-03,Regular
C04347,30,Other,Kochi,Kerala,2023-05-25,VIP
C04348,36,Other,Mumbai,Maharashtra,2022-03-17,New
C04349,39,Male,Bhubaneswar,Odisha,2024-02-18,VIP
C04350,29,Female,Hyderabad,Telangana,2025-09-14,VIP
C04351,24,Male,Delhi,Delhi,2024-12-02,Regular
C04352,23,Female,Pune,Maharashtra,2022-07-25,New
C04353,51,Male,Kolkata,West Bengal,2025-07-04,Regular
C04354,60,Female,Hyderabad,Telangana,2025-03-26,New
C04355,36,Female,Visakhapatnam,Andhra Pradesh,2025-05-06,New
C04356,30,Other,Hyderabad,Telangana,2025-04-26,Regular
C04357,68,Male,Lucknow,Uttar Pradesh,2024-02-19,VIP
C04358,63,Other,Hyderabad,Telangana,2023-03-16,VIP
C04359,67,Other,Lucknow,Uttar Pradesh,2022-09-20,VIP
C04360,67,Male,Coimbatore,Tamil Nadu,2022-02-04,New
C04361,27,Female,Kochi,Kerala,2022-08-31,New
C04362,53,Female,Bhubaneswar,Odisha,2024-01-06,VIP
C04363,37,Male,Lucknow,Uttar Pradesh,2024-03-04,New
C04364,22,Other,Hyderabad,Telangana,2023-06-16,New
C04365,48,Male,Hyderabad,Telangana,2022-10-16,Regular
C04366,57,Male,Vijayawada,Andhra Pradesh,2024-01-12,Regular
C04367,49,Female,Ahmedabad,Gujarat,2025-02-15,New
C04368,57,Male,Pune,Maharashtra,2025-05-11,Regular
C04369,45,Other,Chennai,Tamil Nadu,2024-06-02,New
C04370,26,Male,Bhubaneswar,Odisha,2023-04-13,Regular
C04371,38,Female,Vijayawada,Andhra Pradesh,2023-12-03,New
C04372,62,Other,,Telangana,2023-03-31,Regular
C04373,21,Male,Bengaluru,Karnataka,2023-05-27,New
C04374,49,Other,Lucknow,Uttar Pradesh,2024-04-10,VIP
C04375,45,Female,Kochi,Kerala,2024-01-25,VIP
C04376,46,Other,Chennai,Tamil Nadu,2024-01-30,VIP
C04377,36,Female,Lucknow,Uttar Pradesh,2024-02-01,New
C04378,48,Male,Ahmedabad,Gujarat,2023-05-30,New
C04379,45,Male,Jaipur,Rajasthan,2024-08-03,New
C04380,21,Male,Bengaluru,Karnataka,2025-02-10,VIP
C04381,31,Male,Vijayawada,Andhra Pradesh,2022-03-21,VIP
C04382,32,Male,Bhubaneswar,Odisha,2025-02-08,Regular
C04383,66,Male,Kolkata,West Bengal,2023-07-20,Regular
C04384,51,Male,Pune,Maharashtra,2024-05-17,VIP
C04385,24,Other,Hyderabad,Telangana,2024-11-24,VIP
C04386,24,Male,Lucknow,Uttar Pradesh,2024-07-06,VIP
C04387,39,Other,Hyderabad,Telangana,2022-08-10,New
C04388,30,Other,Kochi,Kerala,2022-06-22,New
C04389,24,Male,Bhubaneswar,Odisha,2024-07-16,New
C04390,32,Female,Kochi,Kerala,2025-12-30,New
C04391,41,Other,Bengaluru,Karnataka,2023-08-13,Regular
C04392,30,Female,Coimbatore,Tamil Nadu,2023-09-07,New
C04393,30,Male,Vijayawada,Andhra Pradesh,2025-12-12,New
C04394,40,Other,Bhubaneswar,Odisha,2023-01-08,VIP
C04395,45,Other,Lucknow,Uttar Pradesh,2024-07-04,Regular
C04396,19,Male,Jaipur,Rajasthan,2024-10-13,New
C04397,30,Other,Hyderabad,Telangana,2023-11-15,New
C04398,70,Female,Kolkata,West Bengal,2022-11-17,Regular
C04399,45,Male,Bhubaneswar,Odisha,2024-03-17,New
C04400,22,Other,Lucknow,Uttar Pradesh,2025-04-13,New
C04401,48,Male,Visakhapatnam,Andhra Pradesh,2025-12-03,New
C04402,43,Female,Bengaluru,Karnataka,2023-06-29,Regular
C04403,39,Other,Vijayawada,Andhra Pradesh,2023-09-29,VIP
C04404,68,Male,Hyderabad,Telangana,2022-05-19,New
C04405,49,Other,Kochi,Kerala,2025-04-20,Regular
C04406,20,Male,Vijayawada,Andhra Pradesh,2023-06-01,VIP
C04407,33,Other,Jaipur,Rajasthan,2025-04-14,VIP
C04408,66,Other,Chennai,Tamil Nadu,2025-02-26,VIP
C04409,18,Female,Jaipur,Rajasthan,2025-03-21,New
C04410,68,Male,Chennai,Tamil Nadu,2023-10-11,New
C04411,56,Other,Jaipur,Rajasthan,2025-06-04,New
C04412,56,Female,Delhi,Delhi,2025-08-17,Regular
C04413,32,Other,Coimbatore,Tamil Nadu,2025-08-01,New
C04414,55,Female,Mumbai,Maharashtra,2024-08-06,VIP
C04415,42,Other,Vijayawada,Andhra Pradesh,2024-04-29,VIP
C04416,44,Female,Delhi,Delhi,2022-07-29,New
C04417,49,Female,Visakhapatnam,Andhra Pradesh,2023-03-19,New
C04418,54,Female,Coimbatore,Tamil Nadu,2024-09-09,New
C04419,66,Female,Ahmedabad,Gujarat,2022-12-23,Regular
C04420,65,Other,Pune,Maharashtra,2023-03-08,VIP
C04421,54,Male,Delhi,Delhi,2025-04-08,VIP
C04422,22,Other,Kochi,Kerala,2022-01-31,Regular
C04423,60,Male,Pune,Maharashtra,2024-06-01,New
C04424,21,Other,Mumbai,Maharashtra,2024-08-14,Regular
C04425,23,Female,Pune,Maharashtra,2022-08-05,New
C04426,60,Other,Pune,Maharashtra,2025-09-15,New
C04427,52,Male,Jaipur,Rajasthan,2022-07-14,New
C04428,62,Other,Lucknow,Uttar Pradesh,2025-11-02,VIP
C04429,25,Male,Kochi,Kerala,2022-10-28,Regular
C04430,50,Other,Hyderabad,Telangana,2025-01-05,VIP
C04431,50,Male,Delhi,Delhi,2025-09-16,New
C04432,37,Other,Kolkata,West Bengal,2023-06-17,New
C04433,46,Female,Pune,Maharashtra,2022-09-04,VIP
C04434,46,Other,Ahmedabad,Gujarat,2025-03-15,Regular
C04435,52,Male,Kochi,Kerala,2022-01-24,New
C04436,52,Male,Hyderabad,Telangana,2023-06-16,Regular
C04437,48,Other,Coimbatore,Tamil Nadu,2023-10-18,New
C04438,42,Other,Pune,Maharashtra,2023-01-22,New
C04439,43,Male,Delhi,Delhi,2025-05-04,VIP
C04440,50,Female,Chennai,Tamil Nadu,2022-11-20,VIP
C04441,56,Other,Jaipur,Rajasthan,2022-12-05,Regular
C04442,64,Female,Visakhapatnam,Andhra Pradesh,2024-08-06,VIP
C04443,58,Male,Coimbatore,Tamil Nadu,2025-09-23,Regular
C04444,40,Male,Bengaluru,Karnataka,2025-04-20,VIP
C04445,68,Male,Vijayawada,Andhra Pradesh,2023-06-14,VIP
C04446,40,Female,Bhubaneswar,Odisha,2022-08-19,New
C04447,59,Male,Coimbatore,Tamil Nadu,2025-02-04,New
C04448,61,Other,Coimbatore,Tamil Nadu,2023-08-05,VIP
C04449,64,Female,Ahmedabad,Gujarat,2023-11-14,Regular
C04450,55,Other,Vijayawada,Andhra Pradesh,2024-07-31,VIP
C04451,36,Other,Kolkata,West Bengal,2023-01-08,New
C04452,58,Female,Bhubaneswar,Odisha,2025-12-08,VIP
C04453,52,Male,Kolkata,West Bengal,2024-02-25,VIP
C04454,45,Male,Jaipur,Rajasthan,2025-06-06,Regular
C04455,37,Male,Kochi,Kerala,2024-11-13,New
C04456,27,Other,Kochi,Kerala,2022-01-24,Regular
C04457,27,Male,Vijayawada,Andhra Pradesh,2024-03-01,Regular
C04458,44,Female,Ahmedabad,Gujarat,2025-07-14,VIP
C04459,50,Other,Visakhapatnam,Andhra Pradesh,2022-01-01,New
C04460,43,Other,Jaipur,Rajasthan,2024-12-30,VIP
C04461,20,Female,Ahmedabad,Gujarat,2025-06-11,New
C04462,48,Male,Jaipur,Rajasthan,2024-03-20,VIP
C04463,54,Male,Kochi,Kerala,2025-05-17,Regular
C04464,22,Male,Hyderabad,Telangana,2025-06-30,Regular
C04465,25,Other,Chennai,Tamil Nadu,2023-03-16,VIP
C04466,60,Other,Ahmedabad,Gujarat,2024-01-03,VIP
C04467,63,Female,Pune,Maharashtra,2023-02-23,New
C04468,48,Other,Ahmedabad,Gujarat,2023-03-13,Regular
C04469,29,Male,Hyderabad,Telangana,2023-12-01,New
C04470,53,Other,Jaipur,Rajasthan,2023-10-20,New
C04471,67,Other,Kolkata,West Bengal,2023-11-12,New
C04472,35,Female,Pune,Maharashtra,2024-01-08,Regular
C04473,25,Other,Visakhapatnam,Andhra Pradesh,2023-06-21,New
C04474,59,Male,Bhubaneswar,Odisha,2023-10-14,New
C04475,19,Other,Delhi,Delhi,2023-07-15,Regular
C04476,48,Other,Kolkata,West Bengal,2022-05-10,Regular
C04477,26,Other,Chennai,Tamil Nadu,2024-11-22,Regular
C04478,52,Other,Bengaluru,Karnataka,2025-01-24,New
C04479,53,Male,Kolkata,West Bengal,2024-08-03,New
C04480,46,Female,Jaipur,Rajasthan,2022-06-13,Regular
C04481,38,Other,Vijayawada,Andhra Pradesh,2023-04-09,New
C04482,42,Female,Kolkata,West Bengal,2025-07-07,VIP
C04483,60,Other,Bhubaneswar,Odisha,2025-06-16,VIP
C04484,55,Female,Ahmedabad,Gujarat,2025-12-02,VIP
C04485,50,Female,Kochi,Kerala,2023-10-01,VIP
C04486,23,Female,Delhi,Delhi,2025-11-11,Regular
C04487,69,Other,Jaipur,Rajasthan,2023-10-05,New
C04488,57,Male,Vijayawada,Andhra Pradesh,2022-09-12,VIP
C04489,61,Female,Pune,Maharashtra,2022-04-30,Regular
C04490,42,Other,Ahmedabad,Gujarat,2025-11-28,New
C04491,22,Female,Lucknow,Uttar Pradesh,2022-08-21,New
C04492,64,Male,Bhubaneswar,Odisha,2025-10-30,New
C04493,44,Female,Kolkata,West Bengal,2023-03-01,New
C04494,59,Male,Bhubaneswar,Odisha,2025-12-23,New
C04495,41,Other,Jaipur,Rajasthan,2023-11-03,New
C04496,18,Male,Kolkata,West Bengal,2024-09-21,New
C04497,37,Other,Delhi,Delhi,2022-10-06,VIP
C04498,21,Female,Jaipur,Rajasthan,2023-01-02,Regular
C04499,35,Other,Kolkata,West Bengal,2025-10-29,VIP
C04500,49,Female,Bhubaneswar,Odisha,2024-06-02,New
C04501,34,Male,Gurugram,Haryana,2024-06-11,New
C04502,45,Female,Delhi,Delhi,2023-10-07,Regular
C04503,52,Male,Kochi,Kerala,2023-11-28,VIP
C04504,67,Female,Kochi,Kerala,2023-09-24,New
C04505,69,Other,Mumbai,Maharashtra,2024-11-03,New
C04506,33,Female,Bhubaneswar,Odisha,2022-09-25,Regular
C04507,68,Male,Kolkata,West Bengal,2024-02-20,VIP
C04508,39,Other,Pune,Maharashtra,2024-05-07,Regular
C04509,43,Other,Bengaluru,Karnataka,2022-08-11,Regular
C04510,21,Male,Lucknow,Uttar Pradesh,2023-04-14,VIP
C04511,29,Male,Bhubaneswar,Odisha,2022-11-25,New
C04512,29,Female,Visakhapatnam,Andhra Pradesh,2023-08-26,Regular
C04513,60,Female,Coimbatore,Tamil Nadu,2025-11-22,Regular
C04514,66,Female,Kolkata,West Bengal,2022-10-03,VIP
C04515,19,Male,Chennai,Tamil Nadu,2024-03-10,New
C04516,63,Male,Pune,Maharashtra,2023-07-30,New
C04517,70,Female,Lucknow,Uttar Pradesh,2024-10-27,VIP
C04518,18,Other,Kolkata,West Bengal,2022-05-03,New
C04519,55,Other,Vijayawada,Andhra Pradesh,2024-08-29,Regular
C04520,49,Other,Coimbatore,Tamil Nadu,2025-12-27,New
C04521,29,Other,Mumbai,Maharashtra,2022-06-12,VIP
C04522,68,Male,Lucknow,Uttar Pradesh,2024-06-28,Regular
C04523,63,Female,Kochi,Kerala,2022-10-04,Regular
C04524,69,Female,Pune,Maharashtra,2025-07-31,New
C04525,28,Male,Visakhapatnam,Andhra Pradesh,2022-08-16,New
C04526,65,Female,Jaipur,Rajasthan,2023-04-14,Regular
C04527,40,Other,Ahmedabad,Gujarat,2024-05-30,VIP
C04528,21,Female,Kolkata,West Bengal,2024-12-26,VIP
C04529,28,Female,Lucknow,Uttar Pradesh,2025-07-25,Regular
C04530,26,Male,Pune,Maharashtra,2023-09-27,VIP
C04531,38,Female,Ahmedabad,Gujarat,2024-10-28,Regular
C04532,20,Other,Jaipur,Rajasthan,2022-04-07,Regular
C04533,59,Female,Jaipur,Rajasthan,2023-09-18,Regular
C04534,65,Male,Kochi,Kerala,2023-11-25,New
C04535,26,Male,Chennai,Tamil Nadu,2022-08-17,New
C04536,67,Other,Kochi,Kerala,2023-08-08,VIP
C04537,57,Other,Coimbatore,Tamil Nadu,2025-10-29,New
C04538,67,Female,Kochi,Kerala,2024-06-16,New
C04539,36,Other,Ahmedabad,Gujarat,2025-09-22,VIP
C04540,28,Male,Pune,Maharashtra,2024-09-29,New
C04541,28,Male,Kolkata,West Bengal,2025-11-04,Regular
C04542,59,Other,Lucknow,Uttar Pradesh,2022-01-26,New
C04543,68,Female,Chennai,Tamil Nadu,2025-05-27,New
C04544,39,Other,Bengaluru,Karnataka,2023-06-07,VIP
C04545,42,Other,Mumbai,Maharashtra,2022-03-09,New
C04546,50,Male,Gurugram,Haryana,2025-01-21,Regular
C04547,32,Female,Ahmedabad,Gujarat,2023-11-09,New
C04548,68,Other,Bengaluru,Karnataka,2025-12-04,VIP
C04549,22,Other,Vijayawada,Andhra Pradesh,2024-11-20,Regular
C04550,50,Female,Kochi,Kerala,2024-08-29,VIP
C04551,40,Male,Chennai,Tamil Nadu,2024-05-20,Regular
C04552,60,Female,Jaipur,Rajasthan,2023-06-05,Regular
C04553,21,Other,Jaipur,Rajasthan,2024-05-25,New
C04554,22,Female,Lucknow,Uttar Pradesh,2025-11-10,VIP
C04555,63,Other,Mumbai,Maharashtra,2024-07-11,New
C04556,61,Other,Hyderabad,Telangana,2025-08-07,VIP
C04557,59,Other,Gurugram,Haryana,2023-05-09,New
C04558,47,Other,Visakhapatnam,Andhra Pradesh,2025-01-04,VIP
C04559,65,Female,Jaipur,Rajasthan,2025-01-08,VIP
C04560,51,Other,Bhubaneswar,Odisha,2025-04-15,New
C04561,38,Female,Bengaluru,Karnataka,2023-09-19,VIP
C04562,24,Female,Visakhapatnam,Andhra Pradesh,2024-09-08,Regular
C04563,42,Male,,Andhra Pradesh,2023-06-04,New
C04564,52,Other,Chennai,Tamil Nadu,2025-05-10,Regular
C04565,35,Male,Jaipur,Rajasthan,2022-12-25,New
C04566,46,Male,Ahmedabad,Gujarat,2025-04-28,VIP
C04567,54,Male,Ahmedabad,Gujarat,2023-05-03,New
C04568,60,Other,Vijayawada,Andhra Pradesh,2025-08-16,Regular
C04569,70,Male,Hyderabad,Telangana,2024-03-13,VIP
C04570,51,Other,Mumbai,Maharashtra,2022-12-20,New
C04571,27,Male,Mumbai,Maharashtra,2022-12-10,New
C04572,29,Male,Vijayawada,Andhra Pradesh,2022-01-31,New
C04573,22,Other,Hyderabad,Telangana,2022-02-03,VIP
C04574,45,Female,Kolkata,West Bengal,2024-08-02,New
C04575,50,Other,Bengaluru,Karnataka,2022-03-03,VIP
C04576,25,Male,Coimbatore,Tamil Nadu,2024-03-02,VIP
C04577,30,Female,Chennai,Tamil Nadu,2023-08-29,Regular
C04578,21,Other,Chennai,Tamil Nadu,2023-08-15,New
C04579,59,Male,Delhi,Delhi,2023-10-16,VIP
C04580,50,Male,Chennai,Tamil Nadu,2025-04-22,Regular
C04581,68,Other,Jaipur,Rajasthan,2024-05-12,VIP
C04582,38,Female,,Andhra Pradesh,2023-02-04,Regular
C04583,68,Male,Gurugram,Haryana,2025-10-17,New
C04584,64,Male,Hyderabad,Telangana,2023-02-11,Regular
C04585,18,Female,Kolkata,West Bengal,2023-01-09,Regular
C04586,42,Female,Gurugram,Haryana,2025-04-19,New
C04587,62,Male,Gurugram,Haryana,2022-02-10,Regular
C04588,42,Female,Bhubaneswar,Odisha,2025-09-30,Regular
C04589,18,Other,Chennai,Tamil Nadu,2022-06-01,Regular
C04590,23,Other,Lucknow,Uttar Pradesh,2023-09-05,New
C04591,18,Female,Ahmedabad,Gujarat,2023-08-01,VIP
C04592,43,Other,Gurugram,Haryana,2022-07-25,VIP
C04593,48,Male,Jaipur,Rajasthan,2025-06-20,VIP
C04594,67,Other,Hyderabad,Telangana,2024-01-23,New
C04595,53,Male,Bhubaneswar,Odisha,2024-05-09,Regular
C04596,52,Other,Visakhapatnam,Andhra Pradesh,2024-02-13,VIP
C04597,42,Other,Kolkata,West Bengal,2022-11-23,Regular
C04598,32,Other,Hyderabad,Telangana,2024-12-17,Regular
C04599,51,Other,Vijayawada,Andhra Pradesh,2024-08-25,VIP
C04600,22,Female,Coimbatore,Tamil Nadu,2025-06-12,New
C04601,45,Male,Lucknow,Uttar Pradesh,2025-04-26,Regular
C04602,54,Female,Kochi,Kerala,2022-06-08,Regular
C04603,56,Male,Hyderabad,Telangana,2025-11-20,New
C04604,26,Female,Hyderabad,Telangana,2022-06-28,VIP
C04605,58,Other,Lucknow,Uttar Pradesh,2024-07-19,VIP
C04606,18,Female,Pune,Maharashtra,2024-02-18,New
C04607,41,Male,Hyderabad,Telangana,2025-03-16,New
C04608,39,Other,Kochi,Kerala,2024-01-10,Regular
C04609,49,Female,Vijayawada,Andhra Pradesh,2024-08-01,Regular
C04610,65,Male,Chennai,Tamil Nadu,2025-10-06,Regular
C04611,56,Male,Delhi,Delhi,2024-02-28,New
C04612,61,Other,Vijayawada,Andhra Pradesh,2025-01-14,VIP
C04613,23,Other,Visakhapatnam,Andhra Pradesh,2023-07-29,VIP
C04614,45,Female,Kolkata,West Bengal,2022-10-10,New
C04615,56,Female,Pune,Maharashtra,2022-10-16,Regular
C04616,21,Other,Chennai,Tamil Nadu,2024-07-09,Regular
C04617,26,Male,Lucknow,Uttar Pradesh,2023-06-30,VIP
C04618,36,Female,Lucknow,Uttar Pradesh,2025-10-26,Regular
C04619,45,Other,Bengaluru,Karnataka,2023-10-16,New
C04620,27,Male,Hyderabad,Telangana,2025-03-29,Regular
C04621,63,Other,Coimbatore,Tamil Nadu,2022-01-01,New
C04622,58,Female,Bengaluru,Karnataka,2022-05-10,New
C04623,35,Male,Gurugram,Haryana,2024-04-19,Regular
C04624,70,Male,Pune,Maharashtra,2023-03-09,Regular
C04625,50,Male,Coimbatore,Tamil Nadu,2022-12-30,VIP
C04626,18,Male,Gurugram,Haryana,2023-07-28,New
C04627,59,Other,Coimbatore,Tamil Nadu,2024-12-01,New
C04628,34,Other,Pune,Maharashtra,2025-11-11,Regular
C04629,26,Female,Ahmedabad,Gujarat,2022-07-04,New
C04630,68,Female,Kolkata,West Bengal,2025-01-15,New
C04631,21,Female,Coimbatore,Tamil Nadu,2022-05-15,VIP
C04632,25,Other,Bengaluru,Karnataka,2022-07-07,Regular
C04633,29,Female,Hyderabad,Telangana,2025-06-04,New
C04634,29,Female,Chennai,Tamil Nadu,2023-10-08,New
C04635,32,Female,Bengaluru,Karnataka,2024-01-13,New
C04636,20,Male,Visakhapatnam,Andhra Pradesh,2023-02-13,Regular
C04637,55,Female,,Tamil Nadu,2024-05-31,VIP
C04638,48,Female,Hyderabad,Telangana,2022-01-10,VIP
C04639,54,Female,Chennai,Tamil Nadu,2024-10-29,VIP
C04640,36,Male,Gurugram,Haryana,2025-12-02,VIP
C04641,51,Female,Visakhapatnam,Andhra Pradesh,2025-03-08,Regular
C04642,40,Male,Mumbai,Maharashtra,2024-04-24,VIP
C04643,48,Male,Jaipur,Rajasthan,2023-07-26,Regular
C04644,68,Other,Chennai,Tamil Nadu,2025-07-02,VIP
C04645,30,Female,Visakhapatnam,Andhra Pradesh,2024-08-29,VIP
C04646,67,Other,Chennai,Tamil Nadu,2023-03-13,New
C04647,39,Male,Bengaluru,Karnataka,2023-06-13,New
C04648,60,Other,Lucknow,Uttar Pradesh,2025-02-23,Regular
C04649,29,Male,Ahmedabad,Gujarat,2025-11-03,Regular
C04650,68,Other,Delhi,Delhi,2023-03-13,Regular
C04651,51,Male,Kochi,Kerala,2023-06-09,Regular
C04652,51,Male,Visakhapatnam,Andhra Pradesh,2024-05-11,Regular
C04653,45,Male,Jaipur,Rajasthan,2025-01-22,VIP
C04654,30,Other,Bhubaneswar,Odisha,2024-07-06,VIP
C04655,37,Other,Ahmedabad,Gujarat,2023-05-30,VIP
C04656,37,Male,Mumbai,Maharashtra,2025-01-25,Regular
C04657,69,Other,Ahmedabad,Gujarat,2024-02-23,Regular
C04658,52,Male,Kolkata,West Bengal,2022-10-10,Regular
C04659,46,Female,Gurugram,Haryana,2022-04-19,Regular
C04660,41,Female,Bengaluru,Karnataka,2024-03-16,VIP
C04661,23,Female,Gurugram,Haryana,2023-12-23,Regular
C04662,54,Male,Pune,Maharashtra,2023-02-26,VIP
C04663,20,Other,Hyderabad,Telangana,2025-05-01,Regular
C04664,20,Female,Gurugram,Haryana,2022-08-08,VIP
C04665,60,Other,Delhi,Delhi,2022-02-26,New
C04666,23,Male,Ahmedabad,Gujarat,2022-07-24,Regular
C04667,56,Other,Kolkata,West Bengal,2022-07-14,New
C04668,69,Female,Visakhapatnam,Andhra Pradesh,2023-11-04,VIP
C04669,42,Male,Kochi,Kerala,2025-10-28,VIP
C04670,58,Male,Pune,Maharashtra,2022-12-11,Regular
C04671,38,Female,Lucknow,Uttar Pradesh,2023-04-24,VIP
C04672,29,Male,Chennai,Tamil Nadu,2025-10-29,New
C04673,46,Female,Visakhapatnam,Andhra Pradesh,2023-01-09,VIP
C04674,18,Male,Lucknow,Uttar Pradesh,2022-05-02,Regular
C04675,38,Male,Bengaluru,Karnataka,2022-06-11,Regular
C04676,40,Other,Mumbai,Maharashtra,2023-01-10,VIP
C04677,58,Other,Jaipur,Rajasthan,2024-06-20,Regular
C04678,36,Male,Bengaluru,Karnataka,2024-06-16,Regular
C04679,63,Male,Vijayawada,Andhra Pradesh,2024-06-26,New
C04680,53,Male,Kochi,Kerala,2025-05-03,Regular
C04681,19,Male,Lucknow,Uttar Pradesh,2025-08-11,VIP
C04682,18,Female,Chennai,Tamil Nadu,2022-04-09,Regular
C04683,67,Other,Mumbai,Maharashtra,2023-09-15,New
C04684,55,Male,Mumbai,Maharashtra,2025-11-14,New
C04685,26,Male,Jaipur,Rajasthan,2023-12-15,New
C04686,50,Other,Bhubaneswar,Odisha,2022-04-04,VIP
C04687,22,Other,Delhi,Delhi,2022-05-12,Regular
C04688,59,Female,Vijayawada,Andhra Pradesh,2023-03-30,VIP
C04689,40,Female,Pune,Maharashtra,2025-01-22,New
C04690,54,Female,Lucknow,Uttar Pradesh,2025-11-05,New
C04691,42,Male,Bengaluru,Karnataka,2024-01-11,New
C04692,49,Other,Bengaluru,Karnataka,2024-04-14,VIP
C04693,19,Female,Hyderabad,Telangana,2025-08-12,VIP
C04694,21,Male,Bhubaneswar,Odisha,2025-01-26,VIP
C04695,48,Female,Kolkata,West Bengal,2024-06-18,New
C04696,50,Female,Ahmedabad,Gujarat,2024-09-07,VIP
C04697,60,Male,Visakhapatnam,Andhra Pradesh,2023-03-23,VIP
C04698,55,Other,Delhi,Delhi,2023-09-21,Regular
C04699,18,Female,Ahmedabad,Gujarat,2022-02-12,Regular
C04700,66,Male,Kochi,Kerala,2024-02-12,Regular
C04701,31,Male,Gurugram,Haryana,2022-01-17,VIP
C04702,22,Female,Lucknow,Uttar Pradesh,2022-01-23,New
C04703,34,Male,Kolkata,West Bengal,2023-10-04,Regular
C04704,24,Female,Pune,Maharashtra,2023-08-09,VIP
C04705,55,Male,Jaipur,Rajasthan,2023-01-12,VIP
C04706,54,Other,Pune,Maharashtra,2025-09-16,New
C04707,37,Female,Ahmedabad,Gujarat,2023-03-30,New
C04708,65,Male,Chennai,Tamil Nadu,2022-02-01,VIP
C04709,44,Other,Bengaluru,Karnataka,2025-08-10,New
C04710,18,Other,Lucknow,Uttar Pradesh,2023-05-16,VIP
C04711,34,Male,Bhubaneswar,Odisha,2024-11-11,New
C04712,23,Female,Visakhapatnam,Andhra Pradesh,2022-08-27,Regular
C04713,68,Male,Kochi,Kerala,2023-03-27,VIP
C04714,61,Female,Hyderabad,Telangana,2023-07-31,Regular
C04715,53,Other,Gurugram,Haryana,2025-02-26,Regular
C04716,29,Male,Gurugram,Haryana,2025-03-04,New
C04717,28,Female,Bhubaneswar,Odisha,2023-10-01,New
C04718,44,Other,Ahmedabad,Gujarat,2023-05-08,New
C04719,27,Female,Hyderabad,Telangana,2025-11-22,Regular
C04720,29,Male,Lucknow,Uttar Pradesh,2024-12-02,Regular
C04721,19,Other,Kochi,Kerala,2024-08-06,VIP
C04722,46,Male,Visakhapatnam,Andhra Pradesh,2022-01-03,New
C04723,32,Other,Lucknow,Uttar Pradesh,2022-11-28,VIP
C04724,30,Female,Hyderabad,Telangana,2023-01-06,VIP
C04725,59,Other,Pune,Maharashtra,2022-07-22,VIP
C04726,40,Other,Pune,Maharashtra,2022-05-19,New
C04727,61,Female,Coimbatore,Tamil Nadu,2022-01-09,VIP
C04728,24,Male,Vijayawada,Andhra Pradesh,2024-06-07,VIP
C04729,52,Female,Bhubaneswar,Odisha,2023-03-10,Regular
C04730,38,Other,Chennai,Tamil Nadu,2025-04-20,VIP
C04731,48,Male,Kochi,Kerala,2025-11-14,VIP
C04732,53,Other,Vijayawada,Andhra Pradesh,2024-02-21,New
C04733,33,Female,Bengaluru,Karnataka,2023-11-27,VIP
C04734,53,Female,Mumbai,Maharashtra,2022-05-18,VIP
C04735,55,Female,Visakhapatnam,Andhra Pradesh,2024-11-07,New
C04736,37,Male,Jaipur,Rajasthan,2023-11-11,VIP
C04737,26,Male,Vijayawada,Andhra Pradesh,2024-11-18,VIP
C04738,18,Male,Coimbatore,Tamil Nadu,2022-11-29,New
C04739,36,Other,Mumbai,Maharashtra,2025-06-13,New
C04740,60,Male,Ahmedabad,Gujarat,2022-10-05,New
C04741,35,Female,Jaipur,Rajasthan,2022-07-01,Regular
C04742,31,Other,Jaipur,Rajasthan,2025-09-03,New
C04743,44,Female,Vijayawada,Andhra Pradesh,2022-05-16,VIP
C04744,18,Other,Mumbai,Maharashtra,2025-12-06,New
C04745,20,Other,Hyderabad,Telangana,2022-09-19,New
C04746,63,Other,Bengaluru,Karnataka,2023-07-22,New
C04747,26,Other,,Gujarat,2022-09-26,Regular
C04748,26,Other,Coimbatore,Tamil Nadu,2024-01-06,New
C04749,63,Male,Ahmedabad,Gujarat,2024-02-03,New
C04750,23,Female,Visakhapatnam,Andhra Pradesh,2024-10-27,Regular
C04751,34,Female,Bengaluru,Karnataka,2024-04-13,New
C04752,70,Male,Hyderabad,Telangana,2025-10-29,Regular
C04753,47,Female,Ahmedabad,Gujarat,2024-06-20,Regular
C04754,24,Other,Kolkata,West Bengal,2025-04-12,VIP
C04755,67,Male,Ahmedabad,Gujarat,2022-09-28,VIP
C04756,28,Other,Hyderabad,Telangana,2025-08-27,New
C04757,70,Other,Bhubaneswar,Odisha,2025-10-30,VIP
C04758,37,Female,Chennai,Tamil Nadu,2024-08-19,VIP
C04759,55,Other,Bengaluru,Karnataka,2022-11-22,VIP
C04760,68,Male,Mumbai,Maharashtra,2022-09-02,Regular
C04761,70,Female,Ahmedabad,Gujarat,2025-01-13,New
C04762,28,Male,Kolkata,West Bengal,2024-03-13,VIP
C04763,25,Female,Chennai,Tamil Nadu,2023-02-20,Regular
C04764,21,Female,Hyderabad,Telangana,2024-10-23,Regular
C04765,43,Female,Lucknow,Uttar Pradesh,2024-05-05,New
C04766,62,Female,Kolkata,West Bengal,2023-04-24,New
C04767,50,Female,Chennai,Tamil Nadu,2025-03-14,Regular
C04768,37,Other,Lucknow,Uttar Pradesh,2022-05-04,Regular
C04769,59,Male,Jaipur,Rajasthan,2023-09-08,Regular
C04770,30,Other,Bhubaneswar,Odisha,2024-03-12,Regular
C04771,54,Female,Mumbai,Maharashtra,2023-04-06,Regular
C04772,59,Other,Hyderabad,Telangana,2023-09-12,Regular
C04773,30,Male,Pune,Maharashtra,2024-07-18,New
C04774,45,Male,Kolkata,West Bengal,2022-10-03,New
C04775,34,Male,Delhi,Delhi,2022-10-28,Regular
C04776,59,Other,Visakhapatnam,Andhra Pradesh,2023-12-05,VIP
C04777,61,Male,Gurugram,Haryana,2023-06-30,New
C04778,65,Female,Bengaluru,Karnataka,2024-12-29,VIP
C04779,44,Male,Vijayawada,Andhra Pradesh,2025-06-29,VIP
C04780,70,Other,Ahmedabad,Gujarat,2023-09-30,New
C04781,32,Male,Kolkata,West Bengal,2023-06-24,VIP
C04782,26,Other,Gurugram,Haryana,2023-05-06,Regular
C04783,41,Other,Kochi,Kerala,2023-01-18,New
C04784,33,Male,Lucknow,Uttar Pradesh,2024-12-24,New
C04785,70,Male,Jaipur,Rajasthan,2023-02-19,VIP
C04786,23,Other,Ahmedabad,Gujarat,2022-06-08,Regular
C04787,19,Female,Coimbatore,Tamil Nadu,2024-04-10,VIP
C04788,47,Other,Jaipur,Rajasthan,2024-01-28,Regular
C04789,39,Female,Jaipur,Rajasthan,2024-10-19,Regular
C04790,39,Male,Jaipur,Rajasthan,2025-07-25,Regular
C04791,41,Other,Ahmedabad,Gujarat,2024-06-13,Regular
C04792,42,Other,Jaipur,Rajasthan,2024-03-15,VIP
C04793,45,Male,Kolkata,West Bengal,2022-05-11,Regular
C04794,29,Female,Visakhapatnam,Andhra Pradesh,2022-06-11,Regular
C04795,52,Other,Lucknow,Uttar Pradesh,2022-02-15,New
C04796,37,Other,Gurugram,Haryana,2025-06-20,New
C04797,66,Female,Gurugram,Haryana,2023-01-15,VIP
C04798,68,Female,Visakhapatnam,Andhra Pradesh,2023-10-24,VIP
C04799,37,Female,Kolkata,West Bengal,2024-03-24,New
C04800,18,Female,Vijayawada,Andhra Pradesh,2023-05-06,Regular
C04801,41,Other,Visakhapatnam,Andhra Pradesh,2023-05-06,VIP
C04802,29,Female,Vijayawada,Andhra Pradesh,2023-06-29,New
C04803,60,Female,Delhi,Delhi,2022-04-18,VIP
C04804,68,Male,Mumbai,Maharashtra,2023-05-23,Regular
C04805,67,Female,Vijayawada,Andhra Pradesh,2023-09-09,Regular
C04806,46,Other,Mumbai,Maharashtra,2022-04-25,Regular
C04807,67,Female,Ahmedabad,Gujarat,2025-09-09,New
C04808,19,Male,Vijayawada,Andhra Pradesh,2025-10-26,VIP
C04809,51,Female,Vijayawada,Andhra Pradesh,2024-10-12,New
C04810,23,Female,Visakhapatnam,Andhra Pradesh,2022-09-04,VIP
C04811,53,Female,Kochi,Kerala,2022-07-09,Regular
C04812,41,Other,Pune,Maharashtra,2023-03-05,Regular
C04813,50,Female,Pune,Maharashtra,2024-06-05,Regular
C04814,59,Other,Jaipur,Rajasthan,2025-10-25,Regular
C04815,49,Male,Bengaluru,Karnataka,2022-08-19,VIP
C04816,70,Other,Pune,Maharashtra,2025-08-20,New
C04817,65,Male,Bhubaneswar,Odisha,2023-12-01,New
C04818,46,Male,Kochi,Kerala,2024-08-05,VIP
C04819,61,Female,Bhubaneswar,Odisha,2024-03-30,Regular
C04820,47,Male,Mumbai,Maharashtra,2023-02-04,New
C04821,59,Male,Jaipur,Rajasthan,2022-05-07,VIP
C04822,70,Female,Lucknow,Uttar Pradesh,2022-11-09,VIP
C04823,41,Female,Chennai,Tamil Nadu,2022-02-20,VIP
C04824,19,Male,Bengaluru,Karnataka,2022-03-16,Regular
C04825,22,Female,Pune,Maharashtra,2022-09-20,New
C04826,60,Male,Gurugram,Haryana,2024-08-06,New
C04827,56,Female,Bhubaneswar,Odisha,2022-02-24,New
C04828,66,Female,Vijayawada,Andhra Pradesh,2023-03-22,VIP
C04829,28,Male,Chennai,Tamil Nadu,2024-10-09,New
C04830,42,Other,Vijayawada,Andhra Pradesh,2023-02-10,Regular
C04831,27,Other,Lucknow,Uttar Pradesh,2025-12-23,Regular
C04832,56,Other,Pune,Maharashtra,2022-02-24,New
C04833,40,Male,Coimbatore,Tamil Nadu,2023-05-20,VIP
C04834,40,Other,Lucknow,Uttar Pradesh,2025-06-14,VIP
C04835,27,Male,Mumbai,Maharashtra,2023-04-26,New
C04836,62,Other,Kochi,Kerala,2023-04-10,New
C04837,36,Female,Pune,Maharashtra,2022-01-03,Regular
C04838,32,Male,Ahmedabad,Gujarat,2023-12-27,New
C04839,23,Other,Bhubaneswar,Odisha,2024-05-24,Regular
C04840,43,Male,Bengaluru,Karnataka,2024-08-19,New
C04841,50,Male,Kochi,Kerala,2022-04-04,Regular
C04842,66,Other,Coimbatore,Tamil Nadu,2022-09-05,New
C04843,20,Male,,Maharashtra,2024-02-20,New
C04844,27,Female,Coimbatore,Tamil Nadu,2022-09-13,New
C04845,70,Other,Lucknow,Uttar Pradesh,2025-08-13,New
C04846,23,Female,Pune,Maharashtra,2025-12-17,VIP
C04847,66,Female,Bhubaneswar,Odisha,2025-12-19,VIP
C04848,48,Male,Jaipur,Rajasthan,2024-04-04,Regular
C04849,26,Male,Kochi,Kerala,2023-06-22,New
C04850,27,Male,Mumbai,Maharashtra,2025-11-15,New
C04851,24,Other,Hyderabad,Telangana,2025-07-23,Regular
C04852,40,Other,Jaipur,Rajasthan,2022-11-12,VIP
C04853,61,Other,Visakhapatnam,Andhra Pradesh,2025-09-23,New
C04854,43,Male,Pune,Maharashtra,2023-12-26,Regular
C04855,39,Male,Pune,Maharashtra,2025-06-19,Regular
C04856,33,Other,Bengaluru,Karnataka,2024-03-08,VIP
C04857,22,Other,Coimbatore,Tamil Nadu,2023-05-17,New
C04858,43,Other,Bengaluru,Karnataka,2023-07-11,Regular
C04859,70,Male,,Rajasthan,2022-08-03,New
C04860,38,Male,Coimbatore,Tamil Nadu,2025-10-02,VIP
C04861,59,Other,Delhi,Delhi,2022-09-07,Regular
C04862,60,Male,Visakhapatnam,Andhra Pradesh,2022-01-28,New
C04863,43,Other,Kolkata,West Bengal,2022-12-24,New
C04864,43,Male,Delhi,Delhi,2025-09-21,VIP
C04865,41,Female,Coimbatore,Tamil Nadu,2025-09-07,New
C04866,68,Female,Gurugram,Haryana,2023-07-21,New
C04867,34,Other,Lucknow,Uttar Pradesh,2023-10-15,New
C04868,60,Male,Pune,Maharashtra,2025-07-06,Regular
C04869,64,Female,Chennai,Tamil Nadu,2024-05-26,New
C04870,67,Other,Chennai,Tamil Nadu,2025-03-05,Regular
C04871,35,Male,,Haryana,2024-05-27,VIP
C04872,64,Female,Chennai,Tamil Nadu,2025-03-26,VIP
C04873,38,Female,Mumbai,Maharashtra,2025-04-25,VIP
C04874,69,Male,Coimbatore,Tamil Nadu,2024-01-03,New
C04875,69,Male,Coimbatore,Tamil Nadu,2022-01-02,New
C04876,45,Male,Jaipur,Rajasthan,2022-12-12,VIP
C04877,57,Other,Hyderabad,Telangana,2022-05-26,Regular
C04878,64,Other,Vijayawada,Andhra Pradesh,2022-10-06,New
C04879,22,Male,Visakhapatnam,Andhra Pradesh,2023-09-22,VIP
C04880,57,Female,Ahmedabad,Gujarat,2024-05-30,Regular
C04881,20,Other,Kochi,Kerala,2024-04-11,VIP
C04882,22,Male,Coimbatore,Tamil Nadu,2023-03-18,Regular
C04883,32,Male,Coimbatore,Tamil Nadu,2024-09-17,VIP
C04884,46,Other,Pune,Maharashtra,2022-09-28,Regular
C04885,39,Other,Hyderabad,Telangana,2024-07-31,VIP
C04886,52,Female,Coimbatore,Tamil Nadu,2025-08-21,Regular
C04887,31,Other,Ahmedabad,Gujarat,2025-07-29,VIP
C04888,25,Other,Delhi,Delhi,2023-02-20,New
C04889,37,Male,Kolkata,West Bengal,2023-11-05,New
C04890,32,Male,Gurugram,Haryana,2023-01-08,New
C04891,25,Other,Bengaluru,Karnataka,2022-11-21,New
C04892,67,Female,Lucknow,Uttar Pradesh,2022-02-18,Regular
C04893,36,Other,Kolkata,West Bengal,2023-07-12,VIP
C04894,48,Male,Kochi,Kerala,2023-08-05,VIP
C04895,26,Female,Bengaluru,Karnataka,2022-01-03,VIP
C04896,37,Female,Kochi,Kerala,2024-03-21,VIP
C04897,43,Female,Bhubaneswar,Odisha,2024-10-13,VIP
C04898,46,Female,Kochi,Kerala,2025-04-29,New
C04899,42,Female,Bhubaneswar,Odisha,2023-02-17,Regular
C04900,39,Male,Bengaluru,Karnataka,2023-06-11,New
C04901,40,Female,Bhubaneswar,Odisha,2023-05-16,VIP
C04902,30,Male,Ahmedabad,Gujarat,2024-08-21,VIP
C04903,54,Female,Kolkata,West Bengal,2023-07-12,VIP
C04904,46,Male,Pune,Maharashtra,2024-08-09,New
C04905,54,Other,Lucknow,Uttar Pradesh,2022-10-09,Regular
C04906,31,Male,Ahmedabad,Gujarat,2023-10-20,VIP
C04907,47,Other,,Uttar Pradesh,2025-04-30,New
C04908,40,Male,Pune,Maharashtra,2024-01-24,New
C04909,44,Other,Pune,Maharashtra,2024-08-05,New
C04910,33,Male,Bhubaneswar,Odisha,2023-09-06,Regular
C04911,57,Other,Delhi,Delhi,2024-12-10,VIP
C04912,43,Female,Gurugram,Haryana,2025-06-06,Regular
C04913,45,Male,Bhubaneswar,Odisha,2025-09-08,Regular
C04914,36,Other,Gurugram,Haryana,2023-06-21,New
C04915,34,Male,Delhi,Delhi,2025-12-23,Regular
C04916,54,Other,Vijayawada,Andhra Pradesh,2024-03-21,VIP
C04917,33,Other,Ahmedabad,Gujarat,2025-05-29,Regular
C04918,46,Female,Jaipur,Rajasthan,2025-03-30,New
C04919,34,Male,Jaipur,Rajasthan,2024-04-19,VIP
C04920,32,Male,Pune,Maharashtra,2022-10-27,VIP
C04921,44,Male,Gurugram,Haryana,2024-10-22,VIP
C04922,54,Other,Coimbatore,Tamil Nadu,2023-03-24,VIP
C04923,33,Male,Jaipur,Rajasthan,2022-07-24,New
C04924,46,Male,Hyderabad,Telangana,2025-03-15,New
C04925,48,Male,Pune,Maharashtra,2022-08-24,Regular
C04926,51,Female,Gurugram,Haryana,2023-09-10,New
C04927,63,Female,Delhi,Delhi,2025-07-14,Regular
C04928,69,Other,Gurugram,Haryana,2024-08-25,New
C04929,33,Male,Visakhapatnam,Andhra Pradesh,2022-03-18,New
C04930,54,Female,Delhi,Delhi,2023-07-24,Regular
C04931,27,Other,Kolkata,West Bengal,2022-05-12,VIP
C04932,21,Male,Ahmedabad,Gujarat,2025-03-06,New
C04933,26,Male,Lucknow,Uttar Pradesh,2022-08-07,New
C04934,43,Female,Kochi,Kerala,2023-11-14,VIP
C04935,39,Other,Kolkata,West Bengal,2023-01-25,Regular
C04936,53,Female,Coimbatore,Tamil Nadu,2022-01-05,New
C04937,34,Other,Mumbai,Maharashtra,2022-05-21,Regular
C04938,34,Other,Delhi,Delhi,2023-01-23,Regular
C04939,32,Male,Kolkata,West Bengal,2024-03-05,New
C04940,53,Female,Ahmedabad,Gujarat,2025-01-15,New
C04941,29,Male,Mumbai,Maharashtra,2023-08-31,Regular
C04942,65,Male,Pune,Maharashtra,2025-10-05,New
C04943,37,Female,Ahmedabad,Gujarat,2023-02-04,Regular
C04944,44,Male,Pune,Maharashtra,2023-06-27,VIP
C04945,37,Male,Vijayawada,Andhra Pradesh,2022-02-08,VIP
C04946,44,Other,Kochi,Kerala,2025-04-01,VIP
C04947,19,Male,Kolkata,West Bengal,2025-01-11,VIP
C04948,63,Male,Gurugram,Haryana,2025-12-26,VIP
C04949,66,Other,Jaipur,Rajasthan,2024-02-21,New
C04950,23,Other,Visakhapatnam,Andhra Pradesh,2025-09-01,VIP
C04951,36,Male,Coimbatore,Tamil Nadu,2024-06-16,Regular
C04952,20,Female,Jaipur,Rajasthan,2023-01-21,New
C04953,27,Male,Gurugram,Haryana,2022-04-30,VIP
C04954,28,Male,Lucknow,Uttar Pradesh,2022-04-07,VIP
C04955,43,Female,Jaipur,Rajasthan,2024-05-14,New
C04956,64,Male,Kochi,Kerala,2023-11-21,New
C04957,51,Male,Mumbai,Maharashtra,2022-10-01,VIP
C04958,26,Male,Ahmedabad,Gujarat,2022-01-20,New
C04959,54,Male,Gurugram,Haryana,2024-04-01,New
C04960,32,Male,Mumbai,Maharashtra,2022-01-21,New
C04961,44,Female,Mumbai,Maharashtra,2023-06-04,Regular
C04962,25,Other,Chennai,Tamil Nadu,2025-11-18,Regular
C04963,70,Male,Kochi,Kerala,2024-01-18,Regular
C04964,67,Female,Bhubaneswar,Odisha,2022-10-18,VIP
C04965,33,Other,Lucknow,Uttar Pradesh,2023-10-08,New
C04966,59,Female,Pune,Maharashtra,2023-07-24,New
C04967,29,Male,Bengaluru,Karnataka,2022-06-10,VIP
C04968,28,Male,Jaipur,Rajasthan,2024-09-25,New
C04969,63,Male,Mumbai,Maharashtra,2023-07-09,New
C04970,36,Female,Visakhapatnam,Andhra Pradesh,2025-01-11,New
C04971,47,Other,Hyderabad,Telangana,2022-07-06,New
C04972,69,Male,Pune,Maharashtra,2025-09-17,Regular
C04973,21,Female,Bengaluru,Karnataka,2024-02-04,VIP
C04974,60,Other,Bhubaneswar,Odisha,2023-06-15,Regular
C04975,59,Other,Vijayawada,Andhra Pradesh,2024-09-02,VIP
C04976,70,Female,Coimbatore,Tamil Nadu,2023-10-20,Regular
C04977,68,Other,Vijayawada,Andhra Pradesh,2025-06-28,New
C04978,42,Female,Jaipur,Rajasthan,2022-04-13,VIP
C04979,46,Male,Ahmedabad,Gujarat,2025-01-04,VIP
C04980,27,Female,,Tamil Nadu,2025-07-12,VIP
C04981,27,Female,Chennai,Tamil Nadu,2023-01-04,VIP
C04982,68,Other,Bengaluru,Karnataka,2025-04-12,Regular
C04983,66,Other,Kolkata,West Bengal,2024-03-18,Regular
C04984,64,Other,Jaipur,Rajasthan,2024-11-04,New
C04985,33,Other,Ahmedabad,Gujarat,2024-09-21,New
C04986,67,Male,Kochi,Kerala,2025-03-20,New
C04987,23,Male,Vijayawada,Andhra Pradesh,2022-09-24,New
C04988,47,Other,Vijayawada,Andhra Pradesh,2024-12-23,New
C04989,40,Other,Ahmedabad,Gujarat,2025-11-28,VIP
C04990,21,Other,Bhubaneswar,Odisha,2025-06-11,New
C04991,70,Female,Kochi,Kerala,2022-04-12,Regular
C04992,32,Other,Bengaluru,Karnataka,2025-07-12,New
C04993,55,Other,Lucknow,Uttar Pradesh,2022-08-01,VIP
C04994,40,Male,,Rajasthan,2025-11-23,VIP
C04995,49,Male,Gurugram,Haryana,2022-08-13,New
C04996,49,Female,Pune,Maharashtra,2022-10-19,VIP
C04997,32,Other,Jaipur,Rajasthan,2023-05-27,Regular
C04998,19,Female,Pune,Maharashtra,2022-12-01,Regular
C04999,25,Female,Visakhapatnam,Andhra Pradesh,2022-10-23,New
C05000,38,Other,Kolkata,West Bengal,2025-10-22,Regular
C03567,59,Other,Hyderabad,Telangana,2022-03-01,Regular
C04253,36,Female,Chennai,Tamil Nadu,2023-10-29,New
C01919,52,Female,Visakhapatnam,Andhra Pradesh,2024-12-01,New
C04112,40,Male,Jaipur,Rajasthan,2023-11-29,Regular
C01472,28,Other,Coimbatore,Tamil Nadu,2025-03-30,New
C00930,44,Other,Hyderabad,Telangana,2023-09-09,New
C01917,23,Male,Mumbai,Maharashtra,2023-09-10,VIP
C03996,66,Female,Lucknow,Uttar Pradesh,2024-01-01,VIP
C01131,22,Male,Hyderabad,Telangana,2025-12-12,VIP
C01724,39,Female,Hyderabad,Telangana,2025-07-04,New
C02385,64,Female,Gurugram,Haryana,2023-09-10,New
C04201,61,Male,Lucknow,Uttar Pradesh,2023-11-03,New
C00089,65,Female,Hyderabad,Telangana,2023-01-03,Regular
C01779,44,Other,Chennai,Tamil Nadu,2023-12-22,VIP
C01429,47,Female,Delhi,Delhi,2024-12-27,VIP
C00318,25,Female,Lucknow,Uttar Pradesh,2024-05-30,VIP
C02783,23,Male,Coimbatore,Tamil Nadu,2023-07-27,New
C02657,55,Male,Lucknow,Uttar Pradesh,2024-08-28,Regular
C00967,44,Male,Vijayawada,Andhra Pradesh,2024-04-06,VIP
C02080,46,Male,Hyderabad,Telangana,2023-01-03,Regular
C00036,69,Female,Vijayawada,Andhra Pradesh,2024-01-14,New
C00672,53,Other,Mumbai,Maharashtra,2024-02-26,VIP
C02392,46,Other,Chennai,Tamil Nadu,2022-12-05,Regular
C01636,40,Female,Delhi,Delhi,2023-12-08,Regular
C03775,25,Female,Pune,Maharashtra,2024-12-29,VIP
