customer_id,loyalty_tier,points_earned,points_redeemed,last_activity_date
C00001,Bronze,862,285,2025-01-28
C00002,Platinum,845,281,2025-02-14
C00003,Silver,857,267,2025-04-18
C00004,Bronze,832,284,2025-06-20
C00005,Gold,841,278,2025-06-20
C00006,Bronze,839,275,2025-02-21
C00007,Bronze,852,265,2025-09-16
C00008,Bronze,889,248,2025-10-28
C00009,Bronze,807,300,2025-04-30
C00010,Silver,859,257,2025-04-01
C00011,Platinum,863,287,2024-12-31
C00012,Bronze,873,274,2025-08-21
C00013,Gold,885,321,2025-11-09
C00014,Platinum,833,283,2025-04-24
C00015,Bronze,855,302,2025-01-28
C00016,Bronze,821,312,2025-03-23
C00017,Bronze,914,286,2025-09-19
C00018,Bronze,843,295,2025-01-16
C00019,Bronze,838,282,2025-04-21
C00020,Gold,884,273,2025-06-03
C00021,Gold,877,289,2025-07-09
C00022,Bronze,830,266,2025-03-15
C00023,Bronze,841,283,2025-11-25
C00024,Gold,854,296,2025-07-10
C00025,Silver,812,297,2025-09-15
C00026,Bronze,874,295,2025-04-07
C00027,Bronze,913,253,2025-10-21
C00028,Bronze,822,248,2025-12-10
C00029,Silver,872,274,2025-11-13
C00030,Silver,868,306,2025-11-11
C00031,Bronze,863,312,2025-08-13
C00032,Bronze,866,290,2025-01-24
C00033,Silver,870,265,2025-12-16
C00034,Silver,861,263,2025-06-16
C00035,Bronze,857,281,2025-07-04
C00036,Bronze,851,308,2025-10-09
C00037,Bronze,839,279,2025-01-07
C00038,Gold,909,260,2025-05-26
C00039,Bronze,835,287,2025-06-13
C00040,Gold,856,299,2025-08-04
C00041,Bronze,860,283,2025-09-28
C00042,Bronze,884,278,2025-05-25
C00043,Silver,823,282,2025-05-18
C00044,Silver,867,292,2025-09-10
C00045,Bronze,936,247,2025-06-26
C00046,Bronze,875,301,2025-11-29
C00047,Bronze,856,275,2025-10-19
C00048,Silver,838,281,2025-04-26
C00049,Bronze,827,307,2025-09-29
C00050,Gold,876,282,2025-08-10
C00051,Bronze,877,253,2025-07-23
C00052,Bronze,843,284,2025-07-08
C00053,Bronze,823,254,2025-09-10
C00054,Bronze,876,282,2025-08-26
C00055,Silver,820,299,2025-04-25
C00056,Silver,845,329,2025-06-27
C00057,Bronze,808,266,2025-01-21
C00058,Bronze,888,270,2025-06-14
C00059,Bronze,894,275,2025-07-24
C00060,Bronze,830,269,2025-06-17
C00061,Gold,830,289,2025-02-20
C00062,Silver,868,269,2025-05-05
C00063,Bronze,904,297,2025-06-04
C00064,Silver,841,263,2025-08-20
C00065,Gold,850,264,2025-04-05
C00066,Bronze,841,276,2025-05-20
C00067,Bronze,883,249,2025-04-14
C00068,Bronze,850,281,2025-08-03
C00069,Bronze,793,300,2025-03-05
C00070,Platinum,846,306,2025-05-27
C00071,Silver,782,274,2025-10-11
C00072,Bronze,858,242,2025-10-08
C00073,Bronze,759,270,2025-08-11
C00074,Gold,859,288,2025-03-11
C00075,Gold,879,290,2025-08-06
C00076,Bronze,856,280,2025-01-03
C00077,Bronze,879,286,2025-06-26
C00078,Silver,828,280,2025-10-31
C00079,Gold,827,270,2025-12-20
C00080,Bronze,863,255,2025-07-27
C00081,Silver,832,275,2025-06-06
C00082,Silver,883,300,2025-02-14
C00083,Bronze,870,296,2025-10-22
C00084,Bronze,877,259,2025-07-23
C00085,Bronze,882,326,2025-12-29
C00086,Bronze,823,290,2025-06-03
C00087,Silver,872,280,2025-03-10
C00088,Platinum,854,273,2025-10-26
C00089,Bronze,832,294,2025-03-16
C00090,Gold,839,290,2025-05-31
C00091,Gold,866,275,2025-07-17
C00092,Gold,841,287,2025-06-18
C00093,Gold,806,286,2025-04-02
C00094,Silver,845,294,2025-07-14
C00095,Bronze,881,291,2025-11-05
C00096,Gold,820,272,2025-10-19
C00097,Silver,901,302,2025-01-21
C00098,Bronze,842,299,2025-12-04
C00099,Bronze,860,316,2025-05-30
C00100,Bronze,878,285,2025-10-28
C00101,Silver,840,291,2025-05-16
C00102,Bronze,854,257,2025-06-01
C00103,Gold,838,282,2025-01-01
C00104,Silver,776,284,2025-04-23
C00105,Bronze,826,287,2025-10-01
C00106,Gold,824,293,2025-03-01
C00107,Gold,868,277,2025-09-04
C00108,Bronze,841,299,2025-07-21
C00109,Gold,843,289,2025-01-06
C00110,Bronze,831,260,2025-12-20
C00111,Bronze,810,247,2025-02-20
C00112,Bronze,881,275,2025-05-20
C00113,Bronze,849,281,2025-03-07
C00114,Platinum,877,284,2025-09-12
C00115,Bronze,916,251,2025-08-22
C00116,Bronze,848,274,2025-01-15
C00117,Gold,866,295,2025-08-16
C00118,Bronze,891,252,2025-10-22
C00119,Silver,830,292,2025-11-24
C00120,Bronze,852,245,2025-10-25
C00121,Bronze,871,288,2025-03-12
C00122,Bronze,835,295,2025-11-05
C00123,Silver,822,273,2025-07-30
C00124,Bronze,844,266,2025-05-22
C00125,Platinum,840,282,2025-01-29
C00126,Bronze,803,290,2025-06-24
C00127,Gold,810,271,2025-12-29
C00128,Bronze,870,295,2025-09-27
C00129,Platinum,784,247,2025-10-17
C00130,Platinum,844,260,2025-09-22
C00131,Gold,874,282,2025-08-04
C00132,Bronze,854,287,2025-04-23
C00133,Bronze,874,297,2025-05-09
C00134,Bronze,849,279,2025-03-25
C00135,Gold,872,277,2025-01-12
C00136,Silver,875,228,2025-01-07
C00137,Silver,811,281,2025-01-23
C00138,Bronze,851,263,2025-01-08
C00139,Gold,839,315,2025-12-28
C00140,Platinum,856,274,2025-08-07
C00141,Gold,879,283,2025-07-08
C00142,Silver,839,263,2025-04-23
C00143,Bronze,901,271,2025-03-16
C00144,Bronze,827,286,2025-05-08
C00145,Silver,846,276,2025-10-22
C00146,Silver,876,254,2025-06-23
C00147,Bronze,799,263,2025-11-02
C00148,Bronze,826,277,2025-04-09
C00149,Bronze,839,280,2025-08-04
C00150,Bronze,863,276,2025-01-08
C00151,Bronze,897,279,2025-01-30
C00152,Bronze,798,296,2025-12-05
C00153,Bronze,849,305,2025-05-11
C00154,Silver,865,293,2025-12-19
C00155,Bronze,889,271,2025-09-18
C00156,Bronze,860,297,2025-09-05
C00157,Gold,823,285,2025-02-02
C00158,Bronze,823,295,2025-02-22
C00159,Silver,837,264,2025-04-04
C00160,Bronze,946,295,2025-10-24
C00161,Silver,811,280,2025-11-14
C00162,Platinum,866,272,2025-08-04
C00163,Bronze,857,278,2025-05-14
C00164,Silver,812,239,2025-03-22
C00165,Bronze,842,282,2025-01-17
C00166,Bronze,840,283,2025-10-19
C00167,Bronze,823,288,2025-08-29
C00168,Silver,841,296,2025-09-24
C00169,Bronze,861,261,2025-05-18
C00170,Bronze,866,287,2025-02-04
C00171,Silver,865,248,2025-10-13
C00172,Bronze,878,293,2025-01-10
C00173,Bronze,834,275,2025-12-03
C00174,Silver,858,306,2025-03-16
C00175,Bronze,896,287,2025-01-08
C00176,Bronze,811,282,2025-01-05
C00177,Bronze,902,296,2025-08-15
C00178,Bronze,800,262,2025-07-22
C00179,Gold,798,282,2025-11-29
C00180,Silver,841,307,2025-06-12
C00181,Bronze,880,294,2025-04-26
C00182,Silver,888,261,2025-06-10
C00183,Bronze,877,281,2025-05-18
C00184,Gold,867,272,2025-12-25
C00185,Bronze,871,282,2025-06-12
C00186,Bronze,855,268,2025-09-22
C00187,Bronze,833,271,2025-06-06
C00188,Silver,826,248,2025-02-12
C00189,Gold,848,271,2025-09-10
C00190,Silver,856,271,2025-01-22
C00191,Bronze,836,297,2025-10-21
C00192,Silver,859,240,2025-04-09
C00193,Silver,842,265,2025-05-27
C00194,Silver,858,269,2025-09-20
C00195,Silver,867,248,2025-12-29
C00196,Bronze,809,241,2025-11-04
C00197,Silver,897,263,2025-11-27
C00198,Bronze,837,294,2025-10-22
C00199,Bronze,809,263,2025-10-15
C00200,Silver,845,317,2025-12-18
C00201,Gold,873,255,2025-12-06
C00202,Bronze,843,261,2025-01-19
C00203,Gold,859,264,2025-04-10
C00204,Platinum,932,259,2025-08-04
C00205,Bronze,899,272,2025-04-18
C00206,Bronze,837,275,2025-08-16
C00207,Silver,827,267,2025-10-28
C00208,Bronze,851,289,2025-06-16
C00209,Bronze,798,251,2025-08-24
C00210,Silver,840,296,2025-03-28
C00211,Gold,802,250,2025-09-18
C00212,Silver,876,260,2025-09-18
C00213,Bronze,809,286,2025-09-14
C00214,Silver,897,290,2025-05-29
C00215,Silver,806,302,2025-05-14
C00216,Bronze,878,293,2025-01-20
C00217,Bronze,828,284,2025-03-11
C00218,Silver,926,274,2025-06-19
C00219,Gold,884,292,2025-12-20
C00220,Silver,823,275,2025-04-15
C00221,Bronze,883,267,2025-10-07
C00222,Bronze,883,285,2025-01-12
C00223,Bronze,876,298,2025-03-30
C00224,Silver,878,262,2025-02-25
C00225,Silver,846,301,2025-06-07
C00226,Gold,885,328,2025-04-20
C00227,Silver,843,302,2025-02-08
C00228,Platinum,874,297,2025-11-18
C00229,Silver,842,269,2025-01-08
C00230,Bronze,894,288,2025-09-17
C00231,Gold,848,303,2025-06-19
C00232,Bronze,828,276,2025-12-27
C00233,Silver,876,275,2025-07-13
C00234,Bronze,782,272,2025-02-07
C00235,Silver,821,247,2025-01-19
C00236,Bronze,843,305,2025-08-24
C00237,Bronze,842,282,2025-02-24
C00238,Silver,859,270,2025-08-07
C00239,Silver,796,274,2025-05-23
C00240,Gold,857,314,2025-02-28
C00241,Silver,837,307,2025-10-24
C00242,Silver,871,254,2025-12-19
C00243,Bronze,807,257,2025-03-19
C00244,Bronze,850,297,2025-06-25
C00245,Bronze,937,284,2025-05-31
C00246,Bronze,885,278,2025-08-10
C00247,Gold,883,262,2025-03-16
C00248,Silver,818,285,2025-12-05
C00249,Bronze,910,273,2025-11-03
C00250,Bronze,894,282,2025-09-26
C00251,Gold,879,282,2025-10-18
C00252,Bronze,805,242,2025-08-20
C00253,Bronze,866,279,2025-02-16
C00254,Silver,859,284,2025-06-25
C00255,Silver,859,299,2025-11-14
C00256,Bronze,842,277,2025-03-18
C00257,Bronze,881,292,2025-09-12
C00258,Gold,909,281,2025-06-23
C00259,Silver,846,271,2025-12-06
C00260,Bronze,837,261,2025-01-31
C00261,Gold,820,256,2025-12-31
C00262,Bronze,790,259,2025-11-22
C00263,Silver,835,260,2025-11-06
C00264,Gold,834,306,2025-07-15
C00265,Silver,888,299,2025-08-04
C00266,Gold,840,298,2025-06-14
C00267,Bronze,839,292,2025-11-05
C00268,Bronze,891,298,2025-05-02
C00269,Bronze,857,269,2025-07-08
C00270,Bronze,880,292,2025-04-04
C00271,Bronze,839,286,2025-01-12
C00272,Bronze,837,271,2025-01-03
C00273,Bronze,838,263,2025-02-06
C00274,Platinum,836,301,2025-12-01
C00275,Bronze,812,283,2025-03-30
C00276,Silver,866,280,2025-12-07
C00277,Silver,838,300,2025-09-12
C00278,Bronze,902,264,2025-04-07
C00279,Bronze,827,291,2025-04-15
C00280,Bronze,817,259,2025-03-11
C00281,Bronze,839,284,2025-02-07
C00282,Silver,889,251,2025-12-13
C00283,Silver,846,266,2025-08-07
C00284,Bronze,825,267,2025-08-23
C00285,Silver,831,247,2025-02-08
C00286,Silver,826,281,2025-11-27
C00287,Gold,832,278,2025-11-30
C00288,Gold,858,306,2025-08-09
C00289,Gold,844,293,2025-11-30
C00290,Gold,812,280,2025-08-14
C00291,Bronze,863,259,2025-08-30
C00292,Silver,843,275,2025-11-29
C00293,Bronze,802,295,2025-07-06
C00294,Bronze,919,290,2025-06-07
C00295,Gold,829,307,2025-06-17
C00296,Bronze,833,314,2025-04-15
C00297,Platinum,869,249,2025-07-10
C00298,Gold,870,316,2025-11-23
C00299,Bronze,823,315,2025-01-14
C00300,Gold,846,276,2025-09-13
C00301,Bronze,839,286,2025-07-15
C00302,Bronze,832,263,2025-09-25
C00303,Gold,881,279,2025-04-08
C00304,Bronze,872,262,2025-02-10
C00305,Bronze,840,276,2025-01-30
C00306,Bronze,872,321,2025-11-09
C00307,Bronze,846,277,2025-08-13
C00308,Platinum,846,293,2025-04-12
C00309,Silver,823,241,2025-02-04
C00310,Silver,839,297,2025-09-11
C00311,Gold,853,271,2025-05-01
C00312,Platinum,866,276,2025-07-26
C00313,Bronze,870,295,2025-05-11
C00314,Gold,870,290,2025-07-21
C00315,Gold,838,283,2025-07-04
C00316,Bronze,841,275,2025-04-17
C00317,Gold,894,273,2025-12-06
C00318,Bronze,814,278,2025-09-22
C00319,Bronze,868,296,2025-12-10
C00320,Silver,878,291,2025-02-15
C00321,Silver,872,295,2025-02-07
C00322,Silver,859,285,2025-12-25
C00323,Gold,845,294,2025-11-09
C00324,Bronze,866,253,2025-06-08
C00325,Silver,828,282,2025-04-11
C00326,Silver,833,278,2025-07-22
C00327,Bronze,852,297,2025-06-19
C00328,Bronze,898,270,2025-08-09
C00329,Silver,854,292,2025-05-16
C00330,Platinum,887,253,2025-11-05
C00331,Silver,918,320,2025-04-26
C00332,Gold,856,280,2025-05-15
C00333,Silver,871,283,2025-03-25
C00334,Silver,860,300,2025-08-19
C00335,Bronze,797,280,2025-12-13
C00336,Bronze,836,280,2025-11-15
C00337,Silver,828,296,2025-02-23
C00338,Silver,882,269,2025-12-12
C00339,Silver,851,263,2025-10-13
C00340,Bronze,901,310,2025-05-09
C00341,Silver,822,252,2025-01-29
C00342,Bronze,843,278,2025-11-09
C00343,Bronze,852,280,2025-06-07
C00344,Bronze,833,315,2025-02-24
C00345,Platinum,851,298,2025-04-06
C00346,Silver,887,288,2025-01-10
C00347,Bronze,837,293,2025-03-20
C00348,Silver,870,274,2025-02-04
C00349,Gold,859,284,2025-01-05
C00350,Silver,837,258,2025-09-18
C00351,Bronze,782,282,2025-04-28
C00352,Bronze,828,293,2025-01-06
C00353,Bronze,840,295,2025-11-09
C00354,Silver,866,278,2025-05-22
C00355,Bronze,826,274,2025-11-14
C00356,Bronze,787,326,2025-11-07
C00357,Bronze,878,289,2025-06-27
C00358,Gold,867,279,2025-04-11
C00359,Gold,852,264,2025-06-15
C00360,Gold,846,299,2025-05-28
C00361,Silver,888,287,2025-04-11
C00362,Bronze,866,277,2025-05-29
C00363,Bronze,805,293,2025-11-04
C00364,Silver,880,254,2025-11-18
C00365,Bronze,854,265,2025-03-15
C00366,Bronze,878,273,2025-03-14
C00367,Silver,841,257,2025-05-05
C00368,Bronze,817,276,2025-06-17
C00369,Silver,856,291,2025-05-21
C00370,Gold,818,264,2025-07-02
C00371,Bronze,848,302,2025-03-10
C00372,Bronze,794,296,2025-01-01
C00373,Bronze,876,270,2025-04-09
C00374,Bronze,864,245,2025-09-19
C00375,Gold,862,271,2025-01-26
C00376,Silver,786,261,2025-09-21
C00377,Platinum,829,275,2025-10-11
C00378,Gold,802,310,2025-06-03
C00379,Silver,832,228,2025-11-28
C00380,Platinum,841,313,2025-05-02
C00381,Bronze,837,284,2025-12-10
C00382,Silver,839,278,2025-07-20
C00383,Platinum,840,305,2025-12-17
C00384,Bronze,872,265,2025-07-14
C00385,Gold,825,246,2025-04-01
C00386,Bronze,863,294,2025-09-16
C00387,Gold,833,288,2025-06-23
C00388,Bronze,858,271,2025-09-25
C00389,Silver,803,270,2025-08-23
C00390,Bronze,771,271,2025-07-02
C00391,Silver,842,278,2025-02-05
C00392,Silver,881,280,2025-03-30
C00393,Bronze,861,289,2025-11-27
C00394,Platinum,882,275,2025-03-05
C00395,Silver,803,281,2025-07-06
C00396,Gold,849,289,2025-05-29
C00397,Bronze,846,263,2025-07-17
C00398,Bronze,848,287,2025-05-20
C00399,Silver,862,271,2025-01-04
C00400,Bronze,863,294,2025-10-16
C00401,Gold,834,281,2025-03-27
C00402,Silver,820,263,2025-06-25
C00403,Silver,897,266,2025-08-27
C00404,Silver,842,298,2025-06-28
C00405,Platinum,868,275,2025-08-31
C00406,Bronze,835,273,2025-08-27
C00407,Bronze,811,288,2025-03-10
C00408,Silver,811,295,2025-01-30
C00409,Bronze,854,292,2025-03-03
C00410,Silver,881,296,2025-04-15
C00411,Bronze,875,255,2025-10-09
C00412,Silver,857,262,2025-08-09
C00413,Silver,833,283,2025-10-11
C00414,Silver,828,286,2025-06-16
C00415,Platinum,829,287,2025-06-10
C00416,Bronze,806,283,2025-01-28
C00417,Bronze,834,269,2025-10-20
C00418,Bronze,796,298,2025-11-13
C00419,Bronze,896,278,2025-05-06
C00420,Gold,789,245,2025-01-07
C00421,Platinum,817,275,2025-04-29
C00422,Bronze,820,284,2025-07-13
C00423,Gold,888,293,2025-03-20
C00424,Silver,899,281,2025-12-09
C00425,Bronze,827,246,2025-11-27
C00426,Bronze,825,259,2025-01-17
C00427,Gold,847,292,2025-07-15
C00428,Bronze,829,291,2025-03-30
C00429,Platinum,789,289,2025-08-16
C00430,Silver,816,314,2025-05-28
C00431,Silver,825,282,2025-05-26
C00432,Bronze,799,269,2025-03-26
C00433,Bronze,872,271,2025-04-27
C00434,Bronze,869,298,2025-02-25
C00435,Silver,864,310,2025-09-16
C00436,Bronze,852,270,2025-12-29
C00437,Gold,862,286,2025-09-19
C00438,Bronze,816,316,2025-12-28
C00439,Silver,921,288,2025-10-15
C00440,Bronze,846,287,2025-04-12
C00441,Bronze,797,272,2025-07-10
C00442,Gold,773,289,2025-09-18
C00443,Bronze,877,270,2025-10-12
C00444,Bronze,868,260,2025-05-09
C00445,Bronze,869,244,2025-10-01
C00446,Bronze,850,297,2025-04-30
C00447,Bronze,847,293,2025-06-18
C00448,Silver,829,311,2025-05-25
C00449,Bronze,833,295,2025-03-03
C00450,Platinum,835,269,2025-03-20
C00451,Bronze,899,277,2025-02-03
C00452,Platinum,904,252,2025-09-09
C00453,Bronze,816,269,2025-08-23
C00454,Silver,841,273,2025-07-22
C00455,Silver,825,274,2025-11-26
C00456,Bronze,892,269,2025-02-08
C00457,Bronze,874,285,2025-06-25
C00458,Bronze,857,279,2025-01-02
C00459,Silver,872,271,2025-11-30
C00460,Bronze,791,267,2025-10-08
C00461,Silver,797,267,2025-07-21
C00462,Gold,840,270,2025-10-28
C00463,Silver,832,290,2025-04-10
C00464,Bronze,820,275,2025-06-25
C00465,Silver,835,280,2025-07-31
C00466,Silver,810,292,2025-05-27
C00467,Gold,864,289,2025-11-07
C00468,Silver,854,294,2025-08-31
C00469,Bronze,813,316,2025-12-29
C00470,Bronze,903,295,2025-03-28
C00471,Bronze,864,272,2025-05-06
C00472,Bronze,833,280,2025-09-25
C00473,Bronze,819,272,2025-12-28
C00474,Bronze,889,290,2025-04-01
C00475,Bronze,832,254,2025-03-18
C00476,Bronze,868,285,2025-05-04
C00477,Bronze,886,296,2025-10-28
C00478,Bronze,893,271,2025-12-27
C00479,Bronze,840,252,2025-02-07
C00480,Gold,893,284,2025-05-12
C00481,Silver,838,331,2025-09-08
C00482,Bronze,802,288,2025-03-22
C00483,Bronze,847,289,2025-10-07
C00484,Silver,861,278,2025-04-28
C00485,Silver,896,298,2025-05-02
C00486,Silver,841,287,2025-05-05
C00487,Bronze,848,270,2025-05-12
C00488,Bronze,848,288,2025-11-02
C00489,Gold,882,283,2025-10-31
C00490,Silver,865,284,2025-04-19
C00491,Gold,827,272,2025-08-04
C00492,Bronze,834,294,2025-10-21
C00493,Bronze,847,257,2025-07-21
C00494,Gold,851,258,2025-10-27
C00495,Gold,872,291,2025-01-11
C00496,Gold,891,282,2025-04-29
C00497,Gold,838,293,2025-01-31
C00498,Bronze,865,308,2025-04-17
C00499,Gold,873,260,2025-06-15
C00500,Bronze,870,301,2025-09-21
C00501,Silver,897,306,2025-12-31
C00502,Silver,814,275,2025-02-26
C00503,Gold,829,288,2025-11-30
C00504,Silver,834,317,2025-12-27
C00505,Silver,862,271,2025-05-19
C00506,Bronze,846,306,2025-11-19
C00507,Silver,825,287,2025-10-18
C00508,Bronze,873,254,2025-11-24
C00509,Bronze,881,303,2025-12-07
C00510,Silver,901,298,2025-10-20
C00511,Silver,844,315,2025-08-11
C00512,Bronze,884,281,2025-10-20
C00513,Bronze,815,280,2025-09-23
C00514,Bronze,853,263,2025-08-02
C00515,Platinum,856,283,2025-01-20
C00516,Silver,841,287,2025-08-05
C00517,Bronze,849,249,2025-04-25
C00518,Bronze,874,280,2025-09-12
C00519,Bronze,866,245,2025-01-18
C00520,Bronze,859,286,2025-12-05
C00521,Silver,891,286,2025-07-06
C00522,Gold,862,302,2025-01-28
C00523,Bronze,851,317,2025-04-28
C00524,Bronze,837,290,2025-01-11
C00525,Silver,836,271,2025-01-26
C00526,Silver,824,267,2025-05-17
C00527,Silver,888,265,2025-05-05
C00528,Silver,822,279,2025-11-13
C00529,Bronze,909,294,2025-02-18
C00530,Bronze,840,255,2025-01-01
C00531,Platinum,846,271,2025-05-27
C00532,Silver,869,271,2025-10-31
C00533,Bronze,885,288,2025-01-18
C00534,Bronze,842,296,2025-03-10
C00535,Silver,840,269,2025-03-08
C00536,Gold,864,303,2025-02-11
C00537,Gold,878,302,2025-05-02
C00538,Platinum,806,272,2025-11-06
C00539,Bronze,884,268,2025-06-22
C00540,Bronze,816,291,2025-06-28
C00541,Bronze,875,229,2025-01-02
C00542,Gold,828,283,2025-02-22
C00543,Bronze,864,292,2025-05-23
C00544,Bronze,834,267,2025-07-05
C00545,Bronze,852,292,2025-06-10
C00546,Gold,893,280,2025-06-08
C00547,Silver,936,280,2025-05-12
C00548,Gold,858,306,2025-06-06
C00549,Silver,868,277,2025-08-02
C00550,Bronze,824,289,2025-12-11
C00551,Silver,880,274,2025-02-24
C00552,Bronze,830,244,2025-02-22
C00553,Silver,835,265,2025-01-17
C00554,Bronze,849,272,2025-06-21
C00555,Bronze,887,283,2025-04-07
C00556,Bronze,854,283,2025-09-02
C00557,Bronze,904,269,2025-09-23
C00558,Bronze,884,274,2025-08-06
C00559,Platinum,858,259,2025-08-17
C00560,Silver,824,258,2025-12-23
C00561,Bronze,850,264,2025-12-23
C00562,Bronze,869,245,2025-02-20
C00563,Gold,877,258,2024-12-31
C00564,Bronze,829,253,2025-06-27
C00565,Bronze,872,262,2025-10-15
C00566,Silver,854,295,2025-10-10
C00567,Bronze,814,272,2025-08-09
C00568,Platinum,807,254,2025-10-22
C00569,Bronze,874,288,2025-01-20
C00570,Silver,891,256,2025-06-20
C00571,Silver,878,300,2025-01-16
C00572,Silver,814,313,2025-01-01
C00573,Bronze,854,289,2025-06-28
C00574,Bronze,863,274,2025-09-22
C00575,Bronze,782,280,2025-05-11
C00576,Bronze,835,301,2025-02-15
C00577,Platinum,866,269,2025-09-20
C00578,Bronze,889,283,2025-01-10
C00579,Bronze,866,289,2025-09-29
C00580,Platinum,815,261,2025-10-27
C00581,Bronze,899,308,2025-11-16
C00582,Gold,861,242,2025-03-10
C00583,Silver,856,279,2025-11-23
C00584,Gold,850,267,2025-08-21
C00585,Bronze,836,292,2025-08-29
C00586,Bronze,832,294,2025-02-15
C00587,Silver,829,286,2025-01-05
C00588,Gold,849,264,2025-12-25
C00589,Gold,865,269,2025-05-11
C00590,Bronze,832,314,2025-12-21
C00591,Platinum,811,269,2025-06-29
C00592,Silver,905,272,2025-01-11
C00593,Bronze,814,272,2025-08-08
C00594,Silver,826,291,2025-05-01
C00595,Bronze,841,252,2025-01-22
C00596,Bronze,839,289,2025-08-29
C00597,Silver,885,266,2025-05-30
C00598,Gold,752,292,2025-12-06
C00599,Silver,912,275,2025-11-03
C00600,Bronze,820,303,2025-07-13
C00601,Bronze,843,273,2025-04-23
C00602,Silver,834,268,2025-02-07
C00603,Gold,902,267,2025-03-06
C00604,Bronze,886,295,2025-11-03
C00605,Gold,862,283,2025-11-19
C00606,Platinum,855,275,2025-07-16
C00607,Silver,864,278,2025-12-12
C00608,Silver,845,274,2025-01-06
C00609,Bronze,847,262,2025-11-12
C00610,Gold,839,255,2025-12-09
C00611,Gold,892,258,2025-11-26
C00612,Bronze,836,311,2025-06-11
C00613,Bronze,884,295,2025-01-03
C00614,Platinum,856,293,2025-10-15
C00615,Silver,842,284,2025-05-31
C00616,Bronze,893,253,2025-12-27
C00617,Bronze,863,279,2025-12-16
C00618,Bronze,813,272,2025-04-17
C00619,Bronze,860,297,2025-12-15
C00620,Silver,832,265,2025-10-24
C00621,Silver,855,261,2025-06-09
C00622,Silver,847,266,2025-07-06
C00623,Gold,918,270,2025-03-20
C00624,Gold,823,296,2025-03-14
C00625,Silver,784,301,2025-09-16
C00626,Silver,926,296,2025-01-23
C00627,Bronze,866,245,2025-08-20
C00628,Bronze,887,286,2025-05-06
C00629,Bronze,827,273,2025-07-12
C00630,Bronze,854,296,2025-02-28
C00631,Gold,796,263,2025-05-12
C00632,Gold,865,251,2025-03-22
C00633,Silver,881,302,2025-09-18
C00634,Bronze,872,274,2025-09-10
C00635,Gold,827,268,2025-07-21
C00636,Silver,817,282,2025-08-06
C00637,Platinum,844,272,2025-04-16
C00638,Platinum,871,258,2025-04-19
C00639,Gold,862,259,2024-12-31
C00640,Gold,785,279,2025-09-17
C00641,Silver,868,274,2025-07-01
C00642,Bronze,796,311,2025-04-24
C00643,Bronze,833,286,2025-11-16
C00644,Bronze,807,266,2025-02-27
C00645,Silver,865,287,2025-09-27
C00646,Silver,867,271,2025-11-06
C00647,Bronze,845,310,2025-08-08
C00648,Platinum,864,285,2025-03-14
C00649,Silver,826,293,2025-06-08
C00650,Silver,859,251,2025-05-04
C00651,Bronze,890,286,2025-03-15
C00652,Bronze,834,283,2025-11-15
C00653,Silver,875,280,2025-08-24
C00654,Bronze,831,262,2025-06-18
C00655,Bronze,861,268,2025-08-29
C00656,Silver,865,264,2025-01-02
C00657,Bronze,818,278,2025-04-17
C00658,Gold,844,291,2025-06-03
C00659,Bronze,848,285,2025-02-10
C00660,Silver,845,275,2025-06-16
C00661,Platinum,891,269,2025-08-08
C00662,Bronze,859,232,2025-01-18
C00663,Silver,881,282,2025-08-31
C00664,Gold,924,333,2025-10-13
C00665,Gold,832,254,2025-12-20
C00666,Silver,827,262,2025-09-16
C00667,Silver,793,261,2025-11-15
C00668,Gold,902,274,2025-04-22
C00669,Gold,871,272,2025-01-11
C00670,Bronze,843,256,2025-10-21
C00671,Platinum,903,269,2025-01-29
C00672,Bronze,855,270,2025-06-06
C00673,Bronze,890,236,2025-05-29
C00674,Bronze,861,297,2025-06-28
C00675,Gold,861,297,2025-10-18
C00676,Bronze,823,280,2025-04-10
C00677,Gold,844,298,2025-10-20
C00678,Silver,826,298,2025-07-26
C00679,Bronze,795,316,2025-06-13
C00680,Silver,855,277,2025-03-31
C00681,Bronze,837,279,2025-07-14
C00682,Bronze,870,287,2025-08-18
C00683,Gold,874,273,2025-03-03
C00684,Bronze,810,240,2025-10-07
C00685,Bronze,857,263,2025-04-20
C00686,Bronze,845,290,2025-01-23
C00687,Bronze,881,281,2025-10-27
C00688,Silver,862,263,2025-08-05
C00689,Bronze,888,235,2025-12-30
C00690,Silver,819,302,2025-12-11
C00691,Bronze,889,310,2025-12-14
C00692,Bronze,848,246,2025-01-13
C00693,Silver,888,278,2025-01-20
C00694,Platinum,896,279,2025-01-29
C00695,Bronze,846,287,2025-10-20
C00696,Gold,812,284,2025-12-21
C00697,Bronze,824,282,2025-03-27
C00698,Gold,867,266,2025-06-14
C00699,Bronze,865,293,2025-01-25
C00700,Bronze,869,288,2025-12-06
C00701,Bronze,843,303,2025-11-17
C00702,Bronze,855,265,2025-07-29
C00703,Silver,828,293,2025-01-24
C00704,Silver,820,297,2025-06-21
C00705,Bronze,834,260,2025-12-23
C00706,Gold,805,273,2025-07-21
C00707,Bronze,867,273,2025-11-17
C00708,Bronze,827,316,2025-03-05
C00709,Bronze,844,304,2025-12-19
C00710,Bronze,874,256,2025-03-20
C00711,Bronze,810,262,2025-07-11
C00712,Silver,844,290,2025-08-10
C00713,Gold,861,263,2025-09-16
C00714,Bronze,888,270,2025-10-19
C00715,Gold,875,289,2025-04-22
C00716,Silver,813,261,2025-11-03
C00717,Bronze,851,284,2025-06-09
C00718,Gold,830,298,2025-02-01
C00719,Bronze,844,270,2025-09-19
C00720,Gold,887,293,2025-12-02
C00721,Bronze,821,314,2025-02-04
C00722,Silver,827,293,2025-01-09
C00723,Silver,877,277,2025-09-21
C00724,Bronze,860,294,2025-09-02
C00725,Bronze,831,258,2025-07-21
C00726,Silver,854,285,2025-05-30
C00727,Bronze,877,259,2025-01-30
C00728,Gold,876,287,2025-09-11
C00729,Silver,907,271,2025-06-19
C00730,Bronze,775,289,2025-02-28
C00731,Silver,886,333,2025-01-01
C00732,Gold,845,264,2025-09-20
C00733,Bronze,853,281,2025-12-25
C00734,Bronze,825,302,2025-11-16
C00735,Platinum,846,242,2025-12-02
C00736,Bronze,850,279,2025-12-02
C00737,Bronze,828,302,2025-12-12
C00738,Silver,899,305,2025-03-05
C00739,Bronze,828,294,2025-12-05
C00740,Silver,849,270,2025-04-06
C00741,Gold,823,291,2025-03-02
C00742,Bronze,852,251,2025-03-05
C00743,Silver,791,283,2025-09-02
C00744,Silver,827,292,2025-11-28
C00745,Bronze,788,258,2025-03-23
C00746,Bronze,819,310,2025-05-18
C00747,Bronze,851,325,2025-04-09
C00748,Bronze,867,288,2025-11-03
C00749,Bronze,891,281,2025-12-30
C00750,Silver,838,287,2025-07-26
C00751,Silver,905,272,2025-04-03
C00752,Silver,851,285,2025-12-09
C00753,Gold,849,258,2025-10-04
C00754,Silver,843,275,2025-04-06
C00755,Gold,863,265,2025-02-05
C00756,Silver,839,270,2025-09-04
C00757,Bronze,875,274,2025-07-13
C00758,Silver,826,303,2025-01-08
C00759,Bronze,888,313,2025-08-11
C00760,Gold,823,255,2025-11-28
C00761,Bronze,834,269,2025-07-13
C00762,Silver,800,274,2025-03-28
C00763,Bronze,850,281,2025-02-27
C00764,Bronze,838,317,2025-09-30
C00765,Silver,849,286,2025-02-15
C00766,Gold,857,242,2025-01-16
C00767,Bronze,825,276,2025-12-06
C00768,Bronze,890,323,2025-02-16
C00769,Bronze,873,276,2025-09-05
C00770,Bronze,892,271,2025-12-06
C00771,Gold,842,282,2025-08-19
C00772,Bronze,887,282,2025-01-04
C00773,Silver,848,262,2025-09-10
C00774,Bronze,906,288,2025-02-10
C00775,Bronze,879,310,2025-05-18
C00776,Bronze,857,313,2025-06-01
C00777,Silver,823,257,2025-05-28
C00778,Silver,826,305,2025-11-16
C00779,Silver,782,269,2025-08-29
C00780,Silver,852,285,2025-06-01
C00781,Silver,773,281,2025-06-13
C00782,Bronze,867,258,2025-10-05
C00783,Gold,865,257,2025-04-02
C00784,Gold,832,293,2025-02-05
C00785,Silver,829,285,2025-12-19
C00786,Silver,887,283,2025-04-13
C00787,Bronze,898,294,2025-11-19
C00788,Silver,842,277,2025-10-21
C00789,Silver,861,251,2025-10-22
C00790,Gold,885,262,2025-01-20
C00791,Silver,851,263,2025-02-09
C00792,Gold,852,276,2025-05-26
C00793,Bronze,845,285,2025-04-09
C00794,Bronze,864,248,2025-11-27
C00795,Bronze,850,295,2025-07-06
C00796,Bronze,801,302,2025-03-14
C00797,Bronze,827,292,2025-07-29
C00798,Bronze,846,280,2025-05-11
C00799,Bronze,798,261,2025-01-08
C00800,Gold,818,276,2025-08-22
C00801,Silver,829,308,2025-05-11
C00802,Bronze,844,312,2025-12-30
C00803,Bronze,830,296,2025-07-07
C00804,Bronze,826,275,2025-09-10
C00805,Silver,779,298,2025-11-24
C00806,Bronze,855,270,2025-11-16
C00807,Bronze,877,301,2025-12-13
C00808,Gold,825,280,2025-07-06
C00809,Silver,815,296,2025-01-17
C00810,Gold,883,233,2025-03-26
C00811,Bronze,799,287,2025-09-14
C00812,Silver,892,281,2025-01-20
C00813,Platinum,833,292,2025-08-28
C00814,Platinum,825,257,2025-12-27
C00815,Platinum,839,284,2025-02-21
C00816,Bronze,857,271,2025-05-24
C00817,Gold,847,324,2025-04-21
C00818,Silver,869,277,2025-09-19
C00819,Bronze,828,274,2025-02-25
C00820,Bronze,887,267,2025-05-16
C00821,Gold,849,285,2025-02-18
C00822,Bronze,855,286,2025-04-18
C00823,Silver,852,278,2025-08-05
C00824,Bronze,872,235,2025-10-21
C00825,Bronze,835,282,2025-11-13
C00826,Silver,875,315,2025-03-21
C00827,Silver,864,285,2025-03-07
C00828,Gold,929,296,2025-10-29
C00829,Gold,837,284,2025-07-27
C00830,Silver,844,269,2025-10-21
C00831,Bronze,850,260,2025-01-24
C00832,Bronze,841,297,2025-05-29
C00833,Gold,883,324,2025-02-24
C00834,Bronze,851,300,2025-09-03
C00835,Bronze,872,281,2025-05-03
C00836,Bronze,844,279,2025-06-06
C00837,Bronze,817,280,2025-07-02
C00838,Silver,842,299,2025-02-03
C00839,Silver,850,278,2025-12-17
C00840,Bronze,791,258,2025-11-08
C00841,Silver,792,296,2025-06-07
C00842,Silver,850,265,2025-04-27
C00843,Gold,823,261,2025-05-27
C00844,Silver,834,266,2025-04-30
C00845,Silver,857,264,2025-01-12
C00846,Gold,908,288,2025-11-11
C00847,Silver,838,263,2025-04-15
C00848,Platinum,793,281,2025-04-22
C00849,Bronze,860,272,2025-04-30
C00850,Bronze,870,264,2025-06-11
C00851,Bronze,814,270,2025-10-28
C00852,Platinum,862,283,2025-01-29
C00853,Gold,848,274,2025-04-04
C00854,Bronze,857,309,2025-03-29
C00855,Bronze,857,280,2025-09-12
C00856,Bronze,872,285,2025-06-05
C00857,Bronze,829,275,2025-09-02
C00858,Silver,851,259,2025-05-24
C00859,Gold,825,281,2025-03-28
C00860,Silver,856,281,2025-04-06
C00861,Silver,829,248,2025-01-25
C00862,Bronze,859,287,2025-01-24
C00863,Silver,859,285,2025-07-01
C00864,Bronze,829,309,2025-12-19
C00865,Gold,842,309,2025-11-17
C00866,Bronze,861,311,2025-01-30
C00867,Bronze,883,329,2025-06-11
C00868,Gold,818,268,2025-02-07
C00869,Bronze,833,271,2025-10-10
C00870,Silver,883,299,2025-05-10
C00871,Bronze,842,277,2025-06-09
C00872,Bronze,857,265,2025-10-04
C00873,Gold,830,270,2025-03-03
C00874,Silver,828,275,2025-10-11
C00875,Bronze,859,288,2025-09-28
C00876,Bronze,867,294,2025-05-28
C00877,Silver,801,299,2025-05-24
C00878,Gold,866,262,2025-05-23
C00879,Silver,849,239,2025-05-18
C00880,Silver,870,293,2025-04-12
C00881,Silver,845,289,2025-01-12
C00882,Gold,851,281,2025-04-12
C00883,Bronze,866,292,2025-12-26
C00884,Bronze,852,307,2025-03-15
C00885,Bronze,861,295,2025-01-07
C00886,Platinum,806,270,2025-01-13
C00887,Silver,865,285,2025-09-23
C00888,Silver,858,290,2025-05-16
C00889,Bronze,883,301,2025-02-05
C00890,Silver,903,306,2025-06-11
C00891,Platinum,796,282,2025-11-18
C00892,Bronze,824,286,2025-06-12
C00893,Silver,847,246,2025-07-18
C00894,Silver,853,293,2025-10-06
C00895,Silver,844,291,2025-09-27
C00896,Silver,876,256,2025-03-25
C00897,Bronze,833,270,2025-02-06
C00898,Silver,829,270,2025-02-26
C00899,Bronze,876,276,2025-01-19
C00900,Bronze,895,304,2024-12-31
C00901,Bronze,822,294,2025-03-31
C00902,Bronze,883,291,2025-02-23
C00903,Silver,875,263,2025-12-31
C00904,Silver,816,300,2025-05-08
C00905,Silver,847,259,2025-08-04
C00906,Silver,861,264,2025-03-09
C00907,Gold,914,280,2025-03-08
C00908,Bronze,868,267,2025-08-30
C00909,Bronze,866,274,2025-07-22
C00910,Bronze,818,300,2025-03-17
C00911,Bronze,810,285,2025-04-01
C00912,Silver,854,266,2025-11-07
C00913,Gold,837,303,2025-10-23
C00914,Gold,871,254,2025-07-19
C00915,Gold,841,291,2025-07-10
C00916,Silver,829,293,2025-02-16
C00917,Bronze,860,315,2025-05-01
C00918,Bronze,821,280,2025-04-30
C00919,Silver,838,276,2025-05-07
C00920,Bronze,869,267,2025-10-15
C00921,Bronze,847,272,2025-05-23
C00922,Bronze,859,286,2025-07-19
C00923,Bronze,828,265,2025-02-26
C00924,Bronze,865,252,2025-04-22
C00925,Bronze,824,305,2025-06-20
C00926,Bronze,851,279,2025-08-02
C00927,Silver,868,271,2025-12-19
C00928,Bronze,810,278,2025-03-25
C00929,Silver,856,266,2025-09-26
C00930,Bronze,816,234,2025-03-21
C00931,Bronze,856,266,2025-06-25
C00932,Bronze,832,251,2025-04-03
C00933,Bronze,897,270,2025-12-19
C00934,Bronze,816,256,2025-07-22
C00935,Silver,798,271,2025-12-16
C00936,Platinum,827,270,2025-11-24
C00937,Bronze,871,264,2025-01-02
C00938,Bronze,857,281,2025-08-05
C00939,Silver,816,297,2025-10-29
C00940,Gold,841,283,2025-05-20
C00941,Silver,871,269,2025-11-06
C00942,Gold,873,271,2025-06-16
C00943,Gold,867,272,2025-07-16
C00944,Bronze,809,238,2025-04-28
C00945,Platinum,866,281,2025-03-24
C00946,Silver,823,259,2025-03-08
C00947,Bronze,829,286,2025-09-26
C00948,Bronze,806,272,2025-03-14
C00949,Silver,793,269,2025-11-26
C00950,Bronze,844,260,2025-10-21
C00951,Bronze,851,294,2025-03-04
C00952,Bronze,809,268,2025-07-04
C00953,Silver,864,302,2025-06-12
C00954,Silver,851,298,2025-07-05
C00955,Silver,836,282,2025-11-14
C00956,Silver,882,317,2025-04-02
C00957,Bronze,848,292,2025-04-03
C00958,Bronze,849,288,2025-05-20
C00959,Silver,831,296,2025-11-20
C00960,Silver,831,261,2025-02-03
C00961,Gold,858,296,2025-11-03
C00962,Gold,886,287,2025-07-27
C00963,Bronze,827,297,2025-04-06
C00964,Bronze,823,292,2025-05-26
C00965,Silver,856,282,2025-12-11
C00966,Platinum,874,307,2025-12-03
C00967,Silver,853,299,2025-02-01
C00968,Bronze,882,254,2025-06-30
C00969,Bronze,804,298,2025-12-09
C00970,Bronze,889,274,2025-12-29
C00971,Silver,879,275,2025-02-26
C00972,Silver,825,260,2025-09-28
C00973,Bronze,874,265,2025-08-19
C00974,Gold,866,326,2025-08-15
C00975,Bronze,831,259,2025-03-02
C00976,Silver,835,260,2025-01-05
C00977,Bronze,815,295,2025-02-08
C00978,Silver,795,265,2025-09-30
C00979,Bronze,773,238,2025-04-08
C00980,Platinum,826,309,2025-05-17
C00981,Silver,836,289,2025-03-19
C00982,Bronze,889,281,2025-04-24
C00983,Silver,864,301,2025-07-06
C00984,Silver,812,290,2025-02-07
C00985,Bronze,838,298,2025-05-08
C00986,Gold,867,286,2025-12-06
C00987,Gold,864,296,2025-02-14
C00988,Bronze,817,311,2025-09-03
C00989,Bronze,865,309,2025-02-06
C00990,Bronze,860,286,2025-12-23
C00991,Silver,867,290,2025-10-20
C00992,Silver,846,258,2025-03-05
C00993,Bronze,861,262,2025-09-22
C00994,Platinum,900,310,2025-12-22
C00995,Silver,887,298,2025-10-29
C00996,Bronze,882,297,2025-11-09
C00997,Gold,843,289,2025-10-16
C00998,Bronze,862,280,2025-07-10
C00999,Gold,820,297,2025-02-10
C01000,Bronze,847,287,2025-12-25
C01001,Platinum,891,264,2025-11-29
C01002,Silver,818,268,2025-02-05
C01003,Silver,844,264,2025-04-16
C01004,Platinum,833,271,2025-06-14
C01005,Bronze,871,289,2025-02-14
C01006,Bronze,847,268,2025-12-13
C01007,Gold,827,262,2025-04-23
C01008,Bronze,893,305,2025-08-13
C01009,Silver,812,303,2025-10-05
C01010,Bronze,810,276,2025-03-14
C01011,Platinum,896,300,2025-12-20
C01012,Silver,871,272,2025-06-09
C01013,Silver,826,271,2025-01-27
C01014,Bronze,879,310,2025-02-05
C01015,Bronze,833,281,2025-02-27
C01016,Bronze,819,296,2025-07-08
C01017,Silver,849,269,2025-10-16
C01018,Gold,865,266,2025-09-30
C01019,Bronze,840,271,2025-10-10
C01020,Gold,841,265,2025-09-06
C01021,Bronze,889,286,2025-09-26
C01022,Bronze,896,287,2025-06-06
C01023,Bronze,830,257,2025-02-25
C01024,Platinum,894,272,2025-09-15
C01025,Bronze,845,330,2025-11-01
C01026,Gold,914,285,2025-02-10
C01027,Bronze,871,290,2025-03-19
C01028,Silver,838,274,2025-12-23
C01029,Bronze,823,264,2025-06-18
C01030,Silver,896,258,2025-10-06
C01031,Silver,829,308,2025-12-10
C01032,Bronze,864,280,2025-12-25
C01033,Bronze,876,265,2025-04-20
C01034,Silver,869,312,2025-02-07
C01035,Silver,851,272,2025-09-22
C01036,Silver,811,280,2025-12-21
C01037,Bronze,862,296,2025-10-23
C01038,Gold,879,295,2025-08-20
C01039,Bronze,812,264,2025-10-04
C01040,Gold,812,301,2025-06-17
C01041,Silver,898,303,2025-02-01
C01042,Silver,827,283,2025-01-02
C01043,Bronze,814,280,2025-05-29
C01044,Silver,906,259,2025-10-21
C01045,Platinum,818,277,2025-08-21
C01046,Gold,864,270,2025-01-06
C01047,Silver,813,273,2025-03-13
C01048,Silver,833,272,2025-05-14
C01049,Bronze,875,296,2025-06-28
C01050,Bronze,852,286,2025-08-31
C01051,Silver,859,256,2025-05-05
C01052,Bronze,841,265,2025-02-09
C01053,Gold,803,278,2025-08-06
C01054,Bronze,850,239,2025-12-19
C01055,Silver,849,275,2025-01-08
C01056,Bronze,847,273,2025-07-17
C01057,Bronze,899,306,2025-04-22
C01058,Bronze,834,301,2025-01-12
C01059,Bronze,873,264,2025-11-14
C01060,Silver,862,293,2025-02-06
C01061,Bronze,852,267,2025-08-12
C01062,Gold,819,302,2025-07-28
C01063,Bronze,847,304,2025-06-14
C01064,Bronze,850,306,2025-01-26
C01065,Silver,809,302,2025-03-01
C01066,Gold,896,283,2025-06-26
C01067,Gold,830,300,2025-06-06
C01068,Bronze,837,263,2025-01-18
C01069,Bronze,895,273,2025-04-22
C01070,Silver,881,269,2025-08-23
C01071,Bronze,828,315,2025-12-06
C01072,Gold,896,282,2025-06-20
C01073,Silver,910,301,2025-03-29
C01074,Bronze,827,284,2025-04-23
C01075,Bronze,871,281,2025-09-16
C01076,Silver,848,268,2025-06-29
C01077,Silver,855,278,2025-02-04
C01078,Bronze,884,293,2025-07-29
C01079,Platinum,822,269,2025-08-24
C01080,Gold,831,278,2025-06-24
C01081,Platinum,856,278,2025-09-10
C01082,Silver,854,249,2025-08-23
C01083,Bronze,876,285,2025-07-15
C01084,Silver,868,272,2025-11-28
C01085,Bronze,870,295,2025-08-10
C01086,Platinum,831,291,2025-06-20
C01087,Bronze,875,238,2025-01-30
C01088,Silver,862,288,2025-05-26
C01089,Bronze,853,302,2025-03-25
C01090,Bronze,818,284,2025-04-01
C01091,Gold,785,277,2025-01-26
C01092,Gold,881,288,2025-05-31
C01093,Silver,859,272,2025-07-03
C01094,Bronze,839,278,2025-04-12
C01095,Bronze,832,278,2025-09-21
C01096,Silver,818,292,2025-01-24
C01097,Gold,849,311,2025-08-16
C01098,Silver,809,273,2025-04-16
C01099,Bronze,844,298,2025-09-21
C01100,Bronze,836,271,2025-08-02
C01101,Bronze,838,274,2025-03-19
C01102,Silver,837,268,2025-09-05
C01103,Bronze,856,264,2025-01-27
C01104,Bronze,827,288,2025-07-04
C01105,Silver,858,288,2025-01-30
C01106,Bronze,902,259,2025-03-26
C01107,Gold,836,280,2025-05-26
C01108,Silver,802,287,2025-02-12
C01109,Bronze,853,284,2025-10-11
C01110,Silver,800,269,2025-06-01
C01111,Gold,844,268,2025-04-22
C01112,Bronze,824,252,2025-09-12
C01113,Bronze,878,272,2025-05-23
C01114,Bronze,857,282,2025-06-14
C01115,Bronze,815,286,2025-07-31
C01116,Bronze,771,308,2025-04-10
C01117,Gold,850,280,2025-07-24
C01118,Bronze,829,286,2025-08-30
C01119,Bronze,863,307,2025-10-14
C01120,Bronze,878,259,2025-12-16
C01121,Bronze,896,275,2025-01-26
C01122,Silver,877,276,2025-05-10
C01123,Gold,851,279,2025-05-03
C01124,Silver,840,258,2025-06-28
C01125,Gold,875,261,2025-04-07
C01126,Bronze,888,246,2025-05-04
C01127,Bronze,850,284,2025-12-29
C01128,Bronze,860,290,2025-04-15
C01129,Gold,840,251,2025-02-23
C01130,Silver,895,283,2025-08-05
C01131,Silver,847,300,2025-08-29
C01132,Silver,867,293,2025-10-11
C01133,Bronze,900,301,2025-02-01
C01134,Bronze,794,292,2025-06-05
C01135,Silver,816,278,2025-02-22
C01136,Silver,845,262,2025-03-19
C01137,Bronze,824,298,2025-09-11
C01138,Silver,803,279,2025-01-29
C01139,Silver,833,291,2025-02-02
C01140,Silver,855,256,2025-08-25
C01141,Silver,897,272,2025-07-31
C01142,Silver,851,301,2025-08-29
C01143,Silver,850,292,2025-05-25
C01144,Bronze,860,301,2025-03-01
C01145,Bronze,830,292,2025-01-12
C01146,Silver,845,282,2025-07-12
C01147,Bronze,844,294,2025-04-01
C01148,Bronze,857,290,2025-12-15
C01149,Bronze,903,313,2025-07-02
C01150,Silver,830,281,2025-12-19
C01151,Silver,823,290,2025-07-28
C01152,Platinum,840,314,2025-07-21
C01153,Bronze,810,298,2025-12-01
C01154,Silver,875,295,2025-06-30
C01155,Silver,876,289,2025-12-15
C01156,Bronze,820,264,2025-03-01
C01157,Bronze,847,286,2025-10-03
C01158,Gold,908,284,2025-04-03
C01159,Gold,869,303,2025-08-16
C01160,Silver,854,271,2025-06-09
C01161,Bronze,853,298,2025-05-08
C01162,Bronze,876,271,2025-10-08
C01163,Bronze,865,277,2025-12-27
C01164,Silver,855,262,2025-12-05
C01165,Bronze,868,242,2025-05-11
C01166,Silver,835,263,2025-09-22
C01167,Bronze,825,285,2025-08-10
C01168,Bronze,818,282,2025-10-04
C01169,Silver,843,300,2025-02-26
C01170,Gold,881,291,2025-09-22
C01171,Silver,817,277,2025-03-16
C01172,Bronze,866,283,2025-12-08
C01173,Silver,795,250,2025-01-09
C01174,Silver,851,259,2025-05-06
C01175,Platinum,839,289,2025-05-17
C01176,Silver,881,270,2025-09-06
C01177,Bronze,842,297,2025-04-25
C01178,Bronze,872,303,2025-10-20
C01179,Gold,844,277,2025-03-04
C01180,Bronze,832,291,2025-07-23
C01181,Gold,859,278,2025-08-15
C01182,Silver,843,296,2025-02-09
C01183,Silver,859,273,2025-07-08
C01184,Gold,858,288,2025-01-24
C01185,Bronze,852,281,2025-02-13
C01186,Silver,855,253,2025-01-14
C01187,Bronze,864,307,2025-12-29
C01188,Silver,825,259,2025-08-30
C01189,Silver,921,277,2025-03-19
C01190,Silver,794,268,2025-12-17
C01191,Platinum,900,281,2025-11-29
C01192,Silver,831,288,2025-05-30
C01193,Bronze,819,282,2025-10-22
C01194,Silver,847,274,2025-07-13
C01195,Bronze,878,279,2025-03-20
C01196,Bronze,840,284,2025-07-05
C01197,Silver,860,299,2025-11-05
C01198,Bronze,880,298,2025-07-03
C01199,Bronze,883,241,2025-12-12
C01200,Gold,909,290,2025-01-19
C01201,Silver,843,252,2025-10-25
C01202,Bronze,842,278,2025-01-13
C01203,Silver,858,268,2025-01-09
C01204,Silver,863,299,2025-02-09
C01205,Bronze,809,272,2025-12-29
C01206,Bronze,862,285,2025-07-31
C01207,Bronze,803,274,2025-07-09
C01208,Silver,871,279,2025-12-20
C01209,Silver,849,295,2025-01-29
C01210,Bronze,856,295,2025-09-28
C01211,Gold,881,275,2025-03-19
C01212,Gold,867,277,2025-11-13
C01213,Bronze,893,285,2025-07-25
C01214,Platinum,815,272,2025-09-15
C01215,Silver,809,292,2025-07-09
C01216,Silver,919,290,2025-09-06
C01217,Bronze,840,274,2025-11-28
C01218,Platinum,861,289,2025-10-21
C01219,Bronze,826,286,2025-05-08
C01220,Silver,823,286,2025-03-01
C01221,Gold,827,294,2025-08-18
C01222,Gold,831,278,2025-01-15
C01223,Bronze,864,296,2025-01-14
C01224,Bronze,822,292,2025-01-21
C01225,Gold,869,249,2025-01-15
C01226,Silver,875,276,2025-09-03
C01227,Bronze,859,272,2025-09-08
C01228,Silver,881,262,2025-04-24
C01229,Bronze,869,296,2025-02-17
C01230,Bronze,860,287,2025-07-15
C01231,Bronze,860,288,2025-09-26
C01232,Silver,889,277,2025-11-21
C01233,Bronze,866,290,2025-11-10
C01234,Bronze,868,300,2025-11-04
C01235,Bronze,774,296,2025-10-20
C01236,Gold,859,326,2025-08-31
C01237,Bronze,809,291,2025-01-29
C01238,Silver,848,296,2025-07-04
C01239,Gold,857,302,2025-03-12
C01240,Bronze,868,283,2025-12-17
C01241,Silver,879,283,2025-08-13
C01242,Platinum,829,302,2025-10-07
C01243,Bronze,811,289,2025-06-09
C01244,Gold,842,272,2025-07-01
C01245,Silver,890,272,2025-09-28
C01246,Gold,851,268,2025-05-10
C01247,Bronze,873,261,2025-08-18
C01248,Silver,870,262,2025-10-16
C01249,Silver,905,270,2025-03-24
C01250,Silver,907,310,2025-05-23
C01251,Silver,822,250,2025-01-20
C01252,Bronze,827,316,2025-06-20
C01253,Silver,825,278,2025-09-29
C01254,Gold,837,270,2025-01-24
C01255,Gold,868,285,2025-07-08
C01256,Bronze,859,276,2025-11-05
C01257,Silver,863,299,2025-01-11
C01258,Silver,821,284,2025-12-05
C01259,Gold,807,261,2025-04-07
C01260,Gold,845,282,2025-06-28
C01261,Gold,891,258,2025-04-22
C01262,Bronze,896,265,2025-09-08
C01263,Bronze,833,276,2025-04-05
C01264,Silver,829,244,2025-09-24
C01265,Silver,828,263,2025-03-23
C01266,Bronze,891,284,2025-01-19
C01267,Silver,892,283,2025-07-05
C01268,Bronze,833,295,2025-07-06
C01269,Bronze,886,278,2025-08-04
C01270,Gold,807,264,2025-07-09
C01271,Bronze,881,272,2025-11-20
C01272,Bronze,869,295,2025-08-21
C01273,Bronze,821,287,2025-02-11
C01274,Platinum,852,280,2025-05-25
C01275,Silver,774,284,2025-12-11
C01276,Bronze,870,284,2025-02-25
C01277,Silver,875,252,2025-02-14
C01278,Silver,814,296,2025-11-20
C01279,Silver,874,290,2025-03-07
C01280,Bronze,856,311,2025-09-04
C01281,Bronze,844,258,2025-07-19
C01282,Platinum,858,279,2025-11-13
C01283,Bronze,921,294,2025-11-21
C01284,Platinum,870,281,2025-05-01
C01285,Silver,851,304,2025-01-25
C01286,Gold,879,240,2025-07-29
C01287,Silver,899,280,2025-07-08
C01288,Bronze,852,298,2025-07-01
C01289,Bronze,854,336,2025-07-24
C01290,Bronze,871,279,2025-01-15
C01291,Silver,833,254,2025-09-10
C01292,Silver,860,282,2025-01-13
C01293,Platinum,919,268,2025-05-13
C01294,Bronze,848,310,2025-01-08
C01295,Bronze,866,266,2025-12-15
C01296,Bronze,868,304,2025-06-01
C01297,Gold,815,278,2025-10-23
C01298,Gold,852,277,2025-05-03
C01299,Silver,869,277,2025-09-27
C01300,Bronze,825,276,2025-03-28
C01301,Gold,778,303,2025-11-06
C01302,Bronze,835,313,2025-06-02
C01303,Bronze,881,296,2025-05-12
C01304,Silver,858,272,2025-09-20
C01305,Bronze,830,271,2025-08-27
C01306,Bronze,876,285,2025-05-19
C01307,Platinum,822,271,2025-08-25
C01308,Bronze,833,235,2025-06-17
C01309,Bronze,826,277,2025-11-13
C01310,Bronze,821,266,2025-10-21
C01311,Bronze,858,287,2025-11-17
C01312,Bronze,830,308,2025-01-24
C01313,Bronze,803,248,2025-07-22
C01314,Silver,855,300,2025-05-02
C01315,Platinum,845,275,2025-06-23
C01316,Gold,812,279,2025-05-29
C01317,Gold,882,274,2025-10-07
C01318,Silver,823,269,2025-05-28
C01319,Silver,895,287,2025-08-22
C01320,Gold,847,261,2025-11-10
C01321,Bronze,843,295,2025-10-04
C01322,Gold,821,294,2025-05-28
C01323,Bronze,865,294,2025-12-17
C01324,Gold,801,284,2025-04-12
C01325,Bronze,859,302,2025-08-22
C01326,Platinum,869,311,2025-04-06
C01327,Gold,875,275,2025-11-01
C01328,Platinum,828,296,2025-04-14
C01329,Bronze,858,300,2025-01-30
C01330,Bronze,871,306,2025-05-19
C01331,Bronze,890,308,2025-06-14
C01332,Silver,845,257,2025-10-11
C01333,Gold,808,286,2025-12-24
C01334,Gold,802,276,2025-03-05
C01335,Silver,835,297,2025-02-16
C01336,Gold,838,313,2025-12-01
C01337,Silver,825,302,2025-05-28
C01338,Bronze,869,279,2025-03-14
C01339,Gold,871,295,2025-09-03
C01340,Silver,886,281,2025-11-19
C01341,Silver,854,262,2025-02-26
C01342,Silver,869,280,2025-05-25
C01343,Bronze,857,286,2025-08-30
C01344,Gold,815,270,2025-12-21
C01345,Bronze,888,259,2025-09-02
C01346,Bronze,874,279,2025-02-18
C01347,Bronze,805,271,2025-02-28
C01348,Silver,868,259,2025-07-12
C01349,Bronze,865,283,2025-11-24
C01350,Silver,814,295,2025-05-22
C01351,Bronze,857,262,2025-04-23
C01352,Bronze,814,266,2025-12-01
C01353,Bronze,855,305,2025-07-25
C01354,Bronze,838,261,2025-07-13
C01355,Bronze,883,293,2025-12-15
C01356,Bronze,846,243,2025-01-01
C01357,Silver,855,280,2025-07-16
C01358,Bronze,890,266,2025-02-19
C01359,Bronze,800,282,2025-03-04
C01360,Bronze,836,276,2025-03-30
C01361,Bronze,889,318,2025-10-19
C01362,Bronze,847,263,2025-10-28
C01363,Silver,880,268,2025-01-19
C01364,Bronze,808,265,2025-01-05
C01365,Bronze,863,257,2025-05-31
C01366,Bronze,835,303,2025-05-20
C01367,Bronze,842,270,2025-09-06
C01368,Silver,868,249,2025-01-19
C01369,Gold,840,262,2025-11-10
C01370,Bronze,818,275,2025-10-04
C01371,Silver,904,301,2025-09-12
C01372,Bronze,883,258,2025-08-10
C01373,Gold,857,266,2025-09-05
C01374,Silver,893,276,2025-04-04
C01375,Bronze,865,269,2025-03-22
C01376,Bronze,869,286,2025-04-04
C01377,Silver,830,268,2025-12-12
C01378,Bronze,866,301,2025-07-27
C01379,Gold,816,281,2025-04-18
C01380,Silver,836,278,2025-07-08
C01381,Gold,841,298,2025-11-15
C01382,Bronze,831,273,2025-01-29
C01383,Bronze,874,284,2025-08-04
C01384,Bronze,873,274,2025-02-02
C01385,Bronze,859,292,2025-10-15
C01386,Silver,865,267,2025-12-02
C01387,Silver,888,299,2025-10-18
C01388,Silver,840,261,2025-06-25
C01389,Silver,813,282,2025-02-23
C01390,Bronze,864,332,2025-08-29
C01391,Bronze,818,270,2025-06-09
C01392,Bronze,823,283,2025-08-01
C01393,Bronze,878,302,2025-06-27
C01394,Gold,876,249,2025-12-08
C01395,Bronze,858,307,2025-01-18
C01396,Silver,868,276,2025-10-18
C01397,Bronze,842,256,2025-03-23
C01398,Bronze,788,304,2025-10-03
C01399,Bronze,832,290,2025-09-01
C01400,Bronze,865,273,2025-11-07
C01401,Bronze,788,287,2025-08-27
C01402,Bronze,865,307,2025-08-23
C01403,Silver,879,274,2025-10-25
C01404,Silver,831,280,2025-05-04
C01405,Gold,859,290,2025-06-29
C01406,Bronze,833,289,2025-06-25
C01407,Bronze,863,273,2025-05-19
C01408,Gold,765,268,2025-06-21
C01409,Silver,835,291,2025-05-07
C01410,Bronze,870,262,2025-09-28
C01411,Bronze,820,306,2025-02-24
C01412,Bronze,847,270,2025-02-22
C01413,Bronze,860,236,2025-11-29
C01414,Bronze,912,257,2025-11-05
C01415,Silver,812,306,2025-07-15
C01416,Gold,839,282,2025-08-04
C01417,Bronze,865,289,2025-03-04
C01418,Bronze,809,282,2025-12-19
C01419,Silver,838,280,2025-08-07
C01420,Gold,867,285,2025-02-13
C01421,Gold,895,295,2025-08-21
C01422,Silver,870,269,2025-09-23
C01423,Bronze,861,295,2025-11-18
C01424,Bronze,818,281,2025-04-09
C01425,Silver,894,309,2025-01-03
C01426,Bronze,787,239,2025-09-19
C01427,Bronze,858,292,2025-02-03
C01428,Silver,828,274,2025-07-31
C01429,Bronze,858,298,2025-08-26
C01430,Silver,826,297,2025-05-22
C01431,Gold,818,271,2025-02-20
C01432,Gold,798,299,2025-06-24
C01433,Bronze,844,284,2025-09-07
C01434,Gold,832,292,2025-11-18
C01435,Bronze,785,305,2025-12-12
C01436,Bronze,868,259,2025-01-14
C01437,Bronze,808,232,2025-01-31
C01438,Bronze,858,301,2025-10-12
C01439,Silver,887,294,2025-01-25
C01440,Bronze,839,280,2025-03-07
C01441,Bronze,814,276,2025-04-28
C01442,Silver,844,291,2025-04-28
C01443,Bronze,866,247,2025-11-01
C01444,Bronze,900,267,2025-01-18
C01445,Bronze,843,270,2025-02-06
C01446,Bronze,830,291,2025-11-07
C01447,Bronze,852,293,2025-07-20
C01448,Bronze,860,280,2025-12-23
C01449,Silver,847,285,2025-06-06
C01450,Bronze,846,251,2025-10-17
C01451,Silver,854,276,2025-01-16
C01452,Gold,865,257,2025-03-07
C01453,Bronze,802,235,2025-11-03
C01454,Gold,847,276,2025-01-21
C01455,Silver,908,281,2025-05-06
C01456,Bronze,850,276,2025-02-25
C01457,Bronze,821,300,2025-10-28
C01458,Silver,843,288,2025-06-15
C01459,Silver,894,264,2025-07-11
C01460,Silver,867,253,2025-11-29
C01461,Silver,841,251,2025-05-14
C01462,Bronze,798,309,2025-09-13
C01463,Gold,825,279,2025-10-10
C01464,Bronze,843,297,2025-04-15
C01465,Bronze,845,228,2025-11-04
C01466,Platinum,824,270,2025-05-27
C01467,Bronze,865,285,2025-10-20
C01468,Bronze,857,276,2025-01-15
C01469,Bronze,864,283,2025-02-20
C01470,Silver,871,295,2025-11-19
C01471,Gold,840,285,2025-12-04
C01472,Gold,863,277,2025-04-18
C01473,Bronze,811,270,2025-04-25
C01474,Bronze,853,268,2025-09-05
C01475,Bronze,865,273,2025-02-18
C01476,Silver,798,255,2025-10-13
C01477,Silver,821,274,2025-10-12
C01478,Silver,784,278,2025-11-11
C01479,Platinum,839,268,2025-03-03
C01480,Bronze,846,296,2025-03-25
C01481,Gold,843,314,2025-08-27
C01482,Bronze,869,281,2025-06-11
C01483,Bronze,869,289,2025-03-16
C01484,Gold,844,290,2025-11-23
C01485,Bronze,867,269,2025-07-20
C01486,Silver,806,293,2025-05-19
C01487,Bronze,821,292,2025-09-11
C01488,Gold,873,284,2025-01-18
C01489,Bronze,842,308,2025-05-10
C01490,Silver,817,265,2025-05-23
C01491,Silver,840,286,2025-04-28
C01492,Bronze,895,266,2025-11-03
C01493,Silver,882,277,2025-12-18
C01494,Silver,858,277,2025-07-01
C01495,Silver,864,268,2025-10-22
C01496,Bronze,877,285,2025-03-17
C01497,Bronze,821,267,2025-04-12
C01498,Bronze,907,260,2025-01-16
C01499,Bronze,894,301,2025-05-14
C01500,Silver,847,268,2025-04-26
C01501,Bronze,888,274,2025-12-31
C01502,Bronze,831,305,2025-05-19
C01503,Bronze,848,281,2025-02-05
C01504,Gold,854,267,2025-08-04
C01505,Silver,869,315,2025-07-07
C01506,Silver,860,289,2025-03-02
C01507,Bronze,888,274,2025-02-18
C01508,Silver,846,278,2025-11-20
C01509,Silver,834,284,2025-06-23
C01510,Gold,875,256,2025-09-22
C01511,Silver,827,255,2025-12-03
C01512,Platinum,862,304,2025-08-23
C01513,Bronze,778,324,2025-08-13
C01514,Bronze,853,291,2025-07-22
C01515,Silver,754,276,2025-12-05
C01516,Bronze,865,283,2025-12-26
C01517,Bronze,862,296,2025-10-02
C01518,Silver,908,268,2025-12-28
C01519,Bronze,832,280,2025-10-25
C01520,Bronze,874,292,2025-02-04
C01521,Bronze,842,279,2025-06-21
C01522,Platinum,845,274,2025-04-09
C01523,Silver,827,269,2025-08-29
C01524,Silver,847,273,2025-03-20
C01525,Platinum,788,262,2025-04-22
C01526,Bronze,878,270,2025-03-22
C01527,Bronze,873,266,2025-02-21
C01528,Bronze,861,264,2025-12-14
C01529,Bronze,853,277,2025-09-13
C01530,Gold,854,274,2025-07-26
C01531,Bronze,881,252,2025-02-08
C01532,Bronze,902,297,2025-07-07
C01533,Bronze,857,278,2025-12-03
C01534,Silver,849,263,2025-10-05
C01535,Bronze,892,268,2025-03-02
C01536,Silver,847,283,2025-07-23
C01537,Silver,885,301,2025-04-18
C01538,Silver,838,305,2025-06-10
C01539,Silver,870,265,2025-05-14
C01540,Bronze,844,282,2025-06-11
C01541,Bronze,869,281,2025-12-07
C01542,Bronze,822,285,2025-09-01
C01543,Bronze,866,250,2025-02-02
C01544,Bronze,819,290,2025-12-07
C01545,Silver,896,260,2025-08-14
C01546,Bronze,845,285,2025-12-27
C01547,Bronze,817,281,2025-02-25
C01548,Bronze,836,305,2025-09-17
C01549,Bronze,831,257,2025-08-14
C01550,Bronze,878,269,2025-06-06
C01551,Gold,881,261,2025-01-15
C01552,Silver,848,265,2025-01-12
C01553,Bronze,845,294,2025-05-10
C01554,Bronze,875,301,2025-01-18
C01555,Silver,877,287,2025-07-06
C01556,Gold,802,276,2025-08-01
C01557,Bronze,817,267,2025-02-14
C01558,Platinum,824,292,2025-11-26
C01559,Silver,858,292,2025-04-01
C01560,Bronze,903,265,2025-01-01
C01561,Gold,822,290,2025-10-18
C01562,Silver,874,302,2025-08-31
C01563,Silver,849,306,2025-05-28
C01564,Silver,842,283,2025-03-29
C01565,Bronze,875,306,2025-04-17
C01566,Bronze,854,301,2025-11-12
C01567,Bronze,880,292,2025-12-09
C01568,Bronze,840,257,2025-11-23
C01569,Gold,833,255,2025-08-29
C01570,Silver,811,257,2025-03-25
C01571,Bronze,848,279,2025-01-25
C01572,Bronze,849,278,2025-10-25
C01573,Silver,793,281,2025-05-17
C01574,Bronze,860,315,2025-10-04
C01575,Gold,885,290,2025-11-25
C01576,Bronze,796,286,2025-12-07
C01577,Bronze,844,252,2025-07-24
C01578,Bronze,894,286,2025-11-10
C01579,Bronze,825,270,2025-08-29
C01580,Silver,838,282,2025-08-28
C01581,Bronze,839,271,2025-08-10
C01582,Gold,822,273,2025-06-22
C01583,Bronze,844,277,2025-12-01
C01584,Bronze,821,265,2025-11-10
C01585,Bronze,847,241,2025-03-27
C01586,Gold,852,275,2025-07-26
C01587,Silver,892,252,2025-10-11
C01588,Bronze,847,290,2025-10-16
C01589,Bronze,787,293,2025-12-30
C01590,Bronze,878,304,2025-11-11
C01591,Silver,863,273,2025-09-02
C01592,Bronze,883,294,2025-04-01
C01593,Silver,901,292,2025-01-29
C01594,Platinum,877,283,2025-03-26
C01595,Silver,880,293,2025-10-06
C01596,Bronze,871,263,2025-06-29
C01597,Silver,863,265,2025-09-02
C01598,Bronze,813,243,2025-10-04
C01599,Bronze,834,283,2025-12-15
C01600,Silver,839,284,2025-03-25
C01601,Platinum,865,278,2025-09-22
C01602,Silver,848,253,2025-01-15
C01603,Bronze,870,288,2025-11-22
C01604,Gold,846,257,2025-01-21
C01605,Bronze,834,248,2025-06-16
C01606,Bronze,881,287,2025-04-08
C01607,Bronze,830,283,2025-10-30
C01608,Silver,869,307,2025-02-08
C01609,Bronze,868,292,2025-06-04
C01610,Gold,818,277,2025-09-09
C01611,Silver,849,265,2025-06-02
C01612,Silver,853,298,2025-12-27
C01613,Silver,831,249,2025-09-01
C01614,Bronze,840,279,2025-03-31
C01615,Bronze,903,277,2025-03-17
C01616,Gold,849,269,2025-01-19
C01617,Gold,860,320,2025-01-24
C01618,Platinum,869,288,2025-01-17
C01619,Gold,888,270,2025-11-17
C01620,Bronze,773,288,2025-02-02
C01621,Platinum,847,281,2025-01-06
C01622,Silver,856,276,2025-04-30
C01623,Bronze,913,286,2025-08-28
C01624,Bronze,853,247,2025-06-20
C01625,Gold,842,269,2025-02-27
C01626,Bronze,893,265,2025-12-25
C01627,Bronze,860,276,2025-05-07
C01628,Bronze,816,269,2025-04-14
C01629,Gold,840,275,2025-03-03
C01630,Bronze,850,277,2025-01-04
C01631,Gold,829,272,2025-07-28
C01632,Bronze,851,284,2025-02-03
C01633,Bronze,854,294,2025-04-27
C01634,Bronze,850,255,2025-05-26
C01635,Bronze,845,285,2025-04-29
C01636,Silver,902,286,2025-09-28
C01637,Bronze,832,280,2025-12-08
C01638,Silver,837,308,2025-12-10
C01639,Gold,871,317,2025-12-20
C01640,Silver,888,269,2025-07-03
C01641,Bronze,865,308,2025-10-26
C01642,Bronze,837,299,2025-11-20
C01643,Silver,829,286,2025-08-22
C01644,Bronze,866,269,2025-01-08
C01645,Silver,819,255,2025-11-10
C01646,Silver,851,255,2025-12-06
C01647,Bronze,864,266,2025-05-03
C01648,Silver,837,283,2025-12-27
C01649,Bronze,871,281,2025-05-12
C01650,Bronze,842,285,2025-11-03
C01651,Bronze,912,295,2025-05-23
C01652,Bronze,866,268,2025-08-30
C01653,Silver,860,244,2025-08-16
C01654,Silver,950,260,2025-03-19
C01655,Gold,879,273,2025-06-28
C01656,Silver,814,277,2025-12-17
C01657,Bronze,872,260,2025-01-31
C01658,Bronze,882,312,2025-01-22
C01659,Bronze,793,271,2025-04-03
C01660,Bronze,792,276,2025-02-24
C01661,Silver,845,306,2025-07-20
C01662,Bronze,864,288,2025-11-08
C01663,Bronze,816,294,2025-09-30
C01664,Bronze,868,293,2025-09-12
C01665,Bronze,847,281,2025-05-11
C01666,Bronze,838,279,2025-12-28
C01667,Platinum,841,265,2025-04-05
C01668,Silver,877,280,2025-06-24
C01669,Bronze,839,261,2025-11-20
C01670,Bronze,847,294,2025-11-05
C01671,Silver,851,300,2025-03-07
C01672,Gold,844,225,2025-11-20
C01673,Gold,861,304,2025-02-16
C01674,Silver,878,275,2025-08-18
C01675,Bronze,877,274,2025-02-05
C01676,Gold,849,285,2025-07-29
C01677,Bronze,851,283,2025-06-29
C01678,Gold,851,281,2025-08-21
C01679,Bronze,822,309,2025-06-28
C01680,Silver,816,303,2025-05-30
C01681,Gold,855,281,2025-02-24
C01682,Gold,803,268,2025-05-04
C01683,Bronze,848,255,2025-10-20
C01684,Bronze,878,273,2025-02-19
C01685,Silver,853,250,2025-06-12
C01686,Bronze,871,279,2025-07-08
C01687,Gold,855,243,2025-07-11
C01688,Bronze,890,283,2025-06-15
C01689,Bronze,864,253,2025-11-03
C01690,Silver,910,264,2025-02-27
C01691,Bronze,889,280,2025-09-27
C01692,Bronze,814,257,2025-05-13
C01693,Silver,832,281,2025-05-26
C01694,Bronze,824,262,2025-04-20
C01695,Bronze,806,272,2025-11-21
C01696,Platinum,851,295,2025-09-02
C01697,Platinum,849,295,2025-05-21
C01698,Bronze,864,299,2025-05-17
C01699,Bronze,819,273,2025-01-15
C01700,Gold,836,324,2025-11-02
C01701,Platinum,876,282,2025-01-13
C01702,Bronze,923,305,2025-01-20
C01703,Bronze,835,266,2025-04-19
C01704,Silver,876,262,2025-04-19
C01705,Silver,832,266,2025-06-02
C01706,Bronze,848,264,2025-10-20
C01707,Bronze,826,282,2025-05-28
C01708,Gold,900,266,2025-08-30
C01709,Platinum,844,266,2025-03-07
C01710,Gold,872,279,2025-07-03
C01711,Silver,813,279,2025-06-09
C01712,Bronze,816,261,2025-11-07
C01713,Silver,846,289,2025-10-24
C01714,Silver,868,263,2025-06-09
C01715,Bronze,823,291,2025-06-19
C01716,Bronze,860,269,2025-05-20
C01717,Gold,848,286,2025-03-28
C01718,Silver,897,273,2025-09-10
C01719,Bronze,893,274,2025-12-19
C01720,Silver,858,279,2025-06-24
C01721,Gold,858,270,2025-06-28
C01722,Bronze,856,289,2025-04-22
C01723,Gold,895,291,2025-09-16
C01724,Bronze,838,259,2025-05-11
C01725,Bronze,864,258,2025-11-11
C01726,Bronze,825,277,2025-09-22
C01727,Bronze,823,257,2025-03-28
C01728,Silver,834,289,2025-04-07
C01729,Bronze,857,254,2025-05-01
C01730,Platinum,824,273,2025-08-07
C01731,Silver,838,291,2025-12-08
C01732,Bronze,858,277,2025-10-08
C01733,Bronze,855,295,2025-10-21
C01734,Bronze,880,284,2025-09-11
C01735,Silver,898,304,2025-01-14
C01736,Bronze,897,285,2025-01-30
C01737,Bronze,889,277,2025-08-06
C01738,Bronze,790,318,2025-01-24
C01739,Silver,829,276,2025-06-20
C01740,Silver,847,265,2025-11-26
C01741,Silver,826,289,2025-07-30
C01742,Bronze,895,285,2025-08-01
C01743,Bronze,843,295,2025-06-14
C01744,Silver,845,302,2025-06-19
C01745,Gold,842,309,2025-10-02
C01746,Bronze,880,288,2025-04-22
C01747,Bronze,867,289,2025-05-28
C01748,Silver,854,271,2025-09-18
C01749,Gold,842,294,2025-09-11
C01750,Bronze,815,284,2025-12-31
C01751,Silver,860,260,2025-08-02
C01752,Gold,849,254,2025-01-17
C01753,Silver,866,287,2025-11-05
C01754,Bronze,868,279,2025-11-25
C01755,Silver,818,273,2025-05-11
C01756,Silver,889,310,2025-06-01
C01757,Silver,888,294,2025-11-12
C01758,Bronze,823,259,2025-01-15
C01759,Gold,841,276,2025-08-01
C01760,Silver,892,305,2025-10-03
C01761,Silver,861,275,2025-02-14
C01762,Bronze,798,299,2025-01-22
C01763,Bronze,838,287,2025-11-09
C01764,Bronze,854,298,2025-06-23
C01765,Bronze,844,258,2025-09-27
C01766,Silver,841,290,2025-08-02
C01767,Silver,786,309,2025-04-14
C01768,Silver,833,260,2025-09-06
C01769,Gold,877,292,2025-11-04
C01770,Silver,851,285,2025-02-27
C01771,Bronze,825,253,2025-06-11
C01772,Bronze,833,281,2025-04-03
C01773,Bronze,888,300,2025-05-30
C01774,Gold,830,302,2025-09-16
C01775,Silver,821,293,2025-06-02
C01776,Gold,859,286,2025-08-19
C01777,Bronze,909,260,2025-04-30
C01778,Gold,867,285,2025-12-18
C01779,Bronze,859,272,2025-08-25
C01780,Bronze,840,283,2025-06-16
C01781,Bronze,815,276,2025-07-24
C01782,Silver,839,300,2025-06-21
C01783,Gold,867,277,2025-03-31
C01784,Silver,876,298,2025-03-17
C01785,Gold,834,278,2025-06-16
C01786,Silver,855,294,2025-03-03
C01787,Silver,826,296,2025-04-14
C01788,Silver,863,279,2025-04-28
C01789,Bronze,874,288,2025-12-20
C01790,Platinum,852,319,2025-09-12
C01791,Bronze,802,305,2025-06-21
C01792,Silver,908,279,2025-03-24
C01793,Bronze,842,271,2025-03-20
C01794,Platinum,853,296,2025-09-04
C01795,Bronze,886,264,2025-12-30
C01796,Bronze,872,271,2025-12-17
C01797,Platinum,827,317,2025-08-11
C01798,Bronze,800,293,2025-03-29
C01799,Silver,829,269,2025-09-10
C01800,Silver,860,260,2025-04-26
C01801,Silver,923,272,2025-01-16
C01802,Bronze,839,288,2025-02-26
C01803,Bronze,819,276,2025-02-06
C01804,Silver,852,270,2025-09-06
C01805,Bronze,820,273,2025-06-09
C01806,Bronze,791,293,2025-09-06
C01807,Gold,846,292,2025-01-12
C01808,Bronze,874,298,2025-11-21
C01809,Silver,850,285,2025-07-08
C01810,Gold,843,268,2025-03-11
C01811,Bronze,857,293,2025-09-30
C01812,Gold,867,274,2025-10-18
C01813,Bronze,858,259,2025-01-04
C01814,Bronze,861,315,2025-03-02
C01815,Silver,859,295,2025-11-03
C01816,Bronze,866,285,2025-01-27
C01817,Bronze,822,283,2025-02-05
C01818,Bronze,878,253,2025-10-07
C01819,Silver,835,291,2025-04-28
C01820,Gold,862,278,2025-12-02
C01821,Gold,843,253,2025-06-18
C01822,Bronze,842,251,2025-07-16
C01823,Bronze,804,276,2025-02-28
C01824,Platinum,860,259,2025-09-08
C01825,Bronze,913,273,2025-08-10
C01826,Bronze,875,303,2025-11-29
C01827,Bronze,836,255,2025-12-09
C01828,Silver,871,261,2025-08-18
C01829,Bronze,847,290,2025-12-06
C01830,Bronze,859,265,2025-06-21
C01831,Silver,871,287,2025-01-14
C01832,Bronze,886,296,2025-10-18
C01833,Platinum,823,273,2025-03-10
C01834,Bronze,849,301,2025-11-13
C01835,Bronze,865,311,2025-11-20
C01836,Bronze,835,301,2025-03-28
C01837,Gold,840,289,2025-05-14
C01838,Silver,907,311,2025-10-05
C01839,Silver,853,253,2025-10-27
C01840,Gold,807,281,2025-04-13
C01841,Silver,871,286,2025-10-12
C01842,Bronze,871,299,2025-08-10
C01843,Silver,901,293,2025-04-30
C01844,Gold,790,275,2025-10-29
C01845,Platinum,860,271,2025-04-10
C01846,Bronze,925,305,2025-09-24
C01847,Bronze,870,285,2025-12-21
C01848,Gold,853,300,2025-11-17
C01849,Platinum,791,297,2025-04-01
C01850,Bronze,816,243,2025-11-03
C01851,Silver,886,259,2025-05-17
C01852,Silver,872,270,2025-01-09
C01853,Silver,828,282,2025-03-08
C01854,Bronze,833,274,2025-06-09
C01855,Silver,878,283,2025-02-01
C01856,Gold,857,248,2025-12-04
C01857,Bronze,827,291,2025-04-30
C01858,Bronze,882,288,2025-07-13
C01859,Bronze,821,280,2025-01-19
C01860,Silver,906,280,2025-05-16
C01861,Silver,826,258,2025-04-06
C01862,Silver,848,285,2025-02-21
C01863,Silver,871,270,2025-04-09
C01864,Bronze,828,270,2025-01-30
C01865,Silver,870,274,2025-08-24
C01866,Gold,869,269,2025-03-11
C01867,Gold,858,290,2025-05-01
C01868,Gold,805,291,2025-08-08
C01869,Bronze,858,271,2025-03-09
C01870,Gold,852,265,2025-02-20
C01871,Gold,862,290,2025-05-16
C01872,Gold,878,241,2025-02-15
C01873,Gold,890,277,2025-02-27
C01874,Bronze,862,286,2025-12-02
C01875,Bronze,876,292,2025-07-23
C01876,Bronze,895,264,2025-10-10
C01877,Bronze,815,278,2025-10-23
C01878,Bronze,806,267,2025-11-07
C01879,Bronze,811,286,2025-04-24
C01880,Gold,824,287,2025-10-29
C01881,Bronze,877,299,2025-11-05
C01882,Bronze,805,268,2025-08-11
C01883,Silver,855,284,2025-03-27
C01884,Silver,834,299,2025-06-05
C01885,Silver,854,264,2025-07-13
C01886,Bronze,854,289,2025-06-01
C01887,Bronze,852,272,2025-07-02
C01888,Bronze,856,283,2025-04-11
C01889,Bronze,859,247,2025-11-13
C01890,Silver,848,280,2025-03-23
C01891,Silver,853,315,2025-02-17
C01892,Bronze,874,277,2025-04-02
C01893,Bronze,840,297,2025-01-26
C01894,Gold,829,277,2025-11-09
C01895,Bronze,855,278,2025-12-27
C01896,Silver,856,296,2025-05-24
C01897,Bronze,814,310,2025-11-22
C01898,Silver,867,292,2025-04-23
C01899,Silver,876,304,2025-09-14
C01900,Bronze,821,281,2025-02-11
C01901,Bronze,863,276,2025-01-15
C01902,Bronze,870,298,2025-01-04
C01903,Silver,853,263,2025-07-24
C01904,Bronze,870,248,2025-06-06
C01905,Silver,830,252,2025-08-29
C01906,Silver,873,282,2025-11-13
C01907,Bronze,814,301,2025-06-06
C01908,Platinum,873,261,2025-09-20
C01909,Bronze,886,269,2025-11-13
C01910,Bronze,810,282,2025-10-06
C01911,Silver,913,264,2025-03-01
C01912,Bronze,838,274,2025-05-09
C01913,Platinum,805,272,2025-06-27
C01914,Bronze,855,274,2025-07-04
C01915,Gold,819,289,2025-05-16
C01916,Silver,816,306,2025-10-01
C01917,Gold,895,271,2025-06-02
C01918,Gold,834,310,2025-11-09
C01919,Bronze,810,295,2025-05-31
C01920,Bronze,866,263,2025-03-01
C01921,Bronze,905,265,2025-07-28
C01922,Platinum,881,257,2025-02-23
C01923,Gold,829,309,2025-06-04
C01924,Bronze,839,300,2025-09-11
C01925,Bronze,810,260,2025-04-26
C01926,Platinum,842,288,2025-03-19
C01927,Bronze,820,264,2025-04-16
C01928,Silver,837,295,2025-11-25
C01929,Silver,880,281,2025-11-16
C01930,Bronze,830,315,2025-03-13
C01931,Gold,835,274,2025-09-14
C01932,Gold,864,302,2025-04-06
C01933,Silver,877,291,2025-01-12
C01934,Bronze,817,252,2025-01-02
C01935,Gold,845,254,2025-03-04
C01936,Platinum,871,263,2025-02-03
C01937,Bronze,889,292,2025-03-09
C01938,Bronze,879,327,2025-03-07
C01939,Gold,891,283,2025-12-04
C01940,Bronze,851,264,2025-06-14
C01941,Gold,886,285,2025-04-04
C01942,Gold,871,258,2025-10-07
C01943,Silver,930,281,2025-01-08
C01944,Bronze,798,284,2025-12-07
C01945,Silver,875,280,2025-11-03
C01946,Bronze,849,269,2025-09-16
C01947,Silver,839,292,2025-02-05
C01948,Bronze,893,283,2025-12-25
C01949,Bronze,912,274,2025-04-20
C01950,Silver,878,297,2025-11-22
C01951,Silver,850,292,2025-05-27
C01952,Silver,769,251,2025-04-23
C01953,Silver,872,268,2025-07-06
C01954,Bronze,833,255,2025-09-26
C01955,Silver,834,285,2025-01-16
C01956,Bronze,825,288,2025-01-09
C01957,Gold,881,297,2025-10-05
C01958,Bronze,819,265,2025-11-03
C01959,Bronze,853,274,2025-06-15
C01960,Bronze,839,274,2025-09-09
C01961,Silver,869,270,2025-01-12
C01962,Bronze,814,267,2025-09-23
C01963,Silver,851,295,2025-05-30
C01964,Silver,831,292,2025-10-31
C01965,Silver,850,281,2025-08-30
C01966,Silver,865,262,2025-11-22
C01967,Gold,842,283,2025-05-05
C01968,Silver,839,260,2025-02-20
C01969,Bronze,909,272,2025-04-06
C01970,Bronze,887,309,2025-07-16
C01971,Silver,846,264,2025-08-16
C01972,Bronze,863,267,2025-03-10
C01973,Bronze,817,301,2025-12-13
C01974,Bronze,813,284,2025-12-08
C01975,Gold,839,277,2025-07-26
C01976,Silver,801,279,2025-01-13
C01977,Bronze,844,263,2025-02-26
C01978,Bronze,815,275,2025-12-03
C01979,Gold,912,302,2025-08-29
C01980,Bronze,834,289,2025-05-02
C01981,Gold,895,311,2025-01-21
C01982,Bronze,854,284,2025-10-09
C01983,Gold,850,289,2025-02-27
C01984,Bronze,881,275,2025-07-02
C01985,Bronze,864,275,2025-08-02
C01986,Silver,896,270,2025-06-24
C01987,Bronze,874,259,2025-04-11
C01988,Silver,863,304,2025-07-14
C01989,Bronze,835,295,2025-04-18
C01990,Bronze,864,282,2025-09-07
C01991,Silver,835,266,2025-07-10
C01992,Bronze,853,274,2025-01-10
C01993,Bronze,868,281,2025-05-30
C01994,Bronze,857,274,2025-09-02
C01995,Bronze,867,279,2025-01-17
C01996,Silver,848,277,2025-02-28
C01997,Bronze,843,321,2025-03-06
C01998,Bronze,896,275,2025-03-26
C01999,Bronze,870,289,2025-10-29
C02000,Bronze,826,274,2025-10-14
C02001,Bronze,802,277,2025-04-29
C02002,Bronze,816,290,2025-08-11
C02003,Bronze,869,284,2025-09-11
C02004,Platinum,814,272,2025-02-25
C02005,Gold,835,277,2025-02-11
C02006,Gold,859,306,2025-10-14
C02007,Silver,881,275,2025-10-18
C02008,Bronze,815,270,2025-07-20
C02009,Gold,862,278,2025-07-09
C02010,Silver,873,271,2025-11-07
C02011,Bronze,868,272,2025-05-21
C02012,Platinum,817,299,2025-08-14
C02013,Bronze,870,294,2025-11-26
C02014,Bronze,892,295,2025-02-27
C02015,Bronze,800,285,2025-01-07
C02016,Bronze,861,280,2025-09-28
C02017,Silver,828,301,2025-07-19
C02018,Gold,862,279,2025-03-21
C02019,Bronze,873,319,2025-11-27
C02020,Silver,899,264,2025-02-12
C02021,Gold,832,285,2025-08-23
C02022,Silver,822,289,2025-04-23
C02023,Bronze,805,284,2025-05-30
C02024,Bronze,892,299,2025-10-01
C02025,Bronze,828,264,2025-11-07
C02026,Gold,802,266,2025-01-05
C02027,Bronze,794,268,2025-09-29
C02028,Bronze,850,294,2025-01-04
C02029,Gold,861,248,2025-09-26
C02030,Bronze,833,272,2025-06-07
C02031,Bronze,835,262,2025-12-12
C02032,Gold,804,304,2025-10-30
C02033,Gold,839,243,2025-01-09
C02034,Bronze,811,297,2025-03-29
C02035,Bronze,857,268,2025-06-12
C02036,Bronze,868,266,2025-09-03
C02037,Bronze,808,281,2025-03-14
C02038,Silver,885,278,2025-02-28
C02039,Bronze,825,286,2025-08-20
C02040,Gold,809,266,2025-07-01
C02041,Bronze,853,276,2025-08-21
C02042,Silver,897,267,2025-11-11
C02043,Bronze,884,284,2025-09-16
C02044,Bronze,824,309,2025-03-22
C02045,Gold,861,293,2025-08-25
C02046,Gold,868,302,2025-07-22
C02047,Silver,801,300,2025-09-03
C02048,Bronze,815,277,2025-11-13
C02049,Gold,825,301,2025-07-24
C02050,Bronze,794,291,2025-06-15
C02051,Bronze,861,268,2025-09-11
C02052,Bronze,826,306,2025-12-05
C02053,Gold,893,249,2025-02-26
C02054,Gold,870,283,2025-08-29
C02055,Bronze,919,260,2025-12-27
C02056,Silver,878,263,2025-05-05
C02057,Bronze,834,298,2025-02-28
C02058,Bronze,863,274,2025-06-10
C02059,Silver,820,272,2025-04-09
C02060,Silver,799,289,2025-01-27
C02061,Bronze,891,258,2025-07-12
C02062,Bronze,839,284,2025-02-16
C02063,Bronze,823,259,2025-12-08
C02064,Gold,852,267,2025-02-01
C02065,Gold,852,280,2025-03-06
C02066,Silver,827,274,2025-05-26
C02067,Silver,805,291,2025-01-09
C02068,Silver,843,263,2025-01-27
C02069,Bronze,877,298,2025-07-28
C02070,Gold,874,277,2025-06-29
C02071,Bronze,878,239,2025-03-10
C02072,Silver,880,269,2025-03-31
C02073,Bronze,847,301,2025-05-08
C02074,Gold,812,283,2025-10-23
C02075,Gold,846,309,2025-02-12
C02076,Bronze,851,242,2025-08-11
C02077,Bronze,872,291,2025-12-15
C02078,Bronze,877,272,2025-03-19
C02079,Bronze,867,266,2025-02-22
C02080,Bronze,876,289,2025-02-25
C02081,Silver,850,283,2025-10-02
C02082,Bronze,792,265,2025-01-06
C02083,Bronze,928,297,2025-11-06
C02084,Silver,822,275,2025-05-10
C02085,Silver,844,307,2025-04-28
C02086,Silver,810,295,2025-02-09
C02087,Silver,842,278,2025-09-26
C02088,Bronze,882,286,2025-07-16
C02089,Bronze,864,257,2025-02-01
C02090,Gold,862,275,2025-11-14
C02091,Platinum,821,246,2025-05-31
C02092,Bronze,854,299,2025-06-09
C02093,Bronze,852,276,2025-04-15
C02094,Bronze,808,267,2025-11-29
C02095,Bronze,818,276,2025-11-27
C02096,Bronze,849,276,2025-09-17
C02097,Silver,884,270,2025-09-12
C02098,Silver,814,254,2025-02-16
C02099,Gold,831,272,2025-05-05
C02100,Platinum,809,291,2025-09-24
C02101,Silver,880,268,2025-05-26
C02102,Silver,803,264,2025-05-14
C02103,Bronze,827,268,2025-12-17
C02104,Bronze,868,260,2025-05-01
C02105,Silver,820,275,2025-01-11
C02106,Silver,812,261,2025-10-23
C02107,Silver,844,287,2025-10-31
C02108,Bronze,868,265,2025-04-30
C02109,Gold,873,267,2025-01-29
C02110,Bronze,823,303,2025-09-07
C02111,Silver,854,298,2025-01-04
C02112,Silver,819,270,2025-08-03
C02113,Gold,785,271,2025-12-26
C02114,Bronze,859,261,2025-01-04
C02115,Bronze,859,259,2025-09-30
C02116,Silver,843,298,2025-07-28
C02117,Gold,843,260,2025-10-25
C02118,Bronze,851,303,2025-02-01
C02119,Gold,894,273,2025-10-05
C02120,Silver,845,283,2025-02-04
C02121,Silver,811,260,2025-10-05
C02122,Bronze,819,285,2025-08-15
C02123,Gold,841,279,2025-11-13
C02124,Gold,878,275,2025-01-13
C02125,Platinum,830,291,2025-02-19
C02126,Bronze,852,262,2025-04-07
C02127,Bronze,856,286,2025-09-05
C02128,Silver,865,309,2025-11-30
C02129,Silver,832,288,2025-06-04
C02130,Silver,788,261,2025-01-21
C02131,Silver,783,293,2025-08-28
C02132,Gold,865,302,2025-09-28
C02133,Gold,887,269,2025-09-02
C02134,Silver,872,292,2025-05-23
C02135,Bronze,757,261,2025-07-24
C02136,Silver,848,287,2025-07-27
C02137,Bronze,846,259,2025-12-24
C02138,Bronze,849,276,2025-11-13
C02139,Silver,854,243,2025-03-28
C02140,Bronze,890,258,2025-11-10
C02141,Bronze,863,254,2025-02-02
C02142,Bronze,875,294,2025-07-26
C02143,Bronze,815,290,2025-08-05
C02144,Silver,854,295,2025-08-16
C02145,Silver,819,278,2025-10-06
C02146,Gold,836,271,2025-08-02
C02147,Bronze,851,276,2025-03-23
C02148,Bronze,868,255,2025-08-15
C02149,Bronze,847,230,2025-10-13
C02150,Bronze,867,279,2025-01-23
C02151,Bronze,877,275,2025-01-23
C02152,Bronze,853,290,2025-12-16
C02153,Silver,862,244,2025-10-12
C02154,Silver,872,287,2025-01-11
C02155,Bronze,876,308,2025-08-10
C02156,Gold,829,290,2025-08-28
C02157,Silver,856,305,2025-06-26
C02158,Bronze,851,289,2025-12-28
C02159,Gold,832,311,2025-01-08
C02160,Silver,897,281,2025-02-27
C02161,Bronze,873,270,2025-07-27
C02162,Bronze,891,295,2025-05-21
C02163,Silver,807,290,2025-06-04
C02164,Silver,842,298,2025-07-05
C02165,Bronze,859,303,2025-01-06
C02166,Bronze,826,287,2025-11-15
C02167,Silver,865,310,2025-11-01
C02168,Bronze,818,282,2025-01-23
C02169,Gold,833,292,2025-04-12
C02170,Silver,807,294,2025-05-27
C02171,Gold,840,275,2025-01-29
C02172,Bronze,877,276,2025-11-28
C02173,Gold,889,299,2025-07-12
C02174,Silver,835,297,2025-06-01
C02175,Silver,813,260,2025-08-13
C02176,Bronze,784,288,2025-12-27
C02177,Silver,827,329,2025-02-21
C02178,Silver,844,327,2025-03-12
C02179,Silver,847,266,2025-08-08
C02180,Silver,862,245,2025-11-09
C02181,Silver,806,265,2025-07-26
C02182,Silver,819,299,2025-04-22
C02183,Silver,849,274,2025-07-05
C02184,Gold,831,261,2025-09-24
C02185,Platinum,847,258,2025-02-17
C02186,Silver,864,266,2025-03-30
C02187,Bronze,859,294,2025-02-17
C02188,Bronze,859,287,2025-01-04
C02189,Silver,873,259,2025-11-28
C02190,Bronze,858,249,2025-09-24
C02191,Bronze,820,287,2025-05-06
C02192,Bronze,804,290,2025-12-12
C02193,Gold,857,286,2025-07-21
C02194,Bronze,780,298,2025-07-25
C02195,Silver,873,254,2025-02-09
C02196,Bronze,816,288,2025-10-24
C02197,Silver,805,297,2025-07-31
C02198,Platinum,873,316,2025-07-18
C02199,Silver,817,263,2025-11-14
C02200,Bronze,843,304,2025-01-15
C02201,Silver,833,264,2025-02-10
C02202,Bronze,865,296,2025-02-15
C02203,Bronze,880,284,2025-12-03
C02204,Silver,857,291,2025-04-15
C02205,Silver,844,245,2025-10-01
C02206,Bronze,901,264,2025-06-17
C02207,Bronze,835,280,2025-11-23
C02208,Gold,840,276,2025-01-24
C02209,Gold,838,290,2025-11-25
C02210,Platinum,874,296,2025-12-18
C02211,Silver,852,280,2025-02-05
C02212,Bronze,841,278,2025-09-20
C02213,Silver,846,256,2025-07-22
C02214,Bronze,854,310,2025-06-18
C02215,Silver,855,265,2025-07-21
C02216,Silver,867,272,2025-02-19
C02217,Silver,899,279,2025-08-17
C02218,Silver,837,296,2025-09-30
C02219,Silver,884,309,2025-03-11
C02220,Bronze,796,273,2025-03-03
C02221,Bronze,829,288,2025-10-03
C02222,Bronze,854,275,2025-12-13
C02223,Platinum,918,290,2025-02-10
C02224,Platinum,875,245,2025-10-03
C02225,Silver,850,290,2025-08-30
C02226,Bronze,873,300,2025-04-30
C02227,Bronze,875,295,2025-06-19
C02228,Bronze,813,246,2025-01-01
C02229,Bronze,818,285,2025-06-19
C02230,Silver,902,280,2025-05-24
C02231,Silver,879,311,2025-03-08
C02232,Silver,884,299,2025-01-26
C02233,Bronze,879,294,2025-05-29
C02234,Silver,821,276,2025-02-27
C02235,Bronze,918,275,2025-10-04
C02236,Bronze,828,285,2025-10-07
C02237,Bronze,879,277,2025-03-15
C02238,Bronze,834,284,2025-07-07
C02239,Silver,840,286,2025-09-03
C02240,Silver,883,270,2025-09-04
C02241,Silver,843,305,2025-03-31
C02242,Silver,835,283,2025-06-18
C02243,Gold,856,275,2025-11-14
C02244,Silver,853,262,2025-03-15
C02245,Bronze,881,282,2025-08-25
C02246,Gold,888,302,2025-11-14
C02247,Gold,830,288,2025-11-28
C02248,Bronze,830,284,2025-02-14
C02249,Bronze,841,268,2025-03-29
C02250,Bronze,847,267,2025-09-24
C02251,Bronze,811,275,2025-02-23
C02252,Bronze,859,296,2025-01-19
C02253,Bronze,866,300,2025-12-23
C02254,Gold,856,254,2025-02-16
C02255,Platinum,883,281,2025-09-04
C02256,Bronze,788,270,2025-07-28
C02257,Gold,885,291,2025-10-28
C02258,Platinum,821,300,2025-08-10
C02259,Bronze,884,291,2025-01-31
C02260,Gold,843,278,2025-02-11
C02261,Bronze,840,269,2025-10-16
C02262,Silver,861,294,2025-08-03
C02263,Gold,821,264,2025-12-30
C02264,Gold,867,268,2025-06-21
C02265,Silver,834,306,2025-05-28
C02266,Bronze,844,282,2025-01-21
C02267,Bronze,913,287,2025-10-02
C02268,Bronze,886,284,2025-04-13
C02269,Gold,868,283,2025-09-26
C02270,Bronze,848,259,2025-08-15
C02271,Bronze,820,278,2025-06-05
C02272,Gold,826,268,2025-09-25
C02273,Silver,852,267,2025-09-19
C02274,Gold,825,290,2025-07-31
C02275,Bronze,856,269,2025-01-20
C02276,Silver,872,299,2025-04-11
C02277,Bronze,856,265,2025-03-31
C02278,Bronze,868,297,2025-02-25
C02279,Bronze,809,270,2025-09-05
C02280,Gold,835,266,2025-09-01
C02281,Silver,790,283,2025-08-22
C02282,Bronze,865,272,2025-09-16
C02283,Bronze,826,264,2025-05-04
C02284,Platinum,860,277,2025-06-25
C02285,Gold,856,266,2025-11-09
C02286,Bronze,843,283,2025-04-06
C02287,Silver,822,264,2025-06-19
C02288,Gold,796,281,2025-05-22
C02289,Gold,819,291,2025-02-21
C02290,Silver,844,278,2025-08-23
C02291,Gold,845,288,2025-12-12
C02292,Platinum,884,270,2025-04-16
C02293,Platinum,886,305,2025-05-23
C02294,Bronze,837,286,2025-06-29
C02295,Silver,839,292,2025-08-06
C02296,Bronze,813,279,2025-10-03
C02297,Gold,877,280,2025-08-08
C02298,Silver,815,270,2025-08-26
C02299,Silver,840,284,2025-03-19
C02300,Bronze,816,272,2025-10-02
C02301,Silver,832,274,2025-06-18
C02302,Silver,853,283,2025-02-17
C02303,Bronze,877,305,2025-10-24
C02304,Silver,865,266,2025-03-23
C02305,Bronze,855,272,2025-07-16
C02306,Bronze,811,265,2025-07-09
C02307,Bronze,841,269,2025-12-21
C02308,Gold,847,283,2025-05-15
C02309,Bronze,853,293,2025-08-16
C02310,Bronze,882,282,2025-09-18
C02311,Bronze,818,285,2025-07-10
C02312,Bronze,829,284,2025-12-20
C02313,Gold,874,265,2025-03-11
C02314,Silver,808,289,2025-07-07
C02315,Silver,869,265,2025-10-09
C02316,Silver,846,286,2025-03-20
C02317,Bronze,901,245,2025-02-10
C02318,Bronze,865,273,2025-04-08
C02319,Bronze,878,296,2025-02-16
C02320,Bronze,813,287,2025-06-23
C02321,Silver,844,279,2025-02-23
C02322,Bronze,823,300,2025-08-14
C02323,Bronze,850,287,2025-04-30
C02324,Bronze,886,312,2025-02-11
C02325,Bronze,815,279,2025-12-27
C02326,Bronze,830,273,2025-08-26
C02327,Bronze,852,280,2025-03-15
C02328,Bronze,844,309,2025-05-27
C02329,Bronze,865,259,2025-02-25
C02330,Bronze,880,285,2025-05-29
C02331,Bronze,830,280,2025-08-08
C02332,Silver,837,269,2025-07-17
C02333,Bronze,897,268,2025-09-15
C02334,Bronze,827,273,2025-07-19
C02335,Gold,854,294,2025-02-27
C02336,Silver,888,238,2025-11-12
C02337,Gold,846,277,2025-05-05
C02338,Silver,836,322,2025-06-07
C02339,Silver,838,271,2025-07-16
C02340,Gold,839,272,2025-12-09
C02341,Gold,852,279,2025-08-21
C02342,Gold,887,282,2025-05-11
C02343,Platinum,890,279,2025-10-29
C02344,Bronze,838,259,2025-03-25
C02345,Silver,862,318,2025-04-08
C02346,Bronze,809,272,2025-09-19
C02347,Bronze,869,281,2025-12-29
C02348,Bronze,859,312,2025-12-12
C02349,Bronze,879,270,2025-03-03
C02350,Bronze,838,283,2025-03-05
C02351,Bronze,813,273,2025-07-10
C02352,Bronze,845,269,2025-08-13
C02353,Bronze,813,250,2025-10-23
C02354,Silver,911,273,2025-03-25
C02355,Gold,811,273,2025-04-15
C02356,Bronze,872,291,2025-05-12
C02357,Bronze,881,254,2025-09-14
C02358,Bronze,846,261,2025-08-13
C02359,Bronze,857,279,2025-08-08
C02360,Bronze,872,297,2025-02-22
C02361,Bronze,852,274,2025-02-04
C02362,Silver,880,279,2025-06-09
C02363,Bronze,822,273,2025-01-24
C02364,Bronze,822,267,2025-06-21
C02365,Gold,859,251,2025-04-11
C02366,Silver,810,271,2025-05-23
C02367,Bronze,855,283,2025-05-25
C02368,Platinum,822,286,2025-05-15
C02369,Bronze,834,274,2025-03-05
C02370,Bronze,831,285,2025-03-31
C02371,Bronze,839,299,2025-02-22
C02372,Silver,802,289,2025-03-10
C02373,Silver,849,286,2025-08-21
C02374,Gold,849,270,2025-05-12
C02375,Silver,844,261,2025-12-23
C02376,Bronze,870,271,2025-06-05
C02377,Bronze,894,280,2025-01-07
C02378,Silver,860,273,2025-11-07
C02379,Silver,913,237,2025-05-11
C02380,Silver,850,284,2025-01-07
C02381,Bronze,862,288,2025-02-06
C02382,Bronze,815,296,2025-12-20
C02383,Bronze,845,249,2025-05-24
C02384,Bronze,853,273,2025-03-07
C02385,Silver,841,295,2025-12-05
C02386,Silver,833,280,2025-11-18
C02387,Silver,824,291,2025-08-20
C02388,Bronze,857,297,2025-02-16
C02389,Bronze,874,281,2025-05-20
C02390,Bronze,847,275,2025-11-19
C02391,Silver,838,262,2025-11-20
C02392,Gold,893,273,2025-12-18
C02393,Bronze,882,277,2025-09-12
C02394,Silver,887,277,2025-04-07
C02395,Silver,873,298,2025-08-20
C02396,Silver,869,289,2025-05-16
C02397,Platinum,886,298,2025-11-09
C02398,Gold,817,286,2025-07-12
C02399,Bronze,853,274,2025-06-14
C02400,Bronze,800,268,2025-04-30
C02401,Gold,824,309,2025-07-01
C02402,Silver,868,276,2025-05-31
C02403,Bronze,852,299,2025-05-24
C02404,Bronze,857,297,2025-07-18
C02405,Gold,832,284,2025-12-31
C02406,Gold,863,294,2025-01-31
C02407,Bronze,878,272,2025-07-11
C02408,Silver,888,295,2025-11-22
C02409,Silver,846,259,2025-03-29
C02410,Silver,799,283,2025-04-17
C02411,Platinum,842,315,2025-05-29
C02412,Gold,897,296,2025-12-21
C02413,Bronze,853,299,2025-01-14
C02414,Silver,839,281,2025-11-12
C02415,Bronze,794,274,2025-06-18
C02416,Bronze,840,288,2025-04-24
C02417,Silver,833,270,2025-01-26
C02418,Bronze,867,282,2025-08-04
C02419,Silver,918,279,2025-08-20
C02420,Silver,839,301,2025-03-18
C02421,Silver,897,270,2025-01-16
C02422,Bronze,817,270,2025-09-30
C02423,Bronze,816,259,2025-09-18
C02424,Platinum,833,281,2025-08-08
C02425,Silver,824,304,2025-01-10
C02426,Silver,873,276,2025-09-16
C02427,Gold,873,244,2025-06-26
C02428,Bronze,873,296,2025-02-22
C02429,Bronze,840,278,2025-02-07
C02430,Bronze,865,292,2025-05-23
C02431,Gold,869,303,2025-03-12
C02432,Silver,863,270,2025-04-11
C02433,Gold,830,299,2025-07-17
C02434,Silver,877,261,2025-12-22
C02435,Silver,823,285,2025-08-11
C02436,Silver,849,278,2025-07-19
C02437,Platinum,847,298,2025-12-23
C02438,Silver,848,297,2025-02-04
C02439,Silver,820,297,2025-07-13
C02440,Gold,857,291,2025-06-05
C02441,Silver,841,283,2025-06-05
C02442,Bronze,855,261,2025-01-03
C02443,Bronze,858,253,2025-03-11
C02444,Gold,868,273,2025-09-05
C02445,Bronze,825,268,2025-04-27
C02446,Gold,898,251,2025-07-09
C02447,Silver,821,297,2025-07-25
C02448,Gold,871,275,2025-12-08
C02449,Bronze,849,290,2025-10-23
C02450,Bronze,830,307,2025-01-01
C02451,Silver,859,250,2025-08-18
C02452,Silver,842,297,2025-10-01
C02453,Bronze,853,283,2025-03-19
C02454,Bronze,917,276,2025-05-23
C02455,Bronze,814,279,2025-11-25
C02456,Bronze,870,266,2025-05-04
C02457,Bronze,823,265,2025-01-06
C02458,Gold,817,299,2025-04-01
C02459,Gold,862,282,2025-03-06
C02460,Silver,795,257,2025-10-07
C02461,Bronze,834,255,2025-07-15
C02462,Silver,812,300,2025-05-17
C02463,Bronze,841,291,2025-10-29
C02464,Platinum,859,249,2025-07-31
C02465,Bronze,798,298,2025-12-14
C02466,Gold,834,288,2025-10-26
C02467,Bronze,888,287,2025-07-15
C02468,Bronze,887,272,2025-12-03
C02469,Bronze,861,286,2025-01-16
C02470,Bronze,855,284,2025-08-30
C02471,Bronze,825,298,2025-03-31
C02472,Bronze,843,300,2025-07-19
C02473,Bronze,836,275,2025-01-04
C02474,Silver,872,269,2025-04-24
C02475,Bronze,795,303,2025-05-26
C02476,Bronze,868,270,2025-10-04
C02477,Gold,853,303,2025-06-22
C02478,Bronze,834,277,2025-07-30
C02479,Silver,830,275,2025-04-12
C02480,Gold,862,281,2025-11-25
C02481,Bronze,827,286,2025-02-12
C02482,Gold,861,276,2025-06-04
C02483,Bronze,865,291,2025-08-26
C02484,Bronze,804,275,2025-04-11
C02485,Bronze,803,298,2025-02-03
C02486,Silver,842,262,2025-08-06
C02487,Bronze,869,288,2025-03-13
C02488,Gold,858,255,2025-08-28
C02489,Bronze,832,267,2025-06-06
C02490,Bronze,853,258,2025-03-20
C02491,Bronze,904,283,2025-12-05
C02492,Platinum,869,294,2025-01-22
C02493,Gold,853,285,2025-06-17
C02494,Bronze,855,304,2025-09-22
C02495,Gold,869,305,2025-07-19
C02496,Silver,839,267,2025-04-13
C02497,Gold,816,332,2025-07-05
C02498,Bronze,873,276,2025-09-09
C02499,Bronze,900,289,2025-12-22
C02500,Silver,835,280,2025-11-18
C02501,Silver,879,266,2025-12-20
C02502,Gold,781,251,2025-11-21
C02503,Bronze,809,295,2025-10-20
C02504,Platinum,830,284,2025-05-21
C02505,Bronze,883,297,2025-03-25
C02506,Bronze,838,309,2025-03-11
C02507,Gold,859,277,2025-06-21
C02508,Bronze,874,285,2025-02-27
C02509,Bronze,805,295,2025-07-14
C02510,Silver,836,266,2025-11-18
C02511,Silver,887,265,2025-02-22
C02512,Silver,858,241,2025-02-02
C02513,Bronze,884,282,2025-09-16
C02514,Bronze,858,250,2025-12-31
C02515,Bronze,835,266,2025-08-03
C02516,Silver,873,263,2025-02-05
C02517,Gold,838,257,2025-04-18
C02518,Bronze,817,286,2025-06-26
C02519,Bronze,847,283,2025-10-17
C02520,Bronze,836,288,2025-01-03
C02521,Bronze,938,270,2025-04-25
C02522,Silver,872,268,2025-05-10
C02523,Silver,812,285,2025-07-05
C02524,Silver,851,263,2025-04-07
C02525,Bronze,839,270,2025-06-22
C02526,Bronze,837,261,2025-05-02
C02527,Platinum,851,279,2025-12-07
C02528,Silver,884,294,2025-09-12
C02529,Silver,865,294,2025-06-16
C02530,Silver,815,276,2025-07-17
C02531,Bronze,862,283,2025-06-02
C02532,Silver,836,296,2025-10-17
C02533,Silver,832,298,2025-12-05
C02534,Gold,851,255,2025-09-23
C02535,Bronze,876,275,2025-05-29
C02536,Bronze,851,269,2025-09-12
C02537,Silver,877,275,2025-08-24
C02538,Bronze,831,267,2025-07-29
C02539,Bronze,852,255,2025-01-17
C02540,Silver,871,280,2025-08-09
C02541,Bronze,859,298,2025-09-14
C02542,Silver,860,296,2025-02-13
C02543,Bronze,811,290,2025-03-02
C02544,Bronze,866,280,2025-08-21
C02545,Bronze,891,289,2025-06-08
C02546,Gold,865,279,2025-04-15
C02547,Silver,859,301,2025-02-28
C02548,Bronze,848,281,2025-06-21
C02549,Bronze,878,295,2025-08-28
C02550,Silver,809,257,2025-09-03
C02551,Gold,823,270,2025-11-08
C02552,Bronze,850,280,2025-03-31
C02553,Gold,836,251,2025-11-25
C02554,Gold,888,284,2025-01-20
C02555,Gold,813,312,2025-10-15
C02556,Silver,830,294,2025-09-22
C02557,Silver,888,242,2025-09-09
C02558,Bronze,854,281,2025-06-25
C02559,Bronze,919,300,2025-05-20
C02560,Silver,844,309,2025-01-18
C02561,Silver,869,289,2025-05-30
C02562,Gold,818,274,2025-11-16
C02563,Gold,833,287,2025-05-01
C02564,Silver,817,279,2024-12-31
C02565,Bronze,784,269,2025-12-07
C02566,Silver,889,286,2025-05-16
C02567,Gold,870,278,2025-09-10
C02568,Bronze,875,255,2025-10-29
C02569,Silver,853,299,2025-05-17
C02570,Silver,834,259,2025-07-30
C02571,Bronze,882,308,2025-08-10
C02572,Silver,922,271,2025-07-02
C02573,Bronze,825,245,2025-05-09
C02574,Gold,860,301,2025-05-09
C02575,Gold,854,285,2025-05-26
C02576,Bronze,813,316,2025-10-04
C02577,Bronze,816,301,2025-01-20
C02578,Bronze,849,293,2025-06-03
C02579,Silver,803,257,2025-10-23
C02580,Silver,853,276,2025-06-16
C02581,Bronze,825,305,2025-08-28
C02582,Silver,900,281,2025-06-14
C02583,Silver,853,298,2025-05-18
C02584,Bronze,842,261,2025-03-31
C02585,Platinum,879,296,2025-07-24
C02586,Silver,904,271,2025-01-09
C02587,Silver,837,270,2025-12-10
C02588,Bronze,863,285,2025-04-15
C02589,Bronze,857,254,2025-02-20
C02590,Bronze,827,286,2025-03-23
C02591,Gold,870,288,2025-02-25
C02592,Silver,904,297,2025-04-25
C02593,Silver,885,294,2025-04-22
C02594,Bronze,829,275,2025-08-18
C02595,Silver,867,278,2025-04-22
C02596,Bronze,847,288,2025-06-23
C02597,Bronze,872,293,2025-02-21
C02598,Gold,812,238,2025-08-14
C02599,Bronze,860,271,2025-01-15
C02600,Bronze,875,280,2025-08-07
C02601,Bronze,911,279,2025-02-02
C02602,Silver,827,310,2025-08-31
C02603,Gold,861,246,2025-08-07
C02604,Silver,928,284,2025-04-18
C02605,Bronze,867,276,2025-01-01
C02606,Silver,817,290,2025-07-13
C02607,Silver,920,261,2025-10-22
C02608,Platinum,858,285,2025-03-06
C02609,Bronze,844,269,2025-07-03
C02610,Bronze,846,280,2025-09-25
C02611,Bronze,902,312,2025-05-17
C02612,Gold,867,263,2025-05-10
C02613,Silver,884,284,2025-08-24
C02614,Silver,843,279,2025-12-17
C02615,Bronze,846,275,2025-08-31
C02616,Gold,895,301,2025-05-02
C02617,Silver,843,274,2025-06-15
C02618,Silver,841,276,2025-05-07
C02619,Gold,829,281,2025-05-31
C02620,Gold,876,275,2025-03-21
C02621,Bronze,853,269,2025-05-02
C02622,Silver,839,295,2025-08-09
C02623,Bronze,841,309,2025-12-19
C02624,Gold,923,303,2025-08-18
C02625,Gold,827,270,2025-10-16
C02626,Bronze,836,275,2025-12-20
C02627,Bronze,835,275,2025-04-30
C02628,Bronze,762,289,2025-05-30
C02629,Silver,879,261,2025-05-06
C02630,Bronze,841,255,2025-07-03
C02631,Silver,842,271,2025-11-20
C02632,Bronze,840,267,2025-07-27
C02633,Silver,872,274,2025-03-01
C02634,Silver,850,257,2025-05-18
C02635,Bronze,858,265,2025-07-05
C02636,Gold,825,274,2025-09-20
C02637,Bronze,845,268,2025-08-01
C02638,Silver,875,276,2025-11-16
C02639,Bronze,885,274,2025-11-23
C02640,Silver,803,270,2025-07-22
C02641,Bronze,832,287,2025-05-04
C02642,Silver,837,286,2025-09-16
C02643,Silver,828,289,2025-02-01
C02644,Bronze,859,242,2025-09-16
C02645,Bronze,868,262,2025-12-01
C02646,Bronze,900,291,2025-02-16
C02647,Silver,798,301,2025-03-05
C02648,Silver,851,280,2025-12-02
C02649,Silver,889,285,2025-12-15
C02650,Bronze,806,286,2025-02-05
C02651,Bronze,891,295,2025-12-08
C02652,Bronze,816,261,2025-03-14
C02653,Bronze,813,274,2025-08-11
C02654,Silver,839,286,2025-12-14
C02655,Silver,911,290,2025-06-05
C02656,Gold,848,273,2025-06-24
C02657,Silver,845,309,2025-06-11
C02658,Bronze,852,293,2025-07-02
C02659,Bronze,896,295,2025-04-16
C02660,Bronze,883,307,2025-10-16
C02661,Bronze,827,296,2025-08-30
C02662,Silver,842,295,2025-08-05
C02663,Bronze,853,289,2025-08-19
C02664,Silver,835,282,2025-07-09
C02665,Silver,862,286,2025-08-28
C02666,Bronze,917,297,2025-04-07
C02667,Bronze,872,259,2025-07-14
C02668,Bronze,839,270,2025-01-30
C02669,Bronze,851,275,2025-01-29
C02670,Silver,888,292,2025-05-29
C02671,Silver,888,291,2025-06-27
C02672,Silver,887,279,2025-08-28
C02673,Gold,821,280,2025-07-09
C02674,Silver,786,329,2025-09-30
C02675,Silver,864,259,2025-09-20
C02676,Silver,814,279,2025-01-19
C02677,Platinum,810,273,2025-10-26
C02678,Silver,847,291,2025-06-04
C02679,Bronze,880,243,2025-05-25
C02680,Silver,821,278,2025-12-15
C02681,Bronze,862,271,2025-02-11
C02682,Bronze,828,269,2025-01-16
C02683,Bronze,837,305,2025-01-22
C02684,Silver,835,300,2025-12-25
C02685,Bronze,843,301,2025-12-13
C02686,Bronze,901,275,2025-08-20
C02687,Silver,847,265,2025-05-07
C02688,Bronze,848,274,2025-12-17
C02689,Silver,820,273,2025-03-14
C02690,Gold,788,281,2025-11-21
C02691,Silver,822,273,2025-11-26
C02692,Bronze,839,252,2025-12-01
C02693,Bronze,791,250,2025-08-28
C02694,Silver,845,318,2025-07-27
C02695,Bronze,857,300,2025-03-07
C02696,Silver,860,249,2025-01-25
C02697,Bronze,830,269,2025-06-29
C02698,Bronze,824,266,2025-05-30
C02699,Silver,855,293,2025-11-22
C02700,Gold,789,290,2025-11-21
C02701,Silver,827,284,2025-02-27
C02702,Bronze,872,251,2025-01-13
C02703,Bronze,848,321,2025-02-28
C02704,Bronze,860,272,2025-04-19
C02705,Bronze,884,303,2025-03-16
C02706,Platinum,829,303,2025-03-04
C02707,Silver,907,272,2025-06-10
C02708,Silver,866,289,2025-07-24
C02709,Bronze,850,280,2025-11-20
C02710,Gold,902,285,2025-11-17
C02711,Bronze,845,291,2025-03-26
C02712,Silver,860,328,2025-11-09
C02713,Bronze,853,318,2025-01-16
C02714,Bronze,889,290,2025-07-22
C02715,Gold,821,293,2025-04-18
C02716,Bronze,896,269,2025-09-12
C02717,Bronze,818,292,2025-05-16
C02718,Silver,834,256,2025-08-12
C02719,Gold,900,269,2025-06-09
C02720,Gold,803,276,2025-05-27
C02721,Bronze,804,253,2025-11-22
C02722,Gold,840,288,2025-07-25
C02723,Bronze,822,288,2025-07-28
C02724,Gold,844,289,2025-05-05
C02725,Bronze,891,257,2025-05-16
C02726,Silver,893,318,2025-05-28
C02727,Bronze,837,243,2025-11-14
C02728,Gold,832,274,2025-04-14
C02729,Silver,892,264,2025-02-05
C02730,Gold,870,255,2025-02-03
C02731,Silver,821,299,2025-06-05
C02732,Silver,886,302,2025-04-14
C02733,Silver,853,294,2025-04-26
C02734,Gold,837,266,2025-01-23
C02735,Gold,902,290,2025-12-31
C02736,Bronze,835,296,2025-08-10
C02737,Gold,825,274,2025-05-09
C02738,Bronze,836,271,2025-03-08
C02739,Bronze,906,293,2025-06-04
C02740,Bronze,835,284,2025-06-10
C02741,Bronze,829,292,2025-01-22
C02742,Bronze,791,309,2025-02-01
C02743,Gold,788,291,2025-06-18
C02744,Silver,872,272,2025-03-26
C02745,Bronze,862,265,2025-10-17
C02746,Silver,819,293,2025-01-03
C02747,Bronze,805,285,2025-02-20
C02748,Bronze,864,254,2025-12-23
C02749,Bronze,883,292,2025-06-24
C02750,Silver,836,223,2025-01-01
C02751,Bronze,887,304,2025-10-24
C02752,Bronze,867,270,2025-06-26
C02753,Bronze,858,277,2025-06-08
C02754,Bronze,817,284,2025-07-09
C02755,Bronze,846,296,2025-02-27
C02756,Bronze,818,286,2025-03-06
C02757,Bronze,858,288,2025-06-23
C02758,Bronze,828,257,2025-12-23
C02759,Silver,828,266,2025-04-06
C02760,Silver,823,295,2025-02-06
C02761,Bronze,890,268,2025-02-18
C02762,Bronze,867,323,2025-11-27
C02763,Bronze,858,275,2025-08-12
C02764,Bronze,838,289,2025-10-08
C02765,Bronze,853,287,2025-01-06
C02766,Gold,862,280,2025-09-03
C02767,Bronze,916,308,2025-01-11
C02768,Gold,800,264,2025-09-04
C02769,Silver,769,267,2025-12-30
C02770,Bronze,884,290,2025-09-30
C02771,Silver,832,259,2025-03-12
C02772,Bronze,841,273,2025-01-05
C02773,Bronze,884,289,2025-09-27
C02774,Gold,856,318,2025-04-21
C02775,Silver,806,309,2025-05-29
C02776,Bronze,867,274,2025-08-07
C02777,Bronze,823,310,2025-12-23
C02778,Gold,864,311,2025-07-23
C02779,Gold,856,285,2025-08-11
C02780,Silver,876,269,2025-04-29
C02781,Silver,837,291,2025-01-17
C02782,Silver,816,309,2025-08-30
C02783,Silver,832,265,2025-02-15
C02784,Bronze,876,281,2025-04-02
C02785,Silver,859,286,2025-05-29
C02786,Bronze,838,276,2025-10-03
C02787,Bronze,852,257,2025-10-13
C02788,Bronze,847,273,2025-11-27
C02789,Bronze,868,291,2025-08-24
C02790,Bronze,870,301,2025-12-03
C02791,Silver,873,283,2025-07-03
C02792,Silver,829,280,2025-11-27
C02793,Gold,851,308,2025-09-12
C02794,Silver,871,272,2025-11-16
C02795,Bronze,853,283,2025-04-03
C02796,Bronze,872,276,2025-06-16
C02797,Bronze,865,276,2025-06-22
C02798,Bronze,847,254,2025-12-15
C02799,Silver,844,270,2025-07-27
C02800,Silver,848,272,2025-04-27
C02801,Bronze,854,271,2025-07-27
C02802,Bronze,824,284,2025-05-15
C02803,Silver,845,310,2025-08-29
C02804,Bronze,851,287,2025-09-13
C02805,Bronze,851,310,2025-03-24
C02806,Silver,888,281,2025-03-04
C02807,Gold,842,254,2025-11-15
C02808,Platinum,832,287,2025-08-24
C02809,Silver,870,266,2025-05-13
C02810,Gold,836,292,2025-04-19
C02811,Bronze,868,275,2025-07-11
C02812,Bronze,847,281,2025-10-07
C02813,Silver,854,308,2025-08-20
C02814,Bronze,886,262,2025-05-12
C02815,Bronze,877,299,2025-07-31
C02816,Silver,864,257,2025-07-30
C02817,Gold,893,315,2025-10-27
C02818,Bronze,873,311,2025-12-30
C02819,Bronze,850,278,2025-09-26
C02820,Bronze,819,281,2025-07-17
C02821,Bronze,876,311,2025-02-24
C02822,Gold,880,277,2025-08-19
C02823,Silver,847,278,2025-08-09
C02824,Bronze,870,263,2025-11-09
C02825,Silver,850,274,2025-12-23
C02826,Bronze,844,329,2025-01-21
C02827,Bronze,843,283,2025-10-07
C02828,Bronze,860,290,2025-09-07
C02829,Silver,840,263,2025-04-17
C02830,Bronze,800,266,2025-04-29
C02831,Bronze,835,265,2025-02-04
C02832,Bronze,888,261,2025-09-07
C02833,Bronze,838,277,2025-07-02
C02834,Silver,851,246,2025-11-19
C02835,Gold,846,286,2025-03-31
C02836,Silver,867,278,2025-01-16
C02837,Bronze,846,279,2025-01-07
C02838,Bronze,864,297,2025-06-06
C02839,Bronze,879,292,2025-06-03
C02840,Silver,841,261,2025-07-26
C02841,Platinum,853,274,2025-04-21
C02842,Gold,819,273,2025-04-30
C02843,Silver,817,296,2025-07-30
C02844,Silver,851,300,2025-11-13
C02845,Bronze,853,275,2025-09-18
C02846,Silver,817,294,2025-11-15
C02847,Bronze,837,279,2025-09-18
C02848,Bronze,909,270,2025-06-27
C02849,Bronze,832,270,2025-11-22
C02850,Bronze,795,269,2025-04-17
C02851,Bronze,871,265,2025-01-20
C02852,Silver,818,256,2025-09-26
C02853,Silver,849,264,2025-12-27
C02854,Silver,881,293,2025-10-20
C02855,Silver,852,310,2025-07-03
C02856,Silver,834,282,2025-04-12
C02857,Bronze,839,244,2025-06-23
C02858,Bronze,824,285,2025-09-22
C02859,Gold,800,277,2025-08-17
C02860,Bronze,820,287,2025-05-31
C02861,Bronze,830,309,2025-07-22
C02862,Bronze,865,272,2025-04-02
C02863,Bronze,930,279,2025-11-21
C02864,Silver,901,301,2025-07-06
C02865,Gold,825,293,2025-09-15
C02866,Bronze,830,284,2025-02-16
C02867,Bronze,911,285,2025-04-06
C02868,Bronze,902,285,2025-03-31
C02869,Bronze,860,275,2025-06-28
C02870,Bronze,855,254,2025-02-08
C02871,Bronze,910,292,2025-10-07
C02872,Bronze,867,295,2025-01-10
C02873,Bronze,841,258,2025-11-01
C02874,Bronze,850,280,2025-04-25
C02875,Gold,883,302,2025-03-25
C02876,Gold,854,273,2025-02-26
C02877,Bronze,848,284,2025-07-17
C02878,Gold,901,302,2025-07-09
C02879,Bronze,879,277,2025-02-16
C02880,Bronze,823,290,2025-02-17
C02881,Bronze,847,290,2025-12-02
C02882,Bronze,853,264,2025-03-11
C02883,Gold,816,244,2025-04-08
C02884,Bronze,856,305,2025-07-29
C02885,Bronze,834,273,2025-01-04
C02886,Bronze,842,273,2025-01-19
C02887,Bronze,818,289,2025-11-23
C02888,Bronze,852,294,2025-10-05
C02889,Bronze,864,249,2025-03-23
C02890,Gold,822,298,2025-06-22
C02891,Gold,875,257,2025-07-15
C02892,Bronze,849,280,2025-06-30
C02893,Silver,814,286,2025-04-10
C02894,Silver,857,298,2025-11-05
C02895,Bronze,864,278,2025-06-22
C02896,Bronze,817,263,2025-05-10
C02897,Silver,797,275,2025-07-08
C02898,Silver,829,299,2025-02-17
C02899,Silver,816,287,2025-10-01
C02900,Platinum,833,268,2025-09-12
C02901,Silver,877,296,2025-03-31
C02902,Bronze,827,291,2025-09-17
C02903,Bronze,850,286,2025-11-12
C02904,Bronze,853,264,2025-03-06
C02905,Silver,782,285,2025-09-10
C02906,Silver,856,278,2025-07-25
C02907,Silver,828,282,2025-04-03
C02908,Bronze,865,296,2025-03-14
C02909,Platinum,766,289,2025-11-15
C02910,Gold,844,260,2025-03-26
C02911,Gold,814,274,2025-12-10
C02912,Gold,854,259,2025-12-03
C02913,Gold,865,270,2025-09-22
C02914,Bronze,912,263,2025-04-03
C02915,Bronze,800,269,2025-11-28
C02916,Silver,830,263,2025-08-21
C02917,Bronze,852,269,2025-06-17
C02918,Platinum,913,269,2025-09-26
C02919,Silver,867,255,2025-08-21
C02920,Bronze,897,299,2025-10-27
C02921,Bronze,778,300,2025-01-05
C02922,Bronze,843,265,2025-02-24
C02923,Silver,886,295,2025-10-04
C02924,Silver,844,259,2025-07-25
C02925,Bronze,751,275,2025-10-12
C02926,Gold,849,287,2025-11-09
C02927,Bronze,872,303,2025-01-13
C02928,Bronze,842,276,2025-02-23
C02929,Silver,897,313,2025-06-25
C02930,Bronze,913,263,2025-03-12
C02931,Silver,909,270,2025-05-08
C02932,Silver,853,275,2025-08-30
C02933,Bronze,816,287,2025-12-05
C02934,Gold,856,253,2025-03-06
C02935,Gold,876,280,2025-11-09
C02936,Platinum,879,260,2025-10-04
C02937,Silver,803,264,2025-11-29
C02938,Silver,932,272,2025-04-12
C02939,Bronze,824,292,2025-07-24
C02940,Bronze,836,276,2025-10-13
C02941,Bronze,833,288,2025-05-04
C02942,Silver,802,267,2025-09-24
C02943,Silver,879,276,2025-08-02
C02944,Bronze,854,302,2025-11-15
C02945,Platinum,858,258,2025-11-17
C02946,Bronze,855,272,2025-08-02
C02947,Gold,855,303,2025-06-09
C02948,Gold,862,282,2025-11-16
C02949,Silver,808,288,2025-09-22
C02950,Platinum,859,281,2025-08-26
C02951,Bronze,856,296,2025-11-19
C02952,Gold,912,290,2025-07-14
C02953,Bronze,867,282,2025-02-06
C02954,Silver,831,287,2025-07-02
C02955,Bronze,852,296,2025-06-29
C02956,Silver,831,257,2025-09-22
C02957,Bronze,820,295,2025-12-04
C02958,Silver,841,261,2025-11-29
C02959,Silver,880,293,2025-07-20
C02960,Bronze,808,273,2025-09-08
C02961,Bronze,834,289,2025-12-12
C02962,Bronze,837,294,2025-09-25
C02963,Bronze,821,287,2025-12-01
C02964,Bronze,859,308,2025-07-27
C02965,Bronze,825,294,2025-08-02
C02966,Gold,889,276,2025-12-26
C02967,Bronze,856,248,2025-05-15
C02968,Silver,886,284,2025-05-20
C02969,Bronze,901,277,2025-04-03
C02970,Bronze,839,301,2025-11-16
C02971,Bronze,783,292,2025-01-22
C02972,Silver,865,260,2025-01-01
C02973,Bronze,875,285,2025-11-10
C02974,Silver,836,249,2025-12-07
C02975,Bronze,849,279,2025-02-19
C02976,Silver,808,304,2025-06-06
C02977,Bronze,836,261,2025-06-30
C02978,Silver,871,284,2025-02-20
C02979,Bronze,847,299,2025-03-25
C02980,Bronze,861,286,2025-07-29
C02981,Bronze,820,293,2025-01-26
C02982,Bronze,886,264,2025-07-24
C02983,Bronze,850,291,2025-07-21
C02984,Silver,852,268,2025-05-12
C02985,Bronze,804,280,2025-06-06
C02986,Platinum,835,312,2025-01-03
C02987,Silver,841,273,2025-05-24
C02988,Bronze,853,285,2025-09-01
C02989,Silver,837,267,2025-07-28
C02990,Silver,844,275,2025-07-18
C02991,Gold,838,299,2025-07-29
C02992,Bronze,876,286,2025-10-31
C02993,Silver,847,295,2025-03-21
C02994,Bronze,877,290,2025-09-28
C02995,Bronze,897,257,2025-03-01
C02996,Bronze,819,269,2025-03-04
C02997,Silver,866,300,2025-11-11
C02998,Bronze,831,270,2025-10-20
C02999,Gold,870,286,2025-06-06
C03000,Gold,836,288,2025-02-20
C03001,Gold,823,278,2025-02-28
C03002,Gold,865,302,2025-08-17
C03003,Bronze,867,280,2025-07-10
C03004,Bronze,827,286,2025-10-14
C03005,Silver,901,249,2025-12-03
C03006,Silver,847,295,2025-06-01
C03007,Bronze,855,263,2025-07-27
C03008,Bronze,855,300,2025-01-15
C03009,Silver,837,257,2025-11-19
C03010,Bronze,832,268,2025-02-18
C03011,Bronze,836,315,2025-11-09
C03012,Bronze,832,281,2025-12-20
C03013,Silver,842,299,2025-05-31
C03014,Silver,852,286,2025-11-08
C03015,Bronze,852,298,2025-01-10
C03016,Platinum,880,279,2025-06-19
C03017,Silver,795,268,2025-02-06
C03018,Bronze,904,284,2025-06-20
C03019,Platinum,872,252,2025-01-12
C03020,Bronze,791,303,2025-02-19
C03021,Bronze,858,268,2025-11-14
C03022,Bronze,842,277,2025-12-23
C03023,Silver,804,277,2025-12-01
C03024,Gold,844,281,2025-01-06
C03025,Gold,874,270,2025-04-06
C03026,Bronze,849,289,2025-02-09
C03027,Silver,860,291,2025-10-25
C03028,Bronze,817,282,2025-10-11
C03029,Silver,866,285,2025-01-25
C03030,Bronze,815,265,2025-08-25
C03031,Gold,858,283,2025-10-24
C03032,Silver,850,283,2025-10-29
C03033,Silver,872,280,2025-06-07
C03034,Gold,838,278,2025-04-01
C03035,Bronze,921,265,2025-10-20
C03036,Bronze,840,304,2025-06-01
C03037,Bronze,867,272,2025-04-18
C03038,Silver,886,263,2025-10-28
C03039,Bronze,845,290,2025-10-15
C03040,Bronze,856,265,2025-01-14
C03041,Bronze,889,293,2025-11-19
C03042,Silver,886,286,2025-02-10
C03043,Silver,865,295,2025-04-20
C03044,Bronze,838,313,2025-07-02
C03045,Platinum,811,282,2025-02-08
C03046,Gold,893,288,2025-06-09
C03047,Silver,841,330,2025-10-05
C03048,Silver,861,268,2025-02-02
C03049,Silver,882,279,2025-06-19
C03050,Gold,846,292,2025-02-18
C03051,Bronze,870,280,2025-03-15
C03052,Silver,865,270,2025-06-19
C03053,Silver,888,302,2025-10-18
C03054,Silver,810,263,2025-12-16
C03055,Gold,824,280,2025-04-05
C03056,Silver,815,264,2025-09-23
C03057,Silver,824,270,2025-02-11
C03058,Gold,832,272,2025-08-15
C03059,Gold,820,281,2025-04-21
C03060,Bronze,827,268,2025-03-13
C03061,Bronze,884,291,2025-01-03
C03062,Silver,847,236,2025-11-17
C03063,Silver,915,277,2025-12-30
C03064,Platinum,849,293,2025-12-26
C03065,Silver,833,284,2025-07-08
C03066,Silver,799,282,2025-03-15
C03067,Bronze,887,298,2025-09-05
C03068,Bronze,871,274,2025-10-21
C03069,Bronze,871,276,2025-01-27
C03070,Bronze,861,252,2025-02-10
C03071,Gold,832,288,2025-02-10
C03072,Bronze,912,259,2025-02-10
C03073,Bronze,847,289,2025-07-04
C03074,Bronze,890,284,2025-04-23
C03075,Silver,835,257,2025-10-26
C03076,Gold,859,273,2025-10-25
C03077,Bronze,812,259,2025-03-24
C03078,Bronze,870,301,2025-02-13
C03079,Bronze,817,268,2025-05-12
C03080,Silver,844,285,2025-12-06
C03081,Gold,864,294,2025-01-05
C03082,Bronze,877,286,2025-09-19
C03083,Bronze,850,278,2025-10-12
C03084,Bronze,870,288,2025-10-18
C03085,Gold,845,323,2025-12-16
C03086,Gold,837,282,2025-12-08
C03087,Gold,776,289,2025-02-04
C03088,Silver,839,275,2025-01-27
C03089,Bronze,831,284,2025-05-08
C03090,Bronze,843,265,2025-08-17
C03091,Gold,884,277,2025-03-20
C03092,Platinum,867,273,2025-07-11
C03093,Bronze,857,270,2025-02-19
C03094,Bronze,852,293,2025-04-23
C03095,Silver,835,274,2025-10-27
C03096,Silver,792,267,2025-08-23
C03097,Platinum,868,279,2025-09-25
C03098,Silver,853,258,2025-03-22
C03099,Bronze,865,270,2025-05-08
C03100,Bronze,844,285,2025-10-30
C03101,Silver,864,258,2025-10-18
C03102,Silver,813,286,2025-02-22
C03103,Silver,872,278,2025-07-05
C03104,Bronze,849,234,2025-11-16
C03105,Gold,872,298,2025-08-02
C03106,Silver,871,289,2025-07-13
C03107,Silver,837,305,2025-09-27
C03108,Silver,823,270,2025-12-09
C03109,Silver,835,282,2025-07-15
C03110,Platinum,845,302,2025-01-19
C03111,Bronze,846,293,2025-04-13
C03112,Bronze,890,291,2025-02-06
C03113,Silver,824,272,2025-12-20
C03114,Silver,833,286,2025-01-04
C03115,Bronze,838,260,2025-10-17
C03116,Bronze,798,302,2025-02-11
C03117,Silver,843,263,2025-04-11
C03118,Bronze,837,292,2025-06-10
C03119,Silver,841,282,2025-12-23
C03120,Gold,861,286,2025-06-20
C03121,Silver,858,304,2025-12-09
C03122,Silver,847,267,2025-08-06
C03123,Bronze,844,247,2025-03-24
C03124,Silver,786,281,2025-12-17
C03125,Bronze,898,290,2025-10-04
C03126,Bronze,887,262,2025-09-29
C03127,Bronze,865,271,2025-08-19
C03128,Bronze,875,265,2025-12-25
C03129,Bronze,894,301,2025-05-31
C03130,Bronze,855,291,2025-07-01
C03131,Bronze,846,283,2025-07-31
C03132,Bronze,851,284,2025-05-01
C03133,Silver,866,280,2025-08-19
C03134,Bronze,864,255,2025-05-15
C03135,Bronze,850,284,2025-06-10
C03136,Bronze,887,298,2025-01-11
C03137,Gold,806,276,2025-02-24
C03138,Silver,811,276,2025-07-10
C03139,Bronze,848,275,2025-12-10
C03140,Bronze,801,273,2025-03-10
C03141,Silver,854,275,2025-12-20
C03142,Bronze,818,286,2025-08-22
C03143,Silver,840,262,2025-11-19
C03144,Gold,877,277,2025-02-10
C03145,Bronze,875,299,2025-04-18
C03146,Bronze,869,293,2025-03-07
C03147,Gold,857,313,2025-04-17
C03148,Bronze,858,289,2025-07-15
C03149,Gold,906,286,2025-05-22
C03150,Bronze,782,274,2025-06-14
C03151,Silver,908,280,2025-01-13
C03152,Silver,810,263,2025-08-21
C03153,Bronze,868,278,2025-09-18
C03154,Silver,863,287,2025-12-13
C03155,Gold,829,255,2025-11-13
C03156,Gold,921,286,2025-06-15
C03157,Silver,887,272,2025-07-16
C03158,Silver,866,318,2025-02-13
C03159,Bronze,831,288,2025-07-03
C03160,Bronze,851,277,2025-05-25
C03161,Silver,850,261,2025-10-24
C03162,Platinum,846,300,2025-09-10
C03163,Gold,864,289,2025-04-12
C03164,Bronze,799,299,2025-03-20
C03165,Bronze,840,279,2025-04-24
C03166,Bronze,852,267,2025-04-04
C03167,Silver,840,295,2025-04-15
C03168,Silver,880,263,2025-04-14
C03169,Bronze,816,266,2025-05-19
C03170,Silver,852,281,2025-06-19
C03171,Bronze,873,252,2025-07-07
C03172,Bronze,864,295,2025-05-28
C03173,Bronze,849,257,2025-01-09
C03174,Bronze,819,264,2025-02-20
C03175,Bronze,866,309,2025-02-15
C03176,Gold,845,250,2025-09-01
C03177,Platinum,905,286,2025-11-24
C03178,Bronze,875,289,2025-09-17
C03179,Gold,872,273,2025-06-15
C03180,Bronze,914,274,2025-01-28
C03181,Silver,884,273,2025-12-05
C03182,Gold,861,278,2025-06-01
C03183,Gold,901,282,2025-02-03
C03184,Silver,869,309,2025-10-27
C03185,Bronze,805,278,2025-10-22
C03186,Bronze,820,250,2025-03-04
C03187,Bronze,884,325,2025-12-20
C03188,Silver,832,253,2025-11-16
C03189,Silver,897,297,2025-11-11
C03190,Bronze,880,276,2025-09-23
C03191,Silver,843,280,2025-03-22
C03192,Platinum,831,311,2025-06-19
C03193,Silver,900,281,2025-12-27
C03194,Silver,837,270,2025-08-10
C03195,Silver,823,270,2025-04-29
C03196,Bronze,836,261,2025-03-05
C03197,Silver,837,274,2025-08-12
C03198,Bronze,867,286,2025-01-25
C03199,Silver,886,296,2025-05-17
C03200,Bronze,859,286,2025-11-21
C03201,Gold,842,250,2025-03-11
C03202,Silver,840,257,2025-02-19
C03203,Silver,805,272,2025-12-24
C03204,Silver,830,298,2025-09-13
C03205,Gold,933,263,2025-04-15
C03206,Platinum,823,256,2025-12-23
C03207,Bronze,863,309,2025-09-16
C03208,Silver,888,280,2025-07-16
C03209,Bronze,886,303,2025-10-30
C03210,Bronze,879,302,2025-08-22
C03211,Bronze,892,276,2025-04-09
C03212,Bronze,851,277,2025-03-06
C03213,Silver,857,264,2025-07-19
C03214,Platinum,853,257,2025-08-28
C03215,Gold,914,278,2025-03-20
C03216,Silver,873,277,2025-10-06
C03217,Bronze,820,290,2025-03-15
C03218,Silver,858,294,2025-08-05
C03219,Bronze,833,264,2025-07-27
C03220,Bronze,823,275,2025-11-24
C03221,Silver,858,299,2025-03-05
C03222,Bronze,843,271,2025-01-01
C03223,Bronze,851,301,2025-10-30
C03224,Silver,845,287,2025-08-21
C03225,Bronze,880,272,2025-05-10
C03226,Silver,848,300,2025-03-18
C03227,Bronze,803,287,2025-12-07
C03228,Bronze,832,260,2025-06-29
C03229,Gold,852,257,2025-09-03
C03230,Bronze,822,277,2025-07-27
C03231,Bronze,795,282,2025-05-20
C03232,Gold,786,285,2025-10-27
C03233,Bronze,856,278,2025-03-19
C03234,Silver,814,302,2025-08-31
C03235,Silver,825,258,2025-03-05
C03236,Bronze,905,299,2025-07-01
C03237,Gold,877,267,2025-11-14
C03238,Gold,858,291,2025-06-05
C03239,Bronze,806,278,2025-05-03
C03240,Bronze,845,282,2025-09-12
C03241,Bronze,807,283,2025-02-07
C03242,Bronze,878,277,2025-12-03
C03243,Gold,873,288,2025-03-18
C03244,Bronze,835,276,2025-07-15
C03245,Silver,864,263,2025-09-09
C03246,Bronze,851,276,2025-10-28
C03247,Bronze,880,311,2025-01-29
C03248,Gold,820,262,2025-06-13
C03249,Silver,825,279,2025-04-23
C03250,Silver,878,281,2025-12-27
C03251,Bronze,864,267,2025-03-22
C03252,Platinum,851,270,2025-08-23
C03253,Bronze,861,270,2025-04-14
C03254,Bronze,841,267,2025-04-11
C03255,Platinum,850,288,2025-06-08
C03256,Bronze,831,256,2025-02-14
C03257,Silver,858,277,2025-04-05
C03258,Gold,862,272,2025-06-03
C03259,Bronze,823,273,2025-07-15
C03260,Gold,847,290,2025-06-20
C03261,Bronze,812,280,2025-01-13
C03262,Bronze,855,249,2025-01-27
C03263,Bronze,896,275,2025-10-16
C03264,Bronze,852,284,2025-03-03
C03265,Bronze,784,294,2025-10-07
C03266,Silver,825,261,2025-06-26
C03267,Silver,889,281,2025-01-26
C03268,Gold,856,295,2025-01-26
C03269,Platinum,819,316,2025-04-02
C03270,Bronze,867,281,2025-01-26
C03271,Bronze,891,271,2025-09-27
C03272,Gold,834,285,2025-10-11
C03273,Silver,809,251,2025-04-06
C03274,Bronze,850,287,2025-10-08
C03275,Silver,868,273,2025-04-01
C03276,Bronze,860,311,2025-12-31
C03277,Gold,838,274,2025-11-05
C03278,Bronze,846,250,2025-04-06
C03279,Gold,844,291,2025-09-11
C03280,Bronze,851,269,2025-10-14
C03281,Silver,794,291,2025-08-28
C03282,Gold,866,276,2025-06-23
C03283,Bronze,800,265,2025-09-15
C03284,Silver,866,269,2025-12-10
C03285,Silver,792,263,2025-05-22
C03286,Gold,855,269,2025-04-14
C03287,Gold,864,284,2025-04-12
C03288,Bronze,854,280,2025-07-09
C03289,Gold,871,258,2025-05-27
C03290,Bronze,902,298,2025-04-01
C03291,Bronze,857,287,2025-08-01
C03292,Gold,830,275,2025-01-17
C03293,Silver,892,271,2025-05-29
C03294,Gold,807,276,2025-04-27
C03295,Silver,826,285,2025-06-05
C03296,Silver,848,264,2025-02-07
C03297,Silver,880,297,2025-04-22
C03298,Bronze,866,258,2025-04-18
C03299,Platinum,835,279,2025-12-22
C03300,Bronze,846,277,2025-02-22
C03301,Platinum,856,263,2025-06-10
C03302,Bronze,822,281,2025-08-11
C03303,Bronze,841,273,2025-07-19
C03304,Silver,856,283,2025-03-24
C03305,Gold,866,251,2025-09-10
C03306,Silver,817,273,2025-04-30
C03307,Gold,875,276,2025-08-16
C03308,Bronze,823,273,2025-08-10
C03309,Bronze,822,293,2025-03-12
C03310,Bronze,900,263,2025-07-18
C03311,Bronze,834,270,2025-03-12
C03312,Gold,869,286,2025-05-02
C03313,Bronze,818,254,2025-07-13
C03314,Bronze,815,307,2025-10-17
C03315,Bronze,801,284,2025-11-21
C03316,Gold,813,234,2025-09-04
C03317,Bronze,856,274,2025-07-02
C03318,Platinum,843,272,2025-02-09
C03319,Bronze,870,317,2025-09-20
C03320,Bronze,850,262,2025-11-20
C03321,Bronze,849,278,2025-05-01
C03322,Silver,885,248,2025-07-19
C03323,Platinum,876,258,2025-07-08
C03324,Gold,845,287,2025-01-15
C03325,Bronze,853,298,2025-01-02
C03326,Silver,825,243,2025-07-16
C03327,Bronze,894,290,2025-02-27
C03328,Bronze,833,263,2025-02-13
C03329,Silver,843,289,2025-10-11
C03330,Bronze,841,296,2025-04-18
C03331,Bronze,832,280,2025-01-07
C03332,Bronze,762,251,2025-02-16
C03333,Bronze,849,238,2025-04-25
C03334,Bronze,807,271,2025-08-13
C03335,Bronze,920,289,2025-03-31
C03336,Bronze,823,236,2025-01-03
C03337,Gold,829,250,2025-05-11
C03338,Silver,831,286,2025-08-12
C03339,Silver,844,315,2025-11-17
C03340,Bronze,846,282,2025-01-14
C03341,Bronze,845,282,2025-11-29
C03342,Bronze,839,291,2025-01-04
C03343,Silver,847,260,2025-02-09
C03344,Bronze,876,277,2025-08-04
C03345,Silver,868,281,2025-04-06
C03346,Gold,914,288,2025-06-17
C03347,Silver,830,299,2025-01-15
C03348,Silver,851,269,2025-10-12
C03349,Gold,864,298,2025-05-26
C03350,Silver,865,283,2025-05-18
C03351,Bronze,836,284,2025-07-19
C03352,Bronze,851,291,2025-10-31
C03353,Silver,832,268,2025-02-01
C03354,Silver,847,292,2025-11-01
C03355,Silver,831,269,2025-02-19
C03356,Silver,812,308,2025-02-18
C03357,Silver,841,289,2025-04-23
C03358,Silver,834,267,2025-05-28
C03359,Silver,821,261,2025-08-22
C03360,Silver,837,265,2025-07-13
C03361,Bronze,911,288,2025-09-08
C03362,Bronze,866,303,2025-08-16
C03363,Silver,823,296,2025-02-21
C03364,Bronze,782,283,2025-06-06
C03365,Gold,867,259,2025-07-02
C03366,Bronze,847,334,2025-07-22
C03367,Bronze,788,276,2025-11-25
C03368,Silver,868,270,2025-07-01
C03369,Silver,844,281,2025-02-06
C03370,Silver,887,288,2025-05-22
C03371,Bronze,861,286,2025-07-25
C03372,Bronze,829,264,2025-11-04
C03373,Gold,826,288,2025-02-21
C03374,Silver,855,281,2025-06-08
C03375,Bronze,876,250,2025-05-20
C03376,Bronze,868,274,2025-04-04
C03377,Silver,903,281,2025-02-28
C03378,Silver,855,276,2025-05-27
C03379,Silver,845,289,2025-09-01
C03380,Silver,841,241,2025-12-27
C03381,Silver,903,289,2025-12-06
C03382,Bronze,789,248,2025-03-17
C03383,Silver,861,284,2025-09-17
C03384,Gold,867,278,2025-07-05
C03385,Silver,823,271,2025-04-17
C03386,Bronze,820,279,2025-09-28
C03387,Bronze,814,300,2025-11-30
C03388,Silver,863,280,2025-11-05
C03389,Bronze,858,280,2025-06-12
C03390,Silver,868,270,2025-09-24
C03391,Platinum,854,265,2025-12-12
C03392,Bronze,875,260,2025-11-18
C03393,Bronze,868,322,2025-07-17
C03394,Bronze,884,284,2025-03-12
C03395,Silver,812,287,2025-05-02
C03396,Bronze,884,306,2025-02-01
C03397,Platinum,830,282,2025-02-07
C03398,Bronze,870,268,2025-10-13
C03399,Silver,829,262,2025-10-04
C03400,Bronze,832,280,2025-08-10
C03401,Bronze,810,241,2025-10-18
C03402,Bronze,793,313,2025-10-28
C03403,Silver,867,289,2025-04-07
C03404,Platinum,816,302,2025-08-10
C03405,Bronze,814,290,2025-03-29
C03406,Bronze,874,320,2025-09-12
C03407,Gold,890,302,2025-07-28
C03408,Bronze,854,312,2025-01-26
C03409,Platinum,862,266,2025-02-27
C03410,Gold,851,301,2025-10-07
C03411,Silver,839,289,2025-04-30
C03412,Bronze,793,277,2025-06-19
C03413,Silver,868,262,2025-06-04
C03414,Bronze,801,260,2025-03-23
C03415,Bronze,876,294,2025-12-07
C03416,Bronze,841,281,2025-03-16
C03417,Silver,887,274,2025-02-13
C03418,Platinum,824,267,2025-04-09
C03419,Bronze,842,285,2025-08-23
C03420,Silver,906,269,2025-05-22
C03421,Bronze,866,272,2025-01-30
C03422,Gold,908,301,2025-01-10
C03423,Silver,902,293,2025-12-06
C03424,Bronze,891,311,2025-11-19
C03425,Gold,837,293,2025-02-10
C03426,Bronze,790,271,2025-04-16
C03427,Bronze,823,282,2025-12-14
C03428,Bronze,836,271,2025-08-13
C03429,Gold,792,279,2025-12-27
C03430,Bronze,848,278,2025-09-18
C03431,Bronze,877,272,2025-09-22
C03432,Gold,859,291,2025-07-31
C03433,Bronze,837,261,2025-03-23
C03434,Bronze,848,261,2025-12-29
C03435,Platinum,849,287,2025-11-25
C03436,Bronze,828,303,2025-07-14
C03437,Silver,834,271,2025-09-10
C03438,Gold,773,287,2025-05-21
C03439,Gold,874,248,2025-08-30
C03440,Bronze,836,311,2025-06-23
C03441,Silver,830,278,2025-04-06
C03442,Silver,836,289,2025-06-10
C03443,Bronze,863,268,2025-06-10
C03444,Bronze,807,289,2025-04-27
C03445,Bronze,819,277,2025-11-08
C03446,Bronze,869,279,2025-07-07
C03447,Bronze,822,275,2025-07-17
C03448,Bronze,893,258,2025-08-20
C03449,Bronze,813,269,2025-08-14
C03450,Silver,888,278,2025-06-01
C03451,Bronze,860,292,2025-12-23
C03452,Bronze,838,280,2025-07-08
C03453,Silver,830,269,2025-08-28
C03454,Gold,836,286,2025-03-07
C03455,Silver,831,275,2025-10-14
C03456,Bronze,814,266,2025-06-13
C03457,Platinum,852,281,2025-12-11
C03458,Silver,880,261,2025-02-20
C03459,Bronze,901,296,2025-05-22
C03460,Bronze,814,297,2025-04-27
C03461,Platinum,824,289,2025-08-17
C03462,Silver,835,245,2025-06-08
C03463,Silver,889,274,2025-02-10
C03464,Gold,846,264,2025-01-07
C03465,Silver,807,306,2025-10-22
C03466,Bronze,873,280,2025-04-22
C03467,Silver,822,268,2025-10-23
C03468,Bronze,829,298,2025-12-07
C03469,Gold,854,269,2025-02-12
C03470,Silver,899,322,2025-07-14
C03471,Gold,856,286,2025-09-17
C03472,Silver,823,267,2025-06-12
C03473,Gold,876,259,2025-01-09
C03474,Silver,777,285,2025-07-31
C03475,Bronze,808,303,2025-02-15
C03476,Silver,820,312,2025-03-13
C03477,Silver,858,280,2025-11-29
C03478,Platinum,855,279,2025-11-07
C03479,Gold,856,293,2025-02-28
C03480,Silver,847,288,2025-01-12
C03481,Gold,841,292,2025-10-14
C03482,Bronze,854,270,2025-01-02
C03483,Bronze,819,272,2025-04-04
C03484,Silver,882,286,2025-07-06
C03485,Silver,826,288,2025-06-05
C03486,Bronze,803,297,2025-05-18
C03487,Silver,865,295,2025-02-14
C03488,Platinum,898,270,2025-01-16
C03489,Bronze,803,291,2025-10-14
C03490,Silver,931,298,2025-04-19
C03491,Bronze,879,260,2025-06-28
C03492,Bronze,870,272,2025-12-10
C03493,Bronze,780,295,2025-10-05
C03494,Silver,825,275,2025-11-18
C03495,Bronze,880,273,2025-07-02
C03496,Bronze,827,296,2025-07-20
C03497,Bronze,788,282,2025-02-02
C03498,Bronze,829,296,2025-01-29
C03499,Bronze,847,309,2025-09-11
C03500,Silver,805,274,2025-03-21
C03501,Bronze,830,297,2025-08-28
C03502,Bronze,898,281,2025-12-21
C03503,Silver,845,281,2025-01-21
C03504,Bronze,808,258,2025-04-21
C03505,Gold,815,291,2025-05-13
C03506,Bronze,848,277,2025-07-10
C03507,Bronze,886,263,2025-07-21
C03508,Silver,873,285,2025-03-25
C03509,Silver,839,277,2025-10-21
C03510,Bronze,825,294,2025-11-16
C03511,Bronze,865,280,2025-10-11
C03512,Bronze,859,322,2025-06-17
C03513,Silver,856,277,2025-09-29
C03514,Bronze,830,280,2025-06-01
C03515,Bronze,914,300,2025-08-20
C03516,Silver,880,324,2025-09-11
C03517,Silver,872,311,2025-02-24
C03518,Bronze,839,265,2025-06-25
C03519,Bronze,813,289,2025-06-11
C03520,Platinum,892,296,2025-05-01
C03521,Bronze,891,263,2025-02-06
C03522,Bronze,873,271,2025-04-13
C03523,Silver,908,287,2025-08-17
C03524,Bronze,846,310,2025-08-06
C03525,Silver,845,235,2025-06-12
C03526,Gold,841,264,2025-12-30
C03527,Bronze,861,293,2025-05-17
C03528,Bronze,843,301,2025-03-19
C03529,Gold,834,267,2025-02-22
C03530,Gold,880,254,2025-12-20
C03531,Silver,860,278,2025-04-29
C03532,Silver,869,274,2025-07-09
C03533,Silver,875,269,2025-11-19
C03534,Gold,868,277,2025-01-24
C03535,Bronze,876,262,2025-03-18
C03536,Bronze,763,273,2025-01-09
C03537,Bronze,887,253,2025-03-15
C03538,Silver,888,254,2025-11-10
C03539,Silver,830,268,2025-02-24
C03540,Silver,867,281,2025-04-17
C03541,Silver,866,280,2025-11-28
C03542,Bronze,862,309,2025-05-12
C03543,Silver,848,302,2025-04-28
C03544,Silver,893,292,2025-06-23
C03545,Gold,852,279,2025-06-25
C03546,Silver,844,281,2025-11-26
C03547,Silver,840,264,2025-10-14
C03548,Silver,841,307,2025-03-13
C03549,Gold,821,299,2025-01-19
C03550,Bronze,901,291,2025-01-13
C03551,Bronze,878,275,2025-08-12
C03552,Silver,835,296,2025-07-31
C03553,Gold,842,300,2025-11-12
C03554,Silver,804,330,2025-07-27
C03555,Gold,835,254,2025-02-25
C03556,Silver,851,306,2025-10-08
C03557,Bronze,897,273,2025-07-11
C03558,Bronze,824,294,2025-09-17
C03559,Bronze,823,298,2025-01-21
C03560,Silver,846,281,2025-11-10
C03561,Silver,838,276,2025-05-26
C03562,Gold,845,287,2025-08-12
C03563,Bronze,839,312,2025-02-17
C03564,Gold,853,290,2025-03-29
C03565,Bronze,886,238,2025-10-01
C03566,Platinum,881,304,2025-04-09
C03567,Bronze,852,299,2025-01-21
C03568,Bronze,849,299,2025-08-28
C03569,Bronze,898,293,2025-04-11
C03570,Gold,871,282,2025-02-05
C03571,Gold,860,270,2025-07-12
C03572,Silver,891,287,2025-01-26
C03573,Bronze,830,279,2025-03-14
C03574,Bronze,872,275,2025-05-02
C03575,Bronze,833,270,2025-08-14
C03576,Silver,870,291,2025-05-20
C03577,Bronze,867,290,2025-05-18
C03578,Bronze,852,282,2025-05-23
C03579,Bronze,873,291,2025-07-05
C03580,Gold,823,278,2025-06-20
C03581,Bronze,902,289,2025-07-21
C03582,Silver,841,259,2025-03-08
C03583,Silver,855,257,2025-12-13
C03584,Gold,958,293,2025-04-29
C03585,Platinum,795,270,2025-12-22
C03586,Bronze,853,288,2025-06-29
C03587,Bronze,870,271,2025-07-18
C03588,Silver,864,296,2025-07-29
C03589,Platinum,885,255,2025-02-21
C03590,Bronze,863,276,2025-08-19
C03591,Silver,904,261,2025-02-02
C03592,Silver,798,278,2025-01-03
C03593,Bronze,825,302,2025-09-15
C03594,Silver,893,293,2025-02-08
C03595,Silver,830,279,2025-07-28
C03596,Bronze,868,259,2025-09-09
C03597,Silver,855,279,2025-05-24
C03598,Bronze,860,307,2025-04-01
C03599,Silver,859,294,2025-05-04
C03600,Silver,855,275,2025-01-29
C03601,Bronze,835,276,2025-04-23
C03602,Silver,872,245,2025-11-09
C03603,Silver,861,271,2025-07-12
C03604,Bronze,825,279,2025-06-04
C03605,Bronze,865,277,2025-03-18
C03606,Silver,809,250,2025-10-03
C03607,Bronze,818,293,2025-10-20
C03608,Gold,827,303,2025-12-30
C03609,Bronze,855,265,2025-03-08
C03610,Bronze,834,306,2025-08-17
C03611,Silver,865,265,2025-02-21
C03612,Gold,854,280,2025-12-04
C03613,Silver,835,292,2025-04-26
C03614,Bronze,809,278,2025-06-07
C03615,Gold,874,268,2025-01-10
C03616,Bronze,859,260,2025-08-30
C03617,Silver,786,291,2025-08-01
C03618,Bronze,797,272,2025-11-04
C03619,Bronze,894,256,2025-07-07
C03620,Bronze,880,246,2025-09-15
C03621,Bronze,865,293,2025-06-30
C03622,Silver,881,286,2025-03-03
C03623,Silver,849,312,2025-05-08
C03624,Bronze,828,284,2025-05-07
C03625,Bronze,853,270,2025-10-29
C03626,Gold,833,241,2025-12-05
C03627,Silver,852,265,2025-01-26
C03628,Platinum,840,283,2025-12-07
C03629,Bronze,857,278,2025-11-05
C03630,Bronze,859,296,2025-10-29
C03631,Platinum,873,269,2025-07-14
C03632,Bronze,866,318,2025-02-05
C03633,Bronze,802,295,2025-08-24
C03634,Silver,781,295,2025-05-09
C03635,Bronze,810,275,2025-05-13
C03636,Silver,857,282,2025-09-05
C03637,Platinum,836,254,2025-08-06
C03638,Gold,851,279,2025-02-20
C03639,Bronze,867,311,2025-08-19
C03640,Gold,896,273,2025-08-30
C03641,Bronze,872,310,2025-01-26
C03642,Platinum,795,281,2025-11-25
C03643,Bronze,893,269,2025-01-28
C03644,Platinum,820,270,2025-08-19
C03645,Gold,819,287,2025-01-10
C03646,Silver,877,274,2025-04-01
C03647,Bronze,827,251,2025-04-28
C03648,Silver,814,292,2025-10-24
C03649,Bronze,853,278,2025-10-04
C03650,Gold,796,260,2025-07-04
C03651,Silver,782,274,2025-06-27
C03652,Gold,854,296,2025-05-06
C03653,Bronze,864,273,2025-04-19
C03654,Gold,849,272,2025-07-12
C03655,Bronze,885,280,2025-06-09
C03656,Silver,854,287,2025-08-23
C03657,Gold,840,280,2025-11-08
C03658,Silver,811,284,2025-09-08
C03659,Bronze,900,273,2025-07-09
C03660,Silver,866,283,2025-08-15
C03661,Gold,858,265,2025-02-03
C03662,Bronze,843,290,2025-02-10
C03663,Bronze,856,269,2025-04-26
C03664,Gold,836,299,2025-07-26
C03665,Bronze,841,281,2025-11-13
C03666,Bronze,790,299,2025-06-13
C03667,Silver,885,285,2025-04-02
C03668,Bronze,856,262,2025-07-16
C03669,Silver,866,272,2025-02-02
C03670,Silver,826,275,2025-06-23
C03671,Platinum,848,281,2025-05-06
C03672,Bronze,842,310,2025-09-13
C03673,Bronze,843,258,2025-02-17
C03674,Gold,850,282,2025-01-25
C03675,Bronze,840,293,2025-07-24
C03676,Bronze,868,267,2025-10-15
C03677,Silver,817,270,2025-09-01
C03678,Bronze,836,280,2025-10-18
C03679,Bronze,851,268,2025-04-01
C03680,Gold,850,269,2025-06-27
C03681,Silver,839,285,2025-06-24
C03682,Bronze,801,308,2025-07-06
C03683,Silver,889,269,2025-03-24
C03684,Silver,854,264,2025-12-22
C03685,Bronze,857,275,2025-01-20
C03686,Silver,842,275,2025-03-08
C03687,Bronze,797,273,2025-07-08
C03688,Bronze,838,258,2025-04-27
C03689,Silver,863,286,2025-02-28
C03690,Bronze,896,313,2025-07-30
C03691,Platinum,874,305,2025-04-26
C03692,Bronze,839,255,2025-06-29
C03693,Bronze,835,254,2025-04-19
C03694,Silver,869,256,2025-11-11
C03695,Bronze,809,262,2025-01-31
C03696,Bronze,852,293,2025-06-05
C03697,Silver,844,290,2025-06-08
C03698,Silver,852,288,2025-12-09
C03699,Bronze,817,293,2025-10-13
C03700,Bronze,821,287,2025-04-04
C03701,Bronze,849,280,2025-08-19
C03702,Bronze,826,256,2025-02-13
C03703,Silver,840,298,2025-02-07
C03704,Bronze,813,280,2025-11-01
C03705,Silver,838,296,2025-09-23
C03706,Bronze,879,276,2025-06-04
C03707,Bronze,841,293,2025-10-07
C03708,Gold,812,294,2025-08-31
C03709,Bronze,869,264,2025-09-13
C03710,Bronze,834,260,2025-01-30
C03711,Gold,871,266,2025-02-08
C03712,Silver,835,286,2025-07-30
C03713,Gold,786,254,2025-05-18
C03714,Bronze,850,275,2025-12-31
C03715,Silver,850,273,2025-07-31
C03716,Bronze,903,251,2025-12-22
C03717,Platinum,862,258,2025-05-07
C03718,Silver,891,280,2025-11-09
C03719,Silver,830,310,2025-08-25
C03720,Silver,816,282,2025-06-09
C03721,Silver,880,297,2025-03-03
C03722,Bronze,837,309,2025-05-18
C03723,Bronze,832,285,2025-02-10
C03724,Bronze,821,277,2025-11-12
C03725,Silver,852,288,2025-08-23
C03726,Bronze,858,279,2025-04-23
C03727,Bronze,843,275,2025-01-23
C03728,Silver,802,282,2025-03-04
C03729,Platinum,848,276,2025-04-25
C03730,Bronze,846,277,2025-01-10
C03731,Platinum,825,289,2025-08-28
C03732,Bronze,866,287,2025-08-05
C03733,Bronze,841,290,2025-10-29
C03734,Bronze,871,261,2025-03-22
C03735,Bronze,821,303,2025-07-06
C03736,Silver,840,298,2024-12-31
C03737,Platinum,871,256,2025-07-21
C03738,Gold,840,314,2025-03-14
C03739,Bronze,841,278,2025-07-10
C03740,Silver,855,257,2025-12-10
C03741,Silver,834,285,2025-04-10
C03742,Bronze,894,279,2025-01-01
C03743,Silver,829,274,2025-09-12
C03744,Bronze,851,289,2025-04-20
C03745,Bronze,838,291,2025-08-08
C03746,Bronze,833,256,2025-06-24
C03747,Silver,847,269,2024-12-31
C03748,Gold,824,310,2025-06-08
C03749,Bronze,872,279,2025-12-13
C03750,Silver,861,259,2025-10-30
C03751,Silver,793,288,2025-05-09
C03752,Silver,833,256,2025-12-18
C03753,Gold,896,305,2025-09-25
C03754,Bronze,845,310,2025-02-23
C03755,Platinum,870,303,2025-06-16
C03756,Platinum,862,261,2025-11-10
C03757,Gold,799,264,2025-12-22
C03758,Bronze,839,256,2025-11-22
C03759,Bronze,825,299,2025-05-10
C03760,Bronze,868,303,2025-07-06
C03761,Gold,850,296,2025-02-19
C03762,Silver,849,286,2025-01-18
C03763,Platinum,843,262,2025-12-16
C03764,Gold,783,270,2025-01-28
C03765,Bronze,840,309,2025-12-11
C03766,Bronze,832,290,2025-11-08
C03767,Bronze,872,274,2025-05-21
C03768,Silver,867,264,2025-12-13
C03769,Gold,856,287,2025-06-18
C03770,Bronze,849,266,2025-05-10
C03771,Silver,859,254,2025-03-13
C03772,Bronze,830,280,2025-02-04
C03773,Bronze,858,294,2025-08-15
C03774,Bronze,813,290,2025-03-12
C03775,Gold,807,263,2025-12-14
C03776,Bronze,816,318,2025-04-25
C03777,Bronze,833,274,2025-03-28
C03778,Bronze,877,282,2025-05-24
C03779,Silver,832,290,2025-01-07
C03780,Silver,880,286,2025-03-01
C03781,Bronze,832,289,2025-10-01
C03782,Silver,863,283,2025-04-05
C03783,Bronze,881,265,2025-07-24
C03784,Bronze,811,289,2025-07-24
C03785,Bronze,806,296,2025-01-17
C03786,Gold,865,288,2025-11-11
C03787,Platinum,896,266,2025-06-11
C03788,Silver,834,261,2025-01-05
C03789,Bronze,840,243,2025-10-13
C03790,Bronze,831,291,2025-11-05
C03791,Gold,842,276,2025-06-28
C03792,Silver,854,285,2025-03-10
C03793,Bronze,833,285,2025-09-01
C03794,Bronze,834,276,2025-01-25
C03795,Silver,818,268,2025-03-25
C03796,Silver,878,316,2025-03-07
C03797,Platinum,837,243,2025-05-28
C03798,Silver,805,287,2025-05-18
C03799,Gold,863,267,2025-06-09
C03800,Silver,816,275,2025-01-19
C03801,Bronze,893,262,2025-08-26
C03802,Silver,833,282,2025-07-04
C03803,Bronze,815,294,2025-09-21
C03804,Silver,862,244,2025-05-26
C03805,Bronze,864,305,2025-04-26
C03806,Bronze,821,301,2025-08-31
C03807,Bronze,793,280,2025-06-26
C03808,Bronze,836,287,2025-01-21
C03809,Platinum,904,297,2025-07-02
C03810,Silver,844,278,2025-01-05
C03811,Silver,800,321,2025-04-06
C03812,Bronze,842,250,2025-03-02
C03813,Bronze,869,274,2025-06-06
C03814,Silver,898,292,2025-12-08
C03815,Bronze,874,244,2025-04-25
C03816,Bronze,806,287,2025-12-02
C03817,Bronze,897,269,2025-05-13
C03818,Silver,832,286,2025-10-27
C03819,Silver,837,282,2025-10-24
C03820,Bronze,794,283,2025-04-02
C03821,Gold,865,303,2025-03-31
C03822,Gold,845,312,2025-09-13
C03823,Silver,814,258,2025-08-15
C03824,Bronze,855,243,2025-11-18
C03825,Silver,820,296,2025-09-13
C03826,Bronze,827,262,2025-09-04
C03827,Gold,871,291,2025-07-08
C03828,Bronze,875,277,2025-11-07
C03829,Bronze,828,305,2025-09-23
C03830,Bronze,849,282,2025-02-21
C03831,Bronze,824,265,2025-12-28
C03832,Silver,810,310,2025-11-23
C03833,Gold,828,298,2025-08-14
C03834,Bronze,840,267,2025-09-25
C03835,Silver,828,281,2025-12-07
C03836,Silver,846,249,2025-02-25
C03837,Silver,841,284,2025-05-06
C03838,Silver,839,261,2025-07-26
C03839,Silver,891,272,2025-10-08
C03840,Bronze,839,272,2025-04-23
C03841,Bronze,835,265,2025-02-09
C03842,Silver,867,282,2025-07-26
C03843,Bronze,865,260,2025-02-20
C03844,Bronze,877,276,2025-09-06
C03845,Gold,861,278,2025-05-24
C03846,Gold,900,304,2025-06-07
C03847,Bronze,874,298,2025-01-21
C03848,Gold,894,279,2025-09-07
C03849,Platinum,875,265,2025-07-24
C03850,Bronze,869,286,2025-04-30
C03851,Bronze,874,268,2025-01-01
C03852,Platinum,851,287,2025-03-16
C03853,Gold,803,262,2025-06-03
C03854,Bronze,833,289,2025-05-19
C03855,Silver,847,263,2025-11-29
C03856,Bronze,882,275,2025-01-10
C03857,Bronze,835,281,2025-08-16
C03858,Bronze,819,280,2025-04-09
C03859,Bronze,864,286,2025-12-20
C03860,Silver,868,251,2025-09-22
C03861,Bronze,851,288,2025-01-05
C03862,Bronze,800,273,2025-01-24
C03863,Bronze,865,272,2025-12-26
C03864,Silver,861,300,2025-01-25
C03865,Bronze,859,283,2025-12-05
C03866,Platinum,826,286,2025-05-12
C03867,Silver,888,293,2025-01-21
C03868,Gold,797,269,2025-09-06
C03869,Silver,907,291,2025-06-28
C03870,Silver,789,273,2025-02-13
C03871,Bronze,841,271,2025-05-22
C03872,Bronze,850,269,2025-06-28
C03873,Silver,868,284,2025-03-19
C03874,Bronze,851,303,2025-10-14
C03875,Gold,917,279,2025-06-15
C03876,Silver,837,277,2025-12-19
C03877,Bronze,879,254,2025-04-13
C03878,Silver,918,289,2025-10-03
C03879,Bronze,796,265,2025-07-09
C03880,Bronze,844,282,2025-09-30
C03881,Silver,880,314,2025-01-23
C03882,Gold,909,281,2025-06-02
C03883,Silver,840,277,2025-09-01
C03884,Bronze,827,313,2025-05-04
C03885,Gold,872,269,2025-03-04
C03886,Bronze,852,281,2025-08-18
C03887,Bronze,863,279,2025-01-03
C03888,Silver,835,270,2025-11-27
C03889,Bronze,837,285,2025-10-20
C03890,Silver,900,292,2025-04-16
C03891,Bronze,829,270,2025-04-08
C03892,Silver,905,285,2025-06-15
C03893,Silver,747,274,2025-05-26
C03894,Silver,860,270,2025-03-08
C03895,Bronze,853,281,2025-11-08
C03896,Gold,820,254,2025-11-16
C03897,Bronze,898,288,2025-10-28
C03898,Bronze,892,269,2025-01-21
C03899,Silver,896,251,2025-10-27
C03900,Silver,850,263,2025-09-22
C03901,Bronze,825,261,2025-10-07
C03902,Bronze,854,300,2025-11-23
C03903,Bronze,864,268,2025-08-18
C03904,Bronze,856,275,2025-02-14
C03905,Gold,812,274,2025-01-29
C03906,Bronze,963,297,2025-10-07
C03907,Platinum,857,274,2025-07-19
C03908,Silver,850,255,2025-10-11
C03909,Silver,827,278,2025-06-21
C03910,Bronze,801,278,2025-11-19
C03911,Bronze,771,306,2025-11-06
C03912,Gold,851,285,2025-03-07
C03913,Bronze,841,286,2025-04-25
C03914,Silver,797,289,2025-02-06
C03915,Bronze,861,289,2025-03-27
C03916,Bronze,876,291,2025-03-16
C03917,Bronze,838,292,2025-10-17
C03918,Gold,807,298,2025-07-14
C03919,Bronze,855,249,2025-02-18
C03920,Gold,888,317,2025-07-28
C03921,Silver,841,265,2025-06-13
C03922,Gold,804,288,2025-07-21
C03923,Gold,849,271,2025-05-14
C03924,Bronze,838,264,2025-08-18
C03925,Silver,889,270,2025-02-12
C03926,Silver,831,298,2025-02-12
C03927,Platinum,849,282,2025-08-14
C03928,Bronze,911,264,2025-06-21
C03929,Bronze,816,253,2025-06-24
C03930,Bronze,792,276,2025-01-07
C03931,Silver,849,274,2025-09-13
C03932,Gold,880,276,2025-09-30
C03933,Silver,813,288,2025-06-23
C03934,Bronze,877,244,2025-01-14
C03935,Silver,869,284,2025-07-22
C03936,Bronze,821,284,2025-08-10
C03937,Platinum,832,286,2025-08-07
C03938,Silver,855,281,2025-11-22
C03939,Bronze,860,266,2025-11-05
C03940,Bronze,842,279,2025-04-09
C03941,Platinum,836,263,2025-11-12
C03942,Bronze,830,301,2025-01-13
C03943,Silver,881,300,2025-04-03
C03944,Bronze,818,267,2025-01-25
C03945,Platinum,800,283,2025-01-09
C03946,Gold,817,298,2025-07-09
C03947,Bronze,834,281,2025-11-18
C03948,Bronze,890,299,2025-09-13
C03949,Silver,816,269,2025-06-19
C03950,Silver,840,262,2025-05-15
C03951,Bronze,864,307,2025-09-26
C03952,Silver,840,268,2025-04-14
C03953,Bronze,829,317,2025-12-22
C03954,Bronze,877,268,2025-01-14
C03955,Bronze,860,248,2025-07-11
C03956,Bronze,886,286,2025-10-19
C03957,Silver,848,295,2025-12-02
C03958,Bronze,825,281,2025-09-17
C03959,Silver,890,270,2025-03-24
C03960,Bronze,852,274,2025-02-03
C03961,Bronze,832,292,2025-02-05
C03962,Bronze,817,273,2025-03-30
C03963,Gold,852,259,2025-11-10
C03964,Silver,827,266,2025-01-12
C03965,Silver,806,283,2025-03-03
C03966,Bronze,871,272,2025-09-12
C03967,Bronze,867,262,2025-05-18
C03968,Gold,914,291,2025-05-26
C03969,Bronze,824,281,2025-04-13
C03970,Bronze,849,285,2025-07-30
C03971,Bronze,854,262,2025-11-10
C03972,Bronze,852,284,2025-04-01
C03973,Bronze,888,268,2025-08-10
C03974,Bronze,855,270,2025-04-21
C03975,Silver,869,266,2025-11-20
C03976,Bronze,801,287,2025-08-20
C03977,Gold,850,279,2025-06-19
C03978,Gold,859,275,2025-01-22
C03979,Gold,848,245,2025-10-24
C03980,Bronze,863,264,2025-10-08
C03981,Gold,856,274,2025-12-17
C03982,Silver,878,280,2025-11-23
C03983,Bronze,894,280,2025-08-20
C03984,Gold,842,287,2025-01-27
C03985,Bronze,827,267,2025-04-08
C03986,Silver,853,284,2025-08-29
C03987,Bronze,840,282,2025-09-21
C03988,Silver,850,297,2025-08-29
C03989,Platinum,832,277,2025-07-19
C03990,Bronze,828,241,2025-08-17
C03991,Silver,818,289,2025-12-01
C03992,Platinum,829,263,2025-11-12
C03993,Silver,882,293,2025-11-05
C03994,Bronze,835,272,2025-09-28
C03995,Bronze,834,278,2025-05-19
C03996,Silver,860,272,2025-10-06
C03997,Bronze,820,276,2025-03-29
C03998,Silver,790,273,2025-09-16
C03999,Bronze,787,268,2025-06-15
C04000,Silver,827,277,2025-12-26
C04001,Bronze,834,276,2025-09-22
C04002,Gold,848,265,2025-12-31
C04003,Gold,872,291,2025-04-15
C04004,Silver,824,261,2025-04-29
C04005,Bronze,869,280,2025-06-12
C04006,Bronze,868,267,2025-08-04
C04007,Gold,800,274,2025-05-06
C04008,Gold,861,257,2025-04-28
C04009,Bronze,816,302,2025-12-08
C04010,Gold,828,275,2025-03-13
C04011,Bronze,846,271,2025-12-26
C04012,Bronze,829,254,2025-05-30
C04013,Bronze,874,284,2025-01-27
C04014,Silver,873,281,2025-01-25
C04015,Bronze,873,287,2025-04-28
C04016,Silver,843,271,2025-05-23
C04017,Bronze,911,251,2025-11-06
C04018,Bronze,833,289,2025-03-28
C04019,Bronze,854,274,2025-09-01
C04020,Bronze,841,309,2025-05-07
C04021,Bronze,884,284,2025-06-21
C04022,Bronze,841,305,2025-10-19
C04023,Bronze,844,295,2025-02-25
C04024,Gold,833,288,2025-06-23
C04025,Gold,910,268,2025-12-30
C04026,Gold,850,292,2025-04-28
C04027,Bronze,836,240,2025-05-30
C04028,Bronze,848,283,2025-01-31
C04029,Gold,808,290,2025-04-28
C04030,Bronze,837,286,2025-01-13
C04031,Bronze,856,292,2025-11-28
C04032,Gold,779,305,2025-02-09
C04033,Bronze,866,286,2025-06-01
C04034,Platinum,883,314,2025-09-28
C04035,Bronze,802,257,2025-11-13
C04036,Platinum,872,277,2025-04-20
C04037,Bronze,825,278,2025-10-17
C04038,Bronze,870,299,2025-12-10
C04039,Silver,873,282,2025-08-09
C04040,Platinum,850,278,2025-03-27
C04041,Silver,861,302,2025-04-07
C04042,Silver,847,292,2025-04-11
C04043,Platinum,811,261,2025-06-12
C04044,Silver,876,296,2025-03-19
C04045,Bronze,854,269,2025-12-06
C04046,Silver,806,279,2025-01-29
C04047,Platinum,887,292,2025-07-31
C04048,Bronze,906,302,2025-11-09
C04049,Bronze,867,249,2025-04-19
C04050,Silver,833,287,2025-06-15
C04051,Bronze,845,257,2025-03-12
C04052,Silver,822,297,2025-09-09
C04053,Bronze,916,290,2025-12-09
C04054,Silver,870,311,2025-09-07
C04055,Bronze,861,291,2025-01-22
C04056,Silver,854,262,2025-10-10
C04057,Bronze,854,285,2025-06-16
C04058,Silver,825,265,2025-08-01
C04059,Gold,859,279,2025-01-30
C04060,Gold,845,249,2025-07-16
C04061,Gold,814,302,2025-06-09
C04062,Gold,849,289,2025-08-22
C04063,Bronze,834,265,2025-02-20
C04064,Bronze,855,293,2025-05-26
C04065,Bronze,873,272,2025-05-06
C04066,Silver,871,287,2025-08-01
C04067,Platinum,859,268,2025-11-06
C04068,Bronze,831,271,2025-03-05
C04069,Bronze,934,271,2025-02-21
C04070,Bronze,859,279,2025-11-19
C04071,Bronze,831,276,2025-06-09
C04072,Gold,815,294,2025-12-13
C04073,Silver,838,254,2025-07-19
C04074,Bronze,868,282,2025-01-15
C04075,Bronze,854,300,2025-09-04
C04076,Platinum,890,306,2025-02-23
C04077,Bronze,832,280,2025-01-16
C04078,Bronze,867,294,2025-12-21
C04079,Silver,819,289,2025-06-16
C04080,Bronze,824,258,2025-08-25
C04081,Bronze,869,250,2025-03-15
C04082,Bronze,867,295,2025-12-15
C04083,Gold,852,262,2025-03-17
C04084,Bronze,874,243,2025-01-02
C04085,Silver,840,314,2025-04-26
C04086,Bronze,873,272,2025-02-04
C04087,Bronze,820,278,2025-12-24
C04088,Bronze,816,270,2025-09-05
C04089,Bronze,797,298,2025-08-01
C04090,Platinum,845,275,2025-10-26
C04091,Gold,785,284,2025-07-12
C04092,Bronze,902,292,2025-01-27
C04093,Platinum,811,246,2025-11-03
C04094,Bronze,835,287,2025-01-04
C04095,Silver,863,291,2025-03-01
C04096,Bronze,856,284,2025-05-15
C04097,Silver,826,272,2025-01-16
C04098,Bronze,856,295,2025-12-04
C04099,Silver,879,307,2025-10-29
C04100,Bronze,850,284,2025-03-24
C04101,Silver,865,286,2025-11-26
C04102,Silver,868,281,2025-06-23
C04103,Bronze,793,315,2025-03-20
C04104,Bronze,834,275,2025-03-13
C04105,Silver,854,259,2025-11-10
C04106,Bronze,837,288,2025-09-26
C04107,Silver,916,267,2025-06-11
C04108,Bronze,800,268,2025-03-28
C04109,Bronze,833,257,2025-10-20
C04110,Bronze,866,244,2025-03-10
C04111,Silver,822,278,2025-06-14
C04112,Bronze,824,300,2025-05-08
C04113,Bronze,853,286,2025-12-26
C04114,Bronze,892,272,2025-05-09
C04115,Bronze,853,296,2025-08-12
C04116,Bronze,820,264,2025-10-03
C04117,Bronze,889,259,2025-11-01
C04118,Bronze,862,248,2025-07-14
C04119,Silver,908,269,2025-08-27
C04120,Bronze,806,272,2025-11-27
C04121,Silver,790,278,2025-02-28
C04122,Bronze,910,291,2025-08-26
C04123,Bronze,830,249,2025-02-08
C04124,Bronze,854,301,2025-06-11
C04125,Bronze,854,264,2025-10-22
C04126,Bronze,827,278,2025-07-10
C04127,Bronze,881,256,2025-10-05
C04128,Silver,842,285,2025-06-09
C04129,Bronze,914,273,2025-12-30
C04130,Gold,874,275,2025-10-21
C04131,Bronze,846,280,2025-10-03
C04132,Silver,806,298,2025-11-04
C04133,Gold,888,273,2025-05-29
C04134,Bronze,862,277,2025-03-14
C04135,Bronze,881,286,2025-12-19
C04136,Silver,837,269,2025-03-25
C04137,Bronze,903,285,2025-01-03
C04138,Gold,844,273,2025-04-14
C04139,Silver,833,282,2025-05-12
C04140,Bronze,843,279,2025-06-27
C04141,Gold,877,257,2025-08-12
C04142,Platinum,849,265,2025-04-12
C04143,Platinum,818,280,2025-12-26
C04144,Silver,818,249,2025-10-20
C04145,Gold,870,288,2025-02-26
C04146,Silver,842,288,2025-09-04
C04147,Silver,856,261,2025-09-21
C04148,Bronze,798,311,2025-06-26
C04149,Silver,853,267,2025-03-27
C04150,Silver,840,273,2025-09-04
C04151,Bronze,802,279,2025-04-18
C04152,Silver,803,266,2025-08-01
C04153,Platinum,840,268,2025-09-24
C04154,Silver,836,262,2025-01-16
C04155,Bronze,837,279,2025-02-16
C04156,Silver,858,262,2025-02-07
C04157,Bronze,847,302,2025-11-19
C04158,Bronze,826,267,2025-12-29
C04159,Bronze,869,282,2025-06-05
C04160,Silver,851,290,2025-06-29
C04161,Bronze,853,256,2025-05-16
C04162,Bronze,843,286,2025-08-31
C04163,Bronze,847,275,2025-07-17
C04164,Bronze,885,264,2025-11-18
C04165,Bronze,897,280,2025-04-30
C04166,Bronze,806,275,2025-07-25
C04167,Bronze,794,244,2025-07-11
C04168,Gold,842,301,2025-08-24
C04169,Silver,829,276,2025-06-21
C04170,Bronze,827,277,2025-03-13
C04171,Bronze,841,272,2025-09-11
C04172,Gold,825,274,2025-01-12
C04173,Silver,883,283,2025-01-04
C04174,Gold,874,293,2025-07-08
C04175,Bronze,848,295,2025-10-30
C04176,Silver,853,287,2025-12-18
C04177,Bronze,868,279,2025-10-09
C04178,Gold,847,287,2025-11-20
C04179,Silver,829,246,2025-07-29
C04180,Bronze,789,322,2025-12-07
C04181,Bronze,842,286,2025-11-16
C04182,Bronze,814,255,2025-10-15
C04183,Silver,801,278,2025-03-28
C04184,Bronze,915,274,2025-08-28
C04185,Gold,884,300,2025-09-26
C04186,Platinum,915,306,2025-11-17
C04187,Bronze,851,236,2025-03-14
C04188,Gold,853,265,2025-07-15
C04189,Silver,838,281,2025-06-26
C04190,Gold,878,288,2025-04-13
C04191,Silver,861,299,2025-02-09
C04192,Gold,814,312,2025-03-08
C04193,Bronze,830,287,2025-01-04
C04194,Silver,815,283,2025-04-29
C04195,Silver,889,306,2025-03-17
C04196,Bronze,888,277,2025-03-10
C04197,Bronze,905,278,2025-12-25
C04198,Silver,799,261,2025-09-10
C04199,Bronze,856,283,2025-07-11
C04200,Bronze,868,256,2025-02-26
C04201,Silver,808,259,2025-05-13
C04202,Silver,851,294,2025-11-10
C04203,Bronze,794,269,2025-04-23
C04204,Gold,859,280,2025-04-23
C04205,Silver,831,304,2025-11-20
C04206,Silver,809,291,2025-04-27
C04207,Bronze,833,259,2025-01-07
C04208,Bronze,833,287,2025-12-18
C04209,Bronze,881,275,2025-09-24
C04210,Bronze,857,289,2025-12-15
C04211,Silver,851,257,2025-07-08
C04212,Bronze,851,254,2025-06-04
C04213,Bronze,841,312,2025-04-19
C04214,Silver,914,271,2025-05-14
C04215,Silver,897,262,2025-12-02
C04216,Bronze,817,295,2025-03-13
C04217,Bronze,835,239,2025-07-29
C04218,Bronze,874,274,2025-11-24
C04219,Bronze,852,278,2025-10-26
C04220,Bronze,914,270,2025-08-24
C04221,Gold,805,285,2025-01-08
C04222,Gold,837,319,2025-06-19
C04223,Bronze,808,288,2025-12-29
C04224,Bronze,858,278,2025-07-16
C04225,Gold,845,278,2025-11-14
C04226,Bronze,874,262,2025-06-14
C04227,Silver,875,266,2025-08-24
C04228,Bronze,830,274,2025-03-30
C04229,Silver,821,248,2025-09-04
C04230,Bronze,827,285,2025-02-10
C04231,Silver,877,247,2025-02-11
C04232,Bronze,826,279,2025-03-22
C04233,Silver,849,286,2025-03-04
C04234,Silver,851,296,2025-07-20
C04235,Bronze,819,278,2025-09-16
C04236,Bronze,884,301,2025-08-31
C04237,Gold,842,263,2025-05-16
C04238,Platinum,840,275,2025-06-17
C04239,Gold,882,284,2025-03-20
C04240,Gold,818,278,2025-08-21
C04241,Silver,787,286,2025-11-02
C04242,Silver,840,279,2025-03-21
C04243,Silver,851,281,2025-05-13
C04244,Gold,857,251,2025-06-08
C04245,Platinum,862,270,2025-05-11
C04246,Bronze,838,260,2025-05-08
C04247,Bronze,831,288,2025-01-24
C04248,Bronze,863,284,2025-05-22
C04249,Bronze,801,280,2025-11-30
C04250,Gold,836,268,2025-12-27
C04251,Gold,821,269,2025-06-16
C04252,Bronze,861,296,2025-08-10
C04253,Bronze,834,272,2025-09-08
C04254,Silver,853,267,2025-07-26
C04255,Silver,837,281,2025-07-18
C04256,Bronze,857,273,2025-01-30
C04257,Bronze,867,276,2024-12-31
C04258,Bronze,867,241,2025-03-06
C04259,Gold,879,291,2025-05-13
C04260,Silver,821,272,2025-01-19
C04261,Gold,836,284,2025-02-09
C04262,Bronze,869,266,2025-01-23
C04263,Silver,836,284,2025-09-03
C04264,Silver,861,261,2025-11-21
C04265,Bronze,826,264,2025-02-07
C04266,Bronze,835,306,2025-05-04
C04267,Gold,801,292,2025-09-01
C04268,Bronze,928,283,2025-12-09
C04269,Silver,818,281,2025-09-06
C04270,Bronze,914,294,2025-09-07
C04271,Bronze,828,248,2025-10-02
C04272,Silver,851,258,2025-08-18
C04273,Gold,848,272,2025-03-09
C04274,Bronze,813,305,2025-05-30
C04275,Silver,801,245,2025-05-14
C04276,Bronze,860,283,2025-07-14
C04277,Silver,793,259,2025-04-20
C04278,Gold,801,261,2025-08-18
C04279,Bronze,836,289,2025-07-10
C04280,Gold,900,265,2025-11-02
C04281,Bronze,810,276,2025-12-31
C04282,Gold,847,274,2025-07-30
C04283,Platinum,837,284,2025-03-29
C04284,Gold,837,292,2025-08-10
C04285,Gold,877,311,2025-04-02
C04286,Silver,789,283,2025-12-09
C04287,Bronze,832,273,2025-03-06
C04288,Bronze,867,293,2025-07-29
C04289,Platinum,895,267,2025-01-07
C04290,Silver,895,265,2025-05-21
C04291,Bronze,907,275,2025-09-11
C04292,Bronze,858,266,2025-11-02
C04293,Silver,847,293,2025-03-29
C04294,Silver,845,264,2025-11-14
C04295,Bronze,923,247,2025-07-08
C04296,Bronze,880,281,2025-06-16
C04297,Gold,851,259,2025-12-21
C04298,Bronze,812,302,2025-07-10
C04299,Silver,824,303,2025-08-05
C04300,Silver,852,294,2025-10-09
C04301,Silver,866,275,2025-04-28
C04302,Gold,853,305,2025-12-05
C04303,Bronze,849,270,2025-05-13
C04304,Silver,895,280,2025-03-02
C04305,Platinum,870,304,2025-03-08
C04306,Bronze,887,267,2025-06-30
C04307,Bronze,796,280,2025-03-10
C04308,Bronze,876,302,2025-07-31
C04309,Bronze,839,273,2025-05-01
C04310,Bronze,869,291,2025-06-03
C04311,Platinum,870,309,2025-11-01
C04312,Bronze,805,267,2025-11-08
C04313,Bronze,874,254,2025-11-06
C04314,Gold,842,261,2025-12-05
C04315,Bronze,792,278,2025-04-28
C04316,Bronze,859,257,2025-03-12
C04317,Silver,875,280,2025-05-03
C04318,Gold,850,292,2025-06-14
C04319,Gold,827,274,2025-07-27
C04320,Bronze,831,313,2025-05-15
C04321,Silver,865,291,2025-06-29
C04322,Gold,815,278,2025-08-05
C04323,Silver,856,266,2025-01-21
C04324,Bronze,838,255,2025-07-05
C04325,Silver,841,277,2025-05-31
C04326,Bronze,803,295,2025-07-10
C04327,Bronze,883,263,2025-05-09
C04328,Silver,795,257,2025-10-16
C04329,Bronze,857,256,2025-04-13
C04330,Silver,862,255,2025-03-17
C04331,Bronze,816,254,2025-05-12
C04332,Gold,842,280,2025-10-15
C04333,Bronze,863,260,2025-10-07
C04334,Silver,847,272,2025-06-16
C04335,Platinum,918,272,2025-01-16
C04336,Bronze,843,289,2025-03-11
C04337,Bronze,790,298,2025-09-15
C04338,Bronze,905,274,2025-08-02
C04339,Bronze,823,290,2025-04-16
C04340,Bronze,867,265,2025-07-12
C04341,Silver,902,268,2025-08-16
C04342,Silver,852,285,2025-01-17
C04343,Silver,846,285,2025-12-19
C04344,Bronze,879,290,2025-09-18
C04345,Bronze,850,294,2025-03-10
C04346,Bronze,793,286,2025-12-26
C04347,Gold,797,224,2025-02-23
C04348,Bronze,808,280,2025-04-16
C04349,Bronze,823,273,2025-08-21
C04350,Bronze,851,280,2025-01-15
C04351,Bronze,844,270,2025-06-20
C04352,Platinum,888,296,2025-04-05
C04353,Bronze,851,276,2025-07-06
C04354,Bronze,805,272,2025-06-01
C04355,Bronze,879,294,2025-12-26
C04356,Bronze,928,239,2025-05-23
C04357,Silver,799,284,2025-06-20
C04358,Silver,887,289,2025-03-04
C04359,Silver,838,283,2025-03-01
C04360,Bronze,852,263,2025-09-29
C04361,Gold,771,300,2025-02-02
C04362,Gold,844,288,2025-06-06
C04363,Silver,858,287,2025-11-27
C04364,Bronze,889,302,2025-09-11
C04365,Gold,844,279,2025-04-10
C04366,Gold,878,306,2025-10-25
C04367,Bronze,805,282,2025-06-05
C04368,Bronze,836,279,2025-03-26
C04369,Gold,856,296,2025-05-02
C04370,Gold,790,297,2025-12-14
C04371,Silver,837,285,2025-02-15
C04372,Silver,865,283,2025-05-19
C04373,Bronze,828,298,2025-05-20
C04374,Silver,866,292,2025-05-12
C04375,Bronze,920,283,2025-05-21
C04376,Bronze,809,266,2025-03-01
C04377,Bronze,901,287,2025-06-23
C04378,Bronze,853,298,2025-05-06
C04379,Silver,846,283,2025-12-11
C04380,Silver,871,296,2025-01-31
C04381,Gold,841,300,2025-09-17
C04382,Silver,867,262,2025-03-15
C04383,Silver,837,283,2025-03-17
C04384,Silver,864,292,2025-06-06
C04385,Bronze,854,272,2025-10-19
C04386,Silver,840,272,2025-06-22
C04387,Bronze,887,289,2025-09-08
C04388,Gold,840,299,2025-04-21
C04389,Bronze,894,294,2025-05-06
C04390,Bronze,839,254,2025-03-05
C04391,Bronze,864,286,2025-09-28
C04392,Silver,845,285,2025-05-18
C04393,Silver,801,246,2025-11-26
C04394,Silver,864,289,2025-01-22
C04395,Bronze,867,241,2025-11-18
C04396,Bronze,880,274,2025-12-03
C04397,Bronze,850,281,2025-05-21
C04398,Bronze,852,268,2025-08-31
C04399,Bronze,838,273,2025-07-01
C04400,Bronze,864,252,2025-10-29
C04401,Silver,851,270,2025-10-26
C04402,Gold,875,283,2025-03-23
C04403,Gold,856,296,2025-03-01
C04404,Silver,816,285,2025-05-31
C04405,Gold,840,291,2025-10-04
C04406,Bronze,840,307,2025-09-27
C04407,Gold,817,266,2025-01-27
C04408,Bronze,859,259,2025-12-15
C04409,Gold,882,260,2025-06-06
C04410,Gold,814,262,2025-03-30
C04411,Platinum,855,268,2025-01-31
C04412,Bronze,819,281,2025-10-07
C04413,Silver,843,305,2025-08-06
C04414,Silver,851,298,2025-09-19
C04415,Bronze,868,293,2025-10-09
C04416,Silver,886,233,2025-09-04
C04417,Bronze,847,297,2025-09-24
C04418,Silver,893,302,2025-01-15
C04419,Bronze,838,283,2025-08-30
C04420,Silver,875,279,2025-12-05
C04421,Silver,867,273,2025-10-19
C04422,Gold,863,287,2025-09-12
C04423,Gold,898,265,2025-02-19
C04424,Silver,854,243,2025-03-05
C04425,Bronze,888,260,2025-09-05
C04426,Bronze,865,276,2025-08-24
C04427,Silver,918,293,2025-08-10
C04428,Bronze,869,298,2025-06-20
C04429,Silver,829,249,2025-12-20
C04430,Bronze,844,293,2025-06-09
C04431,Bronze,845,262,2025-01-03
C04432,Bronze,894,246,2025-12-17
C04433,Bronze,836,272,2025-06-21
C04434,Gold,867,287,2025-03-17
C04435,Silver,879,265,2025-08-21
C04436,Bronze,856,242,2025-01-03
C04437,Bronze,861,274,2025-09-06
C04438,Silver,857,309,2025-01-17
C04439,Gold,877,282,2025-12-30
C04440,Gold,840,311,2025-06-10
C04441,Gold,838,295,2025-02-21
C04442,Bronze,883,281,2025-07-08
C04443,Gold,870,270,2025-01-30
C04444,Bronze,830,273,2025-10-26
C04445,Bronze,862,274,2025-09-25
C04446,Bronze,882,267,2025-07-10
C04447,Bronze,879,253,2025-05-21
C04448,Platinum,862,313,2025-03-31
C04449,Bronze,810,221,2025-06-14
C04450,Platinum,866,291,2025-07-19
C04451,Gold,839,267,2025-10-21
C04452,Bronze,862,274,2025-02-28
C04453,Bronze,851,290,2025-07-28
C04454,Bronze,839,281,2025-11-15
C04455,Bronze,812,290,2025-10-23
C04456,Silver,902,276,2025-04-17
C04457,Bronze,828,255,2025-07-09
C04458,Bronze,830,267,2025-08-29
C04459,Platinum,838,277,2025-04-29
C04460,Bronze,845,264,2025-12-07
C04461,Bronze,816,300,2025-12-15
C04462,Bronze,895,282,2025-06-19
C04463,Bronze,813,283,2025-08-18
C04464,Bronze,814,282,2025-08-24
C04465,Gold,839,303,2025-04-04
C04466,Bronze,877,311,2025-03-22
C04467,Silver,794,295,2025-07-12
C04468,Bronze,924,284,2025-08-06
C04469,Platinum,819,285,2025-04-03
C04470,Bronze,851,305,2025-04-30
C04471,Gold,828,320,2025-07-10
C04472,Silver,850,287,2025-08-28
C04473,Gold,877,279,2025-11-07
C04474,Bronze,847,266,2025-11-02
C04475,Bronze,838,270,2025-03-10
C04476,Silver,867,258,2025-02-11
C04477,Bronze,844,286,2025-04-09
C04478,Bronze,909,260,2025-12-26
C04479,Silver,838,262,2025-08-22
C04480,Silver,865,298,2025-10-07
C04481,Gold,855,287,2025-06-29
C04482,Silver,890,273,2025-07-05
C04483,Bronze,869,287,2025-07-25
C04484,Bronze,780,264,2025-10-19
C04485,Bronze,803,303,2025-04-04
C04486,Bronze,850,280,2025-12-28
C04487,Silver,864,291,2025-07-19
C04488,Bronze,814,282,2025-08-27
C04489,Bronze,818,268,2025-05-18
C04490,Bronze,834,271,2025-06-04
C04491,Gold,866,295,2025-07-30
C04492,Bronze,864,279,2025-10-25
C04493,Gold,840,287,2025-06-28
C04494,Bronze,815,314,2025-07-14
C04495,Silver,884,310,2025-12-16
C04496,Gold,804,280,2025-04-30
C04497,Silver,847,279,2025-03-21
C04498,Bronze,814,270,2025-05-28
C04499,Silver,847,270,2025-03-25
C04500,Bronze,872,277,2025-04-04
C04501,Bronze,899,265,2025-02-08
C04502,Bronze,842,293,2025-05-17
C04503,Gold,879,286,2025-03-28
C04504,Silver,832,255,2025-06-11
C04505,Silver,851,251,2025-12-17
C04506,Bronze,839,269,2025-01-18
C04507,Gold,812,291,2025-09-30
C04508,Bronze,821,300,2025-12-10
C04509,Gold,836,263,2025-09-05
C04510,Bronze,802,265,2025-03-04
C04511,Silver,849,276,2025-10-26
C04512,Bronze,835,320,2025-10-06
C04513,Gold,867,250,2025-10-30
C04514,Silver,853,285,2025-08-26
C04515,Bronze,853,270,2025-11-23
C04516,Gold,871,289,2025-04-29
C04517,Bronze,867,267,2025-12-14
C04518,Silver,824,273,2025-11-14
C04519,Bronze,836,260,2025-02-16
C04520,Bronze,870,266,2025-07-18
C04521,Bronze,798,283,2025-03-20
C04522,Bronze,819,257,2025-06-09
C04523,Bronze,828,304,2025-06-02
C04524,Silver,902,259,2025-09-16
C04525,Silver,872,308,2025-03-03
C04526,Bronze,814,279,2025-03-11
C04527,Bronze,874,282,2025-01-27
C04528,Bronze,777,293,2025-10-25
C04529,Bronze,866,278,2025-03-30
C04530,Bronze,879,293,2025-05-04
C04531,Bronze,825,285,2025-03-17
C04532,Bronze,895,283,2025-04-07
C04533,Bronze,865,287,2025-04-28
C04534,Platinum,834,284,2025-10-11
C04535,Gold,824,283,2025-04-10
C04536,Bronze,896,295,2025-04-21
C04537,Gold,855,254,2025-09-19
C04538,Bronze,838,305,2025-01-07
C04539,Silver,827,295,2025-11-22
C04540,Silver,815,258,2025-08-25
C04541,Bronze,823,281,2025-10-12
C04542,Bronze,885,274,2025-07-26
C04543,Bronze,871,268,2025-03-16
C04544,Bronze,841,290,2025-06-29
C04545,Bronze,841,291,2025-06-05
C04546,Bronze,828,255,2025-10-04
C04547,Bronze,865,281,2025-03-11
C04548,Bronze,809,298,2025-11-04
C04549,Bronze,851,294,2025-05-03
C04550,Bronze,854,286,2025-01-24
C04551,Bronze,817,261,2025-03-11
C04552,Gold,895,277,2025-06-14
C04553,Bronze,797,290,2025-07-26
C04554,Silver,877,271,2025-07-31
C04555,Bronze,838,265,2025-11-03
C04556,Gold,858,301,2025-05-27
C04557,Silver,873,270,2025-12-27
C04558,Bronze,873,251,2025-09-02
C04559,Bronze,901,267,2025-09-23
C04560,Bronze,873,289,2025-09-29
C04561,Bronze,834,279,2025-03-29
C04562,Silver,867,254,2025-03-21
C04563,Gold,840,278,2025-04-16
C04564,Bronze,873,275,2025-12-28
C04565,Bronze,829,294,2025-05-04
C04566,Silver,863,278,2025-12-29
C04567,Bronze,854,272,2025-12-22
C04568,Bronze,828,271,2025-07-19
C04569,Silver,820,290,2025-11-21
C04570,Gold,819,276,2025-01-06
C04571,Bronze,880,312,2025-12-10
C04572,Gold,861,253,2025-10-01
C04573,Gold,811,296,2025-04-06
C04574,Silver,804,299,2025-04-26
C04575,Gold,834,251,2025-07-25
C04576,Gold,853,270,2025-07-11
C04577,Silver,851,266,2025-01-15
C04578,Gold,825,286,2025-11-21
C04579,Bronze,844,294,2025-10-16
C04580,Gold,866,265,2025-12-21
C04581,Bronze,822,264,2025-10-17
C04582,Gold,814,322,2025-01-17
C04583,Gold,797,267,2025-10-11
C04584,Silver,890,268,2025-01-05
C04585,Bronze,850,290,2025-01-30
C04586,Silver,883,272,2025-12-30
C04587,Platinum,826,272,2025-11-19
C04588,Silver,889,265,2025-04-25
C04589,Bronze,790,289,2025-06-30
C04590,Bronze,827,277,2025-08-01
C04591,Silver,832,312,2025-06-27
C04592,Bronze,825,288,2025-08-14
C04593,Bronze,840,257,2025-11-27
C04594,Bronze,815,289,2025-06-11
C04595,Silver,869,302,2025-08-12
C04596,Platinum,848,271,2025-04-04
C04597,Bronze,891,278,2025-04-20
C04598,Platinum,818,288,2025-02-17
C04599,Silver,791,258,2025-10-22
C04600,Silver,845,290,2025-01-28
C04601,Bronze,809,280,2025-01-09
C04602,Gold,854,258,2025-11-27
C04603,Gold,875,281,2025-12-03
C04604,Bronze,882,265,2025-08-16
C04605,Silver,854,328,2025-06-07
C04606,Gold,839,293,2025-06-02
C04607,Gold,799,281,2025-10-25
C04608,Bronze,886,293,2025-05-07
C04609,Silver,865,292,2025-07-21
C04610,Silver,849,305,2025-02-02
C04611,Gold,840,293,2025-12-22
C04612,Silver,848,288,2025-11-11
C04613,Bronze,835,275,2025-07-02
C04614,Silver,852,307,2025-10-05
C04615,Gold,852,283,2025-06-07
C04616,Bronze,890,280,2025-01-17
C04617,Silver,861,274,2025-01-17
C04618,Bronze,884,272,2025-03-14
C04619,Gold,856,276,2025-05-16
C04620,Bronze,851,276,2025-08-24
C04621,Bronze,806,251,2025-08-12
C04622,Bronze,851,283,2025-10-05
C04623,Bronze,813,229,2025-12-05
C04624,Bronze,831,266,2025-09-05
C04625,Bronze,803,275,2025-06-11
C04626,Bronze,847,275,2025-12-03
C04627,Bronze,844,297,2025-04-29
C04628,Silver,900,311,2025-04-02
C04629,Silver,911,287,2025-07-10
C04630,Silver,832,272,2025-08-04
C04631,Bronze,867,277,2025-03-29
C04632,Bronze,859,299,2025-09-26
C04633,Gold,858,271,2025-09-19
C04634,Silver,919,275,2025-12-25
C04635,Silver,866,276,2025-03-13
C04636,Bronze,888,274,2025-06-24
C04637,Silver,905,270,2025-04-16
C04638,Gold,839,278,2025-04-23
C04639,Gold,894,287,2025-10-20
C04640,Silver,839,259,2025-09-01
C04641,Bronze,816,240,2025-01-13
C04642,Bronze,836,268,2025-03-22
C04643,Gold,848,279,2025-09-12
C04644,Gold,895,273,2025-06-11
C04645,Gold,877,290,2025-04-02
C04646,Bronze,836,277,2025-01-03
C04647,Gold,846,292,2025-02-05
C04648,Silver,823,268,2025-12-26
C04649,Bronze,839,246,2025-05-27
C04650,Gold,831,289,2025-12-06
C04651,Gold,843,303,2025-11-16
C04652,Bronze,820,306,2025-08-21
C04653,Silver,875,299,2025-07-13
C04654,Platinum,802,310,2025-05-17
C04655,Gold,868,269,2025-03-02
C04656,Bronze,839,299,2025-10-14
C04657,Bronze,861,283,2025-09-05
C04658,Bronze,909,261,2025-10-24
C04659,Bronze,816,311,2025-06-09
C04660,Bronze,834,288,2025-04-27
C04661,Bronze,863,291,2025-11-23
C04662,Bronze,859,298,2025-08-16
C04663,Bronze,830,278,2025-01-26
C04664,Bronze,788,309,2025-04-03
C04665,Gold,878,283,2025-07-09
C04666,Gold,824,254,2025-04-19
C04667,Silver,847,262,2025-01-05
C04668,Bronze,839,295,2025-11-10
C04669,Silver,863,289,2025-02-17
C04670,Silver,832,258,2025-02-10
C04671,Bronze,857,274,2025-05-10
C04672,Silver,886,281,2025-12-28
C04673,Silver,907,273,2025-11-13
C04674,Bronze,843,293,2025-06-28
C04675,Platinum,871,315,2025-12-09
C04676,Silver,864,259,2025-11-07
C04677,Gold,826,280,2025-03-17
C04678,Bronze,848,300,2025-05-24
C04679,Bronze,811,278,2025-04-21
C04680,Bronze,857,299,2025-02-23
C04681,Platinum,816,280,2025-04-28
C04682,Silver,816,287,2025-01-23
C04683,Bronze,846,259,2025-10-25
C04684,Silver,830,275,2025-12-17
C04685,Bronze,903,292,2025-02-18
C04686,Bronze,811,296,2025-10-26
C04687,Bronze,786,292,2025-07-05
C04688,Gold,862,281,2025-11-24
C04689,Bronze,858,280,2025-03-14
C04690,Platinum,856,278,2025-10-26
C04691,Bronze,866,277,2025-12-08
C04692,Bronze,888,283,2025-10-31
C04693,Silver,816,280,2025-03-19
C04694,Bronze,888,271,2025-10-13
C04695,Gold,870,268,2025-03-25
C04696,Bronze,847,282,2025-07-04
C04697,Silver,859,273,2025-10-28
C04698,Bronze,815,262,2025-09-01
C04699,Bronze,860,270,2025-09-06
C04700,Silver,814,283,2025-01-05
C04701,Bronze,862,287,2025-10-16
C04702,Silver,842,277,2025-03-17
C04703,Silver,833,307,2025-05-15
C04704,Bronze,895,286,2025-12-30
C04705,Bronze,841,282,2025-08-16
C04706,Bronze,852,283,2025-03-12
C04707,Bronze,801,303,2025-02-03
C04708,Bronze,859,274,2025-09-21
C04709,Bronze,932,259,2025-05-01
C04710,Bronze,841,269,2025-03-07
C04711,Gold,826,293,2025-07-10
C04712,Bronze,894,293,2025-04-17
C04713,Silver,825,290,2025-10-10
C04714,Bronze,829,267,2025-03-03
C04715,Gold,849,305,2025-11-09
C04716,Silver,836,292,2025-07-09
C04717,Bronze,872,277,2025-04-01
C04718,Gold,856,299,2025-02-11
C04719,Silver,850,303,2025-06-24
C04720,Silver,825,280,2025-07-19
C04721,Gold,800,264,2025-10-29
C04722,Silver,875,291,2025-11-22
C04723,Gold,764,282,2025-05-26
C04724,Bronze,907,247,2025-09-14
C04725,Bronze,874,254,2025-02-25
C04726,Gold,811,251,2025-02-04
C04727,Bronze,798,284,2025-05-18
C04728,Silver,834,267,2025-11-19
C04729,Silver,878,276,2025-08-09
C04730,Silver,874,312,2025-02-27
C04731,Bronze,831,273,2025-10-08
C04732,Silver,867,282,2025-12-22
C04733,Bronze,884,247,2025-05-07
C04734,Bronze,830,284,2025-07-13
C04735,Silver,866,284,2025-05-10
C04736,Bronze,853,268,2025-07-30
C04737,Bronze,854,285,2025-01-09
C04738,Silver,842,277,2025-11-05
C04739,Silver,846,246,2025-07-26
C04740,Bronze,800,267,2025-09-29
C04741,Gold,829,276,2025-07-31
C04742,Silver,857,249,2025-03-19
C04743,Bronze,809,296,2025-05-06
C04744,Bronze,869,285,2025-09-01
C04745,Bronze,861,290,2025-03-08
C04746,Silver,818,249,2025-06-04
C04747,Silver,891,268,2025-10-11
C04748,Bronze,859,278,2025-06-17
C04749,Bronze,938,263,2025-10-26
C04750,Silver,813,284,2025-07-07
C04751,Gold,879,286,2025-02-27
C04752,Bronze,871,277,2025-11-21
C04753,Bronze,814,262,2025-04-11
C04754,Bronze,838,283,2025-03-27
C04755,Bronze,866,273,2025-09-01
C04756,Silver,816,290,2025-01-11
C04757,Silver,840,277,2025-11-26
C04758,Bronze,899,282,2025-10-01
C04759,Bronze,851,277,2025-07-31
C04760,Bronze,869,289,2025-01-31
C04761,Silver,833,264,2025-03-12
C04762,Bronze,843,286,2025-05-05
C04763,Bronze,829,243,2025-05-15
C04764,Bronze,868,281,2025-09-02
C04765,Silver,829,298,2025-02-04
C04766,Silver,874,279,2025-05-23
C04767,Silver,838,316,2025-01-03
C04768,Bronze,885,275,2025-05-09
C04769,Bronze,864,260,2025-04-30
C04770,Gold,797,280,2025-10-05
C04771,Bronze,900,254,2025-08-21
C04772,Bronze,854,281,2025-08-01
C04773,Silver,860,285,2025-09-25
C04774,Bronze,878,273,2025-02-09
C04775,Bronze,875,268,2025-07-28
C04776,Gold,909,280,2025-09-21
C04777,Silver,838,287,2025-02-12
C04778,Silver,809,264,2025-07-09
C04779,Bronze,859,273,2025-07-29
C04780,Bronze,847,282,2025-02-16
C04781,Silver,826,262,2025-05-09
C04782,Bronze,856,292,2025-04-10
C04783,Bronze,802,295,2025-04-22
C04784,Bronze,827,276,2025-10-08
C04785,Gold,888,245,2025-02-25
C04786,Silver,812,277,2025-06-22
C04787,Bronze,858,264,2025-06-29
C04788,Bronze,840,256,2025-05-02
C04789,Silver,873,272,2025-11-05
C04790,Bronze,842,312,2025-07-12
C04791,Bronze,882,290,2025-06-07
C04792,Silver,758,264,2025-01-01
C04793,Bronze,846,275,2025-07-27
C04794,Bronze,853,266,2025-09-08
C04795,Bronze,867,281,2025-04-10
C04796,Bronze,793,286,2025-01-19
C04797,Silver,860,287,2025-02-03
C04798,Bronze,878,275,2025-12-09
C04799,Silver,856,257,2025-10-12
C04800,Silver,811,306,2025-02-20
C04801,Bronze,847,268,2025-03-14
C04802,Gold,839,282,2025-12-07
C04803,Bronze,856,302,2025-09-07
C04804,Bronze,833,312,2025-08-15
C04805,Silver,875,274,2025-04-02
C04806,Bronze,805,292,2025-02-03
C04807,Bronze,901,291,2025-12-22
C04808,Bronze,843,286,2025-02-06
C04809,Bronze,863,288,2025-08-02
C04810,Gold,866,319,2025-10-28
C04811,Gold,854,299,2025-08-03
C04812,Silver,856,259,2025-05-04
C04813,Silver,842,287,2025-03-09
C04814,Silver,852,266,2025-05-31
C04815,Silver,798,291,2025-12-06
C04816,Silver,835,229,2025-02-14
C04817,Silver,829,303,2025-12-16
C04818,Bronze,845,307,2025-12-06
C04819,Bronze,907,280,2025-03-16
C04820,Bronze,871,263,2025-08-07
C04821,Bronze,834,287,2025-12-27
C04822,Platinum,877,269,2025-02-27
C04823,Bronze,866,301,2025-11-28
C04824,Gold,894,281,2025-05-31
C04825,Bronze,859,279,2025-01-08
C04826,Silver,850,267,2025-07-03
C04827,Bronze,845,284,2025-04-28
C04828,Silver,872,249,2025-09-06
C04829,Platinum,836,291,2025-05-01
C04830,Silver,860,280,2025-06-02
C04831,Bronze,825,252,2025-10-27
C04832,Silver,819,248,2025-08-06
C04833,Silver,847,294,2025-10-07
C04834,Bronze,852,268,2025-06-07
C04835,Gold,869,257,2025-06-19
C04836,Bronze,823,268,2025-01-10
C04837,Gold,844,282,2025-01-10
C04838,Bronze,809,289,2025-10-22
C04839,Gold,848,279,2025-10-28
C04840,Bronze,880,295,2025-06-27
C04841,Bronze,885,306,2025-08-20
C04842,Silver,859,275,2025-03-02
C04843,Bronze,906,298,2025-10-14
C04844,Bronze,873,254,2025-12-15
C04845,Bronze,861,276,2025-09-09
C04846,Bronze,820,284,2025-06-03
C04847,Bronze,796,266,2025-02-28
C04848,Silver,905,271,2025-09-04
C04849,Silver,886,295,2025-12-04
C04850,Bronze,896,293,2025-03-02
C04851,Gold,874,273,2025-11-18
C04852,Bronze,884,306,2025-08-16
C04853,Silver,839,292,2025-02-12
C04854,Bronze,821,289,2025-12-01
C04855,Bronze,882,263,2025-11-10
C04856,Bronze,824,294,2025-01-18
C04857,Gold,853,307,2025-07-14
C04858,Silver,843,289,2025-10-17
C04859,Silver,871,261,2025-05-07
C04860,Silver,843,276,2025-08-30
C04861,Bronze,821,258,2025-11-06
C04862,Bronze,843,265,2025-01-02
C04863,Gold,897,284,2025-11-03
C04864,Bronze,868,260,2025-05-10
C04865,Silver,854,291,2025-09-28
C04866,Bronze,831,308,2025-09-29
C04867,Silver,851,270,2025-06-12
C04868,Bronze,816,270,2025-07-25
C04869,Bronze,842,297,2025-11-28
C04870,Silver,891,298,2025-08-21
C04871,Silver,884,293,2025-04-24
C04872,Gold,884,275,2025-07-16
C04873,Bronze,788,301,2025-05-30
C04874,Silver,897,317,2025-03-14
C04875,Bronze,827,299,2025-12-25
C04876,Silver,842,271,2025-12-26
C04877,Gold,835,293,2025-02-10
C04878,Silver,833,273,2025-11-28
C04879,Bronze,879,288,2025-04-08
C04880,Bronze,867,303,2025-08-17
C04881,Silver,856,302,2025-10-28
C04882,Silver,835,300,2025-02-22
C04883,Silver,851,238,2025-09-08
C04884,Bronze,832,286,2025-09-11
C04885,Bronze,875,295,2025-07-16
C04886,Bronze,861,314,2025-02-22
C04887,Gold,881,285,2025-04-05
C04888,Bronze,798,293,2025-08-14
C04889,Bronze,876,300,2025-05-16
C04890,Silver,848,261,2025-07-28
C04891,Platinum,855,258,2025-10-09
C04892,Silver,852,287,2025-10-12
C04893,Platinum,833,250,2025-03-12
C04894,Bronze,829,276,2025-03-31
C04895,Silver,828,289,2025-02-08
C04896,Bronze,844,265,2025-08-29
C04897,Silver,842,290,2025-02-03
C04898,Bronze,831,259,2025-07-19
C04899,Bronze,877,276,2025-02-19
C04900,Bronze,901,272,2025-06-01
C04901,Bronze,840,290,2025-01-15
C04902,Gold,843,291,2025-06-02
C04903,Silver,848,289,2025-01-10
C04904,Bronze,854,283,2025-04-29
C04905,Silver,856,298,2025-05-01
C04906,Platinum,808,270,2025-11-19
C04907,Gold,868,284,2025-07-04
C04908,Bronze,870,272,2025-08-26
C04909,Silver,861,277,2025-03-02
C04910,Bronze,836,283,2025-12-21
C04911,Silver,887,281,2025-10-06
C04912,Bronze,836,247,2025-10-07
C04913,Bronze,832,278,2025-05-25
C04914,Bronze,783,268,2025-10-09
C04915,Silver,852,329,2025-07-30
C04916,Bronze,844,275,2025-05-07
C04917,Silver,909,255,2025-09-02
C04918,Gold,858,294,2025-06-08
C04919,Bronze,806,298,2025-07-18
C04920,Bronze,835,301,2025-12-26
C04921,Silver,912,291,2025-12-10
C04922,Gold,862,308,2025-09-19
C04923,Silver,874,292,2025-10-19
C04924,Silver,837,322,2025-02-25
C04925,Gold,887,268,2025-03-18
C04926,Bronze,828,285,2025-12-23
C04927,Gold,820,320,2025-03-12
C04928,Bronze,933,286,2025-12-12
C04929,Bronze,870,273,2025-01-05
C04930,Bronze,816,297,2025-02-09
C04931,Bronze,857,281,2025-12-03
C04932,Gold,867,269,2025-05-24
C04933,Bronze,899,314,2025-07-31
C04934,Bronze,824,284,2025-05-13
C04935,Bronze,890,263,2025-06-06
C04936,Gold,891,282,2025-11-27
C04937,Bronze,857,276,2025-02-04
C04938,Silver,777,286,2025-07-25
C04939,Silver,879,270,2025-07-30
C04940,Bronze,858,282,2025-10-18
C04941,Bronze,876,284,2025-05-14
C04942,Bronze,818,283,2025-04-18
C04943,Bronze,842,300,2025-04-25
C04944,Silver,828,252,2025-08-26
C04945,Silver,835,285,2025-01-04
C04946,Platinum,808,297,2025-07-18
C04947,Bronze,883,307,2025-07-22
C04948,Bronze,823,289,2025-08-20
C04949,Bronze,842,256,2025-01-28
C04950,Bronze,866,274,2025-12-05
C04951,Silver,883,274,2024-12-31
C04952,Gold,835,291,2025-08-08
C04953,Bronze,936,294,2025-10-02
C04954,Gold,803,318,2025-02-06
C04955,Platinum,861,264,2025-08-26
C04956,Bronze,890,268,2025-10-29
C04957,Silver,823,266,2025-06-09
C04958,Silver,853,228,2025-02-17
C04959,Platinum,883,316,2025-04-23
C04960,Bronze,824,284,2025-02-28
C04961,Gold,878,271,2025-10-19
C04962,Platinum,844,284,2025-01-04
C04963,Bronze,892,287,2025-11-30
C04964,Bronze,854,283,2025-05-24
C04965,Bronze,829,307,2025-05-19
C04966,Gold,836,275,2025-06-28
C04967,Gold,899,274,2025-08-16
C04968,Platinum,836,240,2025-03-14
C04969,Bronze,834,269,2025-09-07
C04970,Gold,846,231,2025-02-16
C04971,Bronze,859,282,2025-09-22
C04972,Bronze,821,273,2025-07-28
C04973,Bronze,884,278,2025-09-04
C04974,Silver,841,291,2025-01-15
C04975,Gold,865,290,2025-03-12
C04976,Silver,831,314,2025-06-10
C04977,Bronze,873,273,2025-03-06
C04978,Bronze,846,283,2025-12-22
C04979,Silver,881,288,2025-08-12
C04980,Bronze,835,290,2025-07-21
C04981,Silver,866,297,2025-09-14
C04982,Bronze,822,309,2025-01-22
C04983,Gold,811,289,2025-03-04
C04984,Bronze,882,315,2025-09-29
C04985,Gold,863,317,2025-01-13
C04986,Bronze,833,246,2025-07-07
C04987,Silver,842,252,2025-10-03
C04988,Gold,854,258,2025-04-13
C04989,Silver,862,296,2025-05-05
C04990,Silver,871,300,2025-03-21
C04991,Silver,888,286,2025-01-10
C04992,Silver,832,262,2025-09-09
C04993,Bronze,873,276,2025-07-13
C04994,Bronze,873,272,2025-05-12
C04995,Silver,818,297,2025-09-21
C04996,Bronze,848,286,2025-08-26
C04997,Bronze,815,250,2025-04-14
C04998,Silver,833,280,2025-11-11
C04999,Bronze,833,263,2025-09-09
C05000,Gold,855,303,2025-08-27
