return_id,transaction_id,return_date,return_amount,return_reason
R000001,T0032824,2025-03-10,749.33,Late Delivery
R000002,T0016299,2025-12-08,652.23,Late Delivery
R000003,T0028506,2025-02-06,783.42,Size/Specification
R000004,T0006690,2025-08-05,239.81,Size/Specification
R000005,T0026894,2025-08-12,269.48,Quality Issue
R000006,T0036573,2025-06-06,77.66,Wrong Item
R000007,T0012336,2025-10-29,272.9,Late Delivery
R000008,T0029592,2025-05-30,1554.52,Damaged
R000009,T0018949,2025-05-13,24.12,Size/Specification
R000010,T0031068,2025-10-02,148.44,Size/Specification
R000011,T0022242,2025-11-16,208.39,Damaged
R000012,T0013788,2025-07-28,251.48,Wrong Item
R000013,T0005129,2025-01-08,88.11,Changed Mind
R000014,T0009126,2026-01-11,447.67,Changed Mind
R000015,T0035042,2025-05-30,95.53,Size/Specification
R000016,T0003511,2025-11-03,427.94,Quality Issue
R000017,T0016442,2026-01-02,438.58,Damaged
R000018,T0019464,2025-09-24,2600.35,Quality Issue
R000019,T0026284,2025-05-23,539.79,Changed Mind
R000020,T0036217,2025-05-30,65.94,Quality Issue
R000021,T0017408,2025-12-23,237.16,Damaged
R000022,T0010920,2025-07-03,250.56,Size/Specification
R000023,T0030867,2025-11-09,485.32,Late Delivery
R000024,T0034437,2026-01-20,147.39,Changed Mind
R000025,T0012702,2026-01-12,148.01,Size/Specification
R000026,T0035677,2025-11-18,968.6,Quality Issue
R000027,T0034090,2025-09-27,90.39,Changed Mind
R000028,T0021262,2025-07-11,566.86,Quality Issue
R000029,T0026174,2025-09-20,54.78,Changed Mind
R000030,T0028284,2025-04-30,165.6,Changed Mind
R000031,T0037267,2025-12-26,223.58,Damaged
R000032,T0032507,2025-09-13,126.34,Damaged
R000033,T0033382,2025-11-08,489.34,Size/Specification
R000034,T0039381,2025-08-30,176.65,Damaged
R000035,T0020846,2025-10-15,241.19,Late Delivery
R000036,T0000253,2025-12-25,423.64,Size/Specification
R000037,T0035120,2025-10-03,120.75,Changed Mind
R000038,T0003435,2025-07-25,274.05,Late Delivery
R000039,T0001279,2025-06-17,201.81,Damaged
R000040,T0008286,2025-09-13,76.12,Wrong Item
R000041,T0015216,2025-12-21,1209.5,Late Delivery
R000042,T0002625,2025-04-27,386.37,Damaged
R000043,T0003699,2025-11-02,113.16,Changed Mind
R000044,T0006040,2025-08-03,187.8,Size/Specification
R000045,T0004096,2025-06-02,209.6,Late Delivery
R000046,T0039575,2025-07-06,898.86,Wrong Item
R000047,T0014776,2025-04-17,281.38,Quality Issue
R000048,T0039975,2025-05-13,259.84,Quality Issue
R000049,T0014519,2025-12-23,58.01,Damaged
R000050,T0000315,2025-10-27,182.94,Damaged
R000051,T0005788,2025-11-23,351.62,Damaged
R000052,T0010860,2025-12-31,122.33,Size/Specification
R000053,T0020810,2025-01-17,242.27,Damaged
R000054,T0022988,2025-06-11,154.43,Late Delivery
R000055,T0027032,2025-02-26,175.64,Wrong Item
R000056,T0014999,2025-10-07,1138.72,Damaged
R000057,T0038589,2025-06-12,1268.44,Changed Mind
R000058,T0033053,2025-08-30,99.68,Size/Specification
R000059,T0027997,2025-11-09,55.57,Changed Mind
R000060,T0028905,2025-12-13,147.94,Wrong Item
R000061,T0028178,2025-05-12,623.46,Quality Issue
R000062,T0032863,2025-12-06,187.78,Changed Mind
R000063,T0035303,2025-09-13,76.31,Changed Mind
R000064,T0031371,2025-11-12,197.55,Late Delivery
R000065,T0022668,2025-09-01,41.51,Quality Issue
R000066,T0024534,2025-11-22,421.88,Wrong Item
R000067,T0001567,2026-01-10,169.63,Changed Mind
R000068,T0012297,2025-05-22,97.76,Late Delivery
R000069,T0034135,2025-06-19,206.05,Size/Specification
R000070,T0016811,2025-04-28,482.58,Changed Mind
R000071,T0014471,2025-06-21,124.12,Quality Issue
R000072,T0027085,2025-11-29,175.03,Size/Specification
R000073,T0021048,2025-02-15,147.53,Damaged
R000074,T0036980,2025-09-02,265.47,Damaged
R000075,T0032735,2025-10-28,820.96,Damaged
R000076,T0032799,2025-12-19,151.15,Quality Issue
R000077,T0022899,2025-01-30,98.38,Damaged
R000078,T0004860,2025-10-19,125.48,Damaged
R000079,T0008649,2025-01-25,311.02,Damaged
R000080,T0038407,2025-01-16,54.41,Changed Mind
R000081,T0038976,2025-01-10,103.49,Size/Specification
R000082,T0003720,2025-01-17,45.34,Size/Specification
R000083,T0015281,2025-12-29,248.56,Size/Specification
R000084,T0013126,2025-11-05,464.5,Changed Mind
R000085,T0024169,2025-08-06,1234.86,Quality Issue
R000086,T0031579,2025-09-27,171.06,Changed Mind
R000087,T0015147,2025-05-06,760.95,Quality Issue
R000088,T0031544,2025-09-02,163.7,Quality Issue
R000089,T0025650,2025-01-20,565.08,Changed Mind
R000090,T0037864,2025-07-14,238.16,Quality Issue
R000091,T0029170,2025-05-03,248.93,Damaged
R000092,T0014076,2025-10-03,483.54,Size/Specification
R000093,T0020452,2025-10-01,44.33,Damaged
R000094,T0009537,2025-09-09,318.85,Quality Issue
R000095,T0010643,2025-12-24,101.24,Quality Issue
R000096,T0030746,2025-04-20,114.63,Late Delivery
R000097,T0004751,2025-07-22,170.2,Damaged
R000098,T0036514,2025-08-16,86.85,Size/Specification
R000099,T0024788,2025-03-05,49.15,Changed Mind
R000100,T0007307,2025-05-13,81.88,Changed Mind
R000101,T0013144,2025-11-14,350.94,Changed Mind
R000102,T0027416,2025-10-04,169.9,Size/Specification
R000103,T0025485,2025-06-23,74.48,Size/Specification
R000104,T0001485,2025-06-21,332.26,Changed Mind
R000105,T0035901,2025-01-22,502.5,Damaged
R000106,T0013254,2025-11-11,348.3,Changed Mind
R000107,T0008892,2025-01-28,305.88,Size/Specification
R000108,T0023164,2025-08-09,45.2,Changed Mind
R000109,T0008896,2025-08-27,103.54,Changed Mind
R000110,T0026783,2025-12-10,135.1,Changed Mind
R000111,T0034570,2025-02-01,296.52,Size/Specification
R000112,T0000817,2025-10-01,338.9,Wrong Item
R000113,T0006402,2025-04-14,119.46,Late Delivery
R000114,T0001465,2025-06-27,318.24,Damaged
R000115,T0027810,2025-07-14,817.68,Wrong Item
R000116,T0037678,2025-11-06,61.98,Size/Specification
R000117,T0006276,2026-01-17,82.21,Changed Mind
R000118,T0028738,2025-05-28,202.31,Late Delivery
R000119,T0002508,2025-07-27,147.78,Changed Mind
R000120,T0021747,2025-05-24,96.45,Changed Mind
R000121,T0034166,2025-05-23,340.91,Wrong Item
R000122,T0011898,2025-01-14,1261.36,Wrong Item
R000123,T0004179,2025-11-28,747.78,Size/Specification
R000124,T0028723,2025-02-12,177.35,Late Delivery
R000125,T0021803,2025-11-29,414.03,Damaged
R000126,T0023588,2025-02-03,507.16,Size/Specification
R000127,T0000626,2025-06-28,62.78,Late Delivery
R000128,T0019904,2025-11-01,271.1,Changed Mind
R000129,T0023139,2025-11-24,264.73,Size/Specification
R000130,T0026908,2025-06-07,357.08,Late Delivery
R000131,T0014858,2025-11-27,51.15,Size/Specification
R000132,T0031836,2025-08-05,137.86,Damaged
R000133,T0016368,2025-03-26,616.76,Wrong Item
R000134,T0003706,2025-11-19,120.01,Late Delivery
R000135,T0006225,2025-09-24,945.78,Size/Specification
R000136,T0020857,2025-09-11,2115.26,Wrong Item
R000137,T0035490,2025-06-01,360.54,Quality Issue
R000138,T0004274,2025-10-02,179.04,Late Delivery
R000139,T0016294,2025-05-28,86.05,Size/Specification
R000140,T0039521,2025-06-16,283.45,Size/Specification
R000141,T0006893,2025-09-09,141.96,Wrong Item
R000142,T0028786,2025-06-10,449.81,Changed Mind
R000143,T0012620,2025-08-24,117.06,Damaged
R000144,T0018637,2025-03-22,792.6,Size/Specification
R000145,T0009802,2025-07-05,529.44,Size/Specification
R000146,T0009837,2025-11-14,243.38,Damaged
R000147,T0017163,2025-06-05,155.68,Size/Specification
R000148,T0015396,2025-10-13,246.58,Size/Specification
R000149,T0000735,2025-10-23,245.66,Damaged
R000150,T0036024,2025-04-30,525.5,Quality Issue
R000151,T0020963,2025-03-03,152.55,Changed Mind
R000152,T0032045,2025-11-27,75.09,Changed Mind
R000153,T0034195,2025-10-14,871.17,Quality Issue
R000154,T0032371,2025-04-19,2320.88,Changed Mind
R000155,T0033014,2025-11-06,1265.52,Late Delivery
R000156,T0019823,2025-03-30,752.98,Damaged
R000157,T0018530,2025-05-04,195.08,Damaged
R000158,T0008154,2025-08-06,86.31,Late Delivery
R000159,T0004742,2025-03-11,106.16,Size/Specification
R000160,T0034383,2025-03-14,280.83,Changed Mind
R000161,T0038991,2025-09-06,283.76,Changed Mind
R000162,T0011855,2025-08-24,173.19,Late Delivery
R000163,T0008477,2025-04-19,135.65,Changed Mind
R000164,T0030442,2025-03-16,175.2,Damaged
R000165,T0038328,2025-01-26,268.33,Damaged
R000166,T0006597,2025-08-28,601.38,Changed Mind
R000167,T0022992,2025-02-23,131.77,Quality Issue
R000168,T0014804,2025-10-16,399.28,Damaged
R000169,T0005374,2025-06-25,184.66,Size/Specification
R000170,T0025797,2025-07-13,382.16,Changed Mind
R000171,T0038262,2025-12-20,233.31,Changed Mind
R000172,T0034488,2025-09-30,325.87,Size/Specification
R000173,T0036136,2025-01-24,478.37,Changed Mind
R000174,T0007482,2025-01-30,353.95,Changed Mind
R000175,T0015200,2025-12-21,182.4,Changed Mind
R000176,T0030362,2025-12-21,200.81,Changed Mind
R000177,T0006522,2025-12-10,70.85,Quality Issue
R000178,T0015469,2025-10-17,294.58,Size/Specification
R000179,T0019592,2025-02-05,127.3,Quality Issue
R000180,T0032378,2025-08-07,137.68,Changed Mind
R000181,T0028681,2025-07-20,269.89,Quality Issue
R000182,T0025457,2025-09-22,278.91,Size/Specification
R000183,T0035771,2025-11-21,94.39,Wrong Item
R000184,T0023097,2025-02-11,301.74,Late Delivery
R000185,T0020819,2026-01-09,573.81,Size/Specification
R000186,T0010081,2025-09-16,298.2,Damaged
R000187,T0021152,2025-03-12,57.75,Quality Issue
R000188,T0023660,2025-06-12,143.68,Quality Issue
R000189,T0033373,2025-11-06,293.73,Size/Specification
R000190,T0025950,2025-02-24,1977.59,Changed Mind
R000191,T0018069,2025-03-12,77.61,Late Delivery
R000192,T0038065,2025-03-13,251.42,Wrong Item
R000193,T0023739,2025-04-17,49.1,Quality Issue
R000194,T0021790,2025-04-11,481.88,Quality Issue
R000195,T0027297,2025-08-24,332.64,Changed Mind
R000196,T0017048,2025-08-06,288.72,Quality Issue
R000197,T0036950,2025-05-03,782.0,Size/Specification
R000198,T0005526,2025-10-30,96.19,Wrong Item
R000199,T0035930,2025-08-11,235.47,Quality Issue
R000200,T0023531,2025-02-11,373.88,Wrong Item
R000201,T0009208,2025-03-28,501.85,Size/Specification
R000202,T0019175,2025-09-28,142.24,Changed Mind
R000203,T0017177,2025-04-25,72.93,Changed Mind
R000204,T0032705,2026-01-03,67.6,Wrong Item
R000205,T0013597,2026-01-10,146.9,Size/Specification
R000206,T0021672,2026-01-11,208.82,Changed Mind
R000207,T0009313,2025-11-18,961.53,Damaged
R000208,T0031864,2025-12-29,323.22,Late Delivery
R000209,T0000954,2025-12-19,88.42,Changed Mind
R000210,T0015687,2025-04-07,124.56,Changed Mind
R000211,T0000466,2025-03-24,2149.65,Damaged
R000212,T0019650,2025-12-18,158.63,Wrong Item
R000213,T0020298,2025-08-27,117.7,Late Delivery
R000214,T0032490,2025-04-28,172.72,Changed Mind
R000215,T0021444,2025-07-26,181.95,Changed Mind
R000216,T0034429,2025-03-19,664.72,Quality Issue
R000217,T0030292,2025-12-01,203.15,Size/Specification
R000218,T0039030,2025-12-01,421.2,Changed Mind
R000219,T0036575,2025-08-19,165.45,Quality Issue
R000220,T0023733,2025-04-09,124.02,Changed Mind
R000221,T0024824,2025-02-26,85.42,Quality Issue
R000222,T0010027,2025-09-04,185.53,Quality Issue
R000223,T0013963,2025-03-26,111.05,Quality Issue
R000224,T0004057,2025-01-15,34.02,Quality Issue
R000225,T0030045,2025-02-05,263.24,Damaged
R000226,T0028502,2025-02-26,414.84,Size/Specification
R000227,T0019238,2025-05-25,570.5,Late Delivery
R000228,T0035522,2025-01-17,444.45,Late Delivery
R000229,T0011213,2025-12-10,109.22,Size/Specification
R000230,T0028233,2025-10-12,392.04,Damaged
R000231,T0035915,2025-04-23,218.18,Size/Specification
R000232,T0025662,2025-04-08,189.02,Wrong Item
R000233,T0038733,2025-01-27,181.15,Changed Mind
R000234,T0003109,2025-12-16,740.14,Wrong Item
R000235,T0029645,2025-08-21,292.12,Size/Specification
R000236,T0011199,2025-05-27,192.95,Wrong Item
R000237,T0034601,2025-08-02,513.64,Damaged
R000238,T0006551,2025-10-14,55.84,Size/Specification
R000239,T0020005,2025-09-08,114.49,Quality Issue
R000240,T0003439,2025-07-01,153.22,Size/Specification
R000241,T0007432,2025-08-29,473.58,Quality Issue
R000242,T0032586,2025-12-06,231.89,Changed Mind
R000243,T0023982,2025-06-09,227.07,Size/Specification
R000244,T0033118,2025-12-07,131.55,Quality Issue
R000245,T0019663,2025-08-31,37.07,Changed Mind
R000246,T0029714,2025-11-03,147.03,Changed Mind
R000247,T0014122,2025-07-12,753.68,Damaged
R000248,T0005684,2025-11-16,167.52,Size/Specification
R000249,T0006217,2025-03-14,119.84,Quality Issue
R000250,T0009702,2025-12-07,97.89,Size/Specification
R000251,T0007370,2025-11-21,191.67,Changed Mind
R000252,T0014868,2025-02-20,80.04,Damaged
R000253,T0001488,2025-08-12,79.7,Size/Specification
R000254,T0027648,2025-07-05,88.98,Changed Mind
R000255,T0023972,2025-09-28,270.97,Damaged
R000256,T0038028,2025-06-16,224.66,Changed Mind
R000257,T0024751,2025-08-26,234.33,Damaged
R000258,T0028673,2025-12-22,94.19,Size/Specification
R000259,T0031862,2025-12-31,274.18,Wrong Item
R000260,T0023088,2025-12-19,449.37,Size/Specification
R000261,T0021288,2025-11-12,84.44,Size/Specification
R000262,T0032682,2025-01-31,244.48,Quality Issue
R000263,T0038554,2025-04-21,545.78,Changed Mind
R000264,T0006073,2025-03-18,462.45,Changed Mind
R000265,T0036917,2025-10-01,210.01,Damaged
R000266,T0014914,2025-04-09,545.77,Size/Specification
R000267,T0007415,2025-08-11,220.35,Quality Issue
R000268,T0004868,2025-09-30,676.66,Quality Issue
R000269,T0009591,2025-08-02,91.04,Damaged
R000270,T0008192,2025-08-15,96.85,Changed Mind
R000271,T0028439,2025-04-28,644.14,Late Delivery
R000272,T0025754,2025-03-13,387.96,Damaged
R000273,T0027641,2025-08-21,168.18,Quality Issue
R000274,T0008987,2025-12-21,293.4,Late Delivery
R000275,T0017307,2025-12-01,431.26,Late Delivery
R000276,T0020945,2025-07-29,1210.8,Quality Issue
R000277,T0004281,2025-04-03,207.74,Damaged
R000278,T0007853,2026-01-17,913.84,Damaged
R000279,T0018315,2025-01-23,432.61,Size/Specification
R000280,T0030232,2025-06-03,287.77,Late Delivery
R000281,T0004218,2025-08-23,120.62,Size/Specification
R000282,T0001393,2025-01-31,206.5,Changed Mind
R000283,T0002916,2025-07-31,75.89,Quality Issue
R000284,T0026193,2025-06-19,242.81,Quality Issue
R000285,T0027626,2025-12-02,110.79,Late Delivery
R000286,T0006947,2025-12-24,145.54,Wrong Item
R000287,T0007657,2025-04-17,373.43,Changed Mind
R000288,T0017991,2025-02-26,123.88,Late Delivery
R000289,T0009536,2025-01-14,86.81,Size/Specification
R000290,T0014713,2025-04-23,214.0,Late Delivery
R000291,T0012236,2025-12-13,159.69,Late Delivery
R000292,T0038600,2025-06-19,78.25,Damaged
R000293,T0025296,2025-05-08,207.36,Changed Mind
R000294,T0008055,2025-12-06,857.84,Changed Mind
R000295,T0015954,2025-11-11,211.74,Size/Specification
R000296,T0027060,2025-12-27,2934.2,Quality Issue
R000297,T0034569,2025-12-11,95.65,Wrong Item
R000298,T0030691,2025-09-04,226.98,Wrong Item
R000299,T0025546,2025-11-04,215.54,Changed Mind
R000300,T0011642,2025-03-01,128.2,Size/Specification
R000301,T0030889,2025-10-04,1453.65,Late Delivery
R000302,T0038611,2025-11-09,152.46,Damaged
R000303,T0027151,2025-04-29,113.39,Wrong Item
R000304,T0028343,2025-02-14,466.14,Late Delivery
R000305,T0016795,2025-02-22,313.5,Size/Specification
R000306,T0005184,2025-04-03,148.29,Wrong Item
R000307,T0002495,2025-03-20,242.06,Size/Specification
R000308,T0031546,2025-10-15,40.65,Size/Specification
R000309,T0008249,2025-10-24,133.89,Changed Mind
R000310,T0006840,2025-04-08,531.63,Size/Specification
R000311,T0030998,2025-03-20,138.52,Damaged
R000312,T0027031,2025-09-28,366.04,Size/Specification
R000313,T0000110,2025-10-02,122.72,Damaged
R000314,T0030589,2025-06-05,434.22,Quality Issue
R000315,T0015260,2025-12-07,132.94,Damaged
R000316,T0036154,2025-04-16,343.52,Quality Issue
R000317,T0022429,2025-12-09,604.45,Damaged
R000318,T0015498,2025-04-04,89.55,Quality Issue
R000319,T0039192,2025-11-09,46.24,Wrong Item
R000320,T0025405,2025-11-14,156.16,Changed Mind
R000321,T0012934,2025-01-30,186.69,Changed Mind
R000322,T0032610,2025-05-23,1076.64,Late Delivery
R000323,T0026727,2025-03-08,98.47,Wrong Item
R000324,T0036533,2025-08-06,165.41,Damaged
R000325,T0009596,2025-02-23,129.48,Damaged
R000326,T0023167,2025-02-10,300.77,Damaged
R000327,T0013020,2025-10-18,346.56,Changed Mind
R000328,T0005479,2025-11-29,212.52,Wrong Item
R000329,T0022762,2025-09-06,223.59,Quality Issue
R000330,T0005883,2025-04-19,462.18,Damaged
R000331,T0034399,2025-10-27,134.34,Quality Issue
R000332,T0017968,2025-08-11,79.96,Size/Specification
R000333,T0014669,2025-12-21,214.19,Wrong Item
R000334,T0001403,2025-01-05,140.62,Changed Mind
R000335,T0029009,2025-03-13,853.0,Damaged
R000336,T0016316,2025-12-22,153.98,Quality Issue
R000337,T0009290,2025-10-25,86.67,Wrong Item
R000338,T0016901,2026-01-10,168.99,Wrong Item
R000339,T0010227,2025-09-16,91.95,Wrong Item
R000340,T0018629,2025-10-02,130.58,Changed Mind
R000341,T0029899,2025-12-07,70.86,Changed Mind
R000342,T0031658,2025-10-07,989.14,Quality Issue
R000343,T0025197,2025-12-13,206.0,Size/Specification
R000344,T0032149,2025-10-15,212.98,Size/Specification
R000345,T0018993,2025-07-10,192.28,Size/Specification
R000346,T0039239,2025-09-10,237.94,Changed Mind
R000347,T0014147,2025-08-15,478.38,Size/Specification
R000348,T0001671,2025-05-15,383.88,Changed Mind
R000349,T0033646,2025-10-31,1389.09,Changed Mind
R000350,T0018305,2025-01-18,91.92,Damaged
R000351,T0039587,2025-02-15,127.59,Wrong Item
R000352,T0031459,2025-03-01,368.54,Late Delivery
R000353,T0036495,2025-09-24,326.68,Late Delivery
R000354,T0035229,2025-05-29,619.32,Late Delivery
R000355,T0034618,2025-02-26,742.42,Size/Specification
R000356,T0024220,2025-10-29,189.2,Size/Specification
R000357,T0030770,2025-03-13,487.6,Changed Mind
R000358,T0018612,2025-09-16,265.96,Quality Issue
R000359,T0020396,2025-07-31,773.98,Changed Mind
R000360,T0021901,2025-01-18,67.88,Changed Mind
R000361,T0005041,2025-06-18,168.6,Quality Issue
R000362,T0003877,2025-02-16,279.17,Size/Specification
R000363,T0008318,2025-06-19,158.35,Damaged
R000364,T0020047,2026-01-06,698.86,Size/Specification
R000365,T0001912,2025-11-28,83.57,Damaged
R000366,T0019152,2025-10-20,141.47,Damaged
R000367,T0016676,2025-03-14,1032.84,Size/Specification
R000368,T0037364,2025-09-03,377.38,Quality Issue
R000369,T0015215,2025-12-16,1829.3,Changed Mind
R000370,T0003220,2025-11-17,50.68,Late Delivery
R000371,T0009193,2025-02-13,245.99,Late Delivery
R000372,T0020729,2025-10-06,89.65,Late Delivery
R000373,T0030822,2025-05-01,1427.52,Damaged
R000374,T0011082,2025-03-30,136.55,Late Delivery
R000375,T0027004,2025-11-04,357.64,Wrong Item
R000376,T0005502,2025-03-03,451.18,Changed Mind
R000377,T0032524,2025-02-25,65.44,Damaged
R000378,T0039926,2025-07-23,186.35,Size/Specification
R000379,T0035084,2025-07-15,260.77,Quality Issue
R000380,T0035551,2025-03-27,34.18,Quality Issue
R000381,T0038909,2025-08-21,74.67,Changed Mind
R000382,T0001537,2025-04-20,357.64,Late Delivery
R000383,T0025525,2025-06-03,1003.05,Late Delivery
R000384,T0030533,2025-03-17,80.84,Size/Specification
R000385,T0035968,2025-05-30,259.92,Damaged
R000386,T0021194,2025-04-20,676.45,Size/Specification
R000387,T0019245,2025-08-29,202.53,Late Delivery
R000388,T0018735,2025-05-19,327.76,Size/Specification
R000389,T0003075,2025-05-01,274.05,Size/Specification
R000390,T0017521,2025-05-09,346.08,Damaged
R000391,T0036670,2025-04-09,267.7,Quality Issue
R000392,T0023183,2025-06-07,257.11,Changed Mind
R000393,T0018809,2025-10-06,356.72,Changed Mind
R000394,T0014833,2025-08-14,84.42,Size/Specification
R000395,T0002742,2025-02-14,1127.12,Wrong Item
R000396,T0018721,2025-11-16,120.34,Quality Issue
R000397,T0016943,2025-10-19,151.97,Size/Specification
R000398,T0008830,2025-06-19,225.58,Size/Specification
R000399,T0005101,2025-05-21,78.26,Damaged
R000400,T0013926,2025-12-13,165.5,Late Delivery
R000401,T0020938,2025-10-19,488.76,Size/Specification
R000402,T0018964,2025-10-09,831.84,Late Delivery
R000403,T0010742,2025-06-27,172.56,Damaged
R000404,T0010429,2025-04-05,507.3,Changed Mind
R000405,T0011966,2025-03-11,89.0,Changed Mind
R000406,T0036825,2025-11-12,744.6,Size/Specification
R000407,T0026541,2025-01-30,182.3,Damaged
R000408,T0008740,2025-05-19,229.56,Wrong Item
R000409,T0002183,2025-06-14,107.57,Late Delivery
R000410,T0033977,2025-07-09,25.05,Damaged
R000411,T0024429,2025-07-22,113.48,Changed Mind
R000412,T0023671,2025-12-16,158.81,Size/Specification
R000413,T0004631,2025-03-29,505.24,Changed Mind
R000414,T0003462,2025-06-15,244.97,Damaged
R000415,T0030885,2025-03-14,119.2,Damaged
R000416,T0027206,2025-05-22,297.4,Quality Issue
R000417,T0012624,2025-11-06,189.8,Late Delivery
R000418,T0016145,2025-10-11,264.4,Changed Mind
R000419,T0002159,2025-03-13,168.37,Changed Mind
R000420,T0024573,2025-10-16,431.82,Changed Mind
R000421,T0021642,2025-03-16,142.46,Late Delivery
R000422,T0023876,2025-02-20,524.13,Wrong Item
R000423,T0033328,2026-01-09,601.42,Changed Mind
R000424,T0018927,2025-11-25,120.0,Changed Mind
R000425,T0036579,2025-10-21,606.21,Damaged
R000426,T0031267,2025-06-07,524.82,Wrong Item
R000427,T0025512,2025-05-22,482.0,Damaged
R000428,T0004673,2025-12-16,95.67,Late Delivery
R000429,T0006973,2026-01-14,194.18,Size/Specification
R000430,T0004266,2025-05-09,304.21,Size/Specification
R000431,T0030060,2025-12-28,3596.37,Changed Mind
R000432,T0026619,2025-04-21,519.32,Damaged
R000433,T0012436,2025-07-06,354.45,Wrong Item
R000434,T0015118,2025-01-31,921.84,Changed Mind
R000435,T0021125,2025-10-14,118.2,Late Delivery
R000436,T0015519,2025-09-22,375.82,Damaged
R000437,T0018311,2025-06-28,177.35,Size/Specification
R000438,T0031488,2025-03-04,251.94,Size/Specification
R000439,T0006182,2025-09-12,503.64,Damaged
R000440,T0019035,2025-10-26,71.22,Quality Issue
R000441,T0023442,2026-01-04,192.83,Wrong Item
R000442,T0015500,2025-04-07,390.44,Damaged
R000443,T0007561,2025-08-26,320.52,Damaged
R000444,T0006743,2025-06-23,142.27,Late Delivery
R000445,T0032485,2025-06-12,426.08,Quality Issue
R000446,T0034245,2025-07-22,223.78,Changed Mind
R000447,T0009017,2025-10-30,654.63,Wrong Item
R000448,T0015608,2025-10-18,112.23,Size/Specification
R000449,T0013836,2025-11-27,141.07,Changed Mind
R000450,T0034736,2025-05-17,198.82,Wrong Item
R000451,T0030491,2025-06-12,61.1,Late Delivery
R000452,T0022161,2025-04-18,143.15,Damaged
R000453,T0035785,2025-05-15,221.79,Changed Mind
R000454,T0031093,2025-01-30,130.04,Size/Specification
R000455,T0002309,2026-01-03,82.52,Size/Specification
R000456,T0034678,2025-05-27,59.66,Size/Specification
R000457,T0033251,2025-03-27,154.62,Quality Issue
R000458,T0021536,2025-12-17,118.44,Changed Mind
R000459,T0026645,2025-08-31,157.4,Size/Specification
R000460,T0005427,2025-03-04,534.04,Size/Specification
R000461,T0009842,2025-09-08,123.23,Size/Specification
R000462,T0032965,2025-09-05,167.71,Late Delivery
R000463,T0030648,2025-11-21,127.64,Damaged
R000464,T0007722,2025-09-25,114.85,Wrong Item
R000465,T0006189,2025-08-13,171.28,Late Delivery
R000466,T0025087,2025-09-22,309.45,Damaged
R000467,T0011128,2026-01-10,437.42,Quality Issue
R000468,T0004786,2025-11-05,331.54,Size/Specification
R000469,T0001797,2025-10-06,1017.5,Changed Mind
R000470,T0006621,2025-02-21,122.36,Size/Specification
R000471,T0033771,2025-04-04,159.28,Damaged
R000472,T0032900,2025-12-07,83.14,Size/Specification
R000473,T0039705,2025-06-08,534.87,Size/Specification
R000474,T0015342,2025-08-27,37.41,Size/Specification
R000475,T0039508,2025-03-21,504.05,Damaged
R000476,T0002542,2025-05-31,293.19,Size/Specification
R000477,T0039993,2025-06-30,144.57,Size/Specification
R000478,T0015003,2025-09-11,199.19,Size/Specification
R000479,T0033203,2025-11-16,845.08,Changed Mind
R000480,T0034430,2025-03-30,190.21,Damaged
R000481,T0012924,2025-05-23,364.18,Damaged
R000482,T0012030,2025-09-13,221.0,Changed Mind
R000483,T0003900,2025-11-28,64.82,Quality Issue
R000484,T0028336,2025-05-27,149.02,Damaged
R000485,T0019772,2025-11-07,29.23,Changed Mind
R000486,T0005035,2025-04-26,689.46,Wrong Item
R000487,T0010629,2025-06-25,428.56,Changed Mind
R000488,T0028384,2025-06-05,214.38,Late Delivery
R000489,T0011083,2025-11-29,53.4,Wrong Item
R000490,T0010008,2025-09-10,199.23,Changed Mind
R000491,T0000968,2025-11-10,574.22,Quality Issue
R000492,T0030718,2025-08-22,611.84,Damaged
R000493,T0034830,2025-10-17,520.03,Size/Specification
R000494,T0008714,2025-04-08,60.09,Wrong Item
R000495,T0027537,2025-01-21,564.87,Quality Issue
R000496,T0015362,2025-12-17,273.12,Late Delivery
R000497,T0001558,2025-04-18,206.98,Size/Specification
R000498,T0023968,2025-06-02,176.38,Wrong Item
R000499,T0002645,2025-07-02,153.19,Size/Specification
R000500,T0005655,2025-11-10,98.81,Changed Mind
R000501,T0030062,2025-05-16,184.76,Late Delivery
R000502,T0017259,2025-08-12,176.59,Damaged
R000503,T0009393,2025-08-28,417.13,Size/Specification
R000504,T0038572,2025-04-30,238.22,Damaged
R000505,T0026334,2025-06-27,150.4,Changed Mind
R000506,T0018924,2025-11-07,68.07,Damaged
R000507,T0003793,2025-07-10,310.74,Late Delivery
R000508,T0032561,2025-02-06,209.95,Changed Mind
R000509,T0011471,2025-12-29,208.17,Late Delivery
R000510,T0038149,2025-10-20,701.44,Quality Issue
R000511,T0018234,2025-12-10,184.94,Size/Specification
R000512,T0020378,2025-11-30,72.31,Size/Specification
R000513,T0015018,2025-10-24,110.9,Damaged
R000514,T0017316,2025-01-18,163.43,Size/Specification
R000515,T0017485,2025-03-09,151.52,Changed Mind
R000516,T0014585,2025-09-24,132.4,Quality Issue
R000517,T0006435,2025-02-03,378.97,Damaged
R000518,T0028350,2025-07-08,279.27,Late Delivery
R000519,T0031019,2025-03-28,299.63,Late Delivery
R000520,T0021240,2025-03-15,167.01,Damaged
R000521,T0023590,2025-06-15,244.43,Wrong Item
R000522,T0005422,2025-09-23,1319.7,Quality Issue
R000523,T0018630,2025-03-23,219.5,Late Delivery
R000524,T0038990,2025-08-15,126.35,Changed Mind
R000525,T0009104,2025-12-23,209.18,Late Delivery
R000526,T0013205,2025-11-18,122.56,Size/Specification
R000527,T0004519,2025-04-15,504.6,Wrong Item
R000528,T0032821,2025-11-20,217.83,Size/Specification
R000529,T0015577,2025-10-30,61.84,Quality Issue
R000530,T0015070,2025-11-08,77.24,Late Delivery
R000531,T0009513,2025-04-14,140.94,Damaged
R000532,T0004147,2025-03-03,179.22,Size/Specification
R000533,T0027818,2025-11-04,53.78,Changed Mind
R000534,T0025530,2026-01-05,248.92,Damaged
R000535,T0029510,2025-09-02,64.88,Late Delivery
R000536,T0030593,2025-05-10,197.06,Late Delivery
R000537,T0036727,2025-11-16,39.73,Wrong Item
R000538,T0020043,2025-05-19,429.0,Size/Specification
R000539,T0019519,2025-04-03,159.3,Damaged
R000540,T0007647,2025-10-03,149.74,Damaged
R000541,T0035234,2025-11-23,94.49,Damaged
R000542,T0026292,2026-01-09,85.07,Size/Specification
R000543,T0035995,2025-05-08,368.99,Size/Specification
R000544,T0037389,2025-12-08,795.12,Changed Mind
R000545,T0036081,2025-05-26,277.39,Damaged
R000546,T0015551,2025-08-09,472.92,Late Delivery
R000547,T0008322,2025-12-25,200.91,Size/Specification
R000548,T0039876,2025-02-03,358.38,Late Delivery
R000549,T0002117,2025-10-02,108.36,Quality Issue
R000550,T0017715,2026-01-14,76.46,Size/Specification
R000551,T0018013,2025-05-26,210.22,Size/Specification
R000552,T0007071,2025-06-24,485.58,Changed Mind
R000553,T0012956,2025-11-18,1708.04,Late Delivery
R000554,T0020042,2025-12-12,298.54,Late Delivery
R000555,T0013023,2026-01-16,192.23,Damaged
R000556,T0007450,2025-02-08,124.08,Quality Issue
R000557,T0022455,2025-05-23,154.14,Late Delivery
R000558,T0033838,2025-08-27,341.64,Wrong Item
R000559,T0004326,2025-03-01,311.78,Damaged
R000560,T0017461,2025-04-07,102.0,Wrong Item
R000561,T0010866,2025-09-13,41.91,Quality Issue
R000562,T0014598,2025-11-01,131.22,Quality Issue
R000563,T0010394,2025-02-14,200.89,Damaged
R000564,T0016073,2025-12-11,87.73,Quality Issue
R000565,T0023401,2025-09-21,90.87,Changed Mind
R000566,T0013816,2025-12-06,36.09,Size/Specification
R000567,T0031609,2025-07-08,132.89,Quality Issue
R000568,T0000609,2025-08-02,440.44,Damaged
R000569,T0003947,2025-03-10,1017.76,Quality Issue
R000570,T0011858,2025-05-26,355.62,Changed Mind
R000571,T0034782,2025-10-25,112.82,Damaged
R000572,T0009673,2025-08-04,286.12,Changed Mind
R000573,T0001648,2025-04-10,485.85,Size/Specification
R000574,T0005708,2025-08-06,2586.0,Size/Specification
R000575,T0013595,2025-09-17,93.2,Quality Issue
R000576,T0021533,2025-09-04,331.08,Damaged
R000577,T0005942,2025-07-05,865.01,Size/Specification
R000578,T0015554,2025-06-10,531.27,Damaged
R000579,T0031034,2025-02-19,117.71,Late Delivery
R000580,T0009452,2025-08-22,410.01,Quality Issue
R000581,T0014349,2025-12-20,188.92,Wrong Item
R000582,T0029694,2025-12-15,44.05,Late Delivery
R000583,T0002134,2025-08-02,413.02,Late Delivery
R000584,T0010645,2025-05-24,141.51,Size/Specification
R000585,T0010031,2025-12-17,291.76,Quality Issue
R000586,T0004153,2025-11-30,105.29,Damaged
R000587,T0012523,2025-12-02,68.62,Changed Mind
R000588,T0011490,2025-10-04,108.75,Damaged
R000589,T0030350,2025-11-19,457.65,Quality Issue
R000590,T0028214,2025-12-30,259.33,Size/Specification
R000591,T0009206,2025-11-05,276.49,Size/Specification
R000592,T0002876,2025-05-14,163.71,Wrong Item
R000593,T0014171,2025-11-21,140.42,Size/Specification
R000594,T0029843,2025-05-07,94.34,Damaged
R000595,T0004776,2025-04-04,182.91,Damaged
R000596,T0000199,2025-02-06,459.74,Wrong Item
R000597,T0028132,2025-03-15,57.55,Changed Mind
R000598,T0024202,2025-06-02,180.04,Damaged
R000599,T0022854,2025-12-10,232.36,Changed Mind
R000600,T0034907,2025-01-05,204.82,Size/Specification
R000601,T0024936,2025-11-14,147.26,Size/Specification
R000602,T0023567,2025-12-29,111.76,Damaged
R000603,T0013925,2025-05-24,150.81,Damaged
R000604,T0003565,2025-08-02,91.69,Late Delivery
R000605,T0027350,2025-07-12,70.5,Wrong Item
R000606,T0017497,2025-12-11,389.97,Quality Issue
R000607,T0026445,2025-01-27,370.58,Size/Specification
R000608,T0032435,2025-05-01,152.02,Quality Issue
R000609,T0033635,2025-08-05,145.99,Changed Mind
R000610,T0019932,2025-09-22,206.81,Quality Issue
R000611,T0021713,2025-08-02,222.72,Late Delivery
R000612,T0006927,2025-09-03,40.81,Size/Specification
R000613,T0034128,2025-03-02,109.25,Changed Mind
R000614,T0032212,2025-02-15,244.83,Size/Specification
R000615,T0017517,2025-05-10,334.66,Wrong Item
R000616,T0015407,2025-03-06,332.88,Changed Mind
R000617,T0018919,2025-06-05,36.53,Size/Specification
R000618,T0013553,2025-11-08,81.35,Quality Issue
R000619,T0020353,2025-08-28,259.93,Damaged
R000620,T0011894,2025-02-06,84.95,Late Delivery
R000621,T0036711,2025-09-06,89.64,Damaged
R000622,T0024437,2025-09-27,119.14,Changed Mind
R000623,T0009695,2025-10-07,77.7,Size/Specification
R000624,T0016182,2025-02-06,52.81,Late Delivery
R000625,T0036935,2025-06-06,458.7,Quality Issue
R000626,T0011552,2025-10-20,51.29,Late Delivery
R000627,T0017610,2025-06-02,82.68,Size/Specification
R000628,T0026693,2025-08-08,557.92,Size/Specification
R000629,T0029086,2025-03-07,196.99,Wrong Item
R000630,T0035878,2025-05-27,259.81,Quality Issue
R000631,T0026649,2025-11-01,302.88,Changed Mind
R000632,T0029029,2025-05-31,126.25,Damaged
R000633,T0001454,2026-01-16,72.11,Damaged
R000634,T0018487,2025-04-06,105.4,Late Delivery
R000635,T0019322,2025-04-15,87.93,Size/Specification
R000636,T0028701,2025-04-20,84.54,Changed Mind
R000637,T0039042,2025-10-24,90.58,Size/Specification
R000638,T0003266,2025-11-14,518.66,Damaged
R000639,T0010509,2025-09-19,3186.09,Changed Mind
R000640,T0020498,2025-06-01,96.01,Changed Mind
R000641,T0005776,2025-05-31,179.02,Wrong Item
R000642,T0032375,2025-04-29,133.49,Damaged
R000643,T0010425,2025-12-18,168.05,Damaged
R000644,T0031888,2025-04-30,307.11,Quality Issue
R000645,T0015268,2025-12-10,1059.0,Late Delivery
R000646,T0001867,2025-03-28,125.44,Late Delivery
R000647,T0020121,2025-04-17,356.84,Quality Issue
R000648,T0032492,2025-04-29,199.58,Quality Issue
R000649,T0007871,2025-06-18,521.02,Quality Issue
R000650,T0012120,2025-03-28,199.02,Late Delivery
R000651,T0032006,2025-12-07,273.93,Late Delivery
R000652,T0008914,2025-07-01,492.36,Damaged
R000653,T0012310,2025-03-06,188.25,Size/Specification
R000654,T0039049,2025-11-20,634.56,Changed Mind
R000655,T0012691,2025-03-15,152.47,Size/Specification
R000656,T0020019,2025-08-09,121.33,Quality Issue
R000657,T0003002,2026-01-21,336.9,Damaged
R000658,T0036912,2025-10-25,219.24,Size/Specification
R000659,T0030205,2025-02-23,140.34,Changed Mind
R000660,T0016632,2025-05-10,130.64,Late Delivery
R000661,T0019332,2026-01-09,359.04,Size/Specification
R000662,T0021644,2025-10-02,151.84,Damaged
R000663,T0028079,2025-04-14,176.04,Damaged
R000664,T0005816,2025-08-15,318.55,Quality Issue
R000665,T0037061,2025-05-12,134.41,Late Delivery
R000666,T0000263,2025-05-09,100.6,Size/Specification
R000667,T0008443,2025-11-15,86.0,Quality Issue
R000668,T0023944,2025-11-30,137.26,Size/Specification
R000669,T0015915,2025-04-09,206.19,Late Delivery
R000670,T0022457,2025-03-19,186.73,Quality Issue
R000671,T0039500,2025-07-22,150.51,Size/Specification
R000672,T0003876,2025-07-10,187.54,Late Delivery
R000673,T0013040,2025-08-28,544.02,Quality Issue
R000674,T0023687,2025-09-01,718.42,Damaged
R000675,T0033254,2025-11-04,67.14,Late Delivery
R000676,T0034731,2025-11-10,475.76,Quality Issue
R000677,T0024608,2025-12-29,730.56,Quality Issue
R000678,T0017519,2025-11-05,127.64,Quality Issue
R000679,T0013675,2025-02-05,330.95,Quality Issue
R000680,T0024592,2025-10-23,42.74,Size/Specification
R000681,T0014265,2025-05-20,174.88,Quality Issue
R000682,T0013970,2025-11-05,513.96,Changed Mind
R000683,T0020167,2025-07-20,221.8,Wrong Item
R000684,T0018720,2025-09-07,213.55,Size/Specification
R000685,T0009299,2025-10-15,451.08,Quality Issue
R000686,T0028960,2025-11-04,267.62,Wrong Item
R000687,T0011637,2025-06-27,412.04,Damaged
R000688,T0028304,2025-11-17,53.64,Late Delivery
R000689,T0032334,2025-11-06,162.74,Wrong Item
R000690,T0028908,2025-05-03,320.35,Size/Specification
R000691,T0037263,2025-05-24,135.71,Quality Issue
R000692,T0003078,2025-08-27,205.04,Quality Issue
R000693,T0023015,2025-06-01,65.4,Damaged
R000694,T0028969,2025-12-11,101.82,Damaged
R000695,T0007606,2025-04-16,218.16,Changed Mind
R000696,T0024746,2025-06-02,500.68,Quality Issue
R000697,T0038547,2025-06-01,126.72,Quality Issue
R000698,T0031059,2025-10-10,135.1,Size/Specification
R000699,T0006516,2025-04-05,277.26,Size/Specification
R000700,T0034489,2025-11-08,376.68,Changed Mind
R000701,T0030631,2025-10-19,658.32,Quality Issue
R000702,T0000730,2025-05-26,701.58,Damaged
R000703,T0034998,2025-08-09,381.04,Damaged
R000704,T0006899,2025-06-15,380.6,Quality Issue
R000705,T0013635,2026-01-05,258.9,Size/Specification
R000706,T0026950,2025-05-02,116.23,Size/Specification
R000707,T0036350,2025-03-21,2794.95,Damaged
R000708,T0019120,2025-05-13,226.4,Late Delivery
R000709,T0024602,2025-11-12,45.26,Damaged
R000710,T0036965,2025-02-12,300.54,Wrong Item
R000711,T0036689,2025-08-15,71.24,Changed Mind
R000712,T0013612,2025-04-15,159.36,Changed Mind
R000713,T0037049,2025-06-07,216.15,Damaged
R000714,T0022522,2025-02-13,954.71,Wrong Item
R000715,T0020164,2025-06-03,91.62,Changed Mind
R000716,T0021965,2025-05-02,124.5,Size/Specification
R000717,T0006736,2025-09-09,340.65,Changed Mind
R000718,T0010454,2025-07-25,548.78,Size/Specification
R000719,T0009465,2025-08-20,139.15,Changed Mind
R000720,T0011502,2025-03-19,239.48,Size/Specification
R000721,T0012493,2025-10-13,296.44,Changed Mind
R000722,T0036216,2025-08-01,256.08,Size/Specification
R000723,T0016635,2025-10-07,204.5,Wrong Item
R000724,T0018204,2025-02-10,524.88,Size/Specification
R000725,T0011125,2025-10-28,151.22,Wrong Item
R000726,T0030642,2025-12-22,319.29,Changed Mind
R000727,T0020223,2025-10-21,102.93,Late Delivery
R000728,T0037996,2025-08-23,107.7,Size/Specification
R000729,T0000625,2025-06-20,808.66,Changed Mind
R000730,T0038641,2025-03-14,213.36,Late Delivery
R000731,T0001785,2025-01-13,309.74,Late Delivery
R000732,T0030033,2025-02-23,125.18,Quality Issue
R000733,T0034904,2025-11-07,204.56,Quality Issue
R000734,T0036214,2025-10-29,698.09,Damaged
R000735,T0016042,2025-12-08,615.7,Damaged
R000736,T0000741,2025-06-04,226.82,Size/Specification
R000737,T0014564,2025-02-03,81.96,Size/Specification
R000738,T0006254,2025-05-13,278.6,Changed Mind
R000739,T0024044,2025-01-17,321.46,Quality Issue
R000740,T0008436,2025-11-08,111.17,Size/Specification
R000741,T0022956,2025-10-29,903.1,Quality Issue
R000742,T0005135,2025-04-27,266.8,Changed Mind
R000743,T0014182,2025-06-18,436.41,Wrong Item
R000744,T0036902,2025-06-14,70.88,Late Delivery
R000745,T0033089,2025-12-05,78.14,Size/Specification
R000746,T0025988,2025-10-22,287.87,Quality Issue
R000747,T0001698,2025-11-01,392.88,Changed Mind
R000748,T0037635,2025-08-12,112.93,Damaged
R000749,T0031893,2025-08-13,337.92,Wrong Item
R000750,T0007680,2025-08-10,397.72,Wrong Item
R000751,T0006822,2025-07-15,544.16,Wrong Item
R000752,T0031521,2025-11-26,1156.53,Damaged
R000753,T0037042,2025-08-15,89.26,Quality Issue
R000754,T0017302,2025-02-25,108.92,Wrong Item
R000755,T0002826,2025-01-18,1956.3,Quality Issue
R000756,T0027614,2026-01-11,45.51,Late Delivery
R000757,T0022015,2025-03-07,100.15,Damaged
R000758,T0026188,2025-08-09,148.09,Wrong Item
R000759,T0029264,2025-09-07,293.86,Quality Issue
R000760,T0020061,2025-07-19,137.85,Changed Mind
R000761,T0008961,2025-07-11,58.69,Quality Issue
R000762,T0036555,2025-09-20,201.25,Late Delivery
R000763,T0008542,2026-01-03,262.52,Changed Mind
R000764,T0037966,2025-12-03,697.56,Damaged
R000765,T0013505,2026-01-03,526.68,Changed Mind
R000766,T0014656,2025-09-25,358.93,Damaged
R000767,T0014301,2025-07-21,723.55,Late Delivery
R000768,T0028861,2025-10-28,652.02,Wrong Item
R000769,T0026058,2026-01-16,66.99,Size/Specification
R000770,T0010389,2025-12-16,510.62,Quality Issue
R000771,T0020836,2025-03-05,120.37,Late Delivery
R000772,T0032737,2025-06-26,430.89,Changed Mind
R000773,T0018027,2025-08-18,50.09,Changed Mind
R000774,T0003319,2025-07-11,275.41,Size/Specification
R000775,T0009004,2025-05-13,2643.23,Quality Issue
R000776,T0012784,2025-07-26,314.68,Damaged
R000777,T0009098,2025-02-03,653.48,Late Delivery
R000778,T0017748,2025-12-28,375.98,Size/Specification
R000779,T0038395,2025-04-19,429.86,Size/Specification
R000780,T0009759,2025-12-19,433.65,Damaged
R000781,T0008796,2025-08-03,178.9,Damaged
R000782,T0012014,2025-04-20,96.49,Size/Specification
R000783,T0006779,2025-12-18,682.68,Changed Mind
R000784,T0010406,2025-05-01,302.02,Damaged
R000785,T0021276,2025-11-01,569.64,Damaged
R000786,T0020935,2025-01-21,304.96,Size/Specification
R000787,T0032459,2025-01-25,57.74,Changed Mind
R000788,T0004529,2025-07-13,785.88,Damaged
R000789,T0027144,2025-12-31,315.54,Size/Specification
R000790,T0006232,2025-10-13,694.5,Size/Specification
R000791,T0039157,2025-05-17,532.02,Changed Mind
R000792,T0018161,2025-07-25,219.39,Wrong Item
R000793,T0028554,2025-11-21,165.12,Damaged
R000794,T0012262,2026-01-08,162.91,Size/Specification
R000795,T0021256,2025-06-12,466.22,Size/Specification
R000796,T0020575,2025-05-05,252.32,Late Delivery
R000797,T0021155,2025-02-07,228.98,Damaged
R000798,T0014559,2025-05-19,590.1,Changed Mind
R000799,T0016769,2025-06-15,456.48,Size/Specification
R000800,T0008100,2025-05-11,134.79,Size/Specification
R000801,T0003017,2025-11-08,166.99,Wrong Item
R000802,T0018844,2026-01-18,177.22,Size/Specification
R000803,T0027902,2025-12-14,377.84,Wrong Item
R000804,T0001737,2025-04-17,45.45,Size/Specification
R000805,T0018207,2025-12-07,47.94,Quality Issue
R000806,T0028756,2025-09-16,81.97,Size/Specification
R000807,T0014024,2025-03-15,77.29,Damaged
R000808,T0037877,2025-02-23,221.04,Quality Issue
R000809,T0013489,2025-09-06,820.82,Quality Issue
R000810,T0029680,2025-11-15,102.21,Damaged
R000811,T0000041,2025-11-01,102.44,Size/Specification
R000812,T0019335,2025-03-24,366.95,Damaged
R000813,T0022610,2025-08-20,102.86,Damaged
R000814,T0026761,2025-05-05,140.74,Damaged
R000815,T0020525,2025-06-02,708.64,Changed Mind
R000816,T0006054,2025-10-14,210.96,Late Delivery
R000817,T0000656,2025-12-16,350.11,Changed Mind
R000818,T0027460,2025-10-14,162.14,Changed Mind
R000819,T0000324,2026-01-27,268.41,Damaged
R000820,T0016535,2025-11-04,491.45,Quality Issue
R000821,T0034572,2025-08-05,102.25,Changed Mind
R000822,T0034239,2025-06-26,719.94,Size/Specification
R000823,T0013656,2025-08-11,230.7,Quality Issue
R000824,T0004969,2026-01-19,87.26,Size/Specification
R000825,T0039306,2025-12-09,88.39,Size/Specification
R000826,T0017705,2025-10-06,265.16,Wrong Item
R000827,T0005755,2025-11-12,88.94,Quality Issue
R000828,T0023682,2025-11-16,137.83,Quality Issue
R000829,T0038633,2025-12-25,107.02,Changed Mind
R000830,T0030754,2025-05-25,542.28,Changed Mind
R000831,T0036064,2025-12-05,582.09,Late Delivery
R000832,T0022910,2025-11-15,65.67,Damaged
R000833,T0000963,2025-10-12,578.1,Damaged
R000834,T0018000,2025-02-15,738.48,Quality Issue
R000835,T0034213,2025-02-11,113.27,Wrong Item
R000836,T0002758,2025-11-12,213.86,Late Delivery
R000837,T0008250,2025-04-01,134.71,Damaged
R000838,T0024412,2025-03-04,705.3,Size/Specification
R000839,T0020989,2025-02-27,1435.6,Size/Specification
R000840,T0017936,2025-06-03,232.68,Size/Specification
R000841,T0026260,2025-09-13,483.98,Size/Specification
R000842,T0016177,2025-09-02,284.51,Damaged
R000843,T0021221,2025-10-13,321.72,Changed Mind
R000844,T0007095,2025-10-31,60.06,Damaged
R000845,T0000858,2025-04-02,103.44,Quality Issue
R000846,T0034647,2025-11-14,81.74,Wrong Item
R000847,T0038745,2025-11-26,1522.62,Quality Issue
R000848,T0026005,2026-01-17,2446.4,Late Delivery
R000849,T0023616,2025-04-17,240.62,Damaged
R000850,T0012213,2025-05-11,273.22,Late Delivery
R000851,T0020079,2025-03-29,251.42,Changed Mind
R000852,T0020460,2025-03-22,317.05,Quality Issue
R000853,T0009713,2025-11-27,187.88,Size/Specification
R000854,T0039592,2025-06-28,229.05,Size/Specification
R000855,T0027763,2025-08-11,233.95,Damaged
R000856,T0004919,2025-04-27,802.39,Quality Issue
R000857,T0002993,2025-12-19,326.34,Late Delivery
R000858,T0034418,2025-07-22,115.07,Quality Issue
R000859,T0035052,2025-07-30,589.6,Late Delivery
R000860,T0012574,2025-05-31,360.54,Wrong Item
R000861,T0001931,2025-02-22,435.9,Size/Specification
R000862,T0006421,2026-01-02,277.37,Quality Issue
R000863,T0007252,2026-01-02,239.81,Damaged
R000864,T0007780,2025-07-05,938.7,Damaged
R000865,T0028809,2025-12-09,152.24,Size/Specification
R000866,T0016752,2025-11-24,1059.39,Damaged
R000867,T0019919,2026-01-01,384.9,Quality Issue
R000868,T0002297,2025-08-07,153.04,Late Delivery
R000869,T0021526,2025-03-25,38.55,Changed Mind
R000870,T0027384,2025-10-24,179.51,Wrong Item
R000871,T0001458,2025-07-27,390.28,Quality Issue
R000872,T0012388,2025-09-06,244.73,Late Delivery
R000873,T0013178,2025-05-23,154.99,Damaged
R000874,T0007639,2025-10-19,109.12,Late Delivery
R000875,T0015634,2025-09-10,197.29,Damaged
R000876,T0003282,2025-06-17,336.18,Changed Mind
R000877,T0018265,2025-06-08,506.95,Size/Specification
R000878,T0014566,2025-08-11,109.45,Quality Issue
R000879,T0027065,2025-05-16,112.55,Wrong Item
R000880,T0029165,2025-03-20,154.89,Damaged
R000881,T0017818,2025-05-08,478.59,Quality Issue
R000882,T0032594,2025-07-18,208.53,Size/Specification
R000883,T0037786,2025-11-22,209.44,Changed Mind
R000884,T0028349,2026-01-13,407.08,Size/Specification
R000885,T0012904,2025-04-02,1155.87,Quality Issue
R000886,T0016712,2025-01-21,471.58,Size/Specification
R000887,T0037799,2025-01-27,77.89,Late Delivery
R000888,T0026354,2025-06-09,57.42,Changed Mind
R000889,T0001683,2025-05-20,146.83,Size/Specification
R000890,T0009289,2025-06-04,99.53,Late Delivery
R000891,T0032773,2025-08-02,1081.74,Wrong Item
R000892,T0039448,2025-06-07,623.53,Late Delivery
R000893,T0025003,2025-11-08,205.53,Changed Mind
R000894,T0023059,2025-09-24,259.33,Damaged
R000895,T0022603,2025-03-31,444.06,Wrong Item
R000896,T0039140,2025-11-28,30.7,Late Delivery
R000897,T0007097,2025-12-19,1074.56,Quality Issue
R000898,T0018956,2025-10-03,554.44,Late Delivery
R000899,T0024673,2025-02-17,203.71,Quality Issue
R000900,T0035333,2025-07-03,218.4,Damaged
R000901,T0006014,2025-05-03,267.24,Size/Specification
R000902,T0037861,2025-08-18,645.02,Changed Mind
R000903,T0026792,2025-06-13,227.48,Damaged
R000904,T0039814,2025-10-31,215.57,Wrong Item
R000905,T0033904,2025-02-17,78.92,Damaged
R000906,T0039938,2025-09-17,209.73,Changed Mind
R000907,T0012180,2026-01-10,136.32,Changed Mind
R000908,T0009371,2025-06-25,178.27,Wrong Item
R000909,T0032757,2025-07-11,139.14,Quality Issue
R000910,T0018598,2025-11-01,61.94,Late Delivery
R000911,T0039063,2025-08-17,566.96,Late Delivery
R000912,T0009682,2025-07-25,536.04,Changed Mind
R000913,T0033002,2025-09-04,281.5,Wrong Item
R000914,T0010877,2025-05-06,148.56,Quality Issue
R000915,T0017035,2025-04-03,239.08,Changed Mind
R000916,T0011853,2025-11-21,97.09,Size/Specification
R000917,T0036418,2025-09-24,213.56,Changed Mind
R000918,T0029638,2025-08-01,128.48,Quality Issue
R000919,T0006327,2025-09-30,235.16,Late Delivery
R000920,T0004565,2025-04-24,193.24,Damaged
R000921,T0025901,2025-02-06,1633.41,Changed Mind
R000922,T0000551,2025-03-17,616.32,Damaged
R000923,T0003931,2025-09-09,53.77,Late Delivery
R000924,T0022187,2025-02-12,67.69,Quality Issue
R000925,T0021017,2025-12-24,211.75,Changed Mind
R000926,T0033554,2025-09-27,106.22,Late Delivery
R000927,T0022872,2025-08-18,130.59,Changed Mind
R000928,T0009533,2025-01-25,878.93,Damaged
R000929,T0024368,2026-01-08,159.87,Quality Issue
R000930,T0020111,2025-06-02,377.33,Damaged
R000931,T0031743,2026-01-09,492.86,Late Delivery
R000932,T0001034,2025-02-11,248.33,Late Delivery
R000933,T0038967,2025-02-28,49.79,Size/Specification
R000934,T0030284,2025-04-18,443.6,Quality Issue
R000935,T0000071,2025-07-08,300.07,Damaged
R000936,T0039797,2025-07-18,147.98,Wrong Item
R000937,T0012508,2025-07-29,34.16,Changed Mind
R000938,T0025367,2025-02-08,729.74,Size/Specification
R000939,T0013959,2025-10-08,328.59,Damaged
R000940,T0003178,2025-04-13,624.3,Size/Specification
R000941,T0021580,2025-06-27,269.0,Quality Issue
R000942,T0000854,2025-11-17,2858.64,Quality Issue
R000943,T0006347,2025-07-17,54.12,Late Delivery
R000944,T0029626,2025-11-07,290.43,Size/Specification
R000945,T0006395,2026-01-15,311.67,Wrong Item
R000946,T0002731,2025-07-17,578.49,Changed Mind
R000947,T0039250,2025-08-23,348.52,Quality Issue
R000948,T0025487,2025-12-27,1147.21,Damaged
R000949,T0029243,2025-02-16,389.95,Damaged
R000950,T0007828,2025-12-24,119.49,Late Delivery
R000951,T0008900,2025-11-07,412.4,Wrong Item
R000952,T0009481,2025-04-19,66.76,Changed Mind
R000953,T0028347,2025-10-08,51.66,Damaged
R000954,T0024151,2025-01-08,1210.62,Wrong Item
R000955,T0024621,2025-10-23,289.4,Damaged
R000956,T0004286,2025-08-12,24.06,Size/Specification
R000957,T0007299,2025-05-21,530.52,Quality Issue
R000958,T0012422,2025-12-01,52.45,Changed Mind
R000959,T0024191,2025-10-06,261.03,Wrong Item
R000960,T0028561,2025-07-11,581.32,Damaged
R000961,T0036095,2025-05-29,482.2,Quality Issue
R000962,T0029939,2025-09-07,1496.46,Wrong Item
R000963,T0033018,2025-06-23,94.97,Wrong Item
R000964,T0025864,2025-10-05,132.07,Size/Specification
R000965,T0035816,2025-08-30,174.26,Damaged
R000966,T0009212,2025-06-09,679.2,Size/Specification
R000967,T0000129,2025-11-13,438.7,Wrong Item
R000968,T0036816,2025-11-16,334.58,Size/Specification
R000969,T0034083,2025-09-25,154.86,Damaged
R000970,T0038314,2025-02-12,728.04,Quality Issue
R000971,T0015987,2026-01-05,140.44,Changed Mind
R000972,T0018346,2025-09-18,180.44,Changed Mind
R000973,T0018839,2025-03-04,159.54,Wrong Item
R000974,T0002300,2025-10-29,135.12,Damaged
R000975,T0008369,2025-02-21,115.78,Size/Specification
R000976,T0035845,2025-06-12,479.97,Damaged
R000977,T0022880,2025-07-06,1045.32,Changed Mind
R000978,T0004401,2025-07-13,239.48,Damaged
R000979,T0019246,2025-07-31,232.06,Damaged
R000980,T0003844,2025-01-17,482.07,Damaged
R000981,T0009748,2025-09-03,389.4,Size/Specification
R000982,T0031870,2026-01-01,82.33,Size/Specification
R000983,T0037815,2025-03-17,244.1,Late Delivery
R000984,T0011659,2026-01-18,51.35,Damaged
R000985,T0026136,2025-04-21,474.57,Late Delivery
R000986,T0024101,2025-05-17,418.54,Changed Mind
R000987,T0003270,2025-06-06,37.95,Late Delivery
R000988,T0028643,2025-11-24,83.89,Changed Mind
R000989,T0037687,2025-11-30,130.78,Damaged
R000990,T0011568,2025-12-20,191.55,Quality Issue
R000991,T0001688,2026-01-21,110.7,Quality Issue
R000992,T0014304,2025-10-08,97.31,Quality Issue
R000993,T0006433,2025-06-30,261.65,Late Delivery
R000994,T0023026,2025-05-04,999.06,Changed Mind
R000995,T0038261,2025-09-17,293.72,Quality Issue
R000996,T0008898,2026-01-01,236.2,Late Delivery
R000997,T0008958,2025-12-27,124.8,Damaged
R000998,T0019004,2025-09-16,203.74,Quality Issue
R000999,T0026395,2025-12-01,464.07,Size/Specification
R001000,T0014546,2025-02-15,46.06,Quality Issue
R001001,T0034919,2025-05-06,533.58,Quality Issue
R001002,T0015960,2025-04-17,137.73,Changed Mind
R001003,T0006760,2025-08-28,212.94,Quality Issue
R001004,T0019491,2025-11-13,688.83,Wrong Item
R001005,T0020821,2025-05-29,107.78,Late Delivery
R001006,T0001674,2025-05-19,300.28,Late Delivery
R001007,T0008083,2025-01-22,56.66,Quality Issue
R001008,T0017847,2025-09-20,60.39,Quality Issue
R001009,T0022079,2025-03-08,1668.42,Late Delivery
R001010,T0014949,2025-11-12,40.59,Quality Issue
R001011,T0005011,2025-04-07,595.7,Late Delivery
R001012,T0037071,2025-02-02,406.8,Damaged
R001013,T0030073,2025-02-25,46.65,Changed Mind
R001014,T0006315,2025-02-28,481.4,Quality Issue
R001015,T0017539,2025-07-11,188.87,Late Delivery
R001016,T0031615,2025-04-15,84.13,Damaged
R001017,T0011608,2025-06-29,134.66,Size/Specification
R001018,T0001468,2026-01-17,99.73,Quality Issue
R001019,T0001896,2025-11-07,147.46,Changed Mind
R001020,T0037469,2025-05-05,117.62,Size/Specification
R001021,T0008858,2026-01-18,266.04,Quality Issue
R001022,T0010593,2025-09-10,71.28,Changed Mind
R001023,T0026592,2025-06-26,98.28,Damaged
R001024,T0023046,2025-10-22,53.14,Changed Mind
R001025,T0017589,2025-08-15,67.11,Changed Mind
R001026,T0032404,2026-01-27,95.45,Size/Specification
R001027,T0002852,2025-08-05,149.27,Late Delivery
R001028,T0028408,2025-07-20,73.3,Size/Specification
R001029,T0030272,2025-03-09,335.77,Changed Mind
R001030,T0027890,2025-05-17,170.29,Quality Issue
R001031,T0023120,2025-05-25,219.3,Damaged
R001032,T0025100,2025-05-05,200.32,Changed Mind
R001033,T0035342,2025-05-22,43.21,Changed Mind
R001034,T0014065,2025-12-18,2304.31,Size/Specification
R001035,T0016607,2025-04-04,186.25,Late Delivery
R001036,T0020694,2025-06-08,213.93,Quality Issue
R001037,T0006649,2025-11-05,224.25,Quality Issue
R001038,T0005353,2025-12-20,339.24,Changed Mind
R001039,T0019049,2025-06-15,64.83,Changed Mind
R001040,T0014807,2025-02-26,150.67,Size/Specification
R001041,T0029619,2025-06-17,281.53,Damaged
R001042,T0016424,2025-10-10,145.55,Changed Mind
R001043,T0002831,2025-11-19,239.43,Size/Specification
R001044,T0035358,2025-09-17,980.82,Quality Issue
R001045,T0027640,2025-09-20,68.25,Late Delivery
R001046,T0010471,2026-01-14,214.69,Quality Issue
R001047,T0033141,2025-11-06,594.6,Changed Mind
R001048,T0037368,2025-07-11,61.05,Damaged
R001049,T0038548,2026-01-12,87.24,Late Delivery
R001050,T0033028,2025-06-28,60.68,Quality Issue
R001051,T0028411,2025-10-23,107.17,Quality Issue
R001052,T0038218,2025-11-08,1012.0,Wrong Item
R001053,T0015827,2026-01-14,112.65,Quality Issue
R001054,T0029610,2026-01-15,275.52,Damaged
R001055,T0010379,2026-01-01,372.74,Size/Specification
R001056,T0023359,2025-12-17,74.94,Late Delivery
R001057,T0016387,2025-09-22,144.06,Late Delivery
R001058,T0033825,2025-03-13,91.62,Changed Mind
R001059,T0023306,2025-09-13,155.32,Wrong Item
R001060,T0038637,2025-06-14,422.78,Damaged
R001061,T0028345,2025-02-24,303.22,Damaged
R001062,T0004169,2025-09-27,278.76,Size/Specification
R001063,T0012984,2025-06-19,446.4,Changed Mind
R001064,T0002908,2025-02-05,168.32,Wrong Item
R001065,T0022133,2025-07-22,285.06,Quality Issue
R001066,T0039579,2025-11-08,59.85,Damaged
R001067,T0018364,2025-01-10,437.55,Size/Specification
R001068,T0002277,2025-12-24,222.9,Damaged
R001069,T0012746,2025-02-24,209.12,Damaged
R001070,T0039509,2025-02-21,596.54,Size/Specification
R001071,T0037197,2025-03-31,226.88,Size/Specification
R001072,T0021698,2025-07-28,469.4,Changed Mind
R001073,T0028137,2025-11-28,173.27,Size/Specification
R001074,T0025726,2025-10-05,237.52,Damaged
R001075,T0015470,2025-02-19,359.52,Size/Specification
R001076,T0003819,2025-11-14,298.08,Wrong Item
R001077,T0010970,2025-09-05,108.05,Late Delivery
R001078,T0001332,2025-10-16,75.74,Wrong Item
R001079,T0023225,2025-12-01,238.81,Late Delivery
R001080,T0026819,2025-01-31,318.32,Size/Specification
R001081,T0036457,2025-12-31,85.28,Damaged
R001082,T0033226,2025-12-31,509.22,Damaged
R001083,T0003980,2025-07-28,126.82,Wrong Item
R001084,T0035309,2025-12-08,122.92,Quality Issue
R001085,T0030332,2025-10-19,137.35,Changed Mind
R001086,T0015872,2025-09-30,206.2,Size/Specification
R001087,T0031230,2025-03-30,383.93,Late Delivery
R001088,T0030689,2025-07-06,245.6,Late Delivery
R001089,T0006329,2025-04-08,104.97,Changed Mind
R001090,T0019917,2025-06-19,421.08,Damaged
R001091,T0034452,2025-09-24,3045.44,Wrong Item
R001092,T0034576,2025-10-03,258.94,Changed Mind
R001093,T0028883,2025-03-19,170.6,Changed Mind
R001094,T0014230,2025-12-20,208.51,Changed Mind
R001095,T0024617,2025-07-07,527.02,Wrong Item
R001096,T0002623,2025-12-20,115.53,Changed Mind
R001097,T0015602,2025-11-20,104.53,Size/Specification
R001098,T0001504,2025-05-23,477.78,Damaged
R001099,T0017673,2025-08-27,141.89,Changed Mind
R001100,T0000944,2025-04-19,612.2,Late Delivery
R001101,T0030169,2025-04-25,487.17,Quality Issue
R001102,T0030085,2025-11-25,148.53,Late Delivery
R001103,T0008490,2025-12-05,637.14,Changed Mind
R001104,T0014459,2025-08-16,163.81,Wrong Item
R001105,T0013054,2025-02-09,297.19,Late Delivery
R001106,T0026270,2025-12-15,134.81,Wrong Item
R001107,T0031501,2025-05-15,980.64,Size/Specification
R001108,T0027147,2025-06-21,179.5,Wrong Item
R001109,T0004204,2025-06-24,157.52,Size/Specification
R001110,T0032306,2025-03-05,208.32,Size/Specification
R001111,T0027317,2025-05-05,50.79,Late Delivery
R001112,T0024800,2025-07-17,58.8,Late Delivery
R001113,T0020651,2025-10-15,48.48,Size/Specification
R001114,T0000927,2025-10-15,136.19,Changed Mind
R001115,T0027055,2025-03-27,260.87,Wrong Item
R001116,T0037069,2025-10-24,106.41,Damaged
R001117,T0003001,2025-03-05,102.77,Late Delivery
R001118,T0021760,2025-03-06,109.42,Wrong Item
R001119,T0031986,2025-07-05,126.51,Size/Specification
R001120,T0027586,2025-12-08,420.62,Size/Specification
R001121,T0008014,2025-07-03,337.6,Changed Mind
R001122,T0009241,2025-06-28,406.72,Quality Issue
R001123,T0023421,2025-05-18,46.17,Damaged
R001124,T0026043,2025-12-28,236.74,Changed Mind
R001125,T0008565,2025-06-15,191.41,Changed Mind
R001126,T0033491,2025-09-30,228.62,Quality Issue
R001127,T0034505,2025-02-17,177.93,Changed Mind
R001128,T0027698,2025-12-21,150.32,Damaged
R001129,T0017679,2025-10-06,188.66,Quality Issue
R001130,T0039620,2025-07-14,605.76,Damaged
R001131,T0017562,2025-10-19,211.35,Changed Mind
R001132,T0001732,2026-01-10,80.8,Damaged
R001133,T0000937,2025-07-30,296.22,Damaged
R001134,T0011488,2025-02-22,681.04,Damaged
R001135,T0038308,2025-10-19,139.28,Late Delivery
R001136,T0037348,2025-05-10,390.45,Quality Issue
R001137,T0029289,2025-07-17,107.7,Quality Issue
R001138,T0030196,2025-06-19,301.87,Wrong Item
R001139,T0032553,2025-07-19,190.25,Size/Specification
R001140,T0020319,2025-08-28,240.98,Quality Issue
R001141,T0039051,2025-04-15,184.69,Size/Specification
R001142,T0010187,2025-12-09,1669.53,Late Delivery
R001143,T0038056,2025-11-29,346.0,Quality Issue
R001144,T0020407,2025-05-19,389.38,Damaged
R001145,T0039823,2025-02-18,276.07,Size/Specification
R001146,T0006647,2025-12-14,712.7,Late Delivery
R001147,T0001452,2025-02-16,739.25,Wrong Item
R001148,T0021435,2025-09-02,156.41,Late Delivery
R001149,T0023193,2025-10-07,119.92,Quality Issue
R001150,T0009236,2025-10-30,374.14,Quality Issue
R001151,T0021888,2025-12-04,114.48,Damaged
R001152,T0031920,2025-05-21,344.66,Changed Mind
R001153,T0008043,2025-01-10,659.78,Changed Mind
R001154,T0009283,2025-09-22,318.78,Late Delivery
R001155,T0022527,2025-08-06,207.08,Quality Issue
R001156,T0039151,2025-07-23,93.96,Size/Specification
R001157,T0022390,2025-04-22,146.51,Changed Mind
R001158,T0013076,2025-11-17,327.24,Size/Specification
R001159,T0022197,2025-11-17,158.41,Damaged
R001160,T0006601,2025-10-30,844.17,Quality Issue
R001161,T0003841,2025-12-12,246.16,Quality Issue
R001162,T0034890,2025-11-23,544.08,Damaged
R001163,T0002636,2025-07-01,555.94,Damaged
R001164,T0017223,2025-05-11,257.59,Late Delivery
R001165,T0027980,2025-09-07,1191.28,Late Delivery
R001166,T0030149,2025-07-21,118.74,Late Delivery
R001167,T0023976,2025-03-03,119.35,Wrong Item
R001168,T0028631,2025-08-07,293.85,Late Delivery
R001169,T0003105,2025-06-15,204.67,Size/Specification
R001170,T0029068,2025-11-09,233.89,Changed Mind
R001171,T0037396,2025-07-15,45.33,Quality Issue
R001172,T0018088,2025-07-04,135.66,Changed Mind
R001173,T0032648,2025-11-05,273.05,Late Delivery
R001174,T0008611,2025-10-28,277.69,Quality Issue
R001175,T0036726,2026-01-09,268.04,Size/Specification
R001176,T0001484,2025-03-14,100.16,Damaged
R001177,T0027048,2025-04-24,452.96,Damaged
R001178,T0026931,2025-06-22,554.36,Quality Issue
R001179,T0010722,2026-01-18,395.9,Damaged
R001180,T0036432,2025-01-28,305.22,Late Delivery
R001181,T0002446,2025-10-02,96.78,Quality Issue
R001182,T0006015,2025-06-23,83.73,Damaged
R001183,T0008278,2025-10-07,832.14,Size/Specification
R001184,T0019294,2025-11-12,441.22,Quality Issue
R001185,T0004564,2025-02-17,852.26,Late Delivery
R001186,T0000312,2025-03-26,599.08,Wrong Item
R001187,T0031787,2025-06-24,552.0,Damaged
R001188,T0014527,2025-11-15,92.95,Changed Mind
R001189,T0030675,2025-03-06,214.16,Quality Issue
R001190,T0024403,2025-07-03,393.64,Damaged
R001191,T0011571,2025-09-17,880.52,Changed Mind
R001192,T0032791,2025-04-11,215.79,Wrong Item
R001193,T0001292,2025-08-16,572.58,Quality Issue
R001194,T0028011,2025-11-02,866.5,Size/Specification
R001195,T0038702,2025-08-03,89.47,Wrong Item
R001196,T0003169,2025-10-19,261.87,Size/Specification
R001197,T0032282,2025-09-05,962.31,Changed Mind
R001198,T0009445,2025-06-28,538.2,Size/Specification
R001199,T0021456,2025-01-20,160.08,Quality Issue
R001200,T0022380,2026-01-04,72.76,Size/Specification
R001201,T0010563,2025-02-15,132.2,Quality Issue
R001202,T0005226,2025-06-05,310.11,Wrong Item
R001203,T0025894,2025-06-20,257.83,Size/Specification
R001204,T0018752,2025-02-23,318.44,Size/Specification
R001205,T0003215,2025-08-05,175.99,Changed Mind
R001206,T0004157,2025-03-28,71.77,Damaged
R001207,T0009633,2025-10-09,209.65,Quality Issue
R001208,T0038833,2025-04-03,41.69,Quality Issue
R001209,T0019003,2025-01-31,113.35,Size/Specification
R001210,T0033810,2025-02-15,209.67,Damaged
R001211,T0019316,2025-06-25,68.28,Changed Mind
R001212,T0018645,2025-05-08,297.9,Quality Issue
R001213,T0005200,2025-12-16,176.55,Late Delivery
R001214,T0015772,2025-02-21,657.88,Size/Specification
R001215,T0003426,2025-09-14,148.15,Changed Mind
R001216,T0039047,2025-11-26,247.17,Size/Specification
R001217,T0034015,2025-04-07,120.31,Changed Mind
R001218,T0038712,2025-07-14,280.63,Size/Specification
R001219,T0036500,2025-07-11,181.56,Quality Issue
R001220,T0023956,2025-09-06,83.45,Damaged
R001221,T0036827,2025-11-26,147.13,Late Delivery
R001222,T0017049,2025-04-19,353.82,Quality Issue
R001223,T0029050,2025-04-22,124.59,Damaged
R001224,T0005937,2025-10-07,520.76,Size/Specification
R001225,T0006709,2025-06-24,172.9,Size/Specification
R001226,T0001399,2025-08-02,123.44,Changed Mind
R001227,T0038832,2025-05-16,235.05,Changed Mind
R001228,T0017080,2025-03-06,106.32,Changed Mind
R001229,T0028777,2025-02-07,89.58,Size/Specification
R001230,T0031765,2025-11-10,53.17,Damaged
R001231,T0031806,2025-12-28,58.5,Changed Mind
R001232,T0019459,2025-10-28,180.49,Changed Mind
R001233,T0025159,2026-01-02,65.04,Damaged
R001234,T0005036,2025-03-05,93.17,Changed Mind
R001235,T0017079,2025-06-27,622.54,Damaged
R001236,T0018663,2025-04-02,410.2,Changed Mind
R001237,T0029885,2025-11-27,247.35,Changed Mind
R001238,T0026517,2025-09-22,354.42,Quality Issue
R001239,T0035893,2025-03-19,246.66,Changed Mind
R001240,T0009165,2025-12-06,126.85,Changed Mind
R001241,T0037156,2026-01-10,222.8,Size/Specification
R001242,T0024021,2025-07-03,241.44,Late Delivery
R001243,T0017161,2025-07-15,159.87,Changed Mind
R001244,T0032339,2026-01-14,98.27,Quality Issue
R001245,T0020051,2025-11-30,878.73,Changed Mind
R001246,T0031650,2025-04-15,209.66,Changed Mind
R001247,T0024483,2025-01-09,294.07,Damaged
R001248,T0002857,2025-03-16,334.94,Wrong Item
R001249,T0037223,2025-07-10,314.8,Late Delivery
R001250,T0027204,2025-02-16,49.99,Damaged
R001251,T0039017,2025-06-01,227.66,Quality Issue
R001252,T0028706,2025-05-19,225.13,Late Delivery
R001253,T0019525,2025-11-03,123.78,Damaged
R001254,T0026279,2025-09-10,169.89,Changed Mind
R001255,T0013977,2025-01-24,100.07,Wrong Item
R001256,T0008414,2025-07-20,332.83,Damaged
R001257,T0026521,2025-08-27,391.0,Wrong Item
R001258,T0035540,2025-02-04,352.59,Late Delivery
R001259,T0022182,2025-10-22,182.08,Changed Mind
R001260,T0002886,2025-03-22,245.95,Late Delivery
R001261,T0011478,2025-02-06,102.5,Damaged
R001262,T0030011,2025-04-27,518.4,Changed Mind
R001263,T0030411,2025-07-25,61.91,Size/Specification
R001264,T0033845,2025-02-11,450.94,Late Delivery
R001265,T0013168,2025-12-24,164.85,Changed Mind
R001266,T0019026,2025-06-30,252.34,Changed Mind
R001267,T0013371,2025-08-05,114.02,Size/Specification
R001268,T0038883,2026-01-02,93.67,Size/Specification
R001269,T0000470,2025-01-29,164.69,Wrong Item
R001270,T0039786,2025-09-05,964.38,Changed Mind
R001271,T0026274,2025-06-26,311.43,Wrong Item
R001272,T0035664,2025-11-12,125.07,Quality Issue
R001273,T0012051,2025-10-16,329.29,Quality Issue
R001274,T0033739,2025-04-02,390.11,Quality Issue
R001275,T0013186,2025-02-23,121.45,Size/Specification
R001276,T0021497,2025-02-09,502.01,Quality Issue
R001277,T0034305,2025-10-16,431.8,Damaged
R001278,T0010881,2025-06-18,220.77,Changed Mind
R001279,T0017543,2025-11-15,180.09,Quality Issue
R001280,T0037407,2025-08-05,32.84,Wrong Item
R001281,T0021115,2025-07-12,228.77,Quality Issue
R001282,T0007265,2025-02-08,350.74,Damaged
R001283,T0000145,2025-05-25,112.16,Quality Issue
R001284,T0005149,2025-07-16,357.36,Size/Specification
R001285,T0038538,2026-01-12,208.54,Quality Issue
R001286,T0014118,2025-06-18,81.14,Late Delivery
R001287,T0021814,2025-07-23,398.42,Late Delivery
R001288,T0032143,2025-01-14,560.34,Changed Mind
R001289,T0022325,2025-12-25,28.59,Changed Mind
R001290,T0008880,2025-12-25,148.22,Size/Specification
R001291,T0022800,2026-01-19,241.85,Changed Mind
R001292,T0036985,2025-10-31,639.2,Damaged
R001293,T0020451,2025-02-01,83.57,Changed Mind
R001294,T0015610,2025-10-16,376.44,Damaged
R001295,T0022386,2025-05-10,121.86,Damaged
R001296,T0028999,2025-10-22,158.7,Changed Mind
R001297,T0031692,2025-07-23,1222.2,Size/Specification
R001298,T0001993,2025-09-14,225.18,Late Delivery
R001299,T0007338,2025-06-09,1073.07,Late Delivery
R001300,T0014845,2025-09-03,180.74,Late Delivery
R001301,T0038651,2025-10-08,225.44,Damaged
R001302,T0017349,2025-12-09,157.13,Changed Mind
R001303,T0032677,2025-06-22,1029.27,Changed Mind
R001304,T0039333,2025-06-26,110.14,Damaged
R001305,T0014626,2026-01-08,298.19,Size/Specification
R001306,T0005216,2025-05-08,53.81,Changed Mind
R001307,T0017988,2025-02-07,438.17,Quality Issue
R001308,T0001035,2025-08-29,227.02,Changed Mind
R001309,T0022237,2025-09-24,120.84,Size/Specification
R001310,T0023535,2025-06-15,246.32,Size/Specification
R001311,T0004651,2025-05-21,201.19,Size/Specification
R001312,T0005072,2025-10-30,379.86,Size/Specification
R001313,T0026115,2025-08-27,244.87,Size/Specification
R001314,T0036446,2025-02-19,372.57,Late Delivery
R001315,T0010874,2025-12-29,424.85,Changed Mind
R001316,T0000897,2025-11-15,64.16,Changed Mind
R001317,T0038280,2025-11-20,738.3,Quality Issue
R001318,T0024018,2025-09-21,720.02,Damaged
R001319,T0000880,2025-12-27,25.12,Size/Specification
R001320,T0018586,2025-06-13,447.13,Size/Specification
R001321,T0010889,2025-06-15,188.67,Damaged
R001322,T0028945,2025-10-03,48.91,Wrong Item
R001323,T0035439,2025-07-31,103.87,Damaged
R001324,T0039551,2025-11-04,261.69,Quality Issue
R001325,T0029990,2025-05-23,234.2,Quality Issue
R001326,T0036163,2025-06-04,151.13,Quality Issue
R001327,T0023553,2025-06-18,580.54,Size/Specification
R001328,T0006833,2025-04-24,693.18,Late Delivery
R001329,T0031985,2025-05-30,282.28,Quality Issue
R001330,T0039525,2025-10-20,98.75,Wrong Item
R001331,T0008846,2025-05-28,50.9,Late Delivery
R001332,T0029227,2025-07-14,72.21,Late Delivery
R001333,T0007365,2025-10-21,429.14,Late Delivery
R001334,T0027745,2025-05-25,217.84,Size/Specification
R001335,T0008736,2025-05-03,143.41,Wrong Item
R001336,T0034102,2025-07-01,93.47,Quality Issue
R001337,T0022725,2025-12-21,263.8,Damaged
R001338,T0032810,2025-10-12,263.21,Quality Issue
R001339,T0009399,2025-09-16,197.01,Changed Mind
R001340,T0019834,2025-12-27,160.02,Wrong Item
R001341,T0033146,2025-04-08,397.37,Size/Specification
R001342,T0005955,2025-10-13,770.37,Size/Specification
R001343,T0011192,2025-08-28,99.97,Late Delivery
R001344,T0014778,2025-12-05,44.08,Changed Mind
R001345,T0000471,2025-03-25,196.24,Size/Specification
R001346,T0010537,2025-06-16,108.84,Damaged
R001347,T0027708,2025-06-07,115.45,Changed Mind
R001348,T0003278,2025-06-21,665.67,Quality Issue
R001349,T0037318,2025-04-29,36.13,Changed Mind
R001350,T0004069,2025-01-19,133.25,Size/Specification
R001351,T0024928,2025-05-22,457.7,Damaged
R001352,T0033869,2025-10-29,114.77,Damaged
R001353,T0039950,2025-07-10,885.27,Damaged
R001354,T0002056,2025-03-20,117.74,Changed Mind
R001355,T0010060,2025-11-13,504.86,Quality Issue
R001356,T0016189,2026-01-05,88.97,Late Delivery
R001357,T0005021,2025-02-11,197.55,Changed Mind
R001358,T0016658,2025-10-22,301.92,Wrong Item
R001359,T0000014,2025-10-01,812.08,Late Delivery
R001360,T0019146,2025-11-16,287.15,Late Delivery
R001361,T0008822,2025-05-27,2065.91,Quality Issue
R001362,T0028160,2025-06-17,286.81,Size/Specification
R001363,T0023629,2025-01-23,329.54,Size/Specification
R001364,T0012108,2025-03-24,929.62,Wrong Item
R001365,T0001320,2025-02-18,104.19,Changed Mind
R001366,T0010882,2025-09-09,250.97,Damaged
R001367,T0031382,2025-12-12,3551.89,Changed Mind
R001368,T0025300,2025-11-05,141.95,Size/Specification
R001369,T0030166,2025-06-23,340.08,Late Delivery
R001370,T0021550,2025-05-05,350.75,Damaged
R001371,T0034551,2025-12-15,177.66,Wrong Item
R001372,T0018132,2025-02-09,239.13,Late Delivery
R001373,T0026208,2025-12-23,214.61,Damaged
R001374,T0014161,2025-02-25,238.63,Size/Specification
R001375,T0016876,2025-10-18,313.81,Quality Issue
R001376,T0025425,2025-06-25,224.12,Damaged
R001377,T0016595,2025-07-12,176.05,Changed Mind
R001378,T0008977,2025-10-23,115.88,Size/Specification
R001379,T0033680,2025-03-27,69.73,Changed Mind
R001380,T0022945,2025-10-21,206.58,Late Delivery
R001381,T0021438,2025-04-12,50.41,Damaged
R001382,T0011959,2025-08-30,280.29,Changed Mind
R001383,T0008086,2025-12-23,161.04,Size/Specification
R001384,T0001792,2025-10-06,267.36,Size/Specification
R001385,T0013951,2025-06-24,109.28,Quality Issue
R001386,T0014085,2025-03-22,269.81,Size/Specification
R001387,T0019893,2025-05-26,270.7,Late Delivery
R001388,T0010553,2025-06-04,534.91,Size/Specification
R001389,T0012300,2025-05-17,65.98,Changed Mind
R001390,T0039452,2025-04-22,154.61,Late Delivery
R001391,T0001044,2025-06-21,127.28,Changed Mind
R001392,T0019387,2025-10-07,144.44,Wrong Item
R001393,T0001214,2025-10-24,73.52,Wrong Item
R001394,T0004048,2025-02-06,266.58,Wrong Item
R001395,T0000500,2025-12-07,439.17,Damaged
R001396,T0002332,2025-11-17,1735.9,Damaged
R001397,T0034479,2025-02-23,387.31,Changed Mind
R001398,T0015354,2025-03-07,227.0,Quality Issue
R001399,T0007529,2025-07-18,1057.1,Wrong Item
R001400,T0007134,2025-12-27,217.89,Quality Issue
R001401,T0019664,2025-05-14,57.88,Changed Mind
R001402,T0011188,2025-12-19,273.81,Late Delivery
R001403,T0025776,2025-11-16,386.84,Quality Issue
R001404,T0038973,2025-03-18,305.46,Wrong Item
R001405,T0013733,2025-02-14,374.03,Damaged
R001406,T0031800,2025-05-10,224.67,Quality Issue
R001407,T0007948,2025-11-11,50.76,Late Delivery
R001408,T0016827,2025-04-14,1742.25,Damaged
R001409,T0015485,2025-05-24,83.41,Quality Issue
R001410,T0022096,2025-01-18,246.41,Size/Specification
R001411,T0032030,2025-03-11,78.95,Wrong Item
R001412,T0030319,2025-05-16,92.37,Size/Specification
R001413,T0031868,2025-04-26,155.19,Wrong Item
R001414,T0027292,2025-07-18,424.8,Damaged
R001415,T0029381,2025-07-18,228.11,Changed Mind
R001416,T0037412,2025-05-24,196.23,Quality Issue
R001417,T0002001,2025-11-08,99.44,Late Delivery
R001418,T0024168,2025-04-23,158.63,Size/Specification
R001419,T0031850,2025-12-29,143.31,Size/Specification
R001420,T0015810,2025-06-09,485.0,Changed Mind
R001421,T0022823,2025-02-02,346.6,Quality Issue
R001422,T0004388,2025-03-05,197.02,Late Delivery
R001423,T0032028,2025-03-09,231.93,Size/Specification
R001424,T0020454,2025-12-19,380.13,Quality Issue
R001425,T0039497,2025-11-22,246.66,Quality Issue
R001426,T0009267,2025-10-20,414.28,Quality Issue
R001427,T0000533,2025-07-13,416.71,Changed Mind
R001428,T0003103,2025-04-26,277.58,Wrong Item
R001429,T0019617,2025-04-14,126.2,Damaged
R001430,T0037724,2025-06-14,209.32,Wrong Item
R001431,T0029311,2025-04-24,264.41,Size/Specification
R001432,T0022828,2025-12-07,113.06,Quality Issue
R001433,T0014506,2026-01-03,144.4,Damaged
R001434,T0011226,2025-12-08,86.33,Changed Mind
R001435,T0018738,2025-12-30,45.15,Changed Mind
R001436,T0000632,2025-01-19,64.36,Damaged
R001437,T0008289,2025-03-29,372.41,Changed Mind
R001438,T0026113,2025-11-07,68.58,Wrong Item
R001439,T0024362,2025-02-05,272.08,Wrong Item
R001440,T0039424,2025-11-26,242.8,Size/Specification
R001441,T0016306,2025-09-09,991.9,Changed Mind
R001442,T0006162,2025-01-24,806.24,Quality Issue
R001443,T0021492,2026-01-13,207.76,Changed Mind
R001444,T0029575,2025-03-15,444.09,Size/Specification
R001445,T0015352,2025-04-28,246.2,Late Delivery
R001446,T0021099,2025-05-27,150.27,Wrong Item
R001447,T0024187,2025-06-06,137.68,Size/Specification
R001448,T0001963,2025-06-12,476.36,Damaged
R001449,T0011271,2025-07-12,122.86,Changed Mind
R001450,T0028637,2025-12-10,150.5,Wrong Item
R001451,T0033114,2025-11-05,199.16,Late Delivery
R001452,T0008688,2025-12-28,115.5,Size/Specification
R001453,T0027880,2025-05-16,194.95,Damaged
R001454,T0001787,2026-01-07,473.32,Wrong Item
R001455,T0033360,2025-06-20,114.62,Size/Specification
R001456,T0028301,2025-11-27,76.32,Quality Issue
R001457,T0020877,2025-09-14,120.17,Damaged
R001458,T0026837,2025-04-15,61.43,Damaged
R001459,T0019194,2025-06-03,185.0,Size/Specification
R001460,T0012901,2026-01-20,191.33,Damaged
R001461,T0026435,2025-07-09,211.4,Changed Mind
R001462,T0033923,2025-03-22,87.6,Late Delivery
R001463,T0014760,2025-07-23,100.81,Late Delivery
R001464,T0008587,2025-05-20,173.12,Damaged
R001465,T0010670,2025-09-12,66.25,Damaged
R001466,T0029612,2025-08-09,287.07,Late Delivery
R001467,T0010561,2025-12-01,211.47,Changed Mind
R001468,T0012409,2025-06-19,165.05,Quality Issue
R001469,T0006804,2025-10-05,129.81,Late Delivery
R001470,T0035525,2025-02-04,393.9,Quality Issue
R001471,T0037051,2026-01-07,369.24,Quality Issue
R001472,T0034555,2025-12-20,276.77,Size/Specification
R001473,T0012489,2025-05-18,215.65,Quality Issue
R001474,T0021615,2025-01-08,240.86,Changed Mind
R001475,T0004944,2025-05-12,136.0,Quality Issue
R001476,T0032488,2025-09-21,158.07,Damaged
R001477,T0025700,2025-11-24,42.71,Late Delivery
R001478,T0024979,2026-01-02,73.3,Damaged
R001479,T0013506,2025-04-24,191.15,Damaged
R001480,T0012725,2025-07-04,874.83,Damaged
R001481,T0001078,2025-07-12,185.2,Size/Specification
R001482,T0017980,2026-01-09,1394.88,Quality Issue
R001483,T0001175,2025-03-07,282.67,Damaged
R001484,T0001809,2025-03-04,174.53,Late Delivery
R001485,T0036558,2025-10-22,741.54,Late Delivery
R001486,T0015394,2025-08-17,435.26,Size/Specification
R001487,T0030197,2025-02-15,1643.67,Damaged
R001488,T0001324,2025-04-25,323.62,Wrong Item
R001489,T0029502,2025-03-25,1060.14,Quality Issue
R001490,T0025017,2025-11-18,140.43,Size/Specification
R001491,T0022148,2025-09-09,158.02,Size/Specification
R001492,T0013659,2025-02-21,476.46,Late Delivery
R001493,T0016105,2025-01-23,359.22,Quality Issue
R001494,T0000597,2025-06-19,59.88,Changed Mind
R001495,T0001396,2025-09-10,87.56,Changed Mind
R001496,T0007909,2025-04-24,367.58,Changed Mind
R001497,T0031691,2025-02-20,51.77,Late Delivery
R001498,T0014647,2025-03-21,436.63,Changed Mind
R001499,T0001073,2025-09-27,829.96,Late Delivery
R001500,T0021285,2026-01-17,119.64,Changed Mind
R001501,T0009061,2025-05-02,66.15,Size/Specification
R001502,T0030013,2025-01-19,56.97,Quality Issue
R001503,T0036497,2025-09-19,61.15,Damaged
R001504,T0030925,2025-09-01,491.74,Size/Specification
R001505,T0022894,2025-12-11,143.06,Damaged
R001506,T0001479,2026-01-21,360.7,Size/Specification
R001507,T0020217,2026-01-18,346.85,Size/Specification
R001508,T0003786,2025-07-09,243.22,Changed Mind
R001509,T0018650,2025-08-08,524.12,Late Delivery
R001510,T0010312,2025-08-04,245.42,Quality Issue
R001511,T0011016,2025-05-14,94.42,Damaged
R001512,T0025380,2025-12-03,142.24,Size/Specification
R001513,T0014150,2025-12-16,44.16,Wrong Item
R001514,T0014385,2025-06-25,247.72,Damaged
R001515,T0015476,2025-02-06,276.15,Size/Specification
R001516,T0000472,2025-10-13,94.08,Size/Specification
R001517,T0021894,2025-02-13,556.75,Damaged
R001518,T0016954,2025-12-30,147.07,Changed Mind
R001519,T0020985,2025-05-26,916.72,Late Delivery
R001520,T0002363,2025-04-19,188.35,Size/Specification
R001521,T0030935,2026-01-18,343.24,Size/Specification
R001522,T0033430,2025-09-18,189.67,Changed Mind
R001523,T0030405,2026-01-25,66.56,Quality Issue
R001524,T0025135,2026-01-06,453.78,Damaged
R001525,T0002266,2025-02-01,124.33,Size/Specification
R001526,T0021806,2025-04-26,340.74,Wrong Item
R001527,T0009589,2025-02-02,677.55,Size/Specification
R001528,T0027850,2025-06-26,290.95,Late Delivery
R001529,T0023160,2025-08-09,106.88,Size/Specification
R001530,T0019010,2025-05-31,359.53,Quality Issue
R001531,T0023658,2025-01-17,215.08,Size/Specification
R001532,T0009620,2025-05-30,180.7,Changed Mind
R001533,T0021586,2025-12-12,85.39,Damaged
R001534,T0002983,2025-05-20,57.51,Quality Issue
R001535,T0026084,2025-06-04,104.07,Wrong Item
R001536,T0025407,2025-06-17,375.68,Wrong Item
R001537,T0021542,2025-02-11,101.91,Late Delivery
R001538,T0014876,2025-10-01,254.24,Wrong Item
R001539,T0019544,2025-12-09,101.61,Changed Mind
R001540,T0008678,2025-07-09,103.22,Size/Specification
R001541,T0019215,2025-02-17,87.96,Changed Mind
R001542,T0030326,2025-07-23,56.26,Size/Specification
R001543,T0029780,2025-09-10,7164.9,Quality Issue
R001544,T0021667,2025-05-20,233.72,Changed Mind
R001545,T0018006,2025-09-07,148.56,Quality Issue
R001546,T0005713,2026-01-23,341.25,Late Delivery
R001547,T0014765,2025-03-19,114.0,Damaged
R001548,T0035992,2025-10-04,494.65,Changed Mind
R001549,T0024632,2025-12-09,85.88,Late Delivery
R001550,T0029661,2025-08-16,440.62,Damaged
R001551,T0028508,2025-10-17,598.0,Changed Mind
R001552,T0002232,2025-12-01,160.12,Late Delivery
R001553,T0004570,2026-01-07,91.97,Wrong Item
R001554,T0007278,2025-12-17,158.62,Late Delivery
R001555,T0039465,2025-07-05,905.4,Size/Specification
R001556,T0019855,2025-09-28,174.1,Damaged
R001557,T0028256,2025-03-19,97.44,Wrong Item
R001558,T0026756,2025-11-21,262.75,Late Delivery
R001559,T0001994,2025-06-13,271.19,Changed Mind
R001560,T0008872,2025-03-25,163.83,Size/Specification
R001561,T0003106,2025-03-07,68.57,Wrong Item
R001562,T0023741,2025-06-27,64.42,Changed Mind
R001563,T0021893,2025-02-05,156.81,Late Delivery
R001564,T0007029,2026-01-14,267.98,Damaged
R001565,T0027401,2025-11-07,87.87,Size/Specification
R001566,T0000429,2025-12-07,640.16,Late Delivery
R001567,T0015952,2025-12-25,136.47,Damaged
R001568,T0022163,2025-11-11,1085.04,Changed Mind
R001569,T0002241,2025-11-05,127.29,Late Delivery
R001570,T0026909,2025-08-02,615.54,Size/Specification
R001571,T0017828,2025-09-18,300.85,Quality Issue
R001572,T0000097,2025-02-17,389.88,Changed Mind
R001573,T0037827,2025-01-16,136.0,Quality Issue
R001574,T0035589,2025-03-20,147.09,Size/Specification
R001575,T0023462,2025-03-28,123.7,Size/Specification
R001576,T0017025,2025-06-11,367.53,Late Delivery
R001577,T0035431,2025-05-16,119.0,Size/Specification
R001578,T0012760,2025-11-29,205.23,Late Delivery
R001579,T0002021,2025-03-20,133.15,Wrong Item
R001580,T0018482,2025-09-28,104.93,Wrong Item
R001581,T0023470,2025-06-25,520.38,Changed Mind
R001582,T0029178,2025-12-23,123.78,Changed Mind
R001583,T0024389,2025-06-05,392.0,Changed Mind
R001584,T0022811,2025-08-07,248.2,Quality Issue
R001585,T0014844,2025-01-23,386.56,Quality Issue
R001586,T0030249,2025-09-13,240.74,Quality Issue
R001587,T0025960,2025-05-21,58.64,Quality Issue
R001588,T0015421,2025-03-12,96.31,Late Delivery
R001589,T0027121,2025-11-10,1060.92,Changed Mind
R001590,T0028782,2025-10-14,426.31,Quality Issue
R001591,T0002869,2025-02-26,106.06,Changed Mind
R001592,T0018986,2025-10-08,984.55,Wrong Item
R001593,T0015638,2025-05-28,283.44,Late Delivery
R001594,T0000218,2025-04-16,307.59,Changed Mind
R001595,T0003549,2025-12-04,534.83,Damaged
R001596,T0001163,2025-04-29,522.94,Size/Specification
R001597,T0015393,2025-08-24,100.65,Quality Issue
R001598,T0011548,2025-09-24,260.83,Size/Specification
R001599,T0036294,2025-10-03,541.2,Changed Mind
R001600,T0028389,2025-02-09,174.46,Late Delivery
R001601,T0009171,2025-03-15,327.0,Late Delivery
R001602,T0013682,2025-12-27,70.6,Size/Specification
R001603,T0025437,2025-11-10,141.91,Quality Issue
R001604,T0002506,2025-01-31,1539.26,Wrong Item
R001605,T0008859,2025-10-09,352.47,Late Delivery
R001606,T0018708,2025-04-26,268.74,Changed Mind
R001607,T0016740,2025-04-24,163.15,Size/Specification
R001608,T0038191,2025-06-17,424.62,Quality Issue
R001609,T0001414,2025-08-12,77.41,Changed Mind
R001610,T0012470,2025-01-25,255.08,Quality Issue
R001611,T0010850,2025-04-01,141.21,Changed Mind
R001612,T0031222,2025-07-06,210.43,Changed Mind
R001613,T0024262,2025-04-24,472.66,Size/Specification
R001614,T0024484,2025-08-21,238.88,Damaged
R001615,T0005305,2025-10-05,221.46,Quality Issue
R001616,T0034233,2025-12-04,121.56,Size/Specification
R001617,T0034042,2025-04-17,164.56,Damaged
R001618,T0010398,2025-11-16,84.34,Quality Issue
R001619,T0015103,2025-03-13,136.86,Quality Issue
R001620,T0016167,2025-04-15,97.32,Quality Issue
R001621,T0038838,2025-01-12,210.88,Late Delivery
R001622,T0031495,2025-03-11,199.45,Quality Issue
R001623,T0036093,2025-06-23,519.8,Size/Specification
R001624,T0019151,2025-09-04,362.92,Quality Issue
R001625,T0001641,2025-12-20,883.2,Size/Specification
R001626,T0012631,2025-05-07,146.08,Late Delivery
R001627,T0011869,2025-01-28,236.67,Size/Specification
R001628,T0008613,2025-06-02,296.96,Changed Mind
R001629,T0005882,2025-03-09,413.9,Size/Specification
R001630,T0028057,2025-12-01,1098.51,Wrong Item
R001631,T0000448,2025-03-10,190.04,Size/Specification
R001632,T0033411,2025-06-29,757.18,Late Delivery
R001633,T0015595,2025-04-14,56.27,Changed Mind
R001634,T0030202,2025-11-30,626.52,Late Delivery
R001635,T0004290,2025-05-26,1118.45,Changed Mind
R001636,T0022431,2025-05-09,317.17,Quality Issue
R001637,T0013098,2025-09-16,101.97,Late Delivery
R001638,T0030738,2025-11-15,115.95,Late Delivery
R001639,T0035157,2025-12-25,79.66,Damaged
R001640,T0014321,2025-01-25,329.22,Late Delivery
R001641,T0027987,2025-07-03,666.9,Damaged
R001642,T0012831,2025-04-09,256.93,Damaged
R001643,T0001901,2025-12-30,390.64,Size/Specification
R001644,T0036218,2025-09-28,1114.32,Damaged
R001645,T0029129,2025-03-18,234.31,Changed Mind
R001646,T0018374,2025-12-03,101.68,Size/Specification
R001647,T0018394,2025-09-08,170.16,Quality Issue
R001648,T0003432,2025-11-22,142.86,Damaged
R001649,T0035384,2025-11-12,66.34,Size/Specification
R001650,T0017009,2025-10-18,501.63,Quality Issue
R001651,T0008107,2025-12-24,358.94,Quality Issue
R001652,T0012614,2025-01-15,340.09,Size/Specification
R001653,T0004521,2025-04-23,98.97,Changed Mind
R001654,T0001830,2025-11-10,113.42,Size/Specification
R001655,T0039559,2025-05-29,117.54,Wrong Item
R001656,T0000687,2025-04-01,243.15,Size/Specification
R001657,T0019342,2025-01-23,426.83,Size/Specification
R001658,T0018112,2025-10-02,42.13,Quality Issue
R001659,T0026779,2025-06-26,113.33,Size/Specification
R001660,T0009662,2025-12-29,217.56,Changed Mind
R001661,T0003936,2026-01-02,494.64,Wrong Item
R001662,T0034641,2025-05-09,246.67,Damaged
R001663,T0008756,2025-07-31,842.2,Size/Specification
R001664,T0011106,2025-07-25,230.4,Size/Specification
R001665,T0035160,2025-11-05,37.42,Quality Issue
R001666,T0037395,2025-12-27,103.9,Size/Specification
R001667,T0037123,2025-10-07,50.01,Size/Specification
R001668,T0016099,2025-06-07,151.6,Size/Specification
R001669,T0012529,2025-03-03,464.61,Late Delivery
R001670,T0018113,2025-12-03,85.07,Late Delivery
R001671,T0019112,2025-03-01,288.88,Changed Mind
R001672,T0038864,2025-08-13,101.89,Changed Mind
R001673,T0038664,2025-04-17,115.41,Late Delivery
R001674,T0029840,2025-04-17,150.83,Late Delivery
R001675,T0031665,2026-01-04,520.6,Size/Specification
R001676,T0001563,2025-07-26,884.64,Late Delivery
R001677,T0000585,2025-09-23,380.64,Changed Mind
R001678,T0014157,2025-11-23,59.29,Size/Specification
R001679,T0002529,2026-01-04,152.08,Damaged
R001680,T0011451,2025-09-29,263.17,Changed Mind
R001681,T0023548,2025-04-18,139.32,Changed Mind
R001682,T0018399,2025-09-20,109.43,Size/Specification
R001683,T0034771,2025-10-12,36.74,Changed Mind
R001684,T0007123,2025-11-08,510.94,Damaged
R001685,T0023295,2026-01-05,889.74,Size/Specification
R001686,T0012973,2025-07-12,300.68,Quality Issue
R001687,T0012884,2025-07-06,116.02,Size/Specification
R001688,T0001682,2025-02-20,116.88,Wrong Item
R001689,T0024285,2026-01-23,189.13,Damaged
R001690,T0006900,2026-01-02,47.88,Changed Mind
R001691,T0016346,2025-07-12,194.99,Changed Mind
R001692,T0022666,2025-06-10,97.24,Changed Mind
R001693,T0032059,2025-10-11,259.59,Size/Specification
R001694,T0019393,2025-02-03,1649.97,Quality Issue
R001695,T0022072,2025-11-17,28.08,Size/Specification
R001696,T0014276,2025-11-12,199.89,Wrong Item
R001697,T0028434,2025-08-14,96.27,Quality Issue
R001698,T0007572,2025-07-23,43.49,Size/Specification
R001699,T0008971,2026-01-04,77.27,Quality Issue
R001700,T0026505,2025-06-04,155.56,Late Delivery
R001701,T0039132,2025-10-28,420.76,Late Delivery
R001702,T0012629,2025-09-21,551.07,Changed Mind
R001703,T0020405,2025-10-12,268.09,Quality Issue
R001704,T0014616,2025-01-26,206.86,Late Delivery
R001705,T0013660,2025-01-07,204.88,Changed Mind
R001706,T0018854,2025-05-23,92.13,Changed Mind
R001707,T0026074,2025-12-03,68.98,Quality Issue
R001708,T0022791,2025-10-31,663.78,Quality Issue
R001709,T0022818,2025-07-14,58.45,Quality Issue
R001710,T0022750,2025-12-29,211.16,Size/Specification
R001711,T0018011,2025-03-23,268.69,Changed Mind
R001712,T0023201,2025-12-31,54.05,Damaged
R001713,T0019720,2025-11-14,101.76,Late Delivery
R001714,T0031463,2025-05-20,194.86,Damaged
R001715,T0026466,2025-09-20,221.2,Wrong Item
R001716,T0000725,2025-11-15,932.11,Damaged
R001717,T0025095,2025-11-04,2671.92,Quality Issue
R001718,T0023478,2025-02-18,151.9,Damaged
R001719,T0026090,2025-04-24,32.38,Late Delivery
R001720,T0037283,2025-12-25,425.61,Damaged
R001721,T0015453,2025-10-26,83.94,Quality Issue
R001722,T0037857,2025-07-14,239.84,Changed Mind
R001723,T0018086,2025-09-24,212.01,Size/Specification
R001724,T0005344,2025-12-06,544.35,Damaged
R001725,T0025331,2025-04-04,65.26,Quality Issue
R001726,T0015607,2025-06-16,50.89,Quality Issue
R001727,T0020352,2025-04-11,181.28,Changed Mind
R001728,T0008766,2025-12-14,330.84,Wrong Item
R001729,T0009238,2025-02-26,1788.24,Damaged
R001730,T0036083,2025-05-28,232.39,Damaged
R001731,T0020839,2025-10-09,894.12,Changed Mind
R001732,T0016269,2025-06-05,177.7,Changed Mind
R001733,T0013853,2025-11-12,221.7,Late Delivery
R001734,T0014823,2025-10-27,112.45,Damaged
R001735,T0034359,2025-09-04,147.95,Damaged
R001736,T0018698,2025-05-04,243.09,Damaged
R001737,T0029564,2025-11-16,62.54,Wrong Item
R001738,T0011258,2026-01-04,86.64,Quality Issue
R001739,T0013953,2025-05-19,179.73,Changed Mind
R001740,T0028070,2025-03-05,491.56,Changed Mind
R001741,T0031740,2025-06-30,202.78,Wrong Item
R001742,T0026876,2025-08-03,192.76,Size/Specification
R001743,T0020022,2026-01-23,57.13,Damaged
R001744,T0018463,2025-07-15,62.22,Changed Mind
R001745,T0010184,2025-04-17,588.54,Changed Mind
R001746,T0031168,2025-05-25,636.14,Size/Specification
R001747,T0035156,2025-09-26,480.74,Size/Specification
R001748,T0006428,2025-10-03,131.91,Late Delivery
R001749,T0039232,2025-11-06,382.84,Size/Specification
R001750,T0037426,2025-09-29,234.68,Late Delivery
R001751,T0033149,2025-04-30,2201.22,Quality Issue
R001752,T0010743,2025-05-06,59.19,Changed Mind
R001753,T0019292,2025-07-28,103.84,Size/Specification
R001754,T0026859,2025-08-04,149.66,Quality Issue
R001755,T0036451,2025-12-14,454.72,Size/Specification
R001756,T0020637,2025-10-29,112.4,Changed Mind
R001757,T0026078,2025-05-09,420.36,Size/Specification
R001758,T0025757,2025-08-31,89.02,Quality Issue
R001759,T0007569,2025-09-03,433.77,Wrong Item
R001760,T0012888,2025-11-27,642.0,Size/Specification
R001761,T0028781,2025-09-10,162.58,Changed Mind
R001762,T0017776,2025-12-20,281.1,Damaged
R001763,T0019100,2025-03-25,462.3,Late Delivery
R001764,T0032999,2025-02-26,370.01,Size/Specification
R001765,T0029777,2025-12-06,387.36,Damaged
R001766,T0033336,2025-12-21,291.76,Damaged
R001767,T0013399,2025-07-03,506.46,Late Delivery
R001768,T0001024,2025-06-28,484.73,Wrong Item
R001769,T0003929,2025-05-19,74.04,Size/Specification
R001770,T0010736,2025-04-13,232.11,Changed Mind
R001771,T0029261,2025-10-09,26.8,Quality Issue
R001772,T0037810,2025-07-03,53.05,Wrong Item
R001773,T0026286,2025-10-17,175.44,Late Delivery
R001774,T0022813,2025-08-24,193.3,Damaged
R001775,T0004772,2025-11-04,300.54,Size/Specification
R001776,T0016409,2025-02-15,512.38,Wrong Item
R001777,T0002586,2025-12-18,2067.23,Wrong Item
R001778,T0026896,2025-12-01,125.85,Size/Specification
R001779,T0033750,2025-06-04,164.38,Changed Mind
R001780,T0034939,2025-08-31,188.06,Size/Specification
R001781,T0013767,2025-10-23,105.96,Changed Mind
R001782,T0006268,2025-10-16,309.88,Changed Mind
R001783,T0011235,2025-10-01,235.33,Quality Issue
R001784,T0007304,2025-09-09,209.23,Wrong Item
R001785,T0038748,2025-02-20,332.57,Size/Specification
R001786,T0018173,2025-07-04,197.5,Damaged
R001787,T0010802,2026-01-10,321.66,Damaged
R001788,T0001764,2025-05-18,130.74,Size/Specification
R001789,T0012481,2025-12-09,345.73,Size/Specification
R001790,T0031082,2025-09-15,243.56,Damaged
R001791,T0036410,2025-02-27,342.41,Wrong Item
R001792,T0036336,2025-12-25,414.99,Late Delivery
R001793,T0030447,2025-05-05,793.02,Size/Specification
R001794,T0001233,2025-04-09,161.35,Damaged
R001795,T0033957,2025-05-22,84.28,Wrong Item
R001796,T0030118,2025-12-28,305.77,Quality Issue
R001797,T0018190,2025-11-19,152.96,Damaged
R001798,T0006057,2025-08-21,127.88,Size/Specification
R001799,T0003934,2025-03-28,286.98,Size/Specification
R001800,T0021403,2025-10-02,1345.16,Late Delivery
R001801,T0019402,2025-05-05,139.64,Damaged
R001802,T0039124,2025-12-25,123.98,Changed Mind
R001803,T0013452,2025-11-05,371.82,Late Delivery
R001804,T0002150,2025-06-06,205.52,Quality Issue
R001805,T0038496,2025-03-17,848.43,Quality Issue
R001806,T0015626,2025-03-22,193.99,Damaged
R001807,T0025484,2025-06-05,134.56,Size/Specification
R001808,T0007091,2025-03-14,321.86,Wrong Item
R001809,T0038309,2025-11-19,336.44,Damaged
R001810,T0028871,2025-10-22,711.0,Changed Mind
R001811,T0034478,2025-10-21,27.21,Changed Mind
R001812,T0028581,2025-05-18,145.7,Changed Mind
R001813,T0016251,2025-09-11,108.06,Changed Mind
R001814,T0007965,2025-11-10,64.03,Wrong Item
R001815,T0037697,2025-08-30,216.46,Damaged
R001816,T0027843,2025-09-14,449.12,Late Delivery
R001817,T0020724,2025-03-22,393.75,Late Delivery
R001818,T0023013,2025-03-29,54.93,Changed Mind
R001819,T0022888,2025-11-02,93.95,Wrong Item
R001820,T0008769,2025-12-09,191.39,Quality Issue
R001821,T0001304,2025-12-20,376.71,Late Delivery
R001822,T0016861,2025-03-31,724.75,Size/Specification
R001823,T0033022,2025-07-17,118.01,Size/Specification
R001824,T0036193,2025-04-02,94.21,Late Delivery
R001825,T0037386,2025-09-21,148.71,Changed Mind
R001826,T0034106,2025-11-15,252.68,Wrong Item
R001827,T0002609,2025-04-09,143.84,Quality Issue
R001828,T0016297,2025-06-03,182.96,Quality Issue
R001829,T0036539,2025-11-04,131.27,Changed Mind
R001830,T0022172,2025-06-24,266.66,Wrong Item
R001831,T0018576,2025-01-20,112.67,Size/Specification
R001832,T0012785,2025-11-19,422.2,Damaged
R001833,T0010918,2025-10-30,310.5,Wrong Item
R001834,T0016905,2025-03-24,1245.82,Damaged
R001835,T0008231,2025-08-08,743.04,Size/Specification
R001836,T0005727,2025-06-05,700.32,Late Delivery
R001837,T0008257,2025-05-26,96.46,Damaged
R001838,T0015533,2025-05-07,478.36,Quality Issue
R001839,T0018354,2025-07-18,105.9,Size/Specification
R001840,T0029489,2025-06-10,2036.5,Changed Mind
R001841,T0021482,2025-07-07,148.66,Damaged
R001842,T0038526,2025-08-02,129.22,Changed Mind
R001843,T0000430,2025-05-28,594.7,Size/Specification
R001844,T0034745,2025-06-04,582.0,Changed Mind
R001845,T0023494,2025-12-25,2889.16,Damaged
R001846,T0030778,2025-11-27,146.37,Damaged
R001847,T0015594,2025-10-19,134.52,Changed Mind
R001848,T0021411,2025-12-30,185.7,Wrong Item
R001849,T0020991,2025-10-25,161.97,Damaged
R001850,T0019595,2025-07-29,194.59,Quality Issue
R001851,T0021558,2025-04-21,202.06,Wrong Item
R001852,T0024146,2026-01-21,138.48,Size/Specification
R001853,T0025329,2025-06-27,138.75,Changed Mind
R001854,T0022803,2025-04-06,200.3,Quality Issue
R001855,T0025925,2025-09-14,100.32,Size/Specification
R001856,T0032355,2025-08-08,943.76,Quality Issue
R001857,T0038417,2026-01-03,87.52,Late Delivery
R001858,T0036280,2025-07-27,210.2,Size/Specification
R001859,T0026441,2025-07-16,203.91,Changed Mind
R001860,T0009039,2025-10-08,198.12,Size/Specification
R001861,T0038024,2025-04-12,171.9,Damaged
R001862,T0017736,2025-08-06,105.7,Changed Mind
R001863,T0036118,2025-08-24,104.43,Damaged
R001864,T0023128,2025-05-07,159.47,Size/Specification
R001865,T0013203,2025-10-13,410.76,Changed Mind
R001866,T0016614,2025-11-04,277.88,Changed Mind
R001867,T0039027,2025-11-13,261.82,Size/Specification
R001868,T0014556,2025-08-22,318.62,Damaged
R001869,T0016411,2025-12-27,324.84,Late Delivery
R001870,T0038837,2025-04-18,359.78,Changed Mind
R001871,T0013361,2025-12-21,209.24,Damaged
R001872,T0000211,2025-10-15,78.87,Damaged
R001873,T0029400,2025-08-16,189.5,Size/Specification
R001874,T0005232,2025-08-19,1419.72,Size/Specification
R001875,T0021116,2025-04-17,252.28,Size/Specification
R001876,T0025490,2025-11-22,250.56,Size/Specification
R001877,T0024446,2025-08-09,57.4,Size/Specification
R001878,T0008417,2025-01-24,442.52,Late Delivery
R001879,T0032449,2025-03-18,173.38,Changed Mind
R001880,T0039578,2025-07-11,841.34,Changed Mind
R001881,T0023450,2025-06-19,56.53,Size/Specification
R001882,T0027366,2025-04-23,252.28,Wrong Item
R001883,T0023305,2025-12-19,129.34,Wrong Item
R001884,T0025350,2025-12-11,59.88,Size/Specification
R001885,T0030838,2025-07-22,86.73,Quality Issue
R001886,T0026007,2025-09-12,116.64,Damaged
R001887,T0007686,2025-04-06,561.94,Quality Issue
R001888,T0031688,2025-12-22,118.29,Size/Specification
R001889,T0008815,2025-11-21,238.51,Changed Mind
R001890,T0016256,2025-12-02,1519.6,Size/Specification
R001891,T0015312,2025-12-04,216.18,Quality Issue
R001892,T0004203,2025-10-24,235.1,Size/Specification
R001893,T0038895,2025-04-10,120.56,Wrong Item
R001894,T0000264,2026-01-24,163.27,Damaged
R001895,T0012525,2025-02-18,246.0,Wrong Item
R001896,T0032859,2025-04-21,183.48,Size/Specification
R001897,T0000274,2025-02-20,63.1,Damaged
R001898,T0034464,2025-02-12,179.49,Changed Mind
R001899,T0034022,2025-01-24,145.16,Damaged
R001900,T0018827,2026-01-01,358.16,Changed Mind
R001901,T0030487,2025-11-12,305.66,Size/Specification
R001902,T0006425,2025-10-25,263.46,Late Delivery
R001903,T0015138,2025-06-19,74.66,Size/Specification
R001904,T0001195,2025-08-31,106.98,Changed Mind
R001905,T0015364,2025-07-20,523.02,Damaged
R001906,T0002301,2025-01-21,767.51,Size/Specification
R001907,T0001427,2025-08-24,184.45,Quality Issue
R001908,T0004811,2025-04-19,116.7,Changed Mind
R001909,T0033150,2025-10-24,157.9,Changed Mind
R001910,T0005564,2025-11-30,255.52,Late Delivery
R001911,T0014541,2025-03-05,144.46,Damaged
R001912,T0013378,2025-08-25,612.04,Quality Issue
R001913,T0022071,2025-03-12,94.98,Size/Specification
R001914,T0024460,2025-04-03,1178.88,Quality Issue
R001915,T0028330,2025-02-27,447.45,Late Delivery
R001916,T0027822,2025-11-06,178.07,Size/Specification
R001917,T0002112,2025-11-05,205.25,Wrong Item
R001918,T0009767,2025-03-02,587.84,Changed Mind
R001919,T0003162,2025-05-11,142.92,Damaged
R001920,T0003945,2025-12-17,213.45,Damaged
R001921,T0024840,2025-01-21,318.62,Quality Issue
R001922,T0039598,2025-09-02,271.08,Damaged
R001923,T0015332,2025-05-19,289.65,Size/Specification
R001924,T0024609,2025-10-18,205.41,Quality Issue
R001925,T0028663,2025-03-21,146.78,Changed Mind
R001926,T0010036,2025-12-12,186.94,Changed Mind
R001927,T0033246,2025-12-22,423.68,Quality Issue
R001928,T0025459,2025-12-20,204.66,Changed Mind
R001929,T0002745,2025-10-17,232.24,Size/Specification
R001930,T0039163,2025-12-10,288.32,Quality Issue
R001931,T0007823,2025-12-29,48.74,Quality Issue
R001932,T0032783,2025-10-04,119.16,Damaged
R001933,T0011033,2026-01-02,78.05,Changed Mind
R001934,T0019046,2025-06-15,161.39,Size/Specification
R001935,T0006676,2025-03-18,661.53,Wrong Item
R001936,T0024444,2025-09-01,58.28,Damaged
R001937,T0023686,2025-08-08,574.74,Late Delivery
R001938,T0018893,2025-03-20,128.63,Damaged
R001939,T0038847,2025-12-25,123.03,Late Delivery
R001940,T0035296,2025-02-20,120.19,Wrong Item
R001941,T0016598,2025-10-10,86.71,Quality Issue
R001942,T0037038,2025-09-11,824.68,Changed Mind
R001943,T0030663,2026-01-15,1094.4,Damaged
R001944,T0014296,2025-11-10,148.75,Quality Issue
R001945,T0034099,2025-08-23,216.94,Quality Issue
R001946,T0015483,2025-08-19,93.76,Changed Mind
R001947,T0005870,2025-02-21,47.62,Damaged
R001948,T0015243,2025-03-12,387.85,Quality Issue
R001949,T0037981,2025-10-25,152.05,Quality Issue
R001950,T0001158,2025-01-03,187.5,Damaged
R001951,T0035752,2025-03-04,695.05,Damaged
R001952,T0022849,2025-07-27,253.87,Changed Mind
R001953,T0008060,2025-08-10,1020.04,Damaged
R001954,T0032132,2025-03-19,328.39,Quality Issue
R001955,T0002815,2025-11-19,392.66,Changed Mind
R001956,T0036205,2025-11-15,48.08,Late Delivery
R001957,T0024968,2025-08-15,370.47,Quality Issue
R001958,T0013064,2025-04-26,43.14,Changed Mind
R001959,T0027062,2026-01-21,86.18,Late Delivery
R001960,T0017560,2025-07-24,78.5,Quality Issue
R001961,T0018675,2025-10-18,108.33,Wrong Item
R001962,T0034949,2025-01-24,292.47,Changed Mind
R001963,T0010082,2025-10-02,84.83,Changed Mind
R001964,T0030365,2025-09-28,60.55,Late Delivery
R001965,T0026840,2025-10-24,105.6,Size/Specification
R001966,T0038635,2025-08-07,1402.69,Damaged
R001967,T0036041,2025-08-03,149.93,Size/Specification
R001968,T0013955,2025-05-28,106.32,Damaged
R001969,T0028275,2025-04-21,117.0,Size/Specification
R001970,T0009382,2025-12-25,255.3,Damaged
R001971,T0019032,2025-06-17,282.2,Late Delivery
R001972,T0022646,2025-03-28,253.98,Quality Issue
R001973,T0015938,2025-01-31,95.0,Damaged
R001974,T0026131,2025-10-16,481.66,Damaged
R001975,T0012597,2025-03-09,212.47,Damaged
R001976,T0015210,2025-07-29,92.76,Damaged
R001977,T0025240,2025-03-01,102.66,Changed Mind
R001978,T0000344,2025-11-17,340.83,Damaged
R001979,T0024159,2025-10-21,180.46,Changed Mind
R001980,T0037504,2025-10-27,168.03,Damaged
R001981,T0011439,2025-07-17,681.23,Late Delivery
R001982,T0022189,2025-03-04,238.62,Damaged
R001983,T0020398,2025-06-03,511.36,Size/Specification
R001984,T0006671,2025-07-18,451.16,Damaged
R001985,T0011850,2025-06-28,81.54,Wrong Item
R001986,T0038387,2025-10-12,40.05,Changed Mind
R001987,T0023952,2025-01-28,1006.31,Late Delivery
R001988,T0011991,2025-07-08,268.22,Quality Issue
R001989,T0013416,2025-04-15,276.83,Changed Mind
R001990,T0002326,2025-12-05,69.86,Size/Specification
R001991,T0039513,2025-07-18,138.19,Damaged
R001992,T0007269,2025-10-21,753.36,Damaged
R001993,T0012967,2025-02-07,49.55,Size/Specification
R001994,T0006989,2025-06-06,358.64,Changed Mind
R001995,T0033515,2025-05-23,174.69,Late Delivery
R001996,T0013714,2025-12-10,134.95,Quality Issue
R001997,T0007776,2025-12-01,305.81,Changed Mind
R001998,T0037193,2025-06-17,174.74,Changed Mind
R001999,T0010883,2025-11-07,78.34,Wrong Item
R002000,T0008021,2025-04-18,98.11,Size/Specification
R002001,T0032531,2025-05-08,475.41,Size/Specification
R002002,T0003616,2025-08-17,234.22,Late Delivery
R002003,T0036114,2025-12-18,1187.3,Quality Issue
R002004,T0015242,2025-04-22,815.82,Wrong Item
R002005,T0002352,2025-03-02,176.69,Quality Issue
R002006,T0032103,2025-06-10,188.12,Wrong Item
R002007,T0004161,2025-06-04,943.9,Damaged
R002008,T0033866,2025-01-10,94.05,Late Delivery
R002009,T0025795,2025-02-16,97.88,Quality Issue
R002010,T0031786,2025-12-15,306.24,Damaged
R002011,T0010931,2025-11-13,294.54,Changed Mind
R002012,T0017456,2025-09-15,522.04,Changed Mind
R002013,T0017251,2025-09-24,101.23,Quality Issue
R002014,T0027784,2025-08-08,358.45,Changed Mind
R002015,T0008088,2025-12-04,176.8,Size/Specification
R002016,T0012587,2025-07-23,236.04,Wrong Item
R002017,T0004975,2025-05-27,292.04,Changed Mind
R002018,T0021863,2025-10-05,625.12,Late Delivery
R002019,T0008207,2025-05-20,1302.94,Quality Issue
R002020,T0003862,2025-11-28,442.36,Wrong Item
R002021,T0000506,2025-04-03,162.48,Late Delivery
R002022,T0025496,2025-10-25,107.14,Changed Mind
R002023,T0015885,2025-10-05,181.8,Changed Mind
R002024,T0027781,2025-07-15,124.33,Quality Issue
R002025,T0036401,2025-07-13,466.44,Size/Specification
R002026,T0008351,2025-08-12,113.66,Changed Mind
R002027,T0015932,2025-02-14,104.03,Damaged
R002028,T0019858,2025-04-06,345.06,Damaged
R002029,T0006325,2025-11-30,49.47,Changed Mind
R002030,T0030096,2025-05-01,78.07,Size/Specification
R002031,T0015712,2025-06-03,67.7,Changed Mind
R002032,T0019803,2025-08-01,350.12,Changed Mind
R002033,T0009264,2025-10-09,131.63,Quality Issue
R002034,T0012860,2025-07-29,146.43,Changed Mind
R002035,T0037162,2025-01-27,253.09,Damaged
R002036,T0036486,2025-10-14,131.69,Damaged
R002037,T0005947,2025-02-07,432.06,Late Delivery
R002038,T0002497,2025-08-09,93.25,Wrong Item
R002039,T0011592,2025-12-01,199.82,Changed Mind
R002040,T0023589,2025-08-27,162.93,Changed Mind
R002041,T0032099,2025-05-31,128.52,Late Delivery
R002042,T0009592,2025-01-26,132.42,Changed Mind
R002043,T0027814,2025-07-30,1224.27,Size/Specification
R002044,T0038654,2025-10-14,249.59,Damaged
R002045,T0029870,2025-12-14,468.4,Late Delivery
R002046,T0022566,2025-05-13,86.71,Wrong Item
R002047,T0013397,2025-02-04,142.32,Wrong Item
R002048,T0007113,2025-06-12,75.84,Quality Issue
R002049,T0025688,2025-08-11,852.9,Damaged
R002050,T0000323,2025-11-14,134.57,Changed Mind
R002051,T0014169,2025-12-27,106.54,Damaged
R002052,T0038243,2025-12-01,80.62,Quality Issue
R002053,T0030313,2025-06-24,51.97,Changed Mind
R002054,T0022176,2025-07-05,99.64,Damaged
R002055,T0034417,2025-10-26,223.03,Size/Specification
R002056,T0016037,2025-02-16,193.17,Changed Mind
R002057,T0032710,2025-02-04,722.58,Size/Specification
R002058,T0027882,2025-10-12,2163.42,Changed Mind
R002059,T0015125,2025-09-06,93.34,Wrong Item
R002060,T0028172,2025-11-23,119.19,Quality Issue
R002061,T0033480,2025-10-07,117.13,Quality Issue
R002062,T0029139,2025-05-02,393.88,Quality Issue
R002063,T0000622,2025-10-18,93.05,Size/Specification
R002064,T0020641,2025-09-19,363.48,Changed Mind
R002065,T0029051,2025-07-19,251.35,Changed Mind
R002066,T0004741,2025-03-23,383.69,Damaged
R002067,T0018181,2025-09-24,55.4,Damaged
R002068,T0018267,2025-02-22,156.59,Changed Mind
R002069,T0030291,2025-05-28,53.6,Quality Issue
R002070,T0035598,2025-10-04,327.92,Wrong Item
R002071,T0021694,2025-02-27,123.03,Late Delivery
R002072,T0029387,2025-03-13,101.53,Late Delivery
R002073,T0003019,2025-04-21,204.24,Late Delivery
R002074,T0030434,2026-01-03,421.62,Late Delivery
R002075,T0018114,2025-10-13,85.31,Size/Specification
R002076,T0009164,2025-09-04,775.89,Changed Mind
R002077,T0038470,2025-04-23,582.62,Damaged
R002078,T0033390,2025-05-26,148.8,Size/Specification
R002079,T0000510,2025-09-12,500.74,Late Delivery
R002080,T0035274,2025-12-30,166.88,Size/Specification
R002081,T0012034,2025-12-09,445.21,Changed Mind
R002082,T0034301,2025-05-03,434.09,Quality Issue
R002083,T0017504,2025-12-29,288.43,Quality Issue
R002084,T0031904,2025-11-27,439.67,Damaged
R002085,T0029001,2025-12-28,182.07,Late Delivery
R002086,T0039191,2025-04-04,75.75,Changed Mind
R002087,T0026510,2025-09-24,397.56,Damaged
R002088,T0037268,2025-08-21,580.58,Wrong Item
R002089,T0025803,2026-01-03,498.7,Size/Specification
R002090,T0023345,2025-12-27,509.01,Quality Issue
R002091,T0036158,2025-11-28,53.38,Size/Specification
R002092,T0033180,2025-11-29,2305.36,Quality Issue
R002093,T0037527,2025-12-11,426.1,Damaged
R002094,T0032615,2025-09-25,148.31,Late Delivery
R002095,T0006483,2025-07-07,318.8,Damaged
R002096,T0007673,2025-11-13,188.39,Late Delivery
R002097,T0022047,2025-07-09,448.03,Changed Mind
R002098,T0038025,2025-07-04,169.89,Damaged
R002099,T0023734,2025-08-26,117.37,Size/Specification
R002100,T0016146,2025-10-14,320.36,Changed Mind
R002101,T0034116,2025-04-04,1715.2,Late Delivery
R002102,T0029788,2026-01-17,357.5,Wrong Item
R002103,T0018423,2025-09-04,254.73,Wrong Item
R002104,T0020738,2025-11-12,665.5,Changed Mind
R002105,T0003221,2025-03-29,924.06,Changed Mind
R002106,T0025957,2025-04-01,110.82,Wrong Item
R002107,T0002773,2025-05-16,37.01,Changed Mind
R002108,T0019923,2025-10-17,88.07,Changed Mind
R002109,T0000749,2025-02-02,288.48,Quality Issue
R002110,T0037706,2025-02-24,228.76,Quality Issue
R002111,T0039414,2025-02-16,167.6,Changed Mind
R002112,T0000378,2025-10-02,209.16,Size/Specification
R002113,T0033884,2025-11-27,615.64,Changed Mind
R002114,T0024781,2025-05-27,195.32,Late Delivery
R002115,T0039539,2025-05-03,158.31,Quality Issue
R002116,T0034271,2025-09-25,362.76,Size/Specification
R002117,T0039708,2025-03-16,44.92,Changed Mind
R002118,T0030471,2025-05-02,123.53,Quality Issue
R002119,T0009709,2025-07-16,144.19,Late Delivery
R002120,T0026678,2025-06-26,216.87,Size/Specification
R002121,T0038631,2025-10-11,135.5,Changed Mind
R002122,T0024129,2025-09-28,823.63,Damaged
R002123,T0025450,2025-10-30,455.56,Damaged
R002124,T0007213,2025-06-09,175.61,Size/Specification
R002125,T0035334,2026-01-16,314.78,Changed Mind
R002126,T0017363,2025-12-27,151.48,Damaged
R002127,T0020605,2025-05-01,547.46,Late Delivery
R002128,T0014742,2025-12-11,167.84,Changed Mind
R002129,T0018371,2025-02-03,238.53,Size/Specification
R002130,T0032867,2025-01-26,646.08,Damaged
R002131,T0027272,2025-05-20,153.34,Late Delivery
R002132,T0031694,2025-07-11,496.3,Late Delivery
R002133,T0000181,2025-08-20,483.38,Wrong Item
R002134,T0001617,2025-09-19,126.39,Late Delivery
R002135,T0005568,2025-05-18,184.86,Size/Specification
R002136,T0018942,2025-11-14,356.6,Size/Specification
R002137,T0022939,2025-11-14,113.23,Size/Specification
R002138,T0020110,2025-06-16,313.27,Quality Issue
R002139,T0039919,2025-07-22,202.49,Size/Specification
R002140,T0011207,2025-06-01,142.37,Changed Mind
R002141,T0021458,2025-01-29,280.88,Wrong Item
R002142,T0021269,2025-12-06,101.31,Wrong Item
R002143,T0031875,2025-07-04,322.1,Late Delivery
R002144,T0021019,2025-03-10,286.55,Changed Mind
R002145,T0022740,2025-05-08,95.24,Size/Specification
R002146,T0031358,2025-04-07,75.81,Size/Specification
R002147,T0036792,2025-11-17,155.09,Quality Issue
R002148,T0008305,2025-06-07,210.67,Size/Specification
R002149,T0035782,2025-01-16,65.13,Quality Issue
R002150,T0006187,2025-04-20,68.93,Changed Mind
R002151,T0029643,2025-10-28,345.41,Size/Specification
R002152,T0039174,2025-02-02,351.8,Late Delivery
R002153,T0009285,2025-04-17,489.32,Late Delivery
R002154,T0018736,2025-03-19,70.61,Wrong Item
R002155,T0021422,2025-03-13,954.58,Late Delivery
R002156,T0015898,2025-12-04,398.07,Late Delivery
R002157,T0032222,2025-01-07,247.4,Late Delivery
R002158,T0006147,2025-04-26,181.84,Late Delivery
R002159,T0013755,2025-06-13,783.48,Damaged
R002160,T0038701,2025-01-24,54.68,Damaged
R002161,T0013034,2025-02-14,314.22,Size/Specification
R002162,T0002532,2025-09-16,194.16,Size/Specification
R002163,T0014764,2025-08-10,210.31,Changed Mind
R002164,T0017325,2025-05-01,189.86,Quality Issue
R002165,T0017076,2025-06-24,275.31,Damaged
R002166,T0030067,2025-05-24,276.5,Size/Specification
R002167,T0014576,2026-01-03,207.63,Late Delivery
R002168,T0007238,2025-04-06,59.95,Damaged
R002169,T0037114,2026-01-18,270.23,Quality Issue
R002170,T0011122,2025-12-03,543.22,Damaged
R002171,T0020395,2025-10-21,47.31,Size/Specification
R002172,T0008994,2025-06-05,25.89,Changed Mind
R002173,T0003291,2026-01-20,44.21,Damaged
R002174,T0001347,2025-06-21,136.62,Size/Specification
R002175,T0001180,2025-07-18,330.59,Late Delivery
R002176,T0022211,2025-11-06,824.15,Late Delivery
R002177,T0039134,2025-03-01,322.92,Size/Specification
R002178,T0036067,2025-04-27,53.66,Changed Mind
R002179,T0036256,2025-10-14,309.66,Size/Specification
R002180,T0038372,2025-03-02,26.2,Damaged
R002181,T0033546,2025-12-19,159.45,Damaged
R002182,T0012231,2026-01-29,430.54,Late Delivery
R002183,T0028161,2025-05-21,1396.4,Damaged
R002184,T0039789,2025-11-10,236.75,Size/Specification
R002185,T0006247,2025-09-10,744.64,Changed Mind
R002186,T0037370,2025-11-28,122.38,Damaged
R002187,T0019244,2025-07-30,414.74,Damaged
R002188,T0034440,2025-12-08,142.64,Damaged
R002189,T0032570,2025-03-14,77.52,Damaged
R002190,T0039225,2025-10-30,435.31,Changed Mind
R002191,T0021595,2025-11-27,77.5,Changed Mind
R002192,T0035270,2025-06-16,73.64,Late Delivery
R002193,T0030658,2025-12-20,158.38,Quality Issue
R002194,T0004557,2025-05-03,632.85,Size/Specification
R002195,T0008041,2025-07-18,309.5,Size/Specification
R002196,T0019648,2025-07-28,142.96,Late Delivery
R002197,T0032706,2025-12-19,293.66,Quality Issue
R002198,T0008141,2025-03-05,356.25,Damaged
R002199,T0038160,2025-03-22,293.48,Damaged
R002200,T0029371,2025-11-29,47.94,Damaged
R002201,T0000502,2025-01-15,26.16,Late Delivery
R002202,T0008905,2025-01-31,1300.12,Quality Issue
R002203,T0031962,2025-03-24,338.28,Changed Mind
R002204,T0002894,2026-01-18,198.8,Wrong Item
R002205,T0009271,2025-09-13,87.62,Wrong Item
R002206,T0012052,2025-03-03,31.93,Damaged
R002207,T0026440,2025-03-27,60.55,Damaged
R002208,T0036551,2025-05-11,287.4,Changed Mind
R002209,T0028204,2025-12-19,84.97,Damaged
R002210,T0033384,2025-05-20,73.64,Size/Specification
R002211,T0008275,2026-01-09,40.14,Wrong Item
R002212,T0034506,2026-01-10,1041.0,Wrong Item
R002213,T0033749,2025-02-06,163.6,Damaged
R002214,T0014054,2025-03-27,160.63,Size/Specification
R002215,T0033815,2025-03-04,199.05,Changed Mind
R002216,T0019317,2025-05-18,289.88,Late Delivery
R002217,T0001333,2026-01-02,219.28,Wrong Item
R002218,T0004033,2025-03-08,361.4,Changed Mind
R002219,T0003244,2025-09-26,1181.03,Size/Specification
R002220,T0010701,2025-11-08,179.57,Late Delivery
R002221,T0000279,2025-12-29,700.72,Quality Issue
R002222,T0018046,2025-08-01,128.13,Damaged
R002223,T0034049,2025-05-04,1281.12,Damaged
R002224,T0025995,2025-05-25,151.2,Changed Mind
R002225,T0004505,2025-01-20,180.02,Damaged
R002226,T0010093,2025-11-28,112.51,Changed Mind
R002227,T0000375,2025-05-02,99.38,Changed Mind
R002228,T0030459,2025-11-28,391.29,Changed Mind
R002229,T0002088,2025-04-18,220.44,Size/Specification
R002230,T0037782,2025-08-13,243.64,Damaged
R002231,T0010902,2025-05-17,89.18,Late Delivery
R002232,T0038277,2025-09-04,277.08,Size/Specification
R002233,T0026012,2025-11-23,184.57,Quality Issue
R002234,T0003419,2025-04-13,143.47,Quality Issue
R002235,T0012250,2025-03-21,161.35,Size/Specification
R002236,T0003594,2026-01-24,159.85,Quality Issue
R002237,T0037512,2025-11-28,266.68,Damaged
R002238,T0038599,2025-04-05,89.16,Quality Issue
R002239,T0015966,2025-07-21,473.7,Late Delivery
R002240,T0014873,2025-04-29,144.19,Damaged
R002241,T0003932,2025-05-06,392.42,Changed Mind
R002242,T0016588,2025-03-10,79.95,Quality Issue
R002243,T0017996,2025-04-29,74.8,Changed Mind
R002244,T0008571,2025-12-13,225.75,Size/Specification
R002245,T0020482,2025-06-25,86.27,Damaged
R002246,T0024826,2025-04-07,229.9,Size/Specification
R002247,T0016777,2025-04-29,260.48,Damaged
R002248,T0006937,2025-11-19,118.37,Quality Issue
R002249,T0035837,2025-09-10,93.1,Quality Issue
R002250,T0031624,2025-10-13,116.11,Damaged
R002251,T0038683,2025-11-08,381.12,Wrong Item
R002252,T0023400,2025-08-08,1107.45,Size/Specification
R002253,T0019262,2025-08-19,73.7,Size/Specification
R002254,T0037576,2025-05-31,421.85,Wrong Item
R002255,T0010969,2025-04-20,70.63,Wrong Item
R002256,T0003503,2025-12-03,81.54,Late Delivery
R002257,T0021559,2025-04-22,221.87,Size/Specification
R002258,T0002270,2025-12-29,240.26,Changed Mind
R002259,T0020486,2025-08-04,143.15,Damaged
R002260,T0014125,2025-05-03,124.33,Quality Issue
R002261,T0003461,2025-07-27,321.89,Changed Mind
R002262,T0004963,2025-06-30,604.03,Changed Mind
R002263,T0014453,2025-02-02,83.0,Size/Specification
R002264,T0000397,2025-07-23,258.88,Quality Issue
R002265,T0009173,2025-05-20,79.24,Changed Mind
R002266,T0023368,2025-01-27,246.21,Changed Mind
R002267,T0002323,2025-09-29,237.86,Size/Specification
R002268,T0035722,2025-12-19,211.67,Changed Mind
R002269,T0024201,2025-08-27,158.35,Size/Specification
R002270,T0003194,2025-07-18,96.87,Wrong Item
R002271,T0019838,2025-12-30,626.38,Changed Mind
R002272,T0019211,2025-12-27,172.22,Late Delivery
R002273,T0010478,2026-01-01,276.96,Quality Issue
R002274,T0031574,2025-12-16,561.9,Late Delivery
R002275,T0020504,2025-11-16,200.38,Size/Specification
R002276,T0011223,2025-08-21,175.64,Damaged
R002277,T0015752,2025-05-26,269.9,Changed Mind
R002278,T0028750,2025-02-18,436.75,Size/Specification
R002279,T0016342,2025-11-23,741.03,Damaged
R002280,T0017920,2025-11-04,87.48,Size/Specification
R002281,T0025673,2025-02-19,171.61,Size/Specification
R002282,T0011238,2025-12-15,216.92,Size/Specification
R002283,T0033935,2025-07-20,424.12,Quality Issue
R002284,T0032399,2025-12-21,204.08,Changed Mind
R002285,T0021993,2025-04-14,250.24,Late Delivery
R002286,T0017432,2026-01-06,88.38,Changed Mind
R002287,T0031736,2025-10-07,93.03,Wrong Item
R002288,T0033961,2026-01-04,179.31,Damaged
R002289,T0009762,2025-07-28,208.77,Quality Issue
R002290,T0036822,2025-10-20,117.93,Changed Mind
R002291,T0008355,2025-12-13,174.75,Changed Mind
R002292,T0021284,2025-03-24,125.8,Quality Issue
R002293,T0016616,2025-12-20,196.46,Quality Issue
R002294,T0038865,2025-11-03,726.27,Quality Issue
R002295,T0034032,2025-04-01,44.5,Wrong Item
R002296,T0029334,2026-01-05,43.51,Size/Specification
R002297,T0022353,2025-11-01,181.81,Damaged
R002298,T0012373,2025-05-19,74.67,Quality Issue
R002299,T0022111,2025-02-19,170.2,Wrong Item
R002300,T0030293,2025-12-14,202.83,Damaged
R002301,T0018292,2025-07-19,91.33,Late Delivery
R002302,T0007617,2025-10-15,200.1,Changed Mind
R002303,T0003050,2025-05-23,220.91,Wrong Item
R002304,T0036618,2025-09-05,200.16,Changed Mind
R002305,T0000476,2025-06-01,359.44,Quality Issue
R002306,T0021177,2025-04-20,123.53,Changed Mind
R002307,T0023023,2025-02-23,270.43,Size/Specification
R002308,T0035534,2025-08-25,86.85,Damaged
R002309,T0034883,2025-05-18,216.94,Wrong Item
R002310,T0000929,2025-07-31,296.28,Changed Mind
R002311,T0012485,2025-04-27,289.4,Damaged
R002312,T0032191,2025-10-15,47.36,Wrong Item
R002313,T0037873,2025-11-08,50.4,Damaged
R002314,T0019688,2025-05-28,116.0,Damaged
R002315,T0007887,2025-04-18,111.95,Size/Specification
R002316,T0019733,2025-12-27,168.0,Size/Specification
R002317,T0009560,2025-11-14,108.39,Late Delivery
R002318,T0030871,2025-09-15,165.03,Damaged
R002319,T0034340,2026-01-06,322.33,Changed Mind
R002320,T0016852,2025-03-13,68.39,Changed Mind
R002321,T0005781,2025-04-11,310.69,Size/Specification
R002322,T0036431,2025-03-23,136.3,Quality Issue
R002323,T0024181,2025-07-22,225.87,Size/Specification
R002324,T0000458,2026-01-04,168.24,Damaged
R002325,T0018860,2025-11-10,28.66,Wrong Item
R002326,T0005234,2025-09-18,178.57,Late Delivery
R002327,T0005287,2025-04-19,155.35,Quality Issue
R002328,T0021896,2025-04-30,235.97,Damaged
R002329,T0021462,2025-03-24,302.1,Quality Issue
R002330,T0013300,2025-02-16,242.2,Size/Specification
R002331,T0019355,2025-04-01,597.42,Quality Issue
R002332,T0028432,2025-04-05,128.77,Size/Specification
R002333,T0031176,2025-03-03,183.63,Changed Mind
R002334,T0001220,2025-12-19,203.76,Damaged
R002335,T0028988,2025-05-07,104.28,Changed Mind
R002336,T0017721,2025-04-07,258.55,Size/Specification
R002337,T0023259,2025-05-04,434.82,Damaged
R002338,T0023995,2025-12-12,1552.85,Late Delivery
R002339,T0031976,2025-03-28,120.78,Damaged
R002340,T0028602,2025-09-30,89.2,Late Delivery
R002341,T0036055,2025-12-25,246.47,Size/Specification
R002342,T0028318,2025-04-27,49.12,Damaged
R002343,T0030230,2025-11-08,43.23,Size/Specification
R002344,T0023951,2025-10-10,72.96,Damaged
R002345,T0002291,2026-01-14,398.55,Wrong Item
R002346,T0033082,2025-09-04,855.65,Quality Issue
R002347,T0031596,2025-03-13,167.09,Late Delivery
R002348,T0033050,2025-05-06,251.04,Changed Mind
R002349,T0034409,2025-10-27,379.08,Quality Issue
R002350,T0016422,2025-08-08,50.54,Late Delivery
R002351,T0004816,2025-02-22,60.01,Quality Issue
R002352,T0029113,2025-12-09,240.72,Quality Issue
R002353,T0012478,2025-06-03,314.64,Quality Issue
R002354,T0000005,2025-11-20,185.36,Damaged
R002355,T0023924,2025-04-26,344.22,Quality Issue
R002356,T0008962,2025-03-05,445.84,Wrong Item
R002357,T0016842,2025-10-06,133.3,Size/Specification
R002358,T0001669,2026-01-03,366.23,Quality Issue
R002359,T0021795,2025-05-23,153.34,Wrong Item
R002360,T0035381,2026-01-09,132.0,Damaged
R002361,T0036474,2025-04-07,137.45,Size/Specification
R002362,T0026825,2025-07-10,261.5,Damaged
R002363,T0006888,2025-05-15,198.78,Size/Specification
R002364,T0030945,2025-02-10,418.14,Quality Issue
R002365,T0030377,2025-02-28,467.69,Changed Mind
R002366,T0039613,2025-10-24,869.48,Late Delivery
R002367,T0004202,2025-07-23,205.36,Wrong Item
R002368,T0005962,2025-02-17,159.25,Damaged
R002369,T0031513,2025-05-22,83.53,Quality Issue
R002370,T0008050,2025-05-21,655.81,Late Delivery
R002371,T0002646,2025-10-13,177.48,Changed Mind
R002372,T0033808,2025-07-07,158.01,Wrong Item
R002373,T0030245,2025-11-10,1502.2,Changed Mind
R002374,T0001001,2025-12-12,490.6,Damaged
R002375,T0008022,2025-02-09,165.61,Late Delivery
R002376,T0014757,2025-03-26,235.54,Damaged
R002377,T0028617,2025-05-27,175.9,Damaged
R002378,T0000773,2025-11-22,189.12,Late Delivery
R002379,T0028586,2025-11-21,90.78,Changed Mind
R002380,T0014918,2025-09-30,428.78,Changed Mind
R002381,T0020491,2025-09-09,152.75,Size/Specification
R002382,T0033989,2025-12-16,311.58,Size/Specification
R002383,T0012215,2025-02-18,161.27,Quality Issue
R002384,T0018671,2025-08-29,1121.16,Quality Issue
R002385,T0007970,2025-02-28,290.98,Wrong Item
R002386,T0027549,2025-08-06,1062.72,Size/Specification
R002387,T0032423,2025-10-05,185.56,Quality Issue
R002388,T0000278,2025-09-29,251.17,Damaged
R002389,T0018138,2025-09-09,198.34,Quality Issue
R002390,T0032448,2025-09-16,140.72,Changed Mind
R002391,T0025643,2026-01-12,247.11,Size/Specification
R002392,T0011859,2025-09-06,183.83,Size/Specification
R002393,T0029687,2025-12-01,132.59,Quality Issue
R002394,T0002280,2025-07-26,72.69,Late Delivery
R002395,T0001913,2025-08-08,120.2,Changed Mind
R002396,T0009524,2025-11-30,80.27,Changed Mind
R002397,T0007337,2025-05-03,541.98,Quality Issue
R002398,T0020419,2025-11-19,109.36,Wrong Item
R002399,T0036592,2025-12-21,52.55,Damaged
R002400,T0032975,2025-08-28,1354.96,Changed Mind
R002401,T0019705,2025-10-06,468.4,Late Delivery
R002402,T0033253,2025-10-24,546.36,Changed Mind
R002403,T0037320,2025-12-15,152.95,Size/Specification
R002404,T0005046,2026-01-01,90.0,Size/Specification
R002405,T0024057,2025-11-28,162.42,Changed Mind
R002406,T0034757,2025-03-06,144.3,Quality Issue
R002407,T0013469,2025-12-05,459.75,Wrong Item
R002408,T0035873,2025-10-27,218.97,Damaged
R002409,T0026429,2025-11-04,87.39,Changed Mind
R002410,T0031755,2025-10-04,215.46,Quality Issue
R002411,T0002981,2025-07-17,204.22,Size/Specification
R002412,T0001147,2025-11-06,266.15,Late Delivery
R002413,T0022253,2025-11-12,146.18,Wrong Item
R002414,T0024076,2025-09-17,834.9,Late Delivery
R002415,T0020215,2025-02-06,1029.49,Quality Issue
R002416,T0025859,2025-12-18,98.12,Damaged
R002417,T0037863,2025-10-18,761.73,Size/Specification
R002418,T0014697,2025-02-27,87.96,Changed Mind
R002419,T0035355,2025-12-16,57.97,Quality Issue
R002420,T0032959,2025-02-19,195.82,Quality Issue
R002421,T0012951,2025-05-05,140.03,Changed Mind
R002422,T0000262,2026-01-13,1095.08,Size/Specification
R002423,T0022523,2025-11-27,171.54,Late Delivery
R002424,T0014484,2025-10-30,624.28,Size/Specification
R002425,T0009607,2025-07-08,200.7,Damaged
R002426,T0029436,2025-06-16,126.88,Changed Mind
R002427,T0008529,2025-06-20,297.98,Damaged
R002428,T0008569,2025-09-24,99.0,Changed Mind
R002429,T0020971,2025-12-30,67.06,Changed Mind
R002430,T0017368,2025-12-25,54.01,Changed Mind
R002431,T0026972,2025-11-24,508.45,Quality Issue
R002432,T0007990,2025-06-08,170.23,Size/Specification
R002433,T0018120,2025-12-19,472.14,Late Delivery
R002434,T0005002,2025-03-10,122.86,Late Delivery
R002435,T0034242,2025-07-21,218.25,Damaged
R002436,T0026630,2025-05-05,192.99,Damaged
R002437,T0025981,2025-06-25,293.16,Wrong Item
R002438,T0001428,2025-02-14,195.97,Damaged
R002439,T0004991,2025-11-03,237.17,Quality Issue
R002440,T0039361,2025-09-28,118.23,Quality Issue
R002441,T0035456,2025-08-13,151.92,Damaged
R002442,T0023083,2025-01-22,288.98,Size/Specification
R002443,T0035457,2025-12-03,67.39,Late Delivery
R002444,T0002465,2025-03-11,104.12,Damaged
R002445,T0037986,2025-09-12,507.48,Damaged
R002446,T0020756,2025-03-19,99.42,Late Delivery
R002447,T0027817,2025-03-13,219.4,Size/Specification
R002448,T0017954,2025-12-27,311.64,Damaged
R002449,T0018838,2025-05-16,222.5,Quality Issue
R002450,T0001802,2025-02-16,189.64,Damaged
R002451,T0023033,2025-09-01,242.95,Size/Specification
R002452,T0039273,2025-07-24,597.9,Quality Issue
R002453,T0039552,2025-11-30,103.87,Changed Mind
R002454,T0020417,2025-03-06,93.06,Wrong Item
R002455,T0014225,2025-10-29,1094.19,Quality Issue
R002456,T0034941,2025-06-12,207.76,Late Delivery
R002457,T0006970,2025-08-27,109.47,Size/Specification
R002458,T0033129,2025-03-15,150.77,Late Delivery
R002459,T0001286,2025-12-09,57.39,Quality Issue
R002460,T0030779,2025-07-30,67.97,Late Delivery
R002461,T0021942,2025-06-21,216.1,Size/Specification
R002462,T0001902,2025-04-16,231.83,Quality Issue
R002463,T0029234,2025-10-19,107.45,Late Delivery
R002464,T0031851,2025-11-10,262.06,Wrong Item
R002465,T0001417,2025-08-17,186.54,Damaged
R002466,T0033444,2025-08-19,96.77,Late Delivery
R002467,T0023007,2025-11-08,107.62,Damaged
R002468,T0003716,2025-08-17,1035.16,Quality Issue
R002469,T0007746,2025-11-01,103.1,Damaged
R002470,T0008125,2025-11-01,756.72,Quality Issue
R002471,T0007626,2025-10-12,169.18,Quality Issue
R002472,T0000567,2025-02-16,186.73,Size/Specification
R002473,T0020306,2025-02-02,232.01,Size/Specification
R002474,T0012173,2025-11-22,121.29,Size/Specification
R002475,T0017467,2025-09-28,112.27,Quality Issue
R002476,T0013200,2025-02-06,655.32,Damaged
R002477,T0019243,2025-05-30,477.99,Changed Mind
R002478,T0021423,2025-05-14,801.27,Size/Specification
R002479,T0022122,2025-12-11,141.38,Changed Mind
R002480,T0020990,2025-03-14,1217.0,Damaged
R002481,T0007463,2025-02-05,267.4,Changed Mind
R002482,T0011700,2025-04-22,169.18,Changed Mind
R002483,T0014086,2025-10-14,177.91,Changed Mind
R002484,T0029229,2025-02-05,390.56,Size/Specification
R002485,T0005224,2026-01-23,137.34,Changed Mind
R002486,T0006757,2025-12-25,234.52,Wrong Item
R002487,T0021460,2025-11-20,191.2,Size/Specification
R002488,T0011784,2025-07-10,159.18,Changed Mind
R002489,T0013083,2025-03-26,96.49,Quality Issue
R002490,T0012963,2025-08-07,196.4,Quality Issue
R002491,T0026891,2025-12-27,34.02,Size/Specification
R002492,T0015166,2025-07-06,250.28,Changed Mind
R002493,T0017214,2025-10-09,87.62,Quality Issue
R002494,T0018686,2025-07-20,463.47,Damaged
R002495,T0007654,2025-09-25,1178.02,Size/Specification
R002496,T0022720,2025-01-23,361.5,Late Delivery
R002497,T0001053,2025-08-23,214.29,Late Delivery
R002498,T0026053,2025-10-13,395.38,Late Delivery
R002499,T0017627,2025-10-19,111.62,Quality Issue
R002500,T0032397,2025-08-24,1013.4,Late Delivery
R002501,T0031387,2025-12-31,70.79,Changed Mind
R002502,T0021162,2026-01-20,173.8,Quality Issue
R002503,T0029955,2026-01-28,249.7,Size/Specification
R002504,T0026331,2025-09-19,109.75,Quality Issue
R002505,T0004030,2025-12-21,350.62,Changed Mind
R002506,T0001013,2025-09-23,101.95,Size/Specification
R002507,T0015715,2025-11-20,176.95,Damaged
R002508,T0007232,2025-02-27,312.01,Late Delivery
R002509,T0008890,2025-08-03,1278.92,Wrong Item
R002510,T0001110,2025-08-15,149.33,Changed Mind
R002511,T0038632,2025-01-10,96.61,Damaged
R002512,T0015727,2025-01-14,224.32,Quality Issue
R002513,T0001108,2025-12-03,27.95,Quality Issue
R002514,T0038398,2025-08-09,576.94,Quality Issue
R002515,T0001134,2025-03-03,60.22,Wrong Item
R002516,T0025878,2025-05-10,294.33,Size/Specification
R002517,T0004825,2025-06-21,132.91,Damaged
R002518,T0028510,2025-10-28,310.66,Wrong Item
R002519,T0015171,2025-03-29,351.18,Wrong Item
R002520,T0016080,2025-07-15,110.03,Late Delivery
R002521,T0003231,2025-07-18,284.88,Late Delivery
R002522,T0017729,2025-06-18,296.21,Wrong Item
R002523,T0013794,2025-07-21,495.45,Late Delivery
R002524,T0029274,2025-03-01,144.15,Wrong Item
R002525,T0031369,2025-10-08,179.92,Changed Mind
R002526,T0009331,2025-12-11,59.43,Changed Mind
R002527,T0035538,2026-01-18,215.88,Changed Mind
R002528,T0025337,2025-10-23,489.72,Size/Specification
R002529,T0015923,2025-10-16,247.32,Size/Specification
R002530,T0024267,2025-12-02,76.51,Damaged
R002531,T0003856,2025-11-24,682.38,Late Delivery
R002532,T0026046,2025-02-04,741.92,Quality Issue
R002533,T0020748,2025-11-05,201.44,Wrong Item
R002534,T0009569,2025-10-21,134.1,Quality Issue
R002535,T0038006,2025-06-28,321.91,Size/Specification
R002536,T0001492,2025-11-06,465.46,Quality Issue
R002537,T0015237,2025-04-04,167.53,Late Delivery
R002538,T0010193,2026-01-03,177.76,Damaged
R002539,T0013681,2025-05-20,469.46,Damaged
R002540,T0021945,2025-06-26,155.12,Wrong Item
R002541,T0010719,2025-01-26,301.42,Wrong Item
R002542,T0010878,2025-05-07,239.33,Quality Issue
R002543,T0030366,2025-05-23,122.65,Changed Mind
R002544,T0025031,2026-01-10,275.32,Size/Specification
R002545,T0016101,2025-07-18,50.51,Quality Issue
R002546,T0032928,2025-11-18,356.43,Changed Mind
R002547,T0025176,2025-11-06,274.22,Changed Mind
R002548,T0007610,2025-06-02,1529.6,Wrong Item
R002549,T0010492,2025-08-06,324.39,Late Delivery
R002550,T0004238,2025-02-05,181.82,Damaged
R002551,T0030904,2025-11-11,186.59,Size/Specification
R002552,T0003644,2025-03-22,135.87,Damaged
R002553,T0010037,2025-05-07,97.41,Quality Issue
R002554,T0022847,2025-07-15,42.3,Changed Mind
R002555,T0032593,2025-08-06,1539.4,Changed Mind
R002556,T0029585,2025-09-10,191.1,Size/Specification
R002557,T0002768,2025-08-04,410.08,Damaged
R002558,T0013193,2025-12-28,365.26,Late Delivery
R002559,T0028157,2025-12-31,107.39,Size/Specification
R002560,T0037398,2025-01-23,168.46,Damaged
R002561,T0029730,2025-07-09,73.0,Size/Specification
R002562,T0001091,2025-06-08,289.29,Late Delivery
R002563,T0020365,2025-08-11,1850.3,Damaged
R002564,T0034860,2025-03-07,148.92,Quality Issue
R002565,T0032127,2025-03-07,203.51,Size/Specification
R002566,T0027944,2025-04-19,178.56,Late Delivery
R002567,T0013109,2025-01-15,488.87,Quality Issue
R002568,T0035633,2025-02-20,141.18,Quality Issue
R002569,T0031189,2025-05-02,295.5,Late Delivery
R002570,T0014096,2025-06-16,291.66,Damaged
R002571,T0001049,2026-01-08,130.28,Size/Specification
R002572,T0039618,2025-02-20,271.02,Damaged
R002573,T0031480,2025-08-18,213.74,Quality Issue
R002574,T0017042,2025-11-17,227.4,Size/Specification
R002575,T0013173,2025-11-04,161.12,Changed Mind
R002576,T0022088,2025-11-28,837.81,Late Delivery
R002577,T0034878,2025-09-18,191.26,Quality Issue
R002578,T0013425,2025-01-29,190.82,Quality Issue
R002579,T0012157,2025-11-21,232.0,Size/Specification
R002580,T0032778,2025-08-28,46.77,Wrong Item
R002581,T0019856,2025-12-28,38.8,Damaged
R002582,T0009933,2025-04-28,231.37,Size/Specification
R002583,T0029331,2025-10-31,626.21,Quality Issue
R002584,T0002744,2025-08-01,273.31,Quality Issue
R002585,T0016126,2025-04-26,518.76,Size/Specification
R002586,T0000843,2025-08-23,93.0,Changed Mind
R002587,T0007779,2025-06-23,185.7,Late Delivery
R002588,T0021279,2025-02-02,58.13,Damaged
R002589,T0028704,2025-06-25,166.62,Quality Issue
R002590,T0035497,2025-02-21,113.9,Changed Mind
R002591,T0039171,2025-12-05,148.28,Changed Mind
R002592,T0011336,2025-07-11,206.11,Changed Mind
R002593,T0033323,2025-06-03,1822.32,Changed Mind
R002594,T0010956,2025-07-20,457.1,Late Delivery
R002595,T0025370,2025-07-09,350.48,Late Delivery
R002596,T0035218,2025-10-08,331.45,Size/Specification
R002597,T0038199,2025-02-28,390.74,Size/Specification
R002598,T0020072,2025-01-22,137.2,Quality Issue
R002599,T0021861,2025-03-11,185.09,Changed Mind
R002600,T0033407,2025-04-14,217.84,Size/Specification
R002601,T0020854,2025-02-19,180.6,Late Delivery
R002602,T0000574,2025-04-13,218.55,Quality Issue
R002603,T0014928,2025-05-23,158.58,Quality Issue
R002604,T0001466,2025-11-13,328.71,Quality Issue
R002605,T0000885,2025-02-28,222.7,Damaged
R002606,T0015895,2025-04-25,457.28,Wrong Item
R002607,T0025134,2025-01-16,229.98,Wrong Item
R002608,T0029598,2025-01-31,1076.36,Damaged
R002609,T0013545,2025-03-05,235.29,Damaged
R002610,T0002030,2025-08-28,92.7,Damaged
R002611,T0035760,2025-10-05,75.14,Quality Issue
R002612,T0013151,2025-10-12,253.01,Late Delivery
R002613,T0016867,2025-06-22,205.24,Quality Issue
R002614,T0028359,2025-04-11,135.58,Size/Specification
R002615,T0017084,2025-11-13,150.15,Changed Mind
R002616,T0031742,2025-05-02,118.86,Changed Mind
R002617,T0005537,2025-03-15,540.9,Quality Issue
R002618,T0034450,2025-09-16,645.98,Late Delivery
R002619,T0015126,2025-04-25,334.58,Size/Specification
R002620,T0029475,2025-08-05,71.48,Late Delivery
R002621,T0025987,2025-04-02,78.48,Wrong Item
R002622,T0028557,2025-11-16,484.26,Damaged
R002623,T0003836,2025-06-19,35.3,Damaged
R002624,T0023887,2025-01-16,493.11,Quality Issue
R002625,T0017699,2025-11-24,76.21,Damaged
R002626,T0011765,2026-01-06,306.27,Damaged
R002627,T0038970,2025-12-11,123.56,Size/Specification
R002628,T0015233,2025-11-25,744.08,Wrong Item
R002629,T0038438,2025-11-15,319.05,Quality Issue
R002630,T0039779,2025-07-04,388.74,Damaged
R002631,T0017288,2025-05-13,92.0,Size/Specification
R002632,T0031746,2025-04-16,251.6,Changed Mind
R002633,T0037067,2025-08-23,281.76,Damaged
R002634,T0019864,2025-12-18,171.45,Size/Specification
R002635,T0016027,2025-04-24,78.83,Quality Issue
R002636,T0017932,2025-07-06,229.38,Damaged
R002637,T0031448,2025-07-09,86.97,Late Delivery
R002638,T0036415,2025-04-26,103.72,Size/Specification
R002639,T0037384,2025-07-28,113.45,Size/Specification
R002640,T0019829,2025-02-01,62.9,Changed Mind
R002641,T0033822,2025-07-23,447.3,Quality Issue
R002642,T0016179,2025-08-06,98.74,Size/Specification
R002643,T0036353,2025-12-02,405.27,Changed Mind
R002644,T0003357,2025-03-31,214.07,Late Delivery
R002645,T0032272,2025-09-20,43.41,Size/Specification
R002646,T0001109,2025-03-20,98.2,Quality Issue
R002647,T0029324,2025-03-03,1749.32,Changed Mind
R002648,T0019413,2026-01-16,567.06,Damaged
R002649,T0026094,2025-09-20,390.79,Size/Specification
R002650,T0025152,2025-07-25,183.56,Changed Mind
R002651,T0006810,2025-04-17,209.3,Size/Specification
R002652,T0019471,2025-01-31,583.73,Size/Specification
R002653,T0006419,2025-02-04,168.78,Wrong Item
R002654,T0038696,2025-11-06,527.43,Size/Specification
R002655,T0013686,2025-02-08,726.28,Wrong Item
R002656,T0018662,2025-11-26,126.75,Late Delivery
R002657,T0031278,2025-04-04,99.23,Damaged
R002658,T0023209,2025-09-20,126.65,Size/Specification
R002659,T0022689,2026-01-01,74.41,Late Delivery
R002660,T0037515,2025-04-17,308.04,Late Delivery
R002661,T0014281,2025-02-22,497.82,Size/Specification
R002662,T0005160,2025-09-05,242.82,Quality Issue
R002663,T0005758,2025-05-06,153.93,Late Delivery
R002664,T0000442,2025-05-16,1093.0,Changed Mind
R002665,T0003887,2025-10-18,367.14,Wrong Item
R002666,T0033561,2025-04-07,104.56,Quality Issue
R002667,T0009562,2025-12-21,281.43,Damaged
R002668,T0028923,2025-02-19,68.07,Late Delivery
R002669,T0007169,2025-01-29,225.74,Size/Specification
R002670,T0011377,2025-11-10,926.01,Changed Mind
R002671,T0000492,2025-09-03,123.03,Quality Issue
R002672,T0004885,2025-11-09,748.2,Size/Specification
R002673,T0028056,2025-08-23,336.84,Changed Mind
R002674,T0029835,2025-06-23,97.5,Wrong Item
R002675,T0038135,2026-01-04,237.8,Size/Specification
R002676,T0018318,2025-09-03,60.39,Changed Mind
R002677,T0004690,2025-11-20,107.62,Quality Issue
R002678,T0031979,2025-01-16,98.21,Changed Mind
R002679,T0036444,2025-05-03,295.0,Size/Specification
R002680,T0016421,2025-07-25,402.48,Damaged
R002681,T0001340,2025-05-19,57.33,Size/Specification
R002682,T0011445,2025-01-28,74.9,Quality Issue
R002683,T0008440,2025-07-06,200.63,Damaged
R002684,T0017878,2025-05-14,120.56,Size/Specification
R002685,T0021522,2025-12-16,70.48,Damaged
R002686,T0027855,2025-01-13,168.02,Changed Mind
R002687,T0015657,2025-02-26,354.28,Damaged
R002688,T0001442,2025-12-26,229.19,Late Delivery
R002689,T0015307,2025-02-14,99.57,Changed Mind
R002690,T0011932,2025-10-23,227.98,Size/Specification
R002691,T0025544,2025-11-17,386.31,Changed Mind
R002692,T0011073,2025-07-29,191.95,Changed Mind
R002693,T0034491,2025-12-31,963.18,Late Delivery
R002694,T0022418,2025-11-19,108.7,Quality Issue
R002695,T0036951,2025-10-14,361.35,Quality Issue
R002696,T0024165,2025-09-14,234.08,Changed Mind
R002697,T0033603,2025-04-10,159.22,Size/Specification
R002698,T0023790,2025-05-28,311.92,Changed Mind
R002699,T0004727,2025-05-02,204.96,Size/Specification
R002700,T0004309,2025-10-09,507.66,Changed Mind
R002701,T0031530,2026-01-04,255.05,Size/Specification
R002702,T0038369,2025-02-16,178.6,Damaged
R002703,T0038381,2025-06-06,2970.16,Quality Issue
R002704,T0024845,2025-03-01,99.42,Quality Issue
R002705,T0034443,2025-02-11,111.29,Size/Specification
R002706,T0033371,2025-05-12,234.46,Changed Mind
R002707,T0023223,2025-07-31,214.02,Size/Specification
R002708,T0014146,2025-10-12,118.63,Late Delivery
R002709,T0020553,2025-11-30,100.25,Quality Issue
R002710,T0015119,2025-12-28,121.12,Changed Mind
R002711,T0026702,2025-03-30,57.62,Damaged
R002712,T0005396,2025-03-25,187.16,Changed Mind
R002713,T0005383,2025-06-13,522.5,Quality Issue
R002714,T0011449,2025-11-26,120.28,Changed Mind
R002715,T0002233,2025-06-14,216.66,Size/Specification
R002716,T0017387,2025-01-13,374.13,Quality Issue
R002717,T0022356,2025-07-02,56.14,Changed Mind
R002718,T0017123,2025-12-03,578.43,Late Delivery
R002719,T0030567,2025-03-07,250.5,Damaged
R002720,T0020814,2025-09-28,154.03,Quality Issue
R002721,T0010813,2025-02-26,140.43,Quality Issue
R002722,T0029752,2025-06-30,494.87,Damaged
R002723,T0017090,2025-07-17,334.59,Damaged
R002724,T0029679,2025-11-14,79.45,Changed Mind
R002725,T0036090,2025-11-11,335.72,Damaged
R002726,T0032310,2025-12-04,170.94,Wrong Item
R002727,T0020538,2025-10-31,52.91,Changed Mind
R002728,T0026407,2025-03-21,554.84,Changed Mind
R002729,T0026364,2025-11-21,450.15,Changed Mind
R002730,T0029921,2025-06-07,292.59,Damaged
R002731,T0013470,2025-12-10,66.53,Size/Specification
R002732,T0006481,2025-02-04,560.56,Late Delivery
R002733,T0003151,2025-08-25,378.64,Quality Issue
R002734,T0034894,2025-09-03,819.96,Damaged
R002735,T0009659,2025-01-20,150.98,Changed Mind
R002736,T0003096,2025-02-03,264.69,Late Delivery
R002737,T0027506,2025-02-10,1333.95,Quality Issue
R002738,T0022038,2025-04-08,536.49,Quality Issue
R002739,T0008616,2025-02-08,60.04,Damaged
R002740,T0010063,2025-06-09,141.09,Size/Specification
R002741,T0000862,2025-02-04,88.85,Wrong Item
R002742,T0017127,2025-11-01,108.77,Wrong Item
R002743,T0024013,2025-03-05,217.19,Damaged
R002744,T0035060,2025-02-05,57.7,Changed Mind
R002745,T0023214,2025-02-06,202.01,Changed Mind
R002746,T0035314,2025-07-01,172.8,Wrong Item
R002747,T0007841,2025-12-02,709.86,Size/Specification
R002748,T0023103,2025-09-06,89.79,Late Delivery
R002749,T0006731,2026-01-12,91.12,Changed Mind
R002750,T0012349,2025-06-19,480.6,Changed Mind
R002751,T0008389,2025-06-23,794.46,Quality Issue
R002752,T0000269,2025-09-17,166.44,Size/Specification
R002753,T0002936,2025-12-16,73.73,Changed Mind
R002754,T0015212,2025-05-19,222.5,Changed Mind
R002755,T0037524,2025-12-03,593.96,Late Delivery
R002756,T0012919,2025-09-04,158.22,Changed Mind
R002757,T0036326,2025-06-04,167.84,Damaged
R002758,T0003116,2025-01-11,395.4,Wrong Item
R002759,T0025804,2025-02-06,148.27,Wrong Item
R002760,T0010950,2025-11-07,95.53,Changed Mind
R002761,T0028629,2025-08-26,669.21,Late Delivery
R002762,T0001554,2026-01-12,125.84,Wrong Item
R002763,T0016922,2025-07-31,77.95,Size/Specification
R002764,T0003738,2025-08-17,96.16,Size/Specification
R002765,T0004891,2025-02-09,79.48,Quality Issue
R002766,T0013703,2025-11-27,112.64,Changed Mind
R002767,T0027796,2025-05-19,287.4,Size/Specification
R002768,T0011431,2026-01-27,89.23,Quality Issue
R002769,T0010851,2026-01-14,127.55,Changed Mind
R002770,T0005524,2025-09-24,467.44,Wrong Item
R002771,T0008926,2025-11-07,115.58,Changed Mind
R002772,T0001424,2025-02-27,794.76,Changed Mind
R002773,T0027270,2025-09-27,219.46,Quality Issue
R002774,T0000053,2025-09-03,394.64,Damaged
R002775,T0009919,2026-01-01,135.07,Damaged
R002776,T0001847,2025-07-12,146.51,Late Delivery
R002777,T0011798,2025-03-29,244.98,Size/Specification
R002778,T0000275,2025-04-24,415.23,Size/Specification
R002779,T0038719,2025-11-17,183.46,Damaged
R002780,T0030522,2025-11-25,830.61,Damaged
R002781,T0034196,2025-08-01,230.52,Quality Issue
R002782,T0005263,2025-05-11,224.51,Late Delivery
R002783,T0028618,2025-10-05,230.72,Late Delivery
R002784,T0016029,2025-04-09,453.84,Late Delivery
R002785,T0034283,2025-04-04,284.95,Changed Mind
R002786,T0020205,2025-09-06,183.94,Late Delivery
R002787,T0033541,2025-09-27,292.87,Size/Specification
R002788,T0005641,2025-08-31,248.23,Size/Specification
R002789,T0039287,2025-12-20,160.97,Changed Mind
R002790,T0032911,2025-05-09,208.86,Damaged
R002791,T0006063,2025-06-16,193.75,Quality Issue
R002792,T0022562,2025-07-19,365.72,Quality Issue
R002793,T0015719,2025-11-15,154.48,Size/Specification
R002794,T0026890,2025-08-22,453.53,Late Delivery
R002795,T0039267,2025-10-30,411.56,Late Delivery
R002796,T0005884,2025-10-14,45.93,Damaged
R002797,T0023331,2025-07-27,276.69,Wrong Item
R002798,T0015484,2025-10-13,896.2,Late Delivery
R002799,T0025648,2025-09-10,135.35,Changed Mind
R002800,T0005961,2025-12-27,692.86,Damaged
R002801,T0002082,2025-09-19,251.34,Changed Mind
R002802,T0036151,2026-01-02,83.69,Late Delivery
R002803,T0024868,2025-12-14,163.41,Wrong Item
R002804,T0007754,2025-04-20,249.52,Late Delivery
R002805,T0024599,2025-09-12,379.49,Wrong Item
R002806,T0037440,2025-08-12,429.52,Damaged
R002807,T0024787,2025-11-22,127.06,Damaged
R002808,T0011328,2025-03-25,967.36,Quality Issue
R002809,T0003853,2025-10-15,259.1,Late Delivery
R002810,T0030236,2025-12-19,461.1,Wrong Item
R002811,T0022514,2025-03-20,222.77,Size/Specification
R002812,T0005534,2025-01-29,112.5,Changed Mind
R002813,T0035777,2025-05-26,126.21,Damaged
R002814,T0033212,2026-01-20,71.09,Size/Specification
R002815,T0038914,2025-12-26,410.72,Wrong Item
R002816,T0039206,2025-12-25,193.16,Damaged
R002817,T0013288,2025-07-06,52.3,Changed Mind
R002818,T0030109,2025-10-21,1209.7,Damaged
R002819,T0021627,2025-05-23,84.72,Late Delivery
R002820,T0023264,2025-11-04,209.44,Wrong Item
R002821,T0016818,2025-12-20,249.32,Late Delivery
R002822,T0019738,2025-06-05,364.62,Changed Mind
R002823,T0037872,2025-08-17,73.28,Damaged
R002824,T0020789,2025-09-15,1021.64,Quality Issue
R002825,T0032747,2025-02-02,652.57,Size/Specification
R002826,T0013985,2025-04-04,161.8,Late Delivery
R002827,T0002349,2025-05-26,81.59,Quality Issue
R002828,T0032406,2025-11-13,63.5,Damaged
R002829,T0006905,2025-06-05,108.12,Changed Mind
R002830,T0038588,2025-06-29,84.56,Damaged
R002831,T0013654,2025-11-23,207.87,Size/Specification
R002832,T0005858,2025-04-15,229.02,Wrong Item
R002833,T0029615,2025-10-18,74.19,Late Delivery
R002834,T0011606,2025-10-08,185.37,Damaged
R002835,T0008481,2025-10-07,144.53,Changed Mind
R002836,T0030181,2025-09-28,422.24,Quality Issue
R002837,T0014899,2025-10-21,1438.11,Damaged
R002838,T0038716,2025-10-06,300.1,Late Delivery
R002839,T0028588,2025-10-08,41.15,Changed Mind
R002840,T0002533,2025-08-03,300.24,Changed Mind
R002841,T0013605,2025-01-30,116.84,Changed Mind
R002842,T0018129,2025-04-30,160.99,Wrong Item
R002843,T0037500,2025-09-01,92.85,Size/Specification
R002844,T0028417,2025-10-18,253.6,Changed Mind
R002845,T0003243,2025-04-21,973.95,Size/Specification
R002846,T0018307,2025-06-24,906.72,Changed Mind
R002847,T0001397,2025-10-04,311.46,Wrong Item
R002848,T0018975,2025-12-21,881.37,Late Delivery
R002849,T0005467,2025-10-24,374.56,Changed Mind
R002850,T0028630,2025-01-17,340.69,Size/Specification
R002851,T0000024,2025-06-09,162.27,Quality Issue
R002852,T0003029,2025-10-28,204.41,Damaged
R002853,T0008358,2026-01-02,106.43,Late Delivery
R002854,T0000941,2025-12-11,299.13,Damaged
R002855,T0020841,2025-09-14,458.37,Late Delivery
R002856,T0019574,2025-06-17,144.44,Late Delivery
R002857,T0028276,2025-02-02,151.84,Size/Specification
R002858,T0020187,2025-07-17,310.8,Size/Specification
R002859,T0004035,2025-09-07,202.69,Size/Specification
R002860,T0002864,2025-12-19,166.8,Changed Mind
R002861,T0026362,2025-10-31,591.48,Quality Issue
R002862,T0001189,2025-04-24,377.06,Size/Specification
R002863,T0036520,2025-03-18,39.38,Quality Issue
R002864,T0006234,2025-10-31,87.58,Late Delivery
R002865,T0008404,2025-08-11,108.57,Late Delivery
R002866,T0028884,2025-02-08,102.75,Changed Mind
R002867,T0005289,2025-04-11,821.7,Damaged
R002868,T0021531,2025-12-01,275.4,Size/Specification
R002869,T0039015,2025-05-02,1601.91,Damaged
R002870,T0015751,2025-12-20,173.19,Damaged
R002871,T0035557,2025-11-24,533.04,Quality Issue
R002872,T0003389,2025-05-05,164.33,Damaged
R002873,T0001789,2025-05-20,278.96,Wrong Item
R002874,T0007135,2025-08-17,420.54,Damaged
R002875,T0039543,2025-05-29,175.33,Damaged
R002876,T0023808,2025-12-19,321.17,Damaged
R002877,T0004730,2025-09-05,109.22,Changed Mind
R002878,T0003155,2025-07-01,1177.26,Size/Specification
R002879,T0001624,2025-03-24,112.08,Size/Specification
R002880,T0033775,2025-12-27,830.25,Quality Issue
R002881,T0039024,2025-04-12,1124.19,Quality Issue
R002882,T0013175,2025-12-02,265.12,Changed Mind
R002883,T0017632,2025-09-03,152.74,Late Delivery
R002884,T0022582,2025-02-01,3206.55,Late Delivery
R002885,T0001513,2025-05-03,89.69,Late Delivery
R002886,T0017963,2025-01-07,313.27,Damaged
R002887,T0011012,2025-12-31,116.1,Damaged
R002888,T0021011,2025-12-23,516.74,Size/Specification
R002889,T0012043,2025-02-21,604.64,Size/Specification
R002890,T0029977,2025-09-25,113.05,Changed Mind
R002891,T0022180,2025-10-10,197.84,Damaged
R002892,T0030223,2025-05-29,79.77,Quality Issue
R002893,T0028241,2025-07-24,433.76,Damaged
R002894,T0014828,2025-10-15,350.02,Late Delivery
R002895,T0012419,2025-05-06,207.34,Wrong Item
R002896,T0029503,2025-11-14,86.11,Changed Mind
R002897,T0027916,2025-05-05,160.07,Damaged
R002898,T0002827,2025-05-15,136.18,Size/Specification
R002899,T0011948,2025-11-13,61.3,Quality Issue
R002900,T0016350,2025-09-12,370.22,Late Delivery
R002901,T0014875,2025-02-26,1063.42,Size/Specification
R002902,T0008407,2025-12-28,74.06,Changed Mind
R002903,T0005180,2025-06-10,86.24,Size/Specification
R002904,T0027867,2025-09-09,491.28,Wrong Item
R002905,T0000309,2025-09-21,476.48,Quality Issue
R002906,T0008553,2025-05-26,452.04,Changed Mind
R002907,T0002248,2025-07-02,565.62,Size/Specification
R002908,T0005378,2025-02-02,443.55,Damaged
R002909,T0008133,2025-07-25,64.26,Damaged
R002910,T0012995,2025-10-26,153.9,Quality Issue
R002911,T0008538,2025-08-12,102.73,Changed Mind
R002912,T0003636,2026-01-18,135.6,Wrong Item
R002913,T0028089,2025-09-22,749.1,Damaged
R002914,T0018036,2025-11-10,158.71,Quality Issue
R002915,T0032598,2025-01-22,157.22,Damaged
R002916,T0011799,2025-08-07,134.57,Damaged
R002917,T0037213,2025-09-12,123.69,Changed Mind
R002918,T0004520,2025-04-01,241.55,Changed Mind
R002919,T0019091,2025-09-04,455.86,Changed Mind
R002920,T0020431,2025-05-31,132.31,Late Delivery
R002921,T0022330,2025-02-17,302.93,Damaged
R002922,T0021080,2025-10-20,660.45,Quality Issue
R002923,T0005848,2025-02-19,36.27,Size/Specification
R002924,T0013100,2025-07-24,78.44,Quality Issue
R002925,T0002139,2025-07-23,172.45,Wrong Item
R002926,T0030105,2025-05-21,385.71,Quality Issue
R002927,T0006651,2025-05-25,162.87,Late Delivery
R002928,T0038336,2025-12-05,212.19,Late Delivery
R002929,T0029653,2025-09-05,314.73,Quality Issue
R002930,T0029738,2025-06-05,166.12,Wrong Item
R002931,T0001571,2025-06-26,544.62,Changed Mind
R002932,T0006748,2025-03-24,234.78,Quality Issue
R002933,T0026502,2025-05-02,382.48,Quality Issue
R002934,T0007295,2025-04-21,312.76,Damaged
R002935,T0012833,2025-10-08,406.6,Quality Issue
R002936,T0003930,2025-08-31,183.61,Late Delivery
R002937,T0021657,2026-01-20,267.78,Changed Mind
R002938,T0024591,2025-04-27,251.64,Late Delivery
R002939,T0034148,2025-02-04,182.7,Changed Mind
R002940,T0008376,2025-04-25,241.9,Wrong Item
R002941,T0037310,2025-07-04,125.88,Changed Mind
R002942,T0020228,2025-08-25,927.6,Damaged
R002943,T0037971,2025-07-30,153.95,Damaged
R002944,T0016052,2025-05-20,78.81,Changed Mind
R002945,T0015591,2025-07-14,281.16,Changed Mind
R002946,T0023350,2025-12-10,48.53,Wrong Item
R002947,T0028187,2025-11-22,60.8,Quality Issue
R002948,T0017299,2025-03-31,125.28,Late Delivery
R002949,T0002274,2025-04-27,198.93,Size/Specification
R002950,T0016399,2025-10-24,79.78,Late Delivery
R002951,T0012086,2025-11-20,182.56,Changed Mind
R002952,T0020362,2025-12-08,427.78,Late Delivery
R002953,T0014184,2025-02-28,1402.65,Damaged
R002954,T0035256,2025-03-19,399.81,Quality Issue
R002955,T0038335,2025-07-11,122.09,Changed Mind
R002956,T0027373,2025-05-31,1452.52,Late Delivery
R002957,T0014785,2025-03-02,237.42,Changed Mind
R002958,T0008342,2025-01-20,185.25,Quality Issue
R002959,T0018425,2025-08-23,250.39,Size/Specification
R002960,T0002528,2025-04-19,132.88,Wrong Item
R002961,T0029798,2025-10-30,478.46,Size/Specification
R002962,T0035648,2025-04-19,480.06,Changed Mind
R002963,T0009404,2025-12-05,88.11,Late Delivery
R002964,T0005196,2025-03-08,180.7,Wrong Item
R002965,T0029948,2025-11-02,36.31,Late Delivery
R002966,T0019063,2025-12-28,399.14,Quality Issue
R002967,T0022371,2025-04-16,266.84,Damaged
R002968,T0039006,2025-09-19,388.94,Size/Specification
R002969,T0007982,2025-03-26,165.57,Damaged
R002970,T0030994,2025-08-23,126.28,Late Delivery
R002971,T0021440,2025-11-07,184.52,Late Delivery
R002972,T0008123,2025-12-10,184.36,Wrong Item
R002973,T0025062,2025-04-08,86.0,Changed Mind
R002974,T0007679,2026-01-18,480.18,Changed Mind
R002975,T0016903,2025-06-09,330.66,Wrong Item
R002976,T0002324,2025-12-26,511.78,Late Delivery
R002977,T0006466,2025-07-07,194.0,Quality Issue
R002978,T0027306,2025-04-04,202.37,Wrong Item
R002979,T0035674,2025-11-06,81.46,Wrong Item
R002980,T0035615,2025-01-29,369.84,Changed Mind
R002981,T0001114,2025-09-25,388.44,Changed Mind
R002982,T0007410,2026-01-23,277.92,Size/Specification
R002983,T0037095,2025-04-11,180.13,Size/Specification
R002984,T0009688,2025-10-29,111.82,Quality Issue
R002985,T0027485,2025-03-24,66.53,Changed Mind
R002986,T0018655,2025-03-18,457.09,Changed Mind
R002987,T0025431,2025-10-22,283.74,Quality Issue
R002988,T0033669,2025-07-12,584.3,Changed Mind
R002989,T0023859,2025-11-02,408.04,Changed Mind
R002990,T0003489,2025-12-16,145.34,Changed Mind
R002991,T0021477,2025-05-08,121.06,Damaged
R002992,T0001577,2026-01-04,195.19,Damaged
R002993,T0034500,2025-08-30,1577.48,Damaged
R002994,T0032543,2025-08-04,438.39,Late Delivery
R002995,T0018397,2025-02-18,140.01,Damaged
R002996,T0001604,2025-03-11,251.58,Wrong Item
R002997,T0023537,2025-03-31,118.48,Size/Specification
R002998,T0021725,2025-08-18,172.56,Size/Specification
R002999,T0038189,2025-09-19,330.86,Late Delivery
R003000,T0000586,2025-04-26,607.58,Size/Specification
R003001,T0018843,2025-04-28,422.47,Late Delivery
R003002,T0008648,2025-09-29,73.17,Size/Specification
R003003,T0032693,2025-02-17,746.37,Wrong Item
R003004,T0029654,2025-12-11,578.4,Changed Mind
R003005,T0021791,2025-10-28,1950.9,Changed Mind
R003006,T0015422,2026-01-24,354.82,Size/Specification
R003007,T0013649,2025-05-02,156.1,Damaged
R003008,T0031528,2025-09-29,51.38,Late Delivery
R003009,T0017228,2025-06-04,105.86,Late Delivery
R003010,T0025588,2025-03-28,235.92,Size/Specification
R003011,T0008332,2025-02-25,58.67,Damaged
R003012,T0004200,2025-12-09,240.16,Size/Specification
R003013,T0005688,2025-12-19,786.68,Wrong Item
R003014,T0039893,2025-07-26,127.68,Wrong Item
R003015,T0027235,2025-03-31,146.87,Size/Specification
R003016,T0022644,2025-10-04,323.12,Changed Mind
R003017,T0020159,2025-05-10,772.41,Changed Mind
R003018,T0025273,2025-09-16,132.93,Late Delivery
R003019,T0012105,2025-09-26,406.54,Quality Issue
R003020,T0017912,2025-12-01,285.13,Damaged
R003021,T0035164,2025-12-20,87.54,Changed Mind
R003022,T0007916,2025-04-27,191.7,Late Delivery
R003023,T0025502,2025-11-16,1046.67,Damaged
R003024,T0015741,2025-05-05,55.66,Quality Issue
R003025,T0035710,2025-03-17,269.1,Changed Mind
R003026,T0032868,2025-12-12,383.15,Changed Mind
R003027,T0014291,2025-11-10,182.32,Changed Mind
R003028,T0002361,2025-07-29,261.4,Damaged
R003029,T0031772,2025-08-20,189.81,Damaged
R003030,T0035167,2025-12-26,295.65,Changed Mind
R003031,T0038945,2025-12-07,58.05,Changed Mind
R003032,T0015710,2025-04-03,44.7,Damaged
R003033,T0005227,2025-07-31,210.9,Size/Specification
R003034,T0005917,2025-10-21,98.37,Damaged
R003035,T0005019,2025-03-08,67.68,Quality Issue
R003036,T0036595,2025-08-31,876.84,Late Delivery
R003037,T0004739,2025-12-29,2848.2,Quality Issue
R003038,T0008561,2025-02-18,86.54,Damaged
R003039,T0030390,2025-08-11,76.04,Changed Mind
R003040,T0035023,2025-05-11,196.68,Wrong Item
R003041,T0013562,2025-10-12,184.31,Wrong Item
R003042,T0003417,2025-08-30,305.9,Late Delivery
R003043,T0012822,2025-11-30,79.44,Quality Issue
R003044,T0030598,2025-11-27,121.33,Damaged
R003045,T0006137,2025-03-03,313.67,Changed Mind
R003046,T0000481,2025-03-29,122.64,Late Delivery
R003047,T0025749,2025-11-27,128.25,Late Delivery
R003048,T0002136,2025-11-02,564.57,Quality Issue
R003049,T0034474,2025-02-22,201.64,Size/Specification
R003050,T0017051,2025-02-11,883.68,Size/Specification
R003051,T0001166,2026-01-17,524.17,Damaged
R003052,T0012991,2025-06-24,214.58,Quality Issue
R003053,T0027842,2026-01-07,153.67,Quality Issue
R003054,T0015072,2025-06-27,429.42,Size/Specification
R003055,T0039711,2025-12-18,193.3,Late Delivery
R003056,T0007412,2025-05-21,100.32,Size/Specification
R003057,T0021579,2025-01-11,163.55,Late Delivery
R003058,T0009288,2025-02-09,117.93,Damaged
R003059,T0006049,2025-04-09,81.84,Size/Specification
R003060,T0004385,2026-01-03,476.18,Changed Mind
R003061,T0037313,2025-10-18,211.34,Quality Issue
R003062,T0022656,2025-08-20,311.1,Size/Specification
R003063,T0018939,2025-11-19,484.83,Wrong Item
R003064,T0025277,2026-01-07,185.27,Late Delivery
R003065,T0001820,2025-11-07,293.14,Size/Specification
R003066,T0021209,2025-06-15,116.41,Size/Specification
R003067,T0027309,2025-04-19,227.76,Damaged
R003068,T0027759,2025-03-07,93.3,Quality Issue
R003069,T0010501,2025-04-07,62.76,Wrong Item
R003070,T0031194,2025-04-05,473.22,Changed Mind
R003071,T0001808,2025-10-10,210.16,Late Delivery
R003072,T0008195,2025-12-18,926.8,Damaged
R003073,T0029931,2025-12-14,41.88,Changed Mind
R003074,T0010540,2025-12-08,281.29,Size/Specification
R003075,T0030128,2025-04-04,43.15,Damaged
R003076,T0003569,2025-09-24,805.82,Late Delivery
R003077,T0024805,2025-10-27,230.94,Damaged
R003078,T0039397,2025-03-16,65.15,Quality Issue
R003079,T0014584,2025-07-17,176.6,Size/Specification
R003080,T0003886,2025-08-10,202.75,Damaged
R003081,T0016552,2025-02-23,200.09,Damaged
R003082,T0033357,2025-03-14,637.86,Wrong Item
R003083,T0034168,2025-09-30,82.32,Quality Issue
R003084,T0019472,2025-01-29,180.45,Size/Specification
R003085,T0005012,2025-04-26,1179.27,Size/Specification
R003086,T0039430,2025-09-29,810.88,Size/Specification
R003087,T0010677,2025-01-31,129.51,Size/Specification
R003088,T0000343,2025-12-07,195.19,Late Delivery
R003089,T0020808,2025-05-25,167.15,Size/Specification
R003090,T0007475,2025-07-30,448.95,Late Delivery
R003091,T0038656,2025-03-20,227.93,Quality Issue
R003092,T0005115,2025-11-12,167.07,Damaged
R003093,T0018238,2025-11-01,92.41,Quality Issue
R003094,T0007025,2025-11-19,886.56,Late Delivery
R003095,T0015136,2025-12-22,480.05,Wrong Item
R003096,T0030956,2025-10-01,280.95,Size/Specification
R003097,T0015012,2025-02-25,150.92,Late Delivery
R003098,T0025265,2025-12-07,296.2,Size/Specification
R003099,T0036450,2025-11-26,421.8,Quality Issue
R003100,T0005322,2025-08-27,340.63,Changed Mind
R003101,T0007921,2025-05-31,91.31,Changed Mind
R003102,T0032800,2025-10-23,510.24,Late Delivery
R003103,T0009442,2025-02-24,204.02,Quality Issue
R003104,T0021431,2025-05-22,745.12,Damaged
R003105,T0019578,2025-10-27,77.53,Size/Specification
R003106,T0039608,2025-07-15,398.06,Damaged
R003107,T0005599,2025-05-04,139.08,Damaged
R003108,T0029041,2025-02-01,536.93,Quality Issue
R003109,T0007556,2025-12-16,221.04,Wrong Item
R003110,T0001591,2025-05-07,324.11,Damaged
R003111,T0039304,2025-05-09,307.76,Quality Issue
R003112,T0005875,2025-05-25,182.61,Late Delivery
R003113,T0019636,2025-11-22,283.18,Quality Issue
R003114,T0037581,2025-03-31,214.37,Quality Issue
R003115,T0024966,2026-01-08,176.97,Late Delivery
R003116,T0033346,2025-12-16,162.59,Changed Mind
R003117,T0004531,2025-07-01,600.14,Changed Mind
R003118,T0024894,2025-08-30,261.44,Size/Specification
R003119,T0007590,2025-11-28,147.66,Changed Mind
R003120,T0001241,2025-07-20,381.4,Damaged
R003121,T0025923,2025-07-30,521.78,Changed Mind
R003122,T0034285,2025-09-11,164.88,Size/Specification
R003123,T0031978,2025-12-08,282.89,Changed Mind
R003124,T0037536,2025-02-18,94.1,Damaged
R003125,T0023069,2025-07-04,154.19,Changed Mind
R003126,T0019560,2025-08-06,439.64,Quality Issue
R003127,T0021602,2025-12-07,36.14,Size/Specification
R003128,T0039761,2026-01-16,571.86,Damaged
R003129,T0009282,2026-01-09,285.03,Late Delivery
R003130,T0003629,2025-12-10,605.96,Late Delivery
R003131,T0029871,2025-06-17,145.32,Damaged
R003132,T0024620,2025-02-10,168.67,Damaged
R003133,T0016270,2025-12-25,166.97,Quality Issue
R003134,T0007402,2025-01-04,92.38,Changed Mind
R003135,T0021964,2025-07-17,144.88,Late Delivery
R003136,T0011864,2025-05-03,431.14,Wrong Item
R003137,T0009379,2025-12-09,546.94,Changed Mind
R003138,T0035400,2025-07-18,184.71,Wrong Item
R003139,T0039019,2025-09-27,221.76,Wrong Item
R003140,T0033183,2025-03-01,160.06,Wrong Item
R003141,T0033234,2025-03-19,231.97,Size/Specification
R003142,T0030805,2025-11-04,426.62,Damaged
R003143,T0026831,2025-07-23,541.4,Quality Issue
R003144,T0024993,2025-04-14,87.59,Changed Mind
R003145,T0020906,2025-03-19,196.85,Late Delivery
R003146,T0004166,2025-04-05,113.9,Changed Mind
R003147,T0005228,2026-01-12,182.04,Changed Mind
R003148,T0016813,2025-05-29,537.68,Quality Issue
R003149,T0035731,2025-03-14,65.33,Damaged
R003150,T0002238,2025-02-18,151.4,Changed Mind
R003151,T0024614,2025-06-08,157.12,Quality Issue
R003152,T0039118,2025-12-05,221.44,Size/Specification
R003153,T0018619,2025-02-16,58.07,Quality Issue
R003154,T0015615,2026-01-06,53.7,Damaged
R003155,T0034735,2025-02-16,109.68,Late Delivery
R003156,T0011626,2025-08-25,354.92,Changed Mind
R003157,T0026643,2025-04-28,255.4,Wrong Item
R003158,T0006529,2025-03-11,162.5,Damaged
R003159,T0006995,2025-04-06,135.62,Changed Mind
R003160,T0026616,2026-01-05,153.48,Late Delivery
R003161,T0008562,2025-07-24,117.72,Damaged
R003162,T0017915,2025-01-26,121.26,Size/Specification
R003163,T0014645,2025-08-27,789.05,Late Delivery
R003164,T0004640,2025-01-09,3627.16,Quality Issue
R003165,T0037737,2025-07-13,216.88,Size/Specification
R003166,T0039419,2025-07-06,261.64,Late Delivery
R003167,T0017829,2025-09-30,136.26,Damaged
R003168,T0038521,2025-01-25,67.39,Late Delivery
R003169,T0013096,2026-01-02,556.16,Changed Mind
R003170,T0026104,2025-12-29,44.45,Quality Issue
R003171,T0001254,2025-05-02,184.25,Late Delivery
R003172,T0021792,2025-11-08,108.94,Changed Mind
R003173,T0000431,2025-04-27,281.86,Size/Specification
R003174,T0013858,2025-11-23,175.74,Late Delivery
R003175,T0031652,2025-07-02,4332.78,Changed Mind
R003176,T0014443,2025-01-26,119.67,Changed Mind
R003177,T0039041,2025-10-09,86.93,Damaged
R003178,T0037904,2025-12-03,524.05,Quality Issue
R003179,T0034953,2025-03-28,133.49,Late Delivery
R003180,T0024167,2025-10-12,75.26,Changed Mind
R003181,T0007812,2025-01-30,81.3,Wrong Item
R003182,T0024869,2025-06-22,193.18,Size/Specification
R003183,T0028858,2025-12-31,82.0,Damaged
R003184,T0038077,2026-01-11,254.2,Size/Specification
R003185,T0038854,2025-11-03,457.78,Size/Specification
R003186,T0000076,2025-06-29,841.51,Changed Mind
R003187,T0008359,2025-11-29,81.82,Damaged
R003188,T0006754,2025-05-30,120.41,Size/Specification
R003189,T0014132,2025-03-11,195.77,Wrong Item
R003190,T0022595,2025-02-01,690.32,Changed Mind
R003191,T0004010,2025-12-20,129.9,Damaged
R003192,T0022350,2025-04-21,203.88,Quality Issue
R003193,T0012273,2026-01-09,58.02,Late Delivery
R003194,T0006272,2025-04-12,112.06,Changed Mind
R003195,T0011711,2025-08-18,459.78,Changed Mind
R003196,T0037416,2025-03-08,218.92,Size/Specification
R003197,T0010172,2025-11-09,287.04,Size/Specification
R003198,T0000709,2025-03-27,581.46,Changed Mind
R003199,T0014834,2025-11-20,291.49,Wrong Item
R003200,T0014274,2025-03-16,124.59,Changed Mind
